A:8060 K:00 B:00 S:0121 P:36 I:48 E:1 F:9D13 T:13 C:0000 N:12E2 W:8060 L:16! TR:74 PC:013A K:00 I:D0 P:35
A:808E K:00 B:00 S:01A1 P:B4 I:F4 E:1 F:9D14 T:13 C:0000 N:12E1 W:808E L:16! TR:75 PC:013E K:00 I:CA P:35
A:FFFF K:00 B:00 S:013C P:36 I:6C E:1 F:9D15 T:13 C:0000 N:12E2 W:0152 L:16! TR:76 PC:013F K:00 I:D0 P:35
A:8064 K:00 B:00 S:01CB P:B4 I:AD E:1 F:9D16 T:13 C:0000 N:12E2 W:8064 L:16! TR:77 PC:0136 K:00 I:91 P:35
A:8096 K:00 B:00 S:014A P:34 I:EB E:1 F:9D17 T:13 C:0000 N:12E2 W:8096 L:16! TR:78 PC:0138 K:00 I:E6 P:35
A:01E6 K:00 B:00 S:01E6 P:34 I:0B E:1 F:9D18 T:13 C:0000 N:12E2 W:805B L:16! TR:79 PC:013A K:00 I:D0 P:35
A:806E K:00 B:00 S:0176 P:B4 I:8D E:1 F:9D19 T:13 C:0000 N:12E1 W:806E L:16! TR:7A PC:013E K:00 I:CA P:35
A:809F K:00 B:00 S:01F4 P:35 I:EB E:1 F:9D1A T:13 C:0000 N:12E2 W:809F L:16! TR:7B PC:013F K:00 I:D0 P:35
A:8061 K:00 B:00 S:018F P:36 I:AB E:1 F:9D1B T:13 C:0000 N:12E2 W:8061 L:16! TR:7C PC:0136 K:00 I:91 P:35
A:011F K:00 B:00 S:011F P:B4 I:F4 E:1 F:9D1C T:13 C:0000 N:12E1 W:807C L:16! TR:7D PC:0138 K:00 I:E6 P:35
A:80A7 K:00 B:00 S:019D P:34 I:48 E:1 F:9D1D T:13 C:0000 N:12E2 W:80A7 L:16! TR:7E PC:013A K:00 I:D0 P:35
A:806B K:00 B:00 S:013A P:B4 I:AD E:1 F:9D1E T:13 C:0000 N:12E2 W:806B L:16! TR:7F PC:013E K:00 I:CA P:35
A:01C1 K:00 B:00 S:01C1 P:B4 I:F4 E:1 F:9D1F T:13 C:0000 N:12E2 W:8085 L:16! TR:00 PC:013F K:00 I:D0 P:35
A:014B K:00 B:00 S:014B P:36 I:60 E:1 F:9D20 T:13 C:0000 N:12E2 W:80AE L:16! TR:01 PC:0136 K:00 I:91 P:35
A:8064 K:00 B:00 S:01E4 P:B4 I:AD E:1 F:9D21 T:13 C:0000 N:12E2 W:8064 L:16! TR:02 PC:0138 K:00 I:E6 P:35
A:808E K:00 B:00 S:0166 P:B4 I:F4 E:1 F:9D22 T:13 C:0000 N:12E2 W:808E L:16! TR:03 PC:013A K:00 I:D0 P:35
A:FFFF K:00 B:00 S:01F8 P:36 I:6C E:1 F:9D23 T:13 C:0000 N:12E2 W:010E L:16! TR:04 PC:013E K:00 I:CA P:35
A:806E K:00 B:00 S:018F P:B4 I:8D E:1 F:9D24 T:13 C:0000 N:12E2 W:806E L:16! TR:05 PC:013F K:00 I:D0 P:35
A:8096 K:00 B:00 S:010F P:34 I:EB E:1 F:9D25 T:13 C:0000 N:12E2 W:8096 L:16! TR:06 PC:0136 K:00 I:91 P:35
A:01A2 K:00 B:00 S:01A2 P:34 I:0B E:1 F:9D26 T:13 C:0000 N:12E2 W:805B L:16! TR:07 PC:0138 K:00 I:E6 P:35
A:0138 K:00 B:00 S:0138 P:B4 I:F4 E:1 F:9D27 T:13 C:0000 N:12E2 W:807C L:16! TR:08 PC:013A K:00 I:D0 P:35
A:809F K:00 B:00 S:01B6 P:34 I:EB E:1 F:9D28 T:13 C:0000 N:12E2 W:809F L:16! TR:09 PC:013E K:00 I:CA P:35
A:8061 K:00 B:00 S:014B P:36 I:AB E:1 F:9D29 T:13 C:0000 N:12E2 W:8061 L:16! TR:0A PC:013F K:00 I:D0 P:35
A:8082 K:00 B:00 S:01DB P:B4 I:F4 E:1 F:9D2A T:13 C:0000 N:12E1 W:8082 L:16! TR:0B PC:0136 K:00 I:91 P:35
A:80A7 K:00 B:00 S:015F P:34 I:48 E:1 F:9D2B T:13 C:0000 N:12E2 W:80A7 L:16! TR:0C PC:0138 K:00 I:E6 P:35
A:806B K:00 B:00 S:01F6 P:B4 I:AD E:1 F:9D2C T:13 C:0000 N:12E2 W:806B L:16! TR:0D PC:013A K:00 I:D0 P:35
A:808C K:00 B:00 S:0181 P:B4 I:F4 E:1 F:9D2D T:13 C:0000 N:12E2 W:808C L:16! TR:0E PC:013E K:00 I:CA P:35
A:010D K:00 B:00 S:010D P:36 I:60 E:1 F:9D2E T:13 C:0000 N:12E2 W:80AE L:16! TR:0F PC:013F K:00 I:D0 P:35
A:01A0 K:00 B:00 S:01A0 P:B4 I:F4 E:1 F:9D2F T:13 C:0000 N:12E2 W:8079 L:16! TR:10 PC:0136 K:00 I:91 P:35
A:0129 K:00 B:00 S:0129 P:34 I:48 E:1 F:9D30 T:13 C:0000 N:12E2 W:8095 L:16! TR:11 PC:0138 K:00 I:E6 P:35
A:01CA K:00 B:00 S:01B7 P:36 I:8D E:1 F:9D31 T:13 C:0000 N:12E2 W:01CA L:16! TR:12 PC:013A K:00 I:D0 P:35
A:8082 K:00 B:00 S:0145 P:B4 I:F4 E:1 F:9D32 T:13 C:0000 N:12E2 W:8082 L:16! TR:13 PC:013E K:00 I:CA P:35
A:01D0 K:00 B:00 S:01D0 P:34 I:48 E:1 F:9D33 T:13 C:0000 N:12E2 W:809A L:16! TR:14 PC:013F K:00 I:D0 P:35
A:8059 K:00 B:00 S:0162 P:36 I:EB E:1 F:9D34 T:13 C:0000 N:12E2 W:8059 L:16! TR:15 PC:0136 K:00 I:91 P:35
A:808C K:00 B:00 S:01EB P:B4 I:F4 E:1 F:9D35 T:13 C:0000 N:12E2 W:808C L:16! TR:16 PC:0138 K:00 I:E6 P:35
A:80A3 K:00 B:00 S:0179 P:F4 I:A3 E:1 F:9D36 T:13 C:0000 N:12E2 W:80A3 L:16! TR:17 PC:013A K:00 I:D0 P:35
A:8060 K:00 B:00 S:0109 P:36 I:48 E:1 F:9D37 T:13 C:0000 N:12E2 W:8060 L:16! TR:18 PC:013E K:00 I:CA P:35
A:0193 K:00 B:00 S:0193 P:34 I:48 E:1 F:9D38 T:13 C:0000 N:12E1 W:8095 L:16! TR:19 PC:013F K:00 I:D0 P:35
A:80AB K:00 B:00 S:0124 P:34 I:A3 E:1 F:9D39 T:13 C:0000 N:12E2 W:80AB L:16! TR:1A PC:0136 K:00 I:91 P:35
A:806B K:00 B:00 S:01B2 P:B4 I:AD E:1 F:9D3A T:13 C:0000 N:12E2 W:806B L:16! TR:1B PC:0138 K:00 I:E6 P:35
A:809C K:00 B:00 S:013C P:34 I:18 E:1 F:9D3B T:13 C:0000 N:12E2 W:809C L:16! TR:1C PC:013A K:00 I:D0 P:35
A:01CF K:00 B:00 S:01CF P:36 I:60 E:1 F:9D3C T:13 C:0000 N:12E2 W:80AE L:16! TR:1D PC:013E K:00 I:CA P:35
A:015C K:00 B:00 S:015C P:B4 I:F4 E:1 F:9D3D T:13 C:0000 N:12E2 W:8079 L:16! TR:1E PC:013F K:00 I:D0 P:35
A:80A5 K:00 B:00 S:01E6 P:34 I:09 E:1 F:9D3E T:13 C:0000 N:12E2 W:80A5 L:16! TR:1F PC:0136 K:00 I:91 P:35
A:FFFF K:00 B:00 S:017C P:36 I:6C E:1 F:9D3F T:13 C:0000 N:12E2 W:0192 L:16! TR:20 PC:0138 K:00 I:E6 P:35
A:8082 K:00 B:00 S:0101 P:B4 I:F4 E:1 F:9D40 T:13 C:0000 N:12E2 W:8082 L:16! TR:21 PC:013A K:00 I:D0 P:35
A:80AD K:00 B:00 S:0191 P:34 I:28 E:1 F:9D41 T:13 C:0000 N:12E2 W:80AD L:16! TR:22 PC:013E K:00 I:CA P:35
A:0126 K:00 B:00 S:0126 P:34 I:0B E:1 F:9D42 T:13 C:0000 N:12E2 W:805B L:16! TR:23 PC:013F K:00 I:D0 P:35
A:808C K:00 B:00 S:01A7 P:B4 I:F4 E:1 F:9D43 T:13 C:0000 N:12E2 W:808C L:16! TR:24 PC:0136 K:00 I:91 P:35
A:0153 K:00 B:00 S:0140 P:36 I:8D E:1 F:9D44 T:13 C:0000 N:12E2 W:0153 L:16! TR:25 PC:0138 K:00 I:E6 P:35
A:8061 K:00 B:00 S:01CC P:36 I:AB E:1 F:9D45 T:13 C:0000 N:12E2 W:8061 L:16! TR:26 PC:013A K:00 I:D0 P:35
A:014F K:00 B:00 S:014F P:34 I:48 E:1 F:9D46 T:13 C:0000 N:12E1 W:8095 L:16! TR:27 PC:013E K:00 I:CA P:35
A:0048 K:00 B:00 S:01EC P:B4 I:01 E:1 F:9D47 T:13 C:0000 N:12E2 W:803C L:16! TR:28 PC:013F K:00 I:D0 P:35
A:806B K:00 B:00 S:0177 P:B4 I:AD E:1 F:9D48 T:13 C:0000 N:12E2 W:806B L:16! TR:29 PC:0136 K:00 I:91 P:35
A:809C K:00 B:00 S:01F8 P:34 I:18 E:1 F:9D49 T:13 C:0000 N:12E1 W:809C L:16! TR:2A PC:0138 K:00 I:E6 P:35
A:FFFF K:00 B:00 S:0195 P:34 I:6C E:1 F:9D4A T:13 C:0000 N:12E2 W:01AB L:16! TR:2B PC:013A K:00 I:D0 P:35
A:0121 K:00 B:00 S:0121 P:B4 I:F4 E:1 F:9D4B T:13 C:0000 N:12E2 W:8079 L:16! TR:2C PC:013E K:00 I:CA P:35
A:80A5 K:00 B:00 S:01A2 P:34 I:09 E:1 F:9D4C T:13 C:0000 N:12E2 W:80A5 L:16! TR:2D PC:013F K:00 I:D0 P:35
A:013F K:00 B:00 S:013F P:34 I:0B E:1 F:9D4D T:13 C:0000 N:12E2 W:805B L:16! TR:2E PC:0136 K:00 I:91 P:35
A:8082 K:00 B:00 S:01C3 P:B4 I:F4 E:1 F:9D4E T:13 C:0000 N:12E1 W:8082 L:16! TR:2F PC:0138 K:00 I:E6 P:35
A:80AD K:00 B:00 S:014D P:34 I:28 E:1 F:9D4F T:13 C:0000 N:12E2 W:80AD L:16! TR:30 PC:013A K:00 I:D0 P:35
A:8060 K:00 B:00 S:01E4 P:36 I:48 E:1 F:9D50 T:13 C:0000 N:12E2 W:8060 L:16! TR:31 PC:013E K:00 I:CA P:35
A:808C K:00 B:00 S:0169 P:B4 I:F4 E:1 F:9D51 T:13 C:0000 N:12E1 W:808C L:16! TR:32 PC:013F K:00 I:D0 P:35
A:010F K:00 B:00 S:01FC P:36 I:8D E:1 F:9D52 T:13 C:0000 N:12E2 W:010F L:16! TR:33 PC:0136 K:00 I:91 P:35
A:8069 K:00 B:00 S:0190 P:B4 I:AD E:1 F:9D53 T:13 C:0000 N:12E2 W:8069 L:16! TR:34 PC:0138 K:00 I:E6 P:35
A:0111 K:00 B:00 S:0111 P:34 I:48 E:1 F:9D54 T:13 C:0000 N:12E1 W:8095 L:16! TR:35 PC:013A K:00 I:D0 P:35
A:8059 K:00 B:00 S:01A7 P:36 I:EB E:1 F:9D55 T:13 C:0000 N:12E2 W:8059 L:16! TR:36 PC:013E K:00 I:CA P:35
A:8076 K:00 B:00 S:013B P:B4 I:B0 E:1 F:9D56 T:13 C:0000 N:12E1 W:8076 L:16! TR:37 PC:013F K:00 I:D0 P:37
A:01B8 K:00 B:00 S:01B8 P:34 I:48 E:1 F:9D57 T:13 C:0000 N:12E2 W:809A L:16! TR:38 PC:0141 K:00 I:F0 P:37
A:8060 K:00 B:00 S:014E P:36 I:48 E:1 F:9D58 T:13 C:0000 N:12E2 W:8060 L:16! TR:39 PC:0101 K:00 I:FF P:37
A:807E K:00 B:00 S:01E0 P:B4 I:F4 E:1 F:9D59 T:13 C:0000 N:12E1 W:807E L:16! TR:3A PC:0119 K:00 I:30 P:B5
A:80A3 K:00 B:00 S:0161 P:34 I:A3 E:1 F:9D5A T:13 C:0000 N:12E2 W:80A3 L:16! TR:3B PC:011C K:00 I:4A P:B5
A:8069 K:00 B:00 S:01FA P:B4 I:AD E:1 F:9D5B T:13 C:0000 N:12E2 W:8069 L:16! TR:3C PC:011D K:00 I:AF P:35
A:0186 K:00 B:00 S:0186 P:B4 I:F4 E:1 F:9D5C T:13 C:0000 N:12E1 W:8088 L:16! TR:3D PC:0121 K:00 I:46 P:37
A:80AB K:00 B:00 S:010C P:34 I:A3 E:1 F:9D5D T:13 C:0000 N:12E2 W:80AB L:16! TR:3E PC:0123 K:00 I:E6 P:35
A:8076 K:00 B:00 S:01A5 P:B4 I:B0 E:1 F:9D5E T:13 C:0000 N:12E2 W:8076 L:16! TR:3F PC:0125 K:00 I:8D P:37
A:012B K:00 B:00 S:012B P:B4 I:F4 E:1 F:9D5F T:13 C:0000 N:12E2 W:8091 L:16! TR:40 PC:0128 K:00 I:C6 P:37
A:01CB K:00 B:00 S:01B8 P:36 I:8D E:1 F:9D60 T:13 C:0000 N:12E2 W:01CB L:16! TR:41 PC:012A K:00 I:E6 P:B5
A:8080 K:00 B:00 S:014B P:B4 I:F4 E:1 F:9D61 T:13 C:0000 N:12E2 W:8080 L:16! TR:42 PC:012C K:00 I:D0 P:35
A:01D3 K:00 B:00 S:01D3 P:34 I:48 E:1 F:9D62 T:13 C:0000 N:12E2 W:8095 L:16! TR:43 PC:0130 K:00 I:60 P:35
A:8059 K:00 B:00 S:0163 P:36 I:EB E:1 F:9D63 T:13 C:0000 N:12E2 W:8059 L:16! TR:44 PC:0136 K:00 I:91 P:35
A:808A K:00 B:00 S:01F1 P:B4 I:F4 E:1 F:9D64 T:13 C:0000 N:12E2 W:808A L:16! TR:45 PC:0138 K:00 I:E6 P:35
A:809C K:00 B:00 S:017C P:34 I:18 E:1 F:9D65 T:13 C:0000 N:12E2 W:809C L:16! TR:46 PC:013A K:00 I:D0 P:37
A:8060 K:00 B:00 S:010A P:36 I:48 E:1 F:9D66 T:13 C:0000 N:12E2 W:8060 L:16! TR:47 PC:013C K:00 I:E6 P:37
A:8093 K:00 B:00 S:0197 P:B4 I:1A E:1 F:9D67 T:13 C:0000 N:12E1 W:8093 L:16! TR:48 PC:013E K:00 I:CA P:35
A:80A5 K:00 B:00 S:0126 P:34 I:09 E:1 F:9D68 T:13 C:0000 N:12E2 W:80A5 L:16! TR:49 PC:013F K:00 I:D0 P:35
A:8069 K:00 B:00 S:01B6 P:B4 I:AD E:1 F:9D69 T:13 C:0000 N:12E2 W:8069 L:16! TR:4A PC:0136 K:00 I:91 P:35
A:0141 K:00 B:00 S:0141 P:34 I:48 E:1 F:9D6A T:13 C:0000 N:12E2 W:809A L:16! TR:4B PC:0138 K:00 I:E6 P:35
A:80AD K:00 B:00 S:01CE P:34 I:28 E:1 F:9D6B T:13 C:0000 N:12E2 W:80AD L:16! TR:4C PC:013A K:00 I:D0 P:35
A:8076 K:00 B:00 S:0161 P:B4 I:B0 E:1 F:9D6C T:13 C:0000 N:12E2 W:8076 L:16! TR:4D PC:013E K:00 I:CA P:35
A:80A3 K:00 B:00 S:01EA P:B4 I:A3 E:1 F:9D6D T:13 C:0000 N:12E2 W:80A3 L:16! TR:4E PC:013F K:00 I:D0 P:35
A:0190 K:00 B:00 S:017D P:36 I:8D E:1 F:9D6E T:13 C:0000 N:12E2 W:0190 L:16! TR:4F PC:0136 K:00 I:91 P:35
A:8080 K:00 B:00 S:0107 P:B4 I:F4 E:1 F:9D6F T:13 C:0000 N:12E2 W:8080 L:16! TR:50 PC:0138 K:00 I:E6 P:35
A:809C K:00 B:00 S:0195 P:34 I:18 E:1 F:9D70 T:13 C:0000 N:12E2 W:809C L:16! TR:51 PC:013A K:00 I:D0 P:35
A:8059 K:00 B:00 S:0128 P:36 I:EB E:1 F:9D71 T:13 C:0000 N:12E2 W:8059 L:16! TR:52 PC:013E K:00 I:CA P:35
A:808A K:00 B:00 S:01AD P:B4 I:F4 E:1 F:9D72 T:13 C:0000 N:12E2 W:808A L:16! TR:53 PC:013F K:00 I:D0 P:35
A:80A5 K:00 B:00 S:013F P:34 I:09 E:1 F:9D73 T:13 C:0000 N:12E2 W:80A5 L:16! TR:54 PC:0136 K:00 I:91 P:35
A:8060 K:00 B:00 S:01CC P:36 I:48 E:1 F:9D74 T:13 C:0000 N:12E2 W:8060 L:16! TR:55 PC:0138 K:00 I:E6 P:35
A:8093 K:00 B:00 S:0153 P:34 I:1A E:1 F:9D75 T:13 C:0000 N:12E2 W:8093 L:16! TR:56 PC:013A K:00 I:D0 P:35
A:80AD K:00 B:00 S:01EA P:34 I:28 E:1 F:9D76 T:13 C:0000 N:12E2 W:80AD L:16! TR:57 PC:013E K:00 I:CA P:35
A:8069 K:00 B:00 S:0178 P:B4 I:AD E:1 F:9D77 T:13 C:0000 N:12E2 W:8069 L:16! TR:58 PC:013F K:00 I:D0 P:35
A:01FD K:00 B:00 S:01FD P:34 I:48 E:1 F:9D78 T:13 C:0000 N:12E2 W:809A L:16! TR:59 PC:0136 K:00 I:91 P:35
A:01A6 K:00 B:00 S:0196 P:36 I:8D E:1 F:9D79 T:13 C:0000 N:12E2 W:01A6 L:16! TR:5A PC:0138 K:00 I:E6 P:35
A:8076 K:00 B:00 S:0123 P:B4 I:B0 E:1 F:9D7A T:13 C:0000 N:12E2 W:8076 L:16! TR:5B PC:013A K:00 I:D0 P:35
A:80A3 K:00 B:00 S:01A6 P:B4 I:A3 E:1 F:9D7B T:13 C:0000 N:12E2 W:80A3 L:16! TR:5C PC:013E K:00 I:CA P:35
A:0142 K:00 B:00 S:0142 P:36 I:48 E:1 F:9D7C T:13 C:0000 N:12E2 W:8056 L:16! TR:5D PC:013F K:00 I:D0 P:35
A:807E K:00 B:00 S:01C8 P:B4 I:F4 E:1 F:9D7D T:13 C:0000 N:12E1 W:807E L:16! TR:5E PC:0136 K:00 I:91 P:35
A:80AB K:00 B:00 S:0151 P:34 I:A3 E:1 F:9D7E T:13 C:0000 N:12E2 W:80AB L:16! TR:5F PC:0138 K:00 I:E6 P:35
A:805D K:00 B:00 S:01E7 P:36 I:A9 E:1 F:9D7F T:13 C:0000 N:12E2 W:805D L:16! TR:60 PC:013A K:00 I:D0 P:35
A:016E K:00 B:00 S:016E P:B4 I:F4 E:1 F:9D80 T:13 C:0000 N:12E1 W:8088 L:16! TR:61 PC:013E K:00 I:CA P:35
A:0110 K:00 B:00 S:0100 P:36 I:8D E:1 F:9D81 T:13 C:0000 N:12E2 W:0110 L:16! TR:62 PC:013F K:00 I:D0 P:35
A:8064 K:00 B:00 S:0192 P:B4 I:AD E:1 F:9D82 T:13 C:0000 N:12E2 W:8064 L:16! TR:63 PC:0136 K:00 I:91 P:35
A:0113 K:00 B:00 S:0113 P:B4 I:F4 E:1 F:9D83 T:13 C:0000 N:12E1 W:8091 L:16! TR:64 PC:0138 K:00 I:E6 P:35
A:01AC K:00 B:00 S:01AC P:36 I:48 E:1 F:9D84 T:13 C:0000 N:12E2 W:8056 L:16! TR:65 PC:013A K:00 I:D0 P:35
A:806E K:00 B:00 S:013D P:B4 I:8D E:1 F:9D85 T:13 C:0000 N:12E1 W:806E L:16! TR:66 PC:013E K:00 I:CA P:35
A:01B9 K:00 B:00 S:01B9 P:34 I:48 E:1 F:9D86 T:13 C:0000 N:12E2 W:809A L:16! TR:67 PC:013F K:00 I:D0 P:35
A:0154 K:00 B:00 S:0154 P:36 I:8B E:1 F:9D87 T:13 C:0000 N:12E2 W:805F L:16! TR:68 PC:0136 K:00 I:91 P:35
A:8076 K:00 B:00 S:01E5 P:B4 I:B0 E:1 F:9D88 T:13 C:0000 N:12E1 W:8076 L:16! TR:69 PC:0138 K:00 I:E6 P:35
A:80A3 K:00 B:00 S:0162 P:34 I:A3 E:1 F:9D89 T:13 C:0000 N:12E2 W:80A3 L:16! TR:6A PC:013A K:00 I:D0 P:35
A:8067 K:00 B:00 S:01FF P:B4 I:8D E:1 F:9D8A T:13 C:0000 N:12E2 W:8067 L:16! TR:6B PC:013E K:00 I:CA P:35
A:8080 K:00 B:00 S:018B P:B4 I:F4 E:1 F:9D8B T:13 C:0000 N:12E1 W:8080 L:16! TR:6C PC:013F K:00 I:D0 P:35
A:80AB K:00 B:00 S:010D P:34 I:A3 E:1 F:9D8C T:13 C:0000 N:12E2 W:80AB L:16! TR:6D PC:0136 K:00 I:91 P:35
A:8070 K:00 B:00 S:01A9 P:B4 I:90 E:1 F:9D8D T:13 C:0000 N:12E2 W:8070 L:16! TR:6E PC:0138 K:00 I:E6 P:35
A:808A K:00 B:00 S:0131 P:B4 I:F4 E:1 F:9D8E T:13 C:0000 N:12E2 W:808A L:16! TR:6F PC:013A K:00 I:D0 P:35
A:01CC K:00 B:00 S:01BC P:36 I:8D E:1 F:9D8F T:13 C:0000 N:12E2 W:01CC L:16! TR:70 PC:013E K:00 I:CA P:35
A:807E K:00 B:00 S:0151 P:B4 I:F4 E:1 F:9D90 T:13 C:0000 N:12E2 W:807E L:16! TR:71 PC:013F K:00 I:D0 P:35
A:8093 K:00 B:00 S:01D4 P:B4 I:1A E:1 F:9D91 T:13 C:0000 N:12E2 W:8093 L:16! TR:72 PC:0136 K:00 I:91 P:35
A:0168 K:00 B:00 S:0168 P:36 I:48 E:1 F:9D92 T:13 C:0000 N:12E2 W:8056 L:16! TR:73 PC:0138 K:00 I:E6 P:35
A:01F7 K:00 B:00 S:01F7 P:B4 I:F4 E:1 F:9D93 T:13 C:0000 N:12E2 W:8088 L:16! TR:74 PC:013A K:00 I:D0 P:35
A:017E K:00 B:00 S:017E P:34 I:48 E:1 F:9D94 T:13 C:0000 N:12E2 W:809A L:16! TR:75 PC:013E K:00 I:CA P:35
A:0110 K:00 B:00 S:0110 P:36 I:8B E:1 F:9D95 T:13 C:0000 N:12E2 W:805F L:16! TR:76 PC:013F K:00 I:D0 P:35
A:8080 K:00 B:00 S:01A4 P:B4 I:F4 E:1 F:9D96 T:13 C:0000 N:12E2 W:8080 L:16! TR:77 PC:0136 K:00 I:91 P:35
A:80A3 K:00 B:00 S:0127 P:34 I:A3 E:1 F:9D97 T:13 C:0000 N:12E2 W:80A3 L:16! TR:78 PC:0138 K:00 I:E6 P:35
A:8067 K:00 B:00 S:01BB P:B4 I:8D E:1 F:9D98 T:13 C:0000 N:12E2 W:8067 L:16! TR:79 PC:013A K:00 I:D0 P:35
A:808A K:00 B:00 S:014A P:B4 I:F4 E:1 F:9D99 T:13 C:0000 N:12E1 W:808A L:16! TR:7A PC:013E K:00 I:CA P:35
A:80AB K:00 B:00 S:01CF P:34 I:A3 E:1 F:9D9A T:13 C:0000 N:12E2 W:80AB L:16! TR:7B PC:013F K:00 I:D0 P:35
A:8070 K:00 B:00 S:0165 P:B4 I:90 E:1 F:9D9B T:13 C:0000 N:12E2 W:8070 L:16! TR:7C PC:0136 K:00 I:91 P:35
A:8093 K:00 B:00 S:01F0 P:B4 I:1A E:1 F:9D9C T:13 C:0000 N:12E2 W:8093 L:16! TR:7D PC:0138 K:00 I:E6 P:35
A:018E K:00 B:00 S:017E P:36 I:8D E:1 F:9D9D T:13 C:0000 N:12E2 W:018E L:16! TR:7E PC:013A K:00 I:D0 P:35
A:807E K:00 B:00 S:010D P:B4 I:F4 E:1 F:9D9E T:13 C:0000 N:12E2 W:807E L:16! TR:7F PC:013E K:00 I:CA P:35
A:8098 K:00 B:00 S:0197 P:B4 I:A3 E:1 F:9D9F T:13 C:0000 N:12E2 W:8098 L:16! TR:00 PC:013F K:00 I:D0 P:35
A:012A K:00 B:00 S:012A P:36 I:48 E:1 F:9DA0 T:13 C:0000 N:12E2 W:8056 L:16! TR:01 PC:0136 K:00 I:91 P:35
A:01B3 K:00 B:00 S:01B3 P:B4 I:F4 E:1 F:9DA1 T:13 C:0000 N:12E2 W:8088 L:16! TR:02 PC:0138 K:00 I:E6 P:35
A:80A1 K:00 B:00 S:0141 P:34 I:EB E:1 F:9DA2 T:13 C:0000 N:12E2 W:80A1 L:16! TR:03 PC:013A K:00 I:D0 P:35
A:805D K:00 B:00 S:01CF P:36 I:A9 E:1 F:9DA3 T:13 C:0000 N:12E2 W:805D L:16! TR:04 PC:013E K:00 I:CA P:35
A:0158 K:00 B:00 S:0158 P:B4 I:F4 E:1 F:9DA4 T:13 C:0000 N:12E2 W:8091 L:16! TR:05 PC:013F K:00 I:D0 P:35
A:80A9 K:00 B:00 S:01EB P:34 I:A3 E:1 F:9DA5 T:13 C:0000 N:12E2 W:80A9 L:16! TR:06 PC:0136 K:00 I:91 P:35
A:8064 K:00 B:00 S:017A P:B4 I:AD E:1 F:9DA6 T:13 C:0000 N:12E2 W:8064 L:16! TR:07 PC:0138 K:00 I:E6 P:35
A:8098 K:00 B:00 S:0101 P:34 I:A3 E:1 F:9DA7 T:13 C:0000 N:12E2 W:8098 L:16! TR:08 PC:013A K:00 I:D0 P:35
A:0196 K:00 B:00 S:0196 P:36 I:60 E:1 F:9DA8 T:13 C:0000 N:12E2 W:80AE L:16! TR:09 PC:013E K:00 I:CA P:35
A:806E K:00 B:00 S:0125 P:B4 I:8D E:1 F:9DA9 T:13 C:0000 N:12E2 W:806E L:16! TR:0A PC:013F K:00 I:D0 P:35
A:80A1 K:00 B:00 S:01AB P:34 I:EB E:1 F:9DAA T:13 C:0000 N:12E2 W:80A1 L:16! TR:0B PC:0136 K:00 I:91 P:35
A:FFFF K:00 B:00 S:0143 P:36 I:6C E:1 F:9DAB T:13 C:0000 N:12E2 W:0159 L:16! TR:0C PC:0138 K:00 I:E6 P:35
A:807E K:00 B:00 S:01C9 P:B4 I:F4 E:1 F:9DAC T:13 C:0000 N:12E2 W:807E L:16! TR:0D PC:013A K:00 I:D0 P:35
A:80A9 K:00 B:00 S:0155 P:34 I:A3 E:1 F:9DAD T:13 C:0000 N:12E2 W:80A9 L:16! TR:0E PC:013E K:00 I:CA P:35
A:01EC K:00 B:00 S:01EC P:36 I:48 E:1 F:9DAE T:13 C:0000 N:12E1 W:8056 L:16! TR:0F PC:013F K:00 I:D0 P:35
A:016F K:00 B:00 S:016F P:B4 I:F4 E:1 F:9DAF T:13 C:0000 N:12E2 W:8088 L:16! TR:10 PC:0136 K:00 I:91 P:35
A:0112 K:00 B:00 S:0104 P:36 I:8D E:1 F:9DB0 T:13 C:0000 N:12E2 W:0112 L:16! TR:11 PC:0138 K:00 I:E6 P:35
A:0194 K:00 B:00 S:0194 P:36 I:8B E:1 F:9DB1 T:13 C:0000 N:12E2 W:805F L:16! TR:12 PC:013A K:00 I:D0 P:35
A:0114 K:00 B:00 S:0114 P:B4 I:F4 E:1 F:9DB2 T:13 C:0000 N:12E1 W:8091 L:16! TR:13 PC:013E K:00 I:CA P:35
A:FC97 K:00 B:00 S:01B0 P:36 I:5C E:1 F:9DB3 T:13 C:0000 N:12E2 W:FC97 L:16! TR:14 PC:013F K:00 I:D0 P:35
A:8067 K:00 B:00 S:013F P:B4 I:8D E:1 F:9DB4 T:13 C:0000 N:12E2 W:8067 L:16! TR:15 PC:0136 K:00 I:91 P:35
A:8098 K:00 B:00 S:01BD P:B4 I:A3 E:1 F:9DB5 T:13 C:0000 N:12E1 W:8098 L:16! TR:16 PC:0138 K:00 I:E6 P:35
A:805D K:00 B:00 S:0158 P:36 I:A9 E:1 F:9DB6 T:13 C:0000 N:12E2 W:805D L:16! TR:17 PC:013A K:00 I:D0 P:35
A:8070 K:00 B:00 S:01E6 P:B4 I:90 E:1 F:9DB7 T:13 C:0000 N:12E1 W:8070 L:16! TR:18 PC:013E K:00 I:CA P:35
A:80A1 K:00 B:00 S:0167 P:34 I:EB E:1 F:9DB8 T:13 C:0000 N:12E2 W:80A1 L:16! TR:19 PC:013F K:00 I:D0 P:35
A:8064 K:00 B:00 S:0103 P:B4 I:AD E:1 F:9DB9 T:13 C:0000 N:12E2 W:8064 L:16! TR:1A PC:0136 K:00 I:91 P:35
A:807E K:00 B:00 S:018E P:B4 I:F4 E:1 F:9DBA T:13 C:0000 N:12E1 W:807E L:16! TR:1B PC:0138 K:00 I:E6 P:35
A:80A9 K:00 B:00 S:0111 P:34 I:A3 E:1 F:9DBB T:13 C:0000 N:12E2 W:80A9 L:16! TR:1C PC:013A K:00 I:D0 P:35
A:01AD K:00 B:00 S:01AD P:36 I:8B E:1 F:9DBC T:13 C:0000 N:12E2 W:805F L:16! TR:1D PC:013E K:00 I:CA P:35
A:0134 K:00 B:00 S:0134 P:B4 I:F4 E:1 F:9DBD T:13 C:0000 N:12E1 W:8088 L:16! TR:1E PC:013F K:00 I:D0 P:35
A:01CE K:00 B:00 S:01C0 P:36 I:8D E:1 F:9DBE T:13 C:0000 N:12E2 W:01CE L:16! TR:1F PC:0136 K:00 I:91 P:35
A:8067 K:00 B:00 S:0158 P:B4 I:8D E:1 F:9DBF T:13 C:0000 N:12E2 W:8067 L:16! TR:20 PC:0138 K:00 I:E6 P:35
A:01D6 K:00 B:00 S:01D6 P:B4 I:F4 E:1 F:9DC0 T:13 C:0000 N:12E1 W:8091 L:16! TR:21 PC:013A K:00 I:D0 P:35
A:FC97 K:00 B:00 S:016C P:36 I:5C E:1 F:9DC1 T:13 C:0000 N:12E2 W:FC97 L:16! TR:22 PC:013E K:00 I:CA P:35
A:8070 K:00 B:00 S:0102 P:B4 I:90 E:1 F:9DC2 T:13 C:0000 N:12E2 W:8070 L:16! TR:23 PC:013F K:00 I:D0 P:35
A:8098 K:00 B:00 S:017F P:B4 I:A3 E:1 F:9DC3 T:13 C:0000 N:12E2 W:8098 L:16! TR:24 PC:0136 K:00 I:91 P:35
A:805D K:00 B:00 S:0114 P:36 I:A9 E:1 F:9DC4 T:13 C:0000 N:12E2 W:805D L:16! TR:25 PC:0138 K:00 I:E6 P:35
A:01A9 K:00 B:00 S:01A9 P:B4 I:F4 E:1 F:9DC5 T:13 C:0000 N:12E1 W:807C L:16! TR:26 PC:013A K:00 I:D0 P:35
A:80A1 K:00 B:00 S:0129 P:34 I:EB E:1 F:9DC6 T:13 C:0000 N:12E2 W:80A1 L:16! TR:27 PC:013E K:00 I:CA P:35
A:8064 K:00 B:00 S:01BF P:B4 I:AD E:1 F:9DC7 T:13 C:0000 N:12E2 W:8064 L:16! TR:28 PC:013F K:00 I:D0 P:35
A:014E K:00 B:00 S:014E P:B4 I:F4 E:1 F:9DC8 T:13 C:0000 N:12E1 W:8085 L:16! TR:29 PC:0136 K:00 I:91 P:35
A:80A7 K:00 B:00 S:01D0 P:34 I:48 E:1 F:9DC9 T:13 C:0000 N:12E2 W:80A7 L:16! TR:2A PC:0138 K:00 I:E6 P:35
A:806E K:00 B:00 S:016A P:B4 I:8D E:1 F:9DCA T:13 C:0000 N:12E2 W:806E L:16! TR:2B PC:013A K:00 I:D0 P:35
A:808E K:00 B:00 S:01F3 P:B4 I:F4 E:1 F:9DCB T:13 C:0000 N:12E2 W:808E L:16! TR:2C PC:013E K:00 I:CA P:35
A:017E K:00 B:00 S:017E P:36 I:60 E:1 F:9DCC T:13 C:0000 N:12E2 W:80AE L:16! TR:2D PC:013F K:00 I:D0 P:35
A:0113 K:00 B:00 S:0113 P:B4 I:F4 E:1 F:9DCD T:13 C:0000 N:12E2 W:807C L:16! TR:2E PC:0136 K:00 I:91 P:35
A:019A K:00 B:00 S:019A P:34 I:48 E:1 F:9DCE T:13 C:0000 N:12E2 W:8095 L:16! TR:2F PC:0138 K:00 I:E6 P:35
A:FFFF K:00 B:00 S:012B P:36 I:6C E:1 F:9DCF T:13 C:0000 N:12E2 W:0141 L:16! TR:30 PC:013A K:00 I:D0 P:35
A:01B8 K:00 B:00 S:01B8 P:B4 I:F4 E:1 F:9DD0 T:13 C:0000 N:12E2 W:8085 L:16! TR:31 PC:013E K:00 I:CA P:35
A:809C K:00 B:00 S:0143 P:34 I:18 E:1 F:9DD1 T:13 C:0000 N:12E2 W:809C L:16! TR:32 PC:013F K:00 I:D0 P:35
A:805D K:00 B:00 S:01D0 P:36 I:A9 E:1 F:9DD2 T:13 C:0000 N:12E2 W:805D L:16! TR:33 PC:0136 K:00 I:91 P:35
A:808E K:00 B:00 S:015D P:B4 I:F4 E:1 F:9DD3 T:13 C:0000 N:12E2 W:808E L:16! TR:34 PC:0138 K:00 I:E6 P:35
A:80A5 K:00 B:00 S:01ED P:34 I:09 E:1 F:9DD4 T:13 C:0000 N:12E2 W:80A5 L:16! TR:35 PC:013A K:00 I:D0 P:35
A:8064 K:00 B:00 S:017B P:B4 I:AD E:1 F:9DD5 T:13 C:0000 N:12E2 W:8064 L:16! TR:36 PC:013E K:00 I:CA P:35
A:8096 K:00 B:00 S:0106 P:34 I:EB E:1 F:9DD6 T:13 C:0000 N:12E2 W:8096 L:16! TR:37 PC:013F K:00 I:D0 P:37
A:80A9 K:00 B:00 S:0195 P:34 I:A3 E:1 F:9DD7 T:13 C:0000 N:12E2 W:80A9 L:16! TR:38 PC:0141 K:00 I:F0 P:37
A:806E K:00 B:00 S:0126 P:B4 I:8D E:1 F:9DD8 T:13 C:0000 N:12E2 W:806E L:16! TR:39 PC:0101 K:00 I:FF P:37
A:809F K:00 B:00 S:01B0 P:34 I:EB E:1 F:9DD9 T:13 C:0000 N:12E2 W:809F L:16! TR:3A PC:0119 K:00 I:30 P:B5
A:0152 K:00 B:00 S:0144 P:36 I:8D E:1 F:9DDA T:13 C:0000 N:12E2 W:0152 L:16! TR:3B PC:011C K:00 I:4A P:B5
A:01CF K:00 B:00 S:01CF P:B4 I:F4 E:1 F:9DDB T:13 C:0000 N:12E2 W:807C L:16! TR:3C PC:011D K:00 I:AF P:35
A:80A7 K:00 B:00 S:0159 P:34 I:48 E:1 F:9DDC T:13 C:0000 N:12E2 W:80A7 L:16! TR:3D PC:0121 K:00 I:46 P:37
A:FC97 K:00 B:00 S:01ED P:36 I:5C E:1 F:9DDD T:13 C:0000 N:12E2 W:FC97 L:16! TR:3E PC:0123 K:00 I:E6 P:35
A:0174 K:00 B:00 S:0174 P:B4 I:F4 E:1 F:9DDE T:13 C:0000 N:12E2 W:8085 L:16! TR:3F PC:0125 K:00 I:8D P:37
A:0107 K:00 B:00 S:0107 P:36 I:60 E:1 F:9DDF T:13 C:0000 N:12E2 W:80AE L:16! TR:40 PC:0128 K:00 I:C6 P:37
A:805D K:00 B:00 S:0195 P:36 I:A9 E:1 F:9DE0 T:13 C:0000 N:12E2 W:805D L:16! TR:41 PC:012A K:00 I:E6 P:B5
A:808E K:00 B:00 S:0119 P:B4 I:F4 E:1 F:9DE1 T:13 C:0000 N:12E1 W:808E L:16! TR:42 PC:012C K:00 I:D0 P:35
A:80A9 K:00 B:00 S:01AE P:34 I:A3 E:1 F:9DE2 T:13 C:0000 N:12E2 W:80A9 L:16! TR:43 PC:0130 K:00 I:60 P:35
A:8064 K:00 B:00 S:0140 P:B4 I:AD E:1 F:9DE3 T:13 C:0000 N:12E2 W:8064 L:16! TR:44 PC:0136 K:00 I:91 P:35
A:8096 K:00 B:00 S:01C2 P:B4 I:EB E:1 F:9DE4 T:13 C:0000 N:12E1 W:8096 L:16! TR:45 PC:0138 K:00 I:E6 P:35
A:016B K:00 B:00 S:015D P:34 I:8D E:1 F:9DE5 T:13 C:0000 N:12E2 W:016B L:16! TR:46 PC:013A K:00 I:D0 P:37
A:806E K:00 B:00 S:01E8 P:B4 I:8D E:1 F:9DE6 T:13 C:0000 N:12E1 W:806E L:16! TR:47 PC:013C K:00 I:E6 P:37
A:809F K:00 B:00 S:016C P:34 I:EB E:1 F:9DE7 T:13 C:0000 N:12E2 W:809F L:16! TR:48 PC:013E K:00 I:CA P:35
A:FC97 K:00 B:00 S:0109 P:34 I:5C E:1 F:9DE8 T:13 C:0000 N:12E2 W:FC97 L:16! TR:49 PC:013F K:00 I:D0 P:35
A:0191 K:00 B:00 S:0191 P:B4 I:F4 E:1 F:9DE9 T:13 C:0000 N:12E1 W:807C L:16! TR:4A PC:0136 K:00 I:91 P:35
A:80A7 K:00 B:00 S:0115 P:34 I:48 E:1 F:9DEA T:13 C:0000 N:12E2 W:80A7 L:16! TR:4B PC:0138 K:00 I:E6 P:35
A:01B0 K:00 B:00 S:01B0 P:34 I:0B E:1 F:9DEB T:13 C:0000 N:12E2 W:805B L:16! TR:4C PC:013A K:00 I:D0 P:35
A:0136 K:00 B:00 S:0136 P:B4 I:F4 E:1 F:9DEC T:13 C:0000 N:12E1 W:8085 L:16! TR:4D PC:013E K:00 I:CA P:35
A:01C3 K:00 B:00 S:01C3 P:36 I:60 E:1 F:9DED T:13 C:0000 N:12E2 W:80AE L:16! TR:4E PC:013F K:00 I:D0 P:35
A:8061 K:00 B:00 S:0159 P:36 I:AB E:1 F:9DEE T:13 C:0000 N:12E2 W:8061 L:16! TR:4F PC:0136 K:00 I:91 P:35
A:808C K:00 B:00 S:01DA P:B4 I:F4 E:1 F:9DEF T:13 C:0000 N:12E1 W:808C L:16! TR:50 PC:0138 K:00 I:E6 P:35
A:FFFF K:00 B:00 S:0170 P:36 I:6C E:1 F:9DF0 T:13 C:0000 N:12E2 W:0186 L:16! TR:51 PC:013A K:00 I:D0 P:35
A:806B K:00 B:00 S:0104 P:B4 I:AD E:1 F:9DF1 T:13 C:0000 N:12E2 W:806B L:16! TR:52 PC:013E K:00 I:CA P:35
A:0182 K:00 B:00 S:0182 P:34 I:48 E:1 F:9DF2 T:13 C:0000 N:12E1 W:8095 L:16! TR:53 PC:013F K:00 I:D0 P:35
A:011A K:00 B:00 S:011A P:34 I:0B E:1 F:9DF3 T:13 C:0000 N:12E2 W:805B L:16! TR:54 PC:0136 K:00 I:91 P:35
A:8076 K:00 B:00 S:01AC P:B4 I:B0 E:1 F:9DF4 T:13 C:0000 N:12E2 W:8076 L:16! TR:55 PC:0138 K:00 I:E6 P:35
A:809C K:00 B:00 S:012B P:34 I:18 E:1 F:9DF5 T:13 C:0000 N:12E2 W:809C L:16! TR:56 PC:013A K:00 I:D0 P:35
A:8061 K:00 B:00 S:01C3 P:36 I:AB E:1 F:9DF6 T:13 C:0000 N:12E2 W:8061 L:16! TR:57 PC:013E K:00 I:CA P:35
A:8080 K:00 B:00 S:0152 P:B4 I:F4 E:1 F:9DF7 T:13 C:0000 N:12E1 W:8080 L:16! TR:58 PC:013F K:00 I:D0 P:35
A:80A7 K:00 B:00 S:01D1 P:34 I:48 E:1 F:9DF8 T:13 C:0000 N:12E2 W:80A7 L:16! TR:59 PC:0136 K:00 I:91 P:35
A:806B K:00 B:00 S:016E P:B4 I:AD E:1 F:9DF9 T:13 C:0000 N:12E2 W:806B L:16! TR:5A PC:0138 K:00 I:E6 P:35
A:808A K:00 B:00 S:01F8 P:B4 I:F4 E:1 F:9DFA T:13 C:0000 N:12E2 W:808A L:16! TR:5B PC:013A K:00 I:D0 P:35
A:017F K:00 B:00 S:017F P:36 I:60 E:1 F:9DFB T:13 C:0000 N:12E2 W:80AE L:16! TR:5C PC:013E K:00 I:CA P:35
A:0118 K:00 B:00 S:0118 P:B4 I:F4 E:1 F:9DFC T:13 C:0000 N:12E2 W:8079 L:16! TR:5D PC:013F K:00 I:D0 P:35
A:808E K:00 B:00 S:019D P:B4 I:F4 E:1 F:9DFD T:13 C:0000 N:12E2 W:808E L:16! TR:5E PC:0136 K:00 I:91 P:35
A:FFFF K:00 B:00 S:012C P:36 I:6C E:1 F:9DFE T:13 C:0000 N:12E2 W:0142 L:16! TR:5F PC:0138 K:00 I:E6 P:35
A:8082 K:00 B:00 S:01BD P:B4 I:F4 E:1 F:9DFF T:13 C:0000 N:12E2 W:8082 L:16! TR:60 PC:013A K:00 I:D0 P:35
A:8096 K:00 B:00 S:0146 P:34 I:EB E:1 F:9E00 T:13 C:0000 N:12E2 W:8096 L:16! TR:61 PC:013E K:00 I:CA P:35
A:01D6 K:00 B:00 S:01D6 P:34 I:0B E:1 F:9E01 T:13 C:0000 N:12E2 W:805B L:16! TR:62 PC:013F K:00 I:D0 P:35
A:808C K:00 B:00 S:0163 P:B4 I:F4 E:1 F:9E02 T:13 C:0000 N:12E2 W:808C L:16! TR:63 PC:0136 K:00 I:91 P:35
A:809F K:00 B:00 S:01F0 P:34 I:EB E:1 F:9E03 T:13 C:0000 N:12E2 W:809F L:16! TR:64 PC:0138 K:00 I:E6 P:35
A:8061 K:00 B:00 S:017F P:36 I:AB E:1 F:9E04 T:13 C:0000 N:12E2 W:8061 L:16! TR:65 PC:013A K:00 I:D0 P:35
A:010B K:00 B:00 S:010B P:34 I:48 E:1 F:9E05 T:13 C:0000 N:12E1 W:8095 L:16! TR:66 PC:013E K:00 I:CA P:35
A:80A7 K:00 B:00 S:0196 P:34 I:48 E:1 F:9E06 T:13 C:0000 N:12E2 W:80A7 L:16! TR:67 PC:013F K:00 I:D0 P:35
A:806B K:00 B:00 S:012A P:B4 I:AD E:1 F:9E07 T:13 C:0000 N:12E2 W:806B L:16! TR:68 PC:0136 K:00 I:91 P:35
A:808E K:00 B:00 S:01B6 P:B4 I:F4 E:1 F:9E08 T:13 C:0000 N:12E2 W:808E L:16! TR:69 PC:0138 K:00 I:E6 P:35
A:0144 K:00 B:00 S:0144 P:36 I:60 E:1 F:9E09 T:13 C:0000 N:12E2 W:80AE L:16! TR:6A PC:013A K:00 I:D0 P:35
A:01D4 K:00 B:00 S:01D4 P:B4 I:F4 E:1 F:9E0A T:13 C:0000 N:12E2 W:8079 L:16! TR:6B PC:013E K:00 I:CA P:35
A:8096 K:00 B:00 S:015F P:34 I:EB E:1 F:9E0B T:13 C:0000 N:12E2 W:8096 L:16! TR:6C PC:013F K:00 I:D0 P:35
A:FC96 K:00 B:00 S:01EE P:36 I:5C E:1 F:9E0C T:13 C:0000 N:12E2 W:FC96 L:16! TR:6D PC:0136 K:00 I:91 P:35
A:8082 K:00 B:00 S:0179 P:B4 I:F4 E:1 F:9E0D T:13 C:0000 N:12E2 W:8082 L:16! TR:6E PC:0138 K:00 I:E6 P:35
A:809F K:00 B:00 S:0109 P:34 I:EB E:1 F:9E0E T:13 C:0000 N:12E2 W:809F L:16! TR:6F PC:013A K:00 I:D0 P:35
A:0198 K:00 B:00 S:0198 P:34 I:0B E:1 F:9E0F T:13 C:0000 N:12E2 W:805B L:16! TR:70 PC:013E K:00 I:CA P:35
A:808C K:00 B:00 S:011F P:B4 I:F4 E:1 F:9E10 T:13 C:0000 N:12E2 W:808C L:16! TR:71 PC:013F K:00 I:D0 P:35
A:80A5 K:00 B:00 S:01B0 P:34 I:09 E:1 F:9E11 T:13 C:0000 N:12E2 W:80A5 L:16! TR:72 PC:0136 K:00 I:91 P:35
A:8061 K:00 B:00 S:0141 P:36 I:AB E:1 F:9E12 T:13 C:0000 N:12E1 W:8061 L:16! TR:73 PC:0138 K:00 I:E6 P:35
A:01C7 K:00 B:00 S:01C7 P:34 I:48 E:1 F:9E13 T:13 C:0000 N:12E2 W:8095 L:16! TR:74 PC:013A K:00 I:D0 P:35
A:80AD K:00 B:00 S:015B P:34 I:28 E:1 F:9E14 T:13 C:0000 N:12E2 W:80AD L:16! TR:75 PC:013E K:00 I:CA P:35
A:8069 K:00 B:00 S:01E9 P:B4 I:AD E:1 F:9E15 T:13 C:0000 N:12E1 W:8069 L:16! TR:76 PC:013F K:00 I:D0 P:35
A:809C K:00 B:00 S:0170 P:34 I:18 E:1 F:9E16 T:13 C:0000 N:12E2 W:809C L:16! TR:77 PC:0136 K:00 I:91 P:35
A:011D K:00 B:00 S:010A P:36 I:8D E:1 F:9E17 T:13 C:0000 N:12E2 W:011D L:16! TR:78 PC:0138 K:00 I:E6 P:35
A:8076 K:00 B:00 S:0194 P:B4 I:B0 E:1 F:9E18 T:13 C:0000 N:12E2 W:8076 L:16! TR:79 PC:013A K:00 I:D0 P:35
A:80A5 K:00 B:00 S:011A P:34 I:09 E:1 F:9E19 T:13 C:0000 N:12E2 W:80A5 L:16! TR:7A PC:013E K:00 I:CA P:35
A:01B3 K:00 B:00 S:01B3 P:36 I:48 E:1 F:9E1A T:13 C:0000 N:12E2 W:8056 L:16! TR:7B PC:013F K:00 I:D0 P:35
A:8080 K:00 B:00 S:013A P:B4 I:F4 E:1 F:9E1B T:13 C:0000 N:12E2 W:8080 L:16! TR:7C PC:0136 K:00 I:91 P:35
A:80AD K:00 B:00 S:01C5 P:34 I:28 E:1 F:9E1C T:13 C:0000 N:12E2 W:80AD L:16! TR:7D PC:0138 K:00 I:E6 P:35
A:015B K:00 B:00 S:015B P:36 I:8B E:1 F:9E1D T:13 C:0000 N:12E1 W:805F L:16! TR:7E PC:013A K:00 I:D0 P:35
A:808C K:00 B:00 S:01DB P:B4 I:F4 E:1 F:9E1E T:13 C:0000 N:12E1 W:808C L:16! TR:7F PC:013E K:00 I:CA P:35
A:0187 K:00 B:00 S:0174 P:36 I:8D E:1 F:9E1F T:13 C:0000 N:12E2 W:0187 L:16! TR:00 PC:013F K:00 I:D0 P:35
A:8067 K:00 B:00 S:0106 P:B4 I:8D E:1 F:9E20 T:13 C:0000 N:12E2 W:8067 L:16! TR:01 PC:0136 K:00 I:91 P:35
A:0183 K:00 B:00 S:0183 P:34 I:48 E:1 F:9E21 T:13 C:0000 N:12E1 W:8095 L:16! TR:02 PC:0138 K:00 I:E6 P:35
A:8059 K:00 B:00 S:011F P:36 I:EB E:1 F:9E22 T:13 C:0000 N:12E2 W:8059 L:16! TR:03 PC:013A K:00 I:D0 P:35
A:806B K:00 B:00 S:01AE P:B4 I:AD E:1 F:9E23 T:13 C:0000 N:12E1 W:806B L:16! TR:04 PC:013E K:00 I:CA P:35
A:809C K:00 B:00 S:012C P:34 I:18 E:1 F:9E24 T:13 C:0000 N:12E2 W:809C L:16! TR:05 PC:013F K:00 I:D0 P:35
A:8060 K:00 B:00 S:01C6 P:36 I:48 E:1 F:9E25 T:13 C:0000 N:12E2 W:8060 L:16! TR:06 PC:0136 K:00 I:91 P:35
A:0158 K:00 B:00 S:0158 P:B4 I:F4 E:1 F:9E26 T:13 C:0000 N:12E1 W:8079 L:16! TR:07 PC:0138 K:00 I:E6 P:35
A:80A5 K:00 B:00 S:01D6 P:34 I:09 E:1 F:9E27 T:13 C:0000 N:12E2 W:80A5 L:16! TR:08 PC:013A K:00 I:D0 P:35
A:8069 K:00 B:00 S:0172 P:B4 I:AD E:1 F:9E28 T:13 C:0000 N:12E2 W:8069 L:16! TR:09 PC:013E K:00 I:CA P:35
A:8082 K:00 B:00 S:01FD P:B4 I:F4 E:1 F:9E29 T:13 C:0000 N:12E2 W:8082 L:16! TR:0A PC:013F K:00 I:D0 P:35
A:80AD K:00 B:00 S:0181 P:34 I:28 E:1 F:9E2A T:13 C:0000 N:12E2 W:80AD L:16! TR:0B PC:0136 K:00 I:91 P:35
A:8076 K:00 B:00 S:011D P:B4 I:B0 E:1 F:9E2B T:13 C:0000 N:12E2 W:8076 L:16! TR:0C PC:0138 K:00 I:E6 P:35
A:808C K:00 B:00 S:01A0 P:B4 I:F4 E:1 F:9E2C T:13 C:0000 N:12E2 W:808C L:16! TR:0D PC:013A K:00 I:D0 P:35
A:0143 K:00 B:00 S:0130 P:36 I:8D E:1 F:9E2D T:13 C:0000 N:12E2 W:0143 L:16! TR:0E PC:013E K:00 I:CA P:35
A:806B K:00 B:00 S:01C7 P:B4 I:AD E:1 F:9E2E T:13 C:0000 N:12E2 W:806B L:16! TR:0F PC:013F K:00 I:D0 P:35
A:0148 K:00 B:00 S:0148 P:34 I:48 E:1 F:9E2F T:13 C:0000 N:12E2 W:8095 L:16! TR:10 PC:0136 K:00 I:91 P:35
A:8059 K:00 B:00 S:01DB P:36 I:EB E:1 F:9E30 T:13 C:0000 N:12E2 W:8059 L:16! TR:11 PC:0138 K:00 I:E6 P:35
A:0171 K:00 B:00 S:0171 P:B4 I:F4 E:1 F:9E31 T:13 C:0000 N:12E2 W:8079 L:16! TR:12 PC:013A K:00 I:D0 P:35
A:809C K:00 B:00 S:01F1 P:34 I:18 E:1 F:9E32 T:13 C:0000 N:12E2 W:809C L:16! TR:13 PC:013E K:00 I:CA P:35
A:8060 K:00 B:00 S:0182 P:36 I:48 E:1 F:9E33 T:13 C:0000 N:12E2 W:8060 L:16! TR:14 PC:013F K:00 I:D0 P:35
A:8082 K:00 B:00 S:0116 P:B4 I:F4 E:1 F:9E34 T:13 C:0000 N:12E1 W:8082 L:16! TR:15 PC:0136 K:00 I:91 P:35
A:80A5 K:00 B:00 S:0198 P:34 I:09 E:1 F:9E35 T:13 C:0000 N:12E2 W:80A5 L:16! TR:16 PC:0138 K:00 I:E6 P:35
A:8069 K:00 B:00 S:012E P:B4 I:AD E:1 F:9E36 T:13 C:0000 N:12E2 W:8069 L:16! TR:17 PC:013A K:00 I:D0 P:35
A:808A K:00 B:00 S:01BB P:B4 I:F4 E:1 F:9E37 T:13 C:0000 N:12E2 W:808A L:16! TR:18 PC:013E K:00 I:CA P:35
A:80AD K:00 B:00 S:0143 P:34 I:28 E:1 F:9E38 T:13 C:0000 N:12E2 W:80AD L:16! TR:19 PC:013F K:00 I:D0 P:35
A:8076 K:00 B:00 S:01D9 P:B4 I:B0 E:1 F:9E39 T:13 C:0000 N:12E2 W:8076 L:16! TR:1A PC:0136 K:00 I:91 P:35
A:8093 K:00 B:00 S:0161 P:34 I:1A E:1 F:9E3A T:13 C:0000 N:12E2 W:8093 L:16! TR:1B PC:0138 K:00 I:E6 P:35
A:0000 K:00 B:00 S:01F2 P:36 I:4E E:1 F:9E3B T:13 C:0000 N:12E2 W:0205 L:16! TR:1C PC:013A K:00 I:D0 P:35
A:8080 K:00 B:00 S:017F P:B4 I:F4 E:1 F:9E3C T:13 C:0000 N:12E2 W:8080 L:16! TR:1D PC:013E K:00 I:CA P:35
A:010B K:00 B:00 S:010B P:34 I:48 E:1 F:9E3D T:13 C:0000 N:12E2 W:809A L:16! TR:1E PC:013F K:00 I:D0 P:35
A:019B K:00 B:00 S:019B P:36 I:48 E:1 F:9E3E T:13 C:0000 N:12E2 W:8056 L:16! TR:1F PC:0136 K:00 I:91 P:35
A:808A K:00 B:00 S:0125 P:B4 I:F4 E:1 F:9E3F T:13 C:0000 N:12E2 W:808A L:16! TR:20 PC:0138 K:00 I:E6 P:35
A:80A1 K:00 B:00 S:01B2 P:34 I:EB E:1 F:9E40 T:13 C:0000 N:12E2 W:80A1 L:16! TR:21 PC:013A K:00 I:D0 P:35
A:0143 K:00 B:00 S:0143 P:36 I:8B E:1 F:9E41 T:13 C:0000 N:12E2 W:805F L:16! TR:22 PC:013E K:00 I:CA P:35
A:8093 K:00 B:00 S:01CB P:B4 I:1A E:1 F:9E42 T:13 C:0000 N:12E2 W:8093 L:16! TR:23 PC:013F K:00 I:D0 P:35
A:80A9 K:00 B:00 S:015C P:34 I:A3 E:1 F:9E43 T:13 C:0000 N:12E2 W:80A9 L:16! TR:24 PC:0136 K:00 I:91 P:35
A:8069 K:00 B:00 S:01EA P:B4 I:AD E:1 F:9E44 T:13 C:0000 N:12E2 W:8069 L:16! TR:25 PC:0138 K:00 I:E6 P:35
A:0175 K:00 B:00 S:0175 P:34 I:48 E:1 F:9E45 T:13 C:0000 N:12E2 W:809A L:16! TR:26 PC:013A K:00 I:D0 P:35
A:0119 K:00 B:00 S:010B P:36 I:8D E:1 F:9E46 T:13 C:0000 N:12E2 W:0119 L:16! TR:27 PC:013E K:00 I:CA P:35
A:8076 K:00 B:00 S:0195 P:B4 I:B0 E:1 F:9E47 T:13 C:0000 N:12E1 W:8076 L:16! TR:28 PC:013F K:00 I:D0 P:35
A:80A3 K:00 B:00 S:011E P:34 I:A3 E:1 F:9E48 T:13 C:0000 N:12E2 W:80A3 L:16! TR:29 PC:0136 K:00 I:91 P:35
A:01C7 K:00 B:00 S:01B4 P:36 I:8D E:1 F:9E49 T:13 C:0000 N:12E2 W:01C7 L:16! TR:2A PC:0138 K:00 I:E6 P:35
A:8080 K:00 B:00 S:013B P:B4 I:F4 E:1 F:9E4A T:13 C:0000 N:12E2 W:8080 L:16! TR:2B PC:013A K:00 I:D0 P:35
A:80AB K:00 B:00 S:01C9 P:34 I:A3 E:1 F:9E4B T:13 C:0000 N:12E2 W:80AB L:16! TR:2C PC:013E K:00 I:CA P:35
A:8059 K:00 B:00 S:015F P:36 I:EB E:1 F:9E4C T:13 C:0000 N:12E2 W:8059 L:16! TR:2D PC:013F K:00 I:D0 P:35
A:808A K:00 B:00 S:01E1 P:B4 I:F4 E:1 F:9E4D T:13 C:0000 N:12E2 W:808A L:16! TR:2E PC:0136 K:00 I:91 P:35
A:0188 K:00 B:00 S:0178 P:36 I:8D E:1 F:9E4E T:13 C:0000 N:12E2 W:0188 L:16! TR:2F PC:0138 K:00 I:E6 P:35
A:8060 K:00 B:00 S:0106 P:36 I:48 E:1 F:9E4F T:13 C:0000 N:12E1 W:8060 L:16! TR:30 PC:013A K:00 I:D0 P:35
A:8093 K:00 B:00 S:0187 P:B4 I:1A E:1 F:9E50 T:13 C:0000 N:12E1 W:8093 L:16! TR:31 PC:013E K:00 I:CA P:35
A:0124 K:00 B:00 S:0124 P:36 I:48 E:1 F:9E51 T:13 C:0000 N:12E2 W:8056 L:16! TR:32 PC:013F K:00 I:D0 P:35
A:8069 K:00 B:00 S:01AF P:B4 I:AD E:1 F:9E52 T:13 C:0000 N:12E2 W:8069 L:16! TR:33 PC:0136 K:00 I:91 P:35
A:0131 K:00 B:00 S:0131 P:34 I:48 E:1 F:9E53 T:13 C:0000 N:12E1 W:809A L:16! TR:34 PC:0138 K:00 I:E6 P:35
A:01E0 K:00 B:00 S:01CD P:34 I:8D E:1 F:9E54 T:13 C:0000 N:12E2 W:01E0 L:16! TR:35 PC:013A K:00 I:D0 P:35
A:8076 K:00 B:00 S:015A P:B4 I:B0 E:1 F:9E55 T:13 C:0000 N:12E2 W:8076 L:16! TR:36 PC:013E K:00 I:CA P:35
A:80A3 K:00 B:00 S:01DA P:B4 I:A3 E:1 F:9E56 T:13 C:0000 N:12E2 W:80A3 L:16! TR:37 PC:013F K:00 I:D0 P:37
A:8059 K:00 B:00 S:0178 P:36 I:EB E:1 F:9E57 T:13 C:0000 N:12E2 W:8059 L:16! TR:38 PC:0141 K:00 I:F0 P:37
A:8080 K:00 B:00 S:0100 P:B4 I:F4 E:1 F:9E58 T:13 C:0000 N:12E1 W:8080 L:16! TR:39 PC:0101 K:00 I:FF P:37
A:80AB K:00 B:00 S:0185 P:34 I:A3 E:1 F:9E59 T:13 C:0000 N:12E2 W:80AB L:16! TR:3A PC:0119 K:00 I:30 P:B5
A:8060 K:00 B:00 S:011F P:36 I:48 E:1 F:9E5A T:13 C:0000 N:12E2 W:8060 L:16! TR:3B PC:011C K:00 I:4A P:B5
A:808A K:00 B:00 S:01A3 P:B4 I:F4 E:1 F:9E5B T:13 C:0000 N:12E1 W:808A L:16! TR:3C PC:011D K:00 I:AF P:35
A:0144 K:00 B:00 S:0134 P:36 I:8D E:1 F:9E5C T:13 C:0000 N:12E2 W:0144 L:16! TR:3D PC:0121 K:00 I:46 P:37
A:8067 K:00 B:00 S:01C9 P:B4 I:8D E:1 F:9E5D T:13 C:0000 N:12E2 W:8067 L:16! TR:3E PC:0123 K:00 I:E6 P:35
A:8093 K:00 B:00 S:0149 P:34 I:1A E:1 F:9E5E T:13 C:0000 N:12E1 W:8093 L:16! TR:3F PC:0125 K:00 I:8D P:37
A:01E0 K:00 B:00 S:01E0 P:36 I:48 E:1 F:9E5F T:13 C:0000 N:12E2 W:8056 L:16! TR:40 PC:0128 K:00 I:C6 P:37
A:8070 K:00 B:00 S:0173 P:B4 I:90 E:1 F:9E60 T:13 C:0000 N:12E2 W:8070 L:16! TR:41 PC:012A K:00 I:E6 P:B5
A:01F3 K:00 B:00 S:01F3 P:34 I:48 E:1 F:9E61 T:13 C:0000 N:12E2 W:809A L:16! TR:42 PC:012C K:00 I:D0 P:35
A:0188 K:00 B:00 S:0188 P:36 I:8B E:1 F:9E62 T:13 C:0000 N:12E2 W:805F L:16! TR:43 PC:0130 K:00 I:60 P:35
A:807E K:00 B:00 S:011B P:B4 I:F4 E:1 F:9E63 T:13 C:0000 N:12E2 W:807E L:16! TR:44 PC:0136 K:00 I:91 P:35
A:80A1 K:00 B:00 S:019A P:34 I:EB E:1 F:9E64 T:13 C:0000 N:12E2 W:80A1 L:16! TR:45 PC:0138 K:00 I:E6 P:35
A:8067 K:00 B:00 S:0133 P:B4 I:8D E:1 F:9E65 T:13 C:0000 N:12E2 W:8067 L:16! TR:46 PC:013A K:00 I:D0 P:37
A:01BF K:00 B:00 S:01BF P:B4 I:F4 E:1 F:9E66 T:13 C:0000 N:12E1 W:8085 L:16! TR:47 PC:013C K:00 I:E6 P:37
A:80A9 K:00 B:00 S:0144 P:34 I:A3 E:1 F:9E67 T:13 C:0000 N:12E2 W:80A9 L:16! TR:48 PC:013E K:00 I:CA P:35
A:8070 K:00 B:00 S:01DD P:B4 I:90 E:1 F:9E68 T:13 C:0000 N:12E2 W:8070 L:16! TR:49 PC:013F K:00 I:D0 P:35
A:808E K:00 B:00 S:0164 P:B4 I:F4 E:1 F:9E69 T:13 C:0000 N:12E2 W:808E L:16! TR:4A PC:0136 K:00 I:91 P:35
A:0201 K:00 B:00 S:01F3 P:36 I:8A E:1 F:9E6A T:13 C:0000 N:12E2 W:0201 L:16! TR:4B PC:0138 K:00 I:E6 P:35
A:807E K:00 B:00 S:0185 P:B4 I:F4 E:1 F:9E6B T:13 C:0000 N:12E2 W:807E L:16! TR:4C PC:013A K:00 I:D0 P:35
A:8096 K:00 B:00 S:010D P:34 I:EB E:1 F:9E6C T:13 C:0000 N:12E2 W:8096 L:16! TR:4D PC:013E K:00 I:CA P:35
A:019C K:00 B:00 S:019C P:36 I:48 E:1 F:9E6D T:13 C:0000 N:12E2 W:8056 L:16! TR:4E PC:013F K:00 I:D0 P:35
A:012B K:00 B:00 S:012B P:B4 I:F4 E:1 F:9E6E T:13 C:0000 N:12E2 W:8088 L:16! TR:4F PC:0136 K:00 I:91 P:35
A:01B5 K:00 B:00 S:01B5 P:34 I:48 E:1 F:9E6F T:13 C:0000 N:12E2 W:809A L:16! TR:50 PC:0138 K:00 I:E6 P:35
A:0144 K:00 B:00 S:0144 P:36 I:8B E:1 F:9E70 T:13 C:0000 N:12E2 W:805F L:16! TR:51 PC:013A K:00 I:D0 P:35
A:01D0 K:00 B:00 S:01D0 P:B4 I:F4 E:1 F:9E71 T:13 C:0000 N:12E2 W:8091 L:16! TR:52 PC:013E K:00 I:CA P:35
A:80A3 K:00 B:00 S:015E P:34 I:A3 E:1 F:9E72 T:13 C:0000 N:12E2 W:80A3 L:16! TR:53 PC:013F K:00 I:D0 P:35
A:8067 K:00 B:00 S:01EF P:B4 I:8D E:1 F:9E73 T:13 C:0000 N:12E2 W:8067 L:16! TR:54 PC:0136 K:00 I:91 P:35
A:8098 K:00 B:00 S:0179 P:34 I:A3 E:1 F:9E74 T:13 C:0000 N:12E2 W:8098 L:16! TR:55 PC:0138 K:00 I:E6 P:35
A:80AB K:00 B:00 S:0109 P:34 I:A3 E:1 F:9E75 T:13 C:0000 N:12E2 W:80AB L:16! TR:56 PC:013A K:00 I:D0 P:35
A:8070 K:00 B:00 S:0199 P:B4 I:90 E:1 F:9E76 T:13 C:0000 N:12E2 W:8070 L:16! TR:57 PC:013E K:00 I:CA P:35
A:80A1 K:00 B:00 S:0123 P:34 I:EB E:1 F:9E77 T:13 C:0000 N:12E2 W:80A1 L:16! TR:58 PC:013F K:00 I:D0 P:35
A:01C5 K:00 B:00 S:01B5 P:36 I:8D E:1 F:9E78 T:13 C:0000 N:12E2 W:01C5 L:16! TR:59 PC:0136 K:00 I:91 P:35
A:807E K:00 B:00 S:0141 P:B4 I:F4 E:1 F:9E79 T:13 C:0000 N:12E2 W:807E L:16! TR:5A PC:0138 K:00 I:E6 P:35
A:01CE K:00 B:00 S:01CE P:34 I:48 E:1 F:9E7A T:13 C:0000 N:12E2 W:809A L:16! TR:5B PC:013A K:00 I:D0 P:35
A:0161 K:00 B:00 S:0161 P:36 I:48 E:1 F:9E7B T:13 C:0000 N:12E2 W:8056 L:16! TR:5C PC:013E K:00 I:CA P:35
A:01E7 K:00 B:00 S:01E7 P:B4 I:F4 E:1 F:9E7C T:13 C:0000 N:12E2 W:8088 L:16! TR:5D PC:013F K:00 I:D0 P:35
A:80A3 K:00 B:00 S:0177 P:F4 I:A3 E:1 F:9E7D T:13 C:0000 N:12E2 W:80A3 L:16! TR:5E PC:0136 K:00 I:91 P:35
A:0109 K:00 B:00 S:0109 P:36 I:8B E:1 F:9E7E T:13 C:0000 N:12E2 W:805F L:16! TR:5F PC:0138 K:00 I:E6 P:35
A:018C K:00 B:00 S:018C P:B4 I:F4 E:1 F:9E7F T:13 C:0000 N:12E1 W:8091 L:16! TR:60 PC:013A K:00 I:D0 P:35
A:80AB K:00 B:00 S:0122 P:34 I:A3 E:1 F:9E80 T:13 C:0000 N:12E2 W:80AB L:16! TR:61 PC:013E K:00 I:CA P:35
A:8067 K:00 B:00 S:01B1 P:B4 I:8D E:1 F:9E81 T:13 C:0000 N:12E2 W:8067 L:16! TR:62 PC:013F K:00 I:D0 P:35
A:8098 K:00 B:00 S:0135 P:34 I:A3 E:1 F:9E82 T:13 C:0000 N:12E2 W:8098 L:16! TR:63 PC:0136 K:00 I:91 P:35
A:01DC K:00 B:00 S:01CE P:36 I:8D E:1 F:9E83 T:13 C:0000 N:12E2 W:01DC L:16! TR:64 PC:0138 K:00 I:E6 P:35
A:8070 K:00 B:00 S:015B P:B4 I:90 E:1 F:9E84 T:13 C:0000 N:12E2 W:8070 L:16! TR:65 PC:013A K:00 I:D0 P:35
A:80A1 K:00 B:00 S:01DF P:34 I:EB E:1 F:9E85 T:13 C:0000 N:12E2 W:80A1 L:16! TR:66 PC:013E K:00 I:CA P:35
A:FC97 K:00 B:00 S:017A P:36 I:5C E:1 F:9E86 T:13 C:0000 N:12E2 W:FC97 L:16! TR:67 PC:013F K:00 I:D0 P:35
A:807E K:00 B:00 S:0103 P:B4 I:F4 E:1 F:9E87 T:13 C:0000 N:12E2 W:807E L:16! TR:68 PC:0136 K:00 I:91 P:35
A:80A9 K:00 B:00 S:0189 P:34 I:A3 E:1 F:9E88 T:13 C:0000 N:12E2 W:80A9 L:16! TR:69 PC:0138 K:00 I:E6 P:35
A:805D K:00 B:00 S:0122 P:36 I:A9 E:1 F:9E89 T:13 C:0000 N:12E2 W:805D L:16! TR:6A PC:013A K:00 I:D0 P:35
A:01A7 K:00 B:00 S:01A7 P:B4 I:F4 E:1 F:9E8A T:13 C:0000 N:12E1 W:8085 L:16! TR:6B PC:013E K:00 I:CA P:35
A:0146 K:00 B:00 S:0138 P:36 I:8D E:1 F:9E8B T:13 C:0000 N:12E2 W:0146 L:16! TR:6C PC:013F K:00 I:D0 P:35
A:8061 K:00 B:00 S:01CA P:36 I:AB E:1 F:9E8C T:13 C:0000 N:12E1 W:8061 L:16! TR:6D PC:0136 K:00 I:91 P:35
A:808E K:00 B:00 S:014C P:B4 I:F4 E:1 F:9E8D T:13 C:0000 N:12E1 W:808E L:16! TR:6E PC:0138 K:00 I:E6 P:35
A:FC97 K:00 B:00 S:01E4 P:36 I:5C E:1 F:9E8E T:13 C:0000 N:12E2 W:FC97 L:16! TR:6F PC:013A K:00 I:D0 P:35
A:806B K:00 B:00 S:0175 P:B4 I:AD E:1 F:9E8F T:13 C:0000 N:12E2 W:806B L:16! TR:70 PC:013E K:00 I:CA P:35
A:8096 K:00 B:00 S:01F5 P:B4 I:EB E:1 F:9E90 T:13 C:0000 N:12E2 W:8096 L:16! TR:71 PC:013F K:00 I:D0 P:35
A:805D K:00 B:00 S:018C P:36 I:A9 E:1 F:9E91 T:13 C:0000 N:12E2 W:805D L:16! TR:72 PC:0136 K:00 I:91 P:35
A:011F K:00 B:00 S:011F P:B4 I:F4 E:1 F:9E92 T:13 C:0000 N:12E1 W:8079 L:16! TR:73 PC:0138 K:00 I:E6 P:35
A:80A1 K:00 B:00 S:019B P:34 I:EB E:1 F:9E93 T:13 C:0000 N:12E2 W:80A1 L:16! TR:74 PC:013A K:00 I:D0 P:35
A:8064 K:00 B:00 S:0137 P:B4 I:AD E:1 F:9E94 T:13 C:0000 N:12E2 W:8064 L:16! TR:75 PC:013E K:00 I:CA P:35
A:807E K:00 B:00 S:01C5 P:B4 I:F4 E:1 F:9E95 T:13 C:0000 N:12E1 W:807E L:16! TR:76 PC:013F K:00 I:D0 P:35
A:80A9 K:00 B:00 S:0145 P:34 I:A3 E:1 F:9E96 T:13 C:0000 N:12E2 W:80A9 L:16! TR:77 PC:0136 K:00 I:91 P:35
A:806E K:00 B:00 S:01E2 P:B4 I:8D E:1 F:9E97 T:13 C:0000 N:12E2 W:806E L:16! TR:78 PC:0138 K:00 I:E6 P:35
A:016B K:00 B:00 S:016B P:B4 I:F4 E:1 F:9E98 T:13 C:0000 N:12E1 W:8088 L:16! TR:79 PC:013A K:00 I:D0 P:35
A:0102 K:00 B:00 S:01F4 P:36 I:8D E:1 F:9E99 T:13 C:0000 N:12E2 W:0102 L:16! TR:7A PC:013E K:00 I:CA P:35
A:018B K:00 B:00 S:018B P:B4 I:F4 E:1 F:9E9A T:13 C:0000 N:12E2 W:807C L:16! TR:7B PC:013F K:00 I:D0 P:35
A:0110 K:00 B:00 S:0110 P:B4 I:F4 E:1 F:9E9B T:13 C:0000 N:12E2 W:8091 L:16! TR:7C PC:0136 K:00 I:91 P:35
A:FC97 K:00 B:00 S:01A0 P:36 I:5C E:1 F:9E9C T:13 C:0000 N:12E2 W:FC97 L:16! TR:7D PC:0138 K:00 I:E6 P:35
A:0130 K:00 B:00 S:0130 P:B4 I:F4 E:1 F:9E9D T:13 C:0000 N:12E2 W:8085 L:16! TR:7E PC:013A K:00 I:D0 P:35
A:8098 K:00 B:00 S:01B6 P:B4 I:A3 E:1 F:9E9E T:13 C:0000 N:12E2 W:8098 L:16! TR:7F PC:013E K:00 I:CA P:35
A:805D K:00 B:00 S:0148 P:36 I:A9 E:1 F:9E9F T:13 C:0000 N:12E2 W:805D L:16! TR:00 PC:013F K:00 I:D0 P:35
A:807E K:00 B:00 S:01DE P:B4 I:F4 E:1 F:9EA0 T:13 C:0000 N:12E2 W:807E L:16! TR:01 PC:0136 K:00 I:91 P:35
A:80A1 K:00 B:00 S:0160 P:34 I:EB E:1 F:9EA1 T:13 C:0000 N:12E2 W:80A1 L:16! TR:02 PC:0138 K:00 I:E6 P:35
A:8064 K:00 B:00 S:01F3 P:B4 I:AD E:1 F:9EA2 T:13 C:0000 N:12E2 W:8064 L:16! TR:03 PC:013A K:00 I:D0 P:35
A:0184 K:00 B:00 S:0184 P:B4 I:F4 E:1 F:9EA3 T:13 C:0000 N:12E1 W:8088 L:16! TR:04 PC:013E K:00 I:CA P:35
A:80A9 K:00 B:00 S:010A P:34 I:A3 E:1 F:9EA4 T:13 C:0000 N:12E2 W:80A9 L:16! TR:05 PC:013F K:00 I:D0 P:35
A:806E K:00 B:00 S:019E P:B4 I:8D E:1 F:9EA5 T:13 C:0000 N:12E2 W:806E L:16! TR:06 PC:0136 K:00 I:91 P:35
A:0129 K:00 B:00 S:0129 P:B4 I:F4 E:1 F:9EA6 T:13 C:0000 N:12E2 W:8091 L:16! TR:07 PC:0138 K:00 I:E6 P:35
A:01C4 K:00 B:00 S:01B6 P:36 I:8D E:1 F:9EA7 T:13 C:0000 N:12E2 W:01C4 L:16! TR:08 PC:013A K:00 I:D0 P:35
A:0147 K:00 B:00 S:0147 P:B4 I:F4 E:1 F:9EA8 T:13 C:0000 N:12E2 W:807C L:16! TR:09 PC:013E K:00 I:CA P:35
A:8096 K:00 B:00 S:01D0 P:B4 I:EB E:1 F:9EA9 T:13 C:0000 N:12E2 W:8096 L:16! TR:0A PC:013F K:00 I:D0 P:35
A:FC97 K:00 B:00 S:0162 P:36 I:5C E:1 F:9EAA T:13 C:0000 N:12E2 W:FC97 L:16! TR:0B PC:0136 K:00 I:91 P:35
A:01EC K:00 B:00 S:01EC P:B4 I:F4 E:1 F:9EAB T:13 C:0000 N:12E2 W:8085 L:16! TR:0C PC:0138 K:00 I:E6 P:35
A:809F K:00 B:00 S:017A P:74 I:EB E:1 F:9EAC T:13 C:0000 N:12E2 W:809F L:16! TR:0D PC:013A K:00 I:D0 P:35
A:805D K:00 B:00 S:010A P:36 I:A9 E:1 F:9EAD T:13 C:0000 N:12E2 W:805D L:16! TR:0E PC:013E K:00 I:CA P:35
A:808E K:00 B:00 S:0191 P:B4 I:F4 E:1 F:9EAE T:13 C:0000 N:12E2 W:808E L:16! TR:0F PC:013F K:00 I:D0 P:35
A:80A7 K:00 B:00 S:0123 P:34 I:48 E:1 F:9EAF T:13 C:0000 N:12E2 W:80A7 L:16! TR:10 PC:0136 K:00 I:91 P:35
A:8061 K:00 B:00 S:01B2 P:36 I:AB E:1 F:9EB0 T:13 C:0000 N:12E1 W:8061 L:16! TR:11 PC:0138 K:00 I:E6 P:35
A:8096 K:00 B:00 S:013A P:34 I:EB E:1 F:9EB1 T:13 C:0000 N:12E2 W:8096 L:16! TR:12 PC:013A K:00 I:D0 P:35
A:80AD K:00 B:00 S:01CC P:34 I:28 E:1 F:9EB2 T:13 C:0000 N:12E2 W:80AD L:16! TR:13 PC:013E K:00 I:CA P:35
A:806B K:00 B:00 S:015D P:B4 I:AD E:1 F:9EB3 T:13 C:0000 N:12E2 W:806B L:16! TR:14 PC:013F K:00 I:D0 P:35
A:809F K:00 B:00 S:01E4 P:34 I:EB E:1 F:9EB4 T:13 C:0000 N:12E2 W:809F L:16! TR:15 PC:0136 K:00 I:91 P:35
A:018E K:00 B:00 S:017B P:36 I:8D E:1 F:9EB5 T:13 C:0000 N:12E2 W:018E L:16! TR:16 PC:0138 K:00 I:E6 P:35
A:0107 K:00 B:00 S:0107 P:B4 I:F4 E:1 F:9EB6 T:13 C:0000 N:12E2 W:8079 L:16! TR:17 PC:013A K:00 I:D0 P:35
A:80A7 K:00 B:00 S:018D P:34 I:48 E:1 F:9EB7 T:13 C:0000 N:12E2 W:80A7 L:16! TR:18 PC:013E K:00 I:CA P:35
A:8059 K:00 B:00 S:0126 P:36 I:EB E:1 F:9EB8 T:13 C:0000 N:12E2 W:8059 L:16! TR:19 PC:013F K:00 I:D0 P:35
A:01A8 K:00 B:00 S:01A8 P:B4 I:F4 E:1 F:9EB9 T:13 C:0000 N:12E2 W:8085 L:16! TR:1A PC:0136 K:00 I:91 P:35
A:013B K:00 B:00 S:013B P:36 I:60 E:1 F:9EBA T:13 C:0000 N:12E2 W:80AE L:16! TR:1B PC:0138 K:00 I:E6 P:35
A:805D K:00 B:00 S:01CC P:36 I:A9 E:1 F:9EBB T:13 C:0000 N:12E2 W:805D L:16! TR:1C PC:013A K:00 I:D0 P:35
A:808E K:00 B:00 S:014D P:B4 I:F4 E:1 F:9EBC T:13 C:0000 N:12E2 W:808E L:16! TR:1D PC:013E K:00 I:CA P:35
A:FFFF K:00 B:00 S:01E8 P:36 I:6C E:1 F:9EBD T:13 C:0000 N:12E2 W:01FE L:16! TR:1E PC:013F K:00 I:D0 P:35
A:8064 K:00 B:00 S:0177 P:B4 I:AD E:1 F:9EBE T:13 C:0000 N:12E2 W:8064 L:16! TR:1F PC:0136 K:00 I:91 P:35
A:8096 K:00 B:00 S:01F6 P:B4 I:EB E:1 F:9EBF T:13 C:0000 N:12E2 W:8096 L:16! TR:20 PC:0138 K:00 I:E6 P:35
A:0192 K:00 B:00 S:0192 P:34 I:0B E:1 F:9EC0 T:13 C:0000 N:12E2 W:805B L:16! TR:21 PC:013A K:00 I:D0 P:35
A:806E K:00 B:00 S:0122 P:B4 I:8D E:1 F:9EC1 T:13 C:0000 N:12E2 W:806E L:16! TR:22 PC:013E K:00 I:CA P:35
A:809F K:00 B:00 S:01A0 P:34 I:EB E:1 F:9EC2 T:13 C:0000 N:12E2 W:809F L:16! TR:23 PC:013F K:00 I:D0 P:35
A:8061 K:00 B:00 S:013B P:36 I:AB E:1 F:9EC3 T:13 C:0000 N:12E2 W:8061 L:16! TR:24 PC:0136 K:00 I:91 P:35
A:01C8 K:00 B:00 S:01C8 P:B4 I:F4 E:1 F:9EC4 T:13 C:0000 N:12E1 W:807C L:16! TR:25 PC:0138 K:00 I:E6 P:35
A:80A7 K:00 B:00 S:0149 P:34 I:48 E:1 F:9EC5 T:13 C:0000 N:12E2 W:80A7 L:16! TR:26 PC:013A K:00 I:D0 P:35
A:805D K:00 B:00 S:01E5 P:36 I:A9 E:1 F:9EC6 T:13 C:0000 N:12E2 W:805D L:16! TR:27 PC:013E K:00 I:CA P:35
A:016D K:00 B:00 S:016D P:B4 I:F4 E:1 F:9EC7 T:13 C:0000 N:12E1 W:8085 L:16! TR:28 PC:013F K:00 I:D0 P:35
A:01F7 K:00 B:00 S:01F7 P:36 I:60 E:1 F:9EC8 T:13 C:0000 N:12E2 W:80AE L:16! TR:29 PC:0136 K:00 I:91 P:35
A:8064 K:00 B:00 S:0190 P:B4 I:AD E:1 F:9EC9 T:13 C:0000 N:12E2 W:8064 L:16! TR:2A PC:0138 K:00 I:E6 P:35
A:808E K:00 B:00 S:0112 P:B4 I:F4 E:1 F:9ECA T:13 C:0000 N:12E1 W:808E L:16! TR:2B PC:013A K:00 I:D0 P:35
A:FFFF K:00 B:00 S:01A4 P:36 I:6C E:1 F:9ECB T:13 C:0000 N:12E2 W:01BA L:16! TR:2C PC:013E K:00 I:CA P:35
A:806E K:00 B:00 S:013B P:B4 I:8D E:1 F:9ECC T:13 C:0000 N:12E2 W:806E L:16! TR:2D PC:013F K:00 I:D0 P:35
A:8096 K:00 B:00 S:01B8 P:B4 I:EB E:1 F:9ECD T:13 C:0000 N:12E1 W:8096 L:16! TR:2E PC:0136 K:00 I:91 P:35
A:014E K:00 B:00 S:014E P:34 I:0B E:1 F:9ECE T:13 C:0000 N:12E2 W:805B L:16! TR:2F PC:0138 K:00 I:E6 P:35
A:01E2 K:00 B:00 S:01E2 P:B4 I:F4 E:1 F:9ECF T:13 C:0000 N:12E1 W:8079 L:16! TR:30 PC:013A K:00 I:D0 P:35
A:809F K:00 B:00 S:0162 P:34 I:EB E:1 F:9ED0 T:13 C:0000 N:12E2 W:809F L:16! TR:31 PC:013E K:00 I:CA P:35
A:8061 K:00 B:00 S:01F7 P:36 I:AB E:1 F:9ED1 T:13 C:0000 N:12E2 W:8061 L:16! TR:32 PC:013F K:00 I:D0 P:35
A:8082 K:00 B:00 S:0187 P:B4 I:F4 E:1 F:9ED2 T:13 C:0000 N:12E1 W:8082 L:16! TR:33 PC:0136 K:00 I:91 P:35
A:80A7 K:00 B:00 S:010B P:34 I:48 E:1 F:9ED3 T:13 C:0000 N:12E2 W:80A7 L:16! TR:34 PC:0138 K:00 I:E6 P:35
A:806B K:00 B:00 S:01A2 P:B4 I:AD E:1 F:9ED4 T:13 C:0000 N:12E2 W:806B L:16! TR:35 PC:013A K:00 I:D0 P:35
A:808C K:00 B:00 S:012D P:B4 I:F4 E:1 F:9ED5 T:13 C:0000 N:12E2 W:808C L:16! TR:36 PC:013E K:00 I:CA P:35
A:80AD K:00 B:00 S:01B4 P:34 I:28 E:1 F:9ED6 T:13 C:0000 N:12E2 W:80AD L:16! TR:37 PC:013F K:00 I:D0 P:37
A:014C K:00 B:00 S:014C P:B4 I:F4 E:1 F:9ED7 T:13 C:0000 N:12E2 W:8079 L:16! TR:38 PC:0141 K:00 I:F0 P:37
A:8093 K:00 B:00 S:01D2 P:B4 I:1A E:1 F:9ED8 T:13 C:0000 N:12E2 W:8093 L:16! TR:39 PC:0101 K:00 I:FF P:37
A:0176 K:00 B:00 S:0163 P:36 I:8D E:1 F:9ED9 T:13 C:0000 N:12E2 W:0176 L:16! TR:3A PC:0119 K:00 I:30 P:B5
A:8082 K:00 B:00 S:01F1 P:B4 I:F4 E:1 F:9EDA T:13 C:0000 N:12E2 W:8082 L:16! TR:3B PC:011C K:00 I:4A P:B5
A:017C K:00 B:00 S:017C P:34 I:48 E:1 F:9EDB T:13 C:0000 N:12E2 W:809A L:16! TR:3C PC:011D K:00 I:AF P:35
A:8059 K:00 B:00 S:010E P:36 I:EB E:1 F:9EDC T:13 C:0000 N:12E2 W:8059 L:16! TR:3D PC:0121 K:00 I:46 P:37
A:808C K:00 B:00 S:0197 P:B4 I:F4 E:1 F:9EDD T:13 C:0000 N:12E2 W:808C L:16! TR:3E PC:0123 K:00 I:E6 P:35
A:80A3 K:00 B:00 S:0125 P:34 I:A3 E:1 F:9EDE T:13 C:0000 N:12E2 W:80A3 L:16! TR:3F PC:0125 K:00 I:8D P:37
A:8061 K:00 B:00 S:01B3 P:36 I:AB E:1 F:9EDF T:13 C:0000 N:12E2 W:8061 L:16! TR:40 PC:0128 K:00 I:C6 P:37
A:013F K:00 B:00 S:013F P:34 I:48 E:1 F:9EE0 T:13 C:0000 N:12E1 W:8095 L:16! TR:41 PC:012A K:00 I:E6 P:B5
A:80A7 K:00 B:00 S:01CD P:34 I:48 E:1 F:9EE1 T:13 C:0000 N:12E2 W:80A7 L:16! TR:42 PC:012C K:00 I:D0 P:35
A:806B K:00 B:00 S:015E P:B4 I:AD E:1 F:9EE2 T:13 C:0000 N:12E2 W:806B L:16! TR:43 PC:0130 K:00 I:60 P:35
A:809C K:00 B:00 S:01E8 P:34 I:18 E:1 F:9EE3 T:13 C:0000 N:12E2 W:809C L:16! TR:44 PC:0136 K:00 I:91 P:35
A:017B K:00 B:00 S:017B P:36 I:60 E:1 F:9EE4 T:13 C:0000 N:12E2 W:80AE L:16! TR:45 PC:0138 K:00 I:E6 P:35
A:0108 K:00 B:00 S:0108 P:B4 I:F4 E:1 F:9EE5 T:13 C:0000 N:12E2 W:8079 L:16! TR:46 PC:013A K:00 I:D0 P:37
A:80A5 K:00 B:00 S:0192 P:34 I:09 E:1 F:9EE6 T:13 C:0000 N:12E2 W:80A5 L:16! TR:47 PC:013C K:00 I:E6 P:37
A:FFFF K:00 B:00 S:0128 P:36 I:6C E:1 F:9EE7 T:13 C:0000 N:12E2 W:013E L:16! TR:48 PC:013E K:00 I:CA P:35
A:8082 K:00 B:00 S:01AD P:B4 I:F4 E:1 F:9EE8 T:13 C:0000 N:12E2 W:8082 L:16! TR:49 PC:013F K:00 I:D0 P:35
A:80AD K:00 B:00 S:013D P:34 I:28 E:1 F:9EE9 T:13 C:0000 N:12E2 W:80AD L:16! TR:4A PC:0136 K:00 I:91 P:35
A:01CF K:00 B:00 S:01CF P:36 I:0B E:1 F:9EEA T:13 C:0000 N:12E2 W:805B L:16! TR:4B PC:0138 K:00 I:E6 P:35
A:808C K:00 B:00 S:0153 P:B4 I:F4 E:1 F:9EEB T:13 C:0000 N:12E1 W:808C L:16! TR:4C PC:013A K:00 I:D0 P:35
A:01FF K:00 B:00 S:01EC P:36 I:8D E:1 F:9EEC T:13 C:0000 N:12E2 W:01FF L:16! TR:4D PC:013E K:00 I:CA P:35
A:8061 K:00 B:00 S:0178 P:36 I:AB E:1 F:9EED T:13 C:0000 N:12E2 W:8061 L:16! TR:4E PC:013F K:00 I:D0 P:35
A:01FB K:00 B:00 S:01FB P:34 I:48 E:1 F:9EEE T:13 C:0000 N:12E2 W:8095 L:16! TR:4F PC:0136 K:00 I:91 P:35
A:0194 K:00 B:00 S:0194 P:34 I:60 E:1 F:9EEF T:13 C:0000 N:12E2 W:80AE L:16! TR:50 PC:0138 K:00 I:E6 P:35
A:806B K:00 B:00 S:0123 P:B4 I:AD E:1 F:9EF0 T:13 C:0000 N:12E1 W:806B L:16! TR:51 PC:013A K:00 I:D0 P:35
A:809C K:00 B:00 S:01A4 P:34 I:18 E:1 F:9EF1 T:13 C:0000 N:12E1 W:809C L:16! TR:52 PC:013E K:00 I:CA P:35
A:FFFF K:00 B:00 S:0141 P:34 I:6C E:1 F:9EF2 T:13 C:0000 N:12E2 W:0157 L:16! TR:53 PC:013F K:00 I:D0 P:35
A:01CA K:00 B:00 S:01CA P:B4 I:F4 E:1 F:9EF3 T:13 C:0000 N:12E1 W:8079 L:16! TR:54 PC:0136 K:00 I:91 P:35
A:80A5 K:00 B:00 S:014E P:34 I:09 E:1 F:9EF4 T:13 C:0000 N:12E2 W:80A5 L:16! TR:55 PC:0138 K:00 I:E6 P:35
A:8059 K:00 B:00 S:01E9 P:36 I:EB E:1 F:9EF5 T:13 C:0000 N:12E2 W:8059 L:16! TR:56 PC:013A K:00 I:D0 P:35
A:8082 K:00 B:00 S:016F P:B4 I:F4 E:1 F:9EF6 T:13 C:0000 N:12E1 W:8082 L:16! TR:57 PC:013E K:00 I:CA P:35
A:80AD K:00 B:00 S:01F9 P:35 I:28 E:1 F:9EF7 T:13 C:0000 N:12E2 W:80AD L:16! TR:58 PC:013F K:00 I:D0 P:35
A:8060 K:00 B:00 S:0190 P:36 I:48 E:1 F:9EF8 T:13 C:0000 N:12E2 W:8060 L:16! TR:59 PC:0136 K:00 I:91 P:35
A:808C K:00 B:00 S:0115 P:B4 I:F4 E:1 F:9EF9 T:13 C:0000 N:12E1 W:808C L:16! TR:5A PC:0138 K:00 I:E6 P:35
A:01BB K:00 B:00 S:01A8 P:36 I:8D E:1 F:9EFA T:13 C:0000 N:12E2 W:01BB L:16! TR:5B PC:013A K:00 I:D0 P:35
A:8069 K:00 B:00 S:013C P:B4 I:AD E:1 F:9EFB T:13 C:0000 N:12E2 W:8069 L:16! TR:5C PC:013E K:00 I:CA P:35
A:8093 K:00 B:00 S:01BA P:B4 I:1A E:1 F:9EFC T:13 C:0000 N:12E1 W:8093 L:16! TR:5D PC:013F K:00 I:D0 P:35
A:8059 K:00 B:00 S:0153 P:36 I:EB E:1 F:9EFD T:13 C:0000 N:12E2 W:8059 L:16! TR:5E PC:0136 K:00 I:91 P:35
A:8070 K:00 B:00 S:01E4 P:B4 I:90 E:1 F:9EFE T:13 C:0000 N:12E1 W:8070 L:16! TR:5F PC:0138 K:00 I:E6 P:35
A:0164 K:00 B:00 S:0164 P:34 I:48 E:1 F:9EFF T:13 C:0000 N:12E2 W:809A L:16! TR:60 PC:013A K:00 I:D0 P:35
A:8060 K:00 B:00 S:01FA P:36 I:48 E:1 F:9F00 T:13 C:0000 N:12E2 W:8060 L:16! TR:61 PC:013E K:00 I:CA P:35
A:807E K:00 B:00 S:018C P:B4 I:F4 E:1 F:9F01 T:13 C:0000 N:12E1 W:807E L:16! TR:62 PC:013F K:00 I:D0 P:35
A:80A3 K:00 B:00 S:010D P:34 I:A3 E:1 F:9F02 T:13 C:0000 N:12E2 W:80A3 L:16! TR:63 PC:0136 K:00 I:91 P:35
A:8069 K:00 B:00 S:01A6 P:B4 I:AD E:1 F:9F03 T:13 C:0000 N:12E2 W:8069 L:16! TR:64 PC:0138 K:00 I:E6 P:35
A:0132 K:00 B:00 S:0132 P:B4 I:F4 E:1 F:9F04 T:13 C:0000 N:12E1 W:8088 L:16! TR:65 PC:013A K:00 I:D0 P:35
A:80AD K:00 B:00 S:01B5 P:34 I:28 E:1 F:9F05 T:13 C:0000 N:12E2 W:80AD L:16! TR:66 PC:013E K:00 I:CA P:35
A:8076 K:00 B:00 S:0151 P:B4 I:B0 E:1 F:9F06 T:13 C:0000 N:12E2 W:8076 L:16! TR:67 PC:013F K:00 I:D0 P:35
A:808C K:00 B:00 S:01D7 P:B4 I:F4 E:1 F:9F07 T:13 C:0000 N:12E2 W:808C L:16! TR:68 PC:0136 K:00 I:91 P:35
A:0177 K:00 B:00 S:0164 P:36 I:8D E:1 F:9F08 T:13 C:0000 N:12E2 W:0177 L:16! TR:69 PC:0138 K:00 I:E6 P:35
A:8080 K:00 B:00 S:01F7 P:B4 I:F4 E:1 F:9F09 T:13 C:0000 N:12E2 W:8080 L:16! TR:6A PC:013A K:00 I:D0 P:35
A:017F K:00 B:00 S:017F P:34 I:48 E:1 F:9F0A T:13 C:0000 N:12E2 W:8095 L:16! TR:6B PC:013E K:00 I:CA P:35
A:8059 K:00 B:00 S:010F P:36 I:EB E:1 F:9F0B T:13 C:0000 N:12E2 W:8059 L:16! TR:6C PC:013F K:00 I:D0 P:35
A:808A K:00 B:00 S:019D P:B4 I:F4 E:1 F:9F0C T:13 C:0000 N:12E2 W:808A L:16! TR:6D PC:0136 K:00 I:91 P:35
A:809C K:00 B:00 S:0128 P:34 I:18 E:1 F:9F0D T:13 C:0000 N:12E2 W:809C L:16! TR:6E PC:0138 K:00 I:E6 P:35
A:8060 K:00 B:00 S:01B6 P:36 I:48 E:1 F:9F0E T:13 C:0000 N:12E2 W:8060 L:16! TR:6F PC:013A K:00 I:D0 P:35
A:8093 K:00 B:00 S:0143 P:34 I:1A E:1 F:9F0F T:13 C:0000 N:12E2 W:8093 L:16! TR:70 PC:013E K:00 I:CA P:35
A:80A5 K:00 B:00 S:01CF P:34 I:09 E:1 F:9F10 T:13 C:0000 N:12E2 W:80A5 L:16! TR:71 PC:013F K:00 I:D0 P:35
A:8069 K:00 B:00 S:0162 P:B4 I:AD E:1 F:9F11 T:13 C:0000 N:12E2 W:8069 L:16! TR:72 PC:0136 K:00 I:91 P:35
A:01ED K:00 B:00 S:01ED P:34 I:48 E:1 F:9F12 T:13 C:0000 N:12E2 W:809A L:16! TR:73 PC:0138 K:00 I:E6 P:35
A:80AD K:00 B:00 S:017A P:74 I:28 E:1 F:9F13 T:13 C:0000 N:12E2 W:80AD L:16! TR:74 PC:013A K:00 I:D0 P:35
A:8076 K:00 B:00 S:010D P:B4 I:B0 E:1 F:9F14 T:13 C:0000 N:12E2 W:8076 L:16! TR:75 PC:013E K:00 I:CA P:35
A:0198 K:00 B:00 S:0198 P:34 I:48 E:1 F:9F15 T:13 C:0000 N:12E2 W:8095 L:16! TR:76 PC:013F K:00 I:D0 P:35
A:013C K:00 B:00 S:0129 P:36 I:8D E:1 F:9F16 T:13 C:0000 N:12E2 W:013C L:16! TR:77 PC:0136 K:00 I:91 P:35
A:8080 K:00 B:00 S:01B3 P:B4 I:F4 E:1 F:9F17 T:13 C:0000 N:12E2 W:8080 L:16! TR:78 PC:0138 K:00 I:E6 P:35
A:809C K:00 B:00 S:0141 P:34 I:18 E:1 F:9F18 T:13 C:0000 N:12E2 W:809C L:16! TR:79 PC:013A K:00 I:D0 P:35
A:8059 K:00 B:00 S:01D1 P:36 I:EB E:1 F:9F19 T:13 C:0000 N:12E2 W:8059 L:16! TR:7A PC:013E K:00 I:CA P:35
A:808A K:00 B:00 S:0159 P:B4 I:F4 E:1 F:9F1A T:13 C:0000 N:12E2 W:808A L:16! TR:7B PC:013F K:00 I:D0 P:35
A:80A5 K:00 B:00 S:01EB P:34 I:09 E:1 F:9F1B T:13 C:0000 N:12E2 W:80A5 L:16! TR:7C PC:0136 K:00 I:91 P:35
A:8060 K:00 B:00 S:0178 P:36 I:48 E:1 F:9F1C T:13 C:0000 N:12E2 W:8060 L:16! TR:7D PC:0138 K:00 I:E6 P:35
A:8093 K:00 B:00 S:01FF P:36 I:1A E:1 F:9F1D T:13 C:0000 N:12E1 W:8093 L:16! TR:7E PC:013A K:00 I:D0 P:35
A:80AB K:00 B:00 S:0193 P:34 I:A3 E:1 F:9F1E T:13 C:0000 N:12E2 W:80AB L:16! TR:7F PC:013E K:00 I:CA P:35
A:8069 K:00 B:00 S:0124 P:B4 I:AD E:1 F:9F1F T:13 C:0000 N:12E2 W:8069 L:16! TR:00 PC:013F K:00 I:D0 P:35
A:01A9 K:00 B:00 S:01A9 P:34 I:48 E:1 F:9F20 T:13 C:0000 N:12E2 W:809A L:16! TR:01 PC:0136 K:00 I:91 P:35
A:0152 K:00 B:00 S:0142 P:36 I:8D E:1 F:9F21 T:13 C:0000 N:12E2 W:0152 L:16! TR:02 PC:0138 K:00 I:E6 P:35
A:8070 K:00 B:00 S:01CC P:B4 I:90 E:1 F:9F22 T:13 C:0000 N:12E2 W:8070 L:16! TR:03 PC:013A K:00 I:D0 P:35
A:80A3 K:00 B:00 S:0152 P:34 I:A3 E:1 F:9F23 T:13 C:0000 N:12E2 W:80A3 L:16! TR:04 PC:013E K:00 I:CA P:35
A:8055 K:00 B:00 S:01EB P:36 I:18 E:1 F:9F24 T:13 C:0000 N:12E2 W:8055 L:16! TR:05 PC:013F K:00 I:D0 P:35
A:807E K:00 B:00 S:0174 P:B4 I:F4 E:1 F:9F25 T:13 C:0000 N:12E1 W:807E L:16! TR:06 PC:0136 K:00 I:91 P:35
A:80AB K:00 B:00 S:01FD P:34 I:A3 E:1 F:9F26 T:13 C:0000 N:12E2 W:80AB L:16! TR:07 PC:0138 K:00 I:E6 P:35
A:805D K:00 B:00 S:0193 P:36 I:A9 E:1 F:9F27 T:13 C:0000 N:12E2 W:805D L:16! TR:08 PC:013A K:00 I:D0 P:35
A:011A K:00 B:00 S:011A P:B4 I:F4 E:1 F:9F28 T:13 C:0000 N:12E1 W:8088 L:16! TR:09 PC:013E K:00 I:CA P:35
A:01BC K:00 B:00 S:01AC P:36 I:8D E:1 F:9F29 T:13 C:0000 N:12E2 W:01BC L:16! TR:0A PC:013F K:00 I:D0 P:35
A:8064 K:00 B:00 S:013E P:B4 I:AD E:1 F:9F2A T:13 C:0000 N:12E2 W:8064 L:16! TR:0B PC:0136 K:00 I:91 P:35
A:8093 K:00 B:00 S:01BB P:B4 I:1A E:1 F:9F2B T:13 C:0000 N:12E1 W:8093 L:16! TR:0C PC:0138 K:00 I:E6 P:35
A:0158 K:00 B:00 S:0158 P:36 I:48 E:1 F:9F2C T:13 C:0000 N:12E2 W:8056 L:16! TR:0D PC:013A K:00 I:D0 P:35
A:8069 K:00 B:00 S:01E6 P:B4 I:AD E:1 F:9F2D T:13 C:0000 N:12E2 W:8069 L:16! TR:0E PC:013E K:00 I:CA P:35
A:0165 K:00 B:00 S:0165 P:34 I:48 E:1 F:9F2E T:13 C:0000 N:12E2 W:809A L:16! TR:0F PC:013F K:00 I:D0 P:35
A:0100 K:00 B:00 S:0100 P:36 I:8B E:1 F:9F2F T:13 C:0000 N:12E2 W:805F L:16! TR:10 PC:0136 K:00 I:91 P:35
A:8076 K:00 B:00 S:0191 P:B4 I:B0 E:1 F:9F30 T:13 C:0000 N:12E1 W:8076 L:16! TR:11 PC:0138 K:00 I:E6 P:35
A:80A3 K:00 B:00 S:010E P:34 I:A3 E:1 F:9F31 T:13 C:0000 N:12E2 W:80A3 L:16! TR:12 PC:013A K:00 I:D0 P:35
A:8067 K:00 B:00 S:01AB P:B4 I:8D E:1 F:9F32 T:13 C:0000 N:12E2 W:8067 L:16! TR:13 PC:013E K:00 I:CA P:35
A:8080 K:00 B:00 S:0137 P:B4 I:F4 E:1 F:9F33 T:13 C:0000 N:12E1 W:8080 L:16! TR:14 PC:013F K:00 I:D0 P:35
A:80AB K:00 B:00 S:01B9 P:34 I:A3 E:1 F:9F34 T:13 C:0000 N:12E2 W:80AB L:16! TR:15 PC:0136 K:00 I:91 P:35
A:8070 K:00 B:00 S:0155 P:B4 I:90 E:1 F:9F35 T:13 C:0000 N:12E2 W:8070 L:16! TR:16 PC:0138 K:00 I:E6 P:35
A:808A K:00 B:00 S:01DA P:B4 I:F4 E:1 F:9F36 T:13 C:0000 N:12E2 W:808A L:16! TR:17 PC:013A K:00 I:D0 P:35
A:0178 K:00 B:00 S:0168 P:36 I:8D E:1 F:9F37 T:13 C:0000 N:12E2 W:0178 L:16! TR:18 PC:013E K:00 I:CA P:35
A:807E K:00 B:00 S:01FD P:B4 I:F4 E:1 F:9F38 T:13 C:0000 N:12E2 W:807E L:16! TR:19 PC:013F K:00 I:D0 P:35
A:8093 K:00 B:00 S:0180 P:B4 I:1A E:1 F:9F39 T:13 C:0000 N:12E2 W:8093 L:16! TR:1A PC:0136 K:00 I:91 P:35
A:0114 K:00 B:00 S:0114 P:36 I:48 E:1 F:9F3A T:13 C:0000 N:12E2 W:8056 L:16! TR:1B PC:0138 K:00 I:E6 P:35
A:8076 K:00 B:00 S:01AA P:B4 I:B0 E:1 F:9F3B T:13 C:0000 N:12E2 W:8076 L:16! TR:1C PC:013A K:00 I:D0 P:35
A:012A K:00 B:00 S:012A P:34 I:48 E:1 F:9F3C T:13 C:0000 N:12E2 W:809A L:16! TR:1D PC:013E K:00 I:CA P:35
A:01BC K:00 B:00 S:01BC P:36 I:8B E:1 F:9F3D T:13 C:0000 N:12E2 W:805F L:16! TR:1E PC:013F K:00 I:D0 P:35
A:8080 K:00 B:00 S:0150 P:B4 I:F4 E:1 F:9F3E T:13 C:0000 N:12E1 W:8080 L:16! TR:1F PC:0136 K:00 I:91 P:35
A:80A3 K:00 B:00 S:01D0 P:B4 I:A3 E:1 F:9F3F T:13 C:0000 N:12E2 W:80A3 L:16! TR:20 PC:0138 K:00 I:E6 P:35
A:8067 K:00 B:00 S:0167 P:B4 I:8D E:1 F:9F40 T:13 C:0000 N:12E2 W:8067 L:16! TR:21 PC:013A K:00 I:D0 P:35
A:808A K:00 B:00 S:01F6 P:B4 I:F4 E:1 F:9F41 T:13 C:0000 N:12E1 W:808A L:16! TR:22 PC:013E K:00 I:CA P:35
A:80AB K:00 B:00 S:017B P:74 I:A3 E:1 F:9F42 T:13 C:0000 N:12E2 W:80AB L:16! TR:23 PC:013F K:00 I:D0 P:35
A:8070 K:00 B:00 S:0111 P:B4 I:90 E:1 F:9F43 T:13 C:0000 N:12E2 W:8070 L:16! TR:24 PC:0136 K:00 I:91 P:35
A:019A K:00 B:00 S:019A P:B4 I:F4 E:1 F:9F44 T:13 C:0000 N:12E2 W:8091 L:16! TR:25 PC:0138 K:00 I:E6 P:35
A:013A K:00 B:00 S:012A P:36 I:8D E:1 F:9F45 T:13 C:0000 N:12E2 W:013A L:16! TR:26 PC:013A K:00 I:D0 P:35
A:807E K:00 B:00 S:01B9 P:B4 I:F4 E:1 F:9F46 T:13 C:0000 N:12E2 W:807E L:16! TR:27 PC:013E K:00 I:CA P:35
A:8098 K:00 B:00 S:0143 P:34 I:A3 E:1 F:9F47 T:13 C:0000 N:12E2 W:8098 L:16! TR:28 PC:013F K:00 I:D0 P:35
A:FC97 K:00 B:00 S:01D3 P:36 I:5C E:1 F:9F48 T:13 C:0000 N:12E2 W:FC97 L:16! TR:29 PC:0136 K:00 I:91 P:35
A:015F K:00 B:00 S:015F P:B4 I:F4 E:1 F:9F49 T:13 C:0000 N:12E2 W:8088 L:16! TR:2A PC:0138 K:00 I:E6 P:35
A:80A1 K:00 B:00 S:01ED P:34 I:EB E:1 F:9F4A T:13 C:0000 N:12E2 W:80A1 L:16! TR:2B PC:013A K:00 I:D0 P:35
A:805D K:00 B:00 S:017B P:36 I:A9 E:1 F:9F4B T:13 C:0000 N:12E2 W:805D L:16! TR:2C PC:013E K:00 I:CA P:35
A:0104 K:00 B:00 S:0104 P:B4 I:F4 E:1 F:9F4C T:13 C:0000 N:12E2 W:8091 L:16! TR:2D PC:013F K:00 I:D0 P:35
A:80A7 K:00 B:00 S:0194 P:34 I:48 E:1 F:9F4D T:13 C:0000 N:12E2 W:80A7 L:16! TR:2E PC:0136 K:00 I:91 P:35
A:8064 K:00 B:00 S:0126 P:B4 I:AD E:1 F:9F4E T:13 C:0000 N:12E2 W:8064 L:16! TR:2F PC:0138 K:00 I:E6 P:35
A:8098 K:00 B:00 S:01AD P:B4 I:A3 E:1 F:9F4F T:13 C:0000 N:12E2 W:8098 L:16! TR:30 PC:013A K:00 I:D0 P:35
A:0142 K:00 B:00 S:0142 P:36 I:60 E:1 F:9F50 T:13 C:0000 N:12E2 W:80AE L:16! TR:31 PC:013E K:00 I:CA P:35
A:8070 K:00 B:00 S:01CD P:B4 I:90 E:1 F:9F51 T:13 C:0000 N:12E2 W:8070 L:16! TR:32 PC:013F K:00 I:D0 P:35
A:80A1 K:00 B:00 S:0157 P:34 I:EB E:1 F:9F52 T:13 C:0000 N:12E2 W:80A1 L:16! TR:33 PC:0136 K:00 I:91 P:35
A:0000 K:00 B:00 S:01EF P:36 I:4E E:1 F:9F53 T:13 C:0000 N:12E2 W:0205 L:16! TR:34 PC:0138 K:00 I:E6 P:35
A:807E K:00 B:00 S:0175 P:B4 I:F4 E:1 F:9F54 T:13 C:0000 N:12E2 W:807E L:16! TR:35 PC:013A K:00 I:D0 P:35
A:80A9 K:00 B:00 S:0101 P:34 I:A3 E:1 F:9F55 T:13 C:0000 N:12E2 W:80A9 L:16! TR:36 PC:013E K:00 I:CA P:35
A:0198 K:00 B:00 S:0198 P:36 I:48 E:1 F:9F56 T:13 C:0000 N:12E1 W:8056 L:16! TR:37 PC:013F K:00 I:D0 P:37
A:011B K:00 B:00 S:011B P:B4 I:F4 E:1 F:9F57 T:13 C:0000 N:12E2 W:8088 L:16! TR:38 PC:0141 K:00 I:F0 P:37
A:01BE K:00 B:00 S:01B0 P:36 I:8D E:1 F:9F58 T:13 C:0000 N:12E2 W:01BE L:16! TR:39 PC:0101 K:00 I:FF P:37
A:0140 K:00 B:00 S:0140 P:36 I:8B E:1 F:9F59 T:13 C:0000 N:12E1 W:805F L:16! TR:3A PC:0119 K:00 I:30 P:B5
A:01C0 K:00 B:00 S:01C0 P:B4 I:F4 E:1 F:9F5A T:13 C:0000 N:12E1 W:8091 L:16! TR:3B PC:011C K:00 I:4A P:B5
A:FC97 K:00 B:00 S:015C P:36 I:5C E:1 F:9F5B T:13 C:0000 N:12E2 W:FC97 L:16! TR:3C PC:011D K:00 I:AF P:35
A:8067 K:00 B:00 S:01E8 P:B4 I:8D E:1 F:9F5C T:13 C:0000 N:12E2 W:8067 L:16! TR:3D PC:0121 K:00 I:46 P:37
A:8098 K:00 B:00 S:0169 P:34 I:A3 E:1 F:9F5D T:13 C:0000 N:12E1 W:8098 L:16! TR:3E PC:0123 K:00 I:E6 P:35
A:805D K:00 B:00 S:0104 P:36 I:A9 E:1 F:9F5E T:13 C:0000 N:12E2 W:805D L:16! TR:3F PC:0125 K:00 I:8D P:37
A:8070 K:00 B:00 S:0192 P:B4 I:90 E:1 F:9F5F T:13 C:0000 N:12E2 W:8070 L:16! TR:40 PC:0128 K:00 I:C6 P:37
A:80A1 K:00 B:00 S:0113 P:34 I:EB E:1 F:9F60 T:13 C:0000 N:12E2 W:80A1 L:16! TR:41 PC:012A K:00 I:E6 P:B5
A:01B1 K:00 B:00 S:01B1 P:34 I:48 E:1 F:9F61 T:13 C:0000 N:12E2 W:8056 L:16! TR:42 PC:012C K:00 I:D0 P:35
A:807E K:00 B:00 S:013A P:B4 I:F4 E:1 F:9F62 T:13 C:0000 N:12E1 W:807E L:16! TR:43 PC:0130 K:00 I:60 P:35
A:80A9 K:00 B:00 S:01BD P:34 I:A3 E:1 F:9F63 T:13 C:0000 N:12E2 W:80A9 L:16! TR:44 PC:0136 K:00 I:91 P:35
A:0159 K:00 B:00 S:0159 P:36 I:8B E:1 F:9F64 T:13 C:0000 N:12E2 W:805F L:16! TR:45 PC:0138 K:00 I:E6 P:35
A:01DD K:00 B:00 S:01DD P:B4 I:F4 E:1 F:9F65 T:13 C:0000 N:12E1 W:8088 L:16! TR:46 PC:013A K:00 I:D0 P:37
A:017A K:00 B:00 S:016C P:36 I:8D E:1 F:9F66 T:13 C:0000 N:12E2 W:017A L:16! TR:47 PC:013C K:00 I:E6 P:37
A:8067 K:00 B:00 S:0104 P:B4 I:8D E:1 F:9F67 T:13 C:0000 N:12E2 W:8067 L:16! TR:48 PC:013E K:00 I:CA P:35
A:0182 K:00 B:00 S:0182 P:B4 I:F4 E:1 F:9F68 T:13 C:0000 N:12E1 W:8091 L:16! TR:49 PC:013F K:00 I:D0 P:35
A:FC97 K:00 B:00 S:0118 P:36 I:5C E:1 F:9F69 T:13 C:0000 N:12E2 W:FC97 L:16! TR:4A PC:0136 K:00 I:91 P:35
A:806E K:00 B:00 S:01AC P:B4 I:8D E:1 F:9F6A T:13 C:0000 N:12E2 W:806E L:16! TR:4B PC:0138 K:00 I:E6 P:35
A:8098 K:00 B:00 S:012B P:34 I:A3 E:1 F:9F6B T:13 C:0000 N:12E2 W:8098 L:16! TR:4C PC:013A K:00 I:D0 P:35
A:805D K:00 B:00 S:01C0 P:36 I:A9 E:1 F:9F6C T:13 C:0000 N:12E2 W:805D L:16! TR:4D PC:013E K:00 I:CA P:35
A:0155 K:00 B:00 S:0155 P:B4 I:F4 E:1 F:9F6D T:13 C:0000 N:12E1 W:807C L:16! TR:4E PC:013F K:00 I:D0 P:35
A:809F K:00 B:00 S:01D3 P:34 I:EB E:1 F:9F6E T:13 C:0000 N:12E2 W:809F L:16! TR:4F PC:0136 K:00 I:91 P:35
A:8064 K:00 B:00 S:016B P:B4 I:AD E:1 F:9F6F T:13 C:0000 N:12E2 W:8064 L:16! TR:50 PC:0138 K:00 I:E6 P:35
A:01FA K:00 B:00 S:01FA P:B4 I:F4 E:1 F:9F70 T:13 C:0000 N:12E1 W:8085 L:16! TR:51 PC:013A K:00 I:D0 P:35
A:80A7 K:00 B:00 S:017C P:74 I:48 E:1 F:9F71 T:13 C:0000 N:12E2 W:80A7 L:16! TR:52 PC:013E K:00 I:CA P:35
A:806E K:00 B:00 S:0116 P:B4 I:8D E:1 F:9F72 T:13 C:0000 N:12E2 W:806E L:16! TR:53 PC:013F K:00 I:D0 P:35
A:808C K:00 B:00 S:019E P:B4 I:F4 E:1 F:9F73 T:13 C:0000 N:12E1 W:808C L:16! TR:54 PC:0136 K:00 I:91 P:35
A:012A K:00 B:00 S:012A P:36 I:60 E:1 F:9F74 T:13 C:0000 N:12E2 W:80AE L:16! TR:55 PC:0138 K:00 I:E6 P:35
A:01BF K:00 B:00 S:01BF P:B4 I:F4 E:1 F:9F75 T:13 C:0000 N:12E2 W:807C L:16! TR:56 PC:013A K:00 I:D0 P:35
A:0146 K:00 B:00 S:0146 P:34 I:48 E:1 F:9F76 T:13 C:0000 N:12E2 W:8095 L:16! TR:57 PC:013E K:00 I:CA P:35
A:FC97 K:00 B:00 S:01D4 P:36 I:5C E:1 F:9F77 T:13 C:0000 N:12E2 W:FC97 L:16! TR:58 PC:013F K:00 I:D0 P:35
A:0164 K:00 B:00 S:0164 P:B4 I:F4 E:1 F:9F78 T:13 C:0000 N:12E2 W:8085 L:16! TR:59 PC:0136 K:00 I:91 P:35
A:809C K:00 B:00 S:01EF P:34 I:18 E:1 F:9F79 T:13 C:0000 N:12E2 W:809C L:16! TR:5A PC:0138 K:00 I:E6 P:35
A:805D K:00 B:00 S:017C P:36 I:A9 E:1 F:9F7A T:13 C:0000 N:12E2 W:805D L:16! TR:5B PC:013A K:00 I:D0 P:35
A:808E K:00 B:00 S:0109 P:B4 I:F4 E:1 F:9F7B T:13 C:0000 N:12E2 W:808E L:16! TR:5C PC:013E K:00 I:CA P:35
A:80A1 K:00 B:00 S:0197 P:34 I:EB E:1 F:9F7C T:13 C:0000 N:12E2 W:80A1 L:16! TR:5D PC:013F K:00 I:D0 P:35
A:8064 K:00 B:00 S:0127 P:B4 I:AD E:1 F:9F7D T:13 C:0000 N:12E2 W:8064 L:16! TR:5E PC:0136 K:00 I:91 P:35
A:8096 K:00 B:00 S:01B2 P:B4 I:EB E:1 F:9F7E T:13 C:0000 N:12E2 W:8096 L:16! TR:5F PC:0138 K:00 I:E6 P:35
A:80A9 K:00 B:00 S:0141 P:34 I:A3 E:1 F:9F7F T:13 C:0000 N:12E2 W:80A9 L:16! TR:60 PC:013A K:00 I:D0 P:35
A:806E K:00 B:00 S:01D2 P:B4 I:8D E:1 F:9F80 T:13 C:0000 N:12E2 W:806E L:16! TR:61 PC:013E K:00 I:CA P:35
A:809F K:00 B:00 S:015C P:34 I:EB E:1 F:9F81 T:13 C:0000 N:12E2 W:809F L:16! TR:62 PC:013F K:00 I:D0 P:35
A:01FE K:00 B:00 S:01F0 P:36 I:8D E:1 F:9F82 T:13 C:0000 N:12E2 W:01FE L:16! TR:63 PC:0136 K:00 I:91 P:35
A:017B K:00 B:00 S:017B P:B4 I:F4 E:1 F:9F83 T:13 C:0000 N:12E2 W:807C L:16! TR:64 PC:0138 K:00 I:E6 P:35
A:80A7 K:00 B:00 S:0105 P:34 I:48 E:1 F:9F84 T:13 C:0000 N:12E2 W:80A7 L:16! TR:65 PC:013A K:00 I:D0 P:35
A:FC97 K:00 B:00 S:0199 P:36 I:5C E:1 F:9F85 T:13 C:0000 N:12E2 W:FC97 L:16! TR:66 PC:013E K:00 I:CA P:35
A:0120 K:00 B:00 S:0120 P:B4 I:F4 E:1 F:9F86 T:13 C:0000 N:12E2 W:8085 L:16! TR:67 PC:013F K:00 I:D0 P:35
A:80A1 K:00 B:00 S:01B0 P:34 I:EB E:1 F:9F87 T:13 C:0000 N:12E2 W:80A1 L:16! TR:68 PC:0136 K:00 I:91 P:35
A:805D K:00 B:00 S:0141 P:36 I:A9 E:1 F:9F88 T:13 C:0000 N:12E2 W:805D L:16! TR:69 PC:0138 K:00 I:E6 P:35
A:808E K:00 B:00 S:01C5 P:B4 I:F4 E:1 F:9F89 T:13 C:0000 N:12E1 W:808E L:16! TR:6A PC:013A K:00 I:D0 P:35
A:80A9 K:00 B:00 S:015A P:34 I:A3 E:1 F:9F8A T:13 C:0000 N:12E2 W:80A9 L:16! TR:6B PC:013E K:00 I:CA P:35
A:8064 K:00 B:00 S:01E9 P:B4 I:AD E:1 F:9F8B T:13 C:0000 N:12E2 W:8064 L:16! TR:6C PC:013F K:00 I:D0 P:35
A:8096 K:00 B:00 S:016E P:34 I:EB E:1 F:9F8C T:13 C:0000 N:12E2 W:8096 L:16! TR:6D PC:0136 K:00 I:91 P:35
A:0117 K:00 B:00 S:0109 P:34 I:8D E:1 F:9F8D T:13 C:0000 N:12E2 W:0117 L:16! TR:6E PC:0138 K:00 I:E6 P:35
A:806E K:00 B:00 S:0194 P:B4 I:8D E:1 F:9F8E T:13 C:0000 N:12E1 W:806E L:16! TR:6F PC:013A K:00 I:D0 P:35
A:809F K:00 B:00 S:0118 P:34 I:EB E:1 F:9F8F T:13 C:0000 N:12E2 W:809F L:16! TR:70 PC:013E K:00 I:CA P:35
A:FFFF K:00 B:00 S:01B2 P:36 I:6C E:1 F:9F90 T:13 C:0000 N:12E2 W:01C8 L:16! TR:71 PC:013F K:00 I:D0 P:35
A:013D K:00 B:00 S:013D P:B4 I:F4 E:1 F:9F91 T:13 C:0000 N:12E1 W:807C L:16! TR:72 PC:0136 K:00 I:91 P:35
A:80A7 K:00 B:00 S:01C1 P:34 I:48 E:1 F:9F92 T:13 C:0000 N:12E2 W:80A7 L:16! TR:73 PC:0138 K:00 I:E6 P:35
A:015C K:00 B:00 S:015C P:34 I:0B E:1 F:9F93 T:13 C:0000 N:12E2 W:805B L:16! TR:74 PC:013A K:00 I:D0 P:35
A:8082 K:00 B:00 S:01E0 P:B4 I:F4 E:1 F:9F94 T:13 C:0000 N:12E1 W:8082 L:16! TR:75 PC:013E K:00 I:CA P:35
A:016F K:00 B:00 S:016F P:36 I:60 E:1 F:9F95 T:13 C:0000 N:12E2 W:80AE L:16! TR:76 PC:013F K:00 I:D0 P:35
A:8061 K:00 B:00 S:0105 P:36 I:AB E:1 F:9F96 T:13 C:0000 N:12E2 W:8061 L:16! TR:77 PC:0136 K:00 I:91 P:35
A:808C K:00 B:00 S:0186 P:B4 I:F4 E:1 F:9F97 T:13 C:0000 N:12E1 W:808C L:16! TR:78 PC:0138 K:00 I:E6 P:35
A:FFFF K:00 B:00 S:011C P:36 I:6C E:1 F:9F98 T:13 C:0000 N:12E2 W:0132 L:16! TR:79 PC:013A K:00 I:D0 P:35
A:8069 K:00 B:00 S:01AD P:B4 I:AD E:1 F:9F99 T:13 C:0000 N:12E2 W:8069 L:16! TR:7A PC:013E K:00 I:CA P:35
A:012E K:00 B:00 S:012E P:34 I:48 E:1 F:9F9A T:13 C:0000 N:12E1 W:8095 L:16! TR:7B PC:013F K:00 I:D0 P:35
A:01C6 K:00 B:00 S:01C6 P:34 I:0B E:1 F:9F9B T:13 C:0000 N:12E2 W:805B L:16! TR:7C PC:0136 K:00 I:91 P:35
A:8076 K:00 B:00 S:0158 P:B4 I:B0 E:1 F:9F9C T:13 C:0000 N:12E1 W:8076 L:16! TR:7D PC:0138 K:00 I:E6 P:35
A:809F K:00 B:00 S:01D4 P:34 I:EB E:1 F:9F9D T:13 C:0000 N:12E2 W:809F L:16! TR:7E PC:013A K:00 I:D0 P:35
A:8061 K:00 B:00 S:016F P:36 I:AB E:1 F:9F9E T:13 C:0000 N:12E2 W:8061 L:16! TR:7F PC:013E K:00 I:CA P:35
A:8080 K:00 B:00 S:01FE P:B4 I:F4 E:1 F:9F9F T:13 C:0000 N:12E1 W:8080 L:16! TR:00 PC:013F K:00 I:D0 P:35
A:80A7 K:00 B:00 S:017D P:34 I:48 E:1 F:9FA0 T:13 C:0000 N:12E2 W:80A7 L:16! TR:01 PC:0136 K:00 I:91 P:35
A:806B K:00 B:00 S:011A P:B4 I:AD E:1 F:9FA1 T:13 C:0000 N:12E2 W:806B L:16! TR:02 PC:0138 K:00 I:E6 P:35
A:01A4 K:00 B:00 S:01A4 P:B4 I:F4 E:1 F:9FA2 T:13 C:0000 N:12E2 W:8085 L:16! TR:03 PC:013A K:00 I:D0 P:35
A:012B K:00 B:00 S:012B P:36 I:60 E:1 F:9FA3 T:13 C:0000 N:12E2 W:80AE L:16! TR:04 PC:013E K:00 I:CA P:35
A:01C4 K:00 B:00 S:01C4 P:B4 I:F4 E:1 F:9FA4 T:13 C:0000 N:12E2 W:8079 L:16! TR:05 PC:013F K:00 I:D0 P:35
A:808E K:00 B:00 S:0149 P:B4 I:F4 E:1 F:9FA5 T:13 C:0000 N:12E2 W:808E L:16! TR:06 PC:0136 K:00 I:91 P:35
A:FFFF K:00 B:00 S:01D8 P:36 I:6C E:1 F:9FA6 T:13 C:0000 N:12E2 W:01EE L:16! TR:07 PC:0138 K:00 I:E6 P:35
A:8082 K:00 B:00 S:0169 P:B4 I:F4 E:1 F:9FA7 T:13 C:0000 N:12E2 W:8082 L:16! TR:08 PC:013A K:00 I:D0 P:35
A:8096 K:00 B:00 S:01F2 P:B4 I:EB E:1 F:9FA8 T:13 C:0000 N:12E2 W:8096 L:16! TR:09 PC:013E K:00 I:CA P:35
A:0182 K:00 B:00 S:0182 P:34 I:0B E:1 F:9FA9 T:13 C:0000 N:12E2 W:805B L:16! TR:0A PC:013F K:00 I:D0 P:35
A:808C K:00 B:00 S:010F P:B4 I:F4 E:1 F:9FAA T:13 C:0000 N:12E2 W:808C L:16! TR:0B PC:0136 K:00 I:91 P:35
A:809F K:00 B:00 S:0199 P:34 I:EB E:1 F:9FAB T:13 C:0000 N:12E2 W:809F L:16! TR:0C PC:0138 K:00 I:E6 P:35
A:8061 K:00 B:00 S:012B P:36 I:AB E:1 F:9FAC T:13 C:0000 N:12E2 W:8061 L:16! TR:0D PC:013A K:00 I:D0 P:35
A:01BD K:00 B:00 S:01BD P:B4 I:F4 E:1 F:9FAD T:13 C:0000 N:12E1 W:8085 L:16! TR:0E PC:013E K:00 I:CA P:35
A:80A7 K:00 B:00 S:0142 P:34 I:48 E:1 F:9FAE T:13 C:0000 N:12E2 W:80A7 L:16! TR:0F PC:013F K:00 I:D0 P:35
A:806B K:00 B:00 S:01D6 P:B4 I:AD E:1 F:9FAF T:13 C:0000 N:12E2 W:806B L:16! TR:10 PC:0136 K:00 I:91 P:35
A:808E K:00 B:00 S:0162 P:B4 I:F4 E:1 F:9FB0 T:13 C:0000 N:12E2 W:808E L:16! TR:11 PC:0138 K:00 I:E6 P:35
A:01F0 K:00 B:00 S:01F0 P:36 I:60 E:1 F:9FB1 T:13 C:0000 N:12E2 W:80AE L:16! TR:12 PC:013A K:00 I:D0 P:35
A:0180 K:00 B:00 S:0180 P:B4 I:F4 E:1 F:9FB2 T:13 C:0000 N:12E2 W:8079 L:16! TR:13 PC:013E K:00 I:CA P:35
A:8096 K:00 B:00 S:010B P:34 I:EB E:1 F:9FB3 T:13 C:0000 N:12E2 W:8096 L:16! TR:14 PC:013F K:00 I:D0 P:35
A:FFFF K:00 B:00 S:019A P:36 I:6C E:1 F:9FB4 T:13 C:0000 N:12E2 W:01B0 L:16! TR:15 PC:0136 K:00 I:91 P:35
A:8082 K:00 B:00 S:0125 P:B4 I:F4 E:1 F:9FB5 T:13 C:0000 N:12E2 W:8082 L:16! TR:16 PC:0138 K:00 I:E6 P:35
A:809C K:00 B:00 S:01B2 P:34 I:18 E:1 F:9FB6 T:13 C:0000 N:12E2 W:809C L:16! TR:17 PC:013A K:00 I:D0 P:35
A:0144 K:00 B:00 S:0144 P:34 I:0B E:1 F:9FB7 T:13 C:0000 N:12E2 W:805B L:16! TR:18 PC:013E K:00 I:CA P:35
A:808C K:00 B:00 S:01CB P:B4 I:F4 E:1 F:9FB8 T:13 C:0000 N:12E2 W:808C L:16! TR:19 PC:013F K:00 I:D0 P:35
A:80A5 K:00 B:00 S:015C P:34 I:09 E:1 F:9FB9 T:13 C:0000 N:12E2 W:80A5 L:16! TR:1A PC:0136 K:00 I:91 P:35
A:8060 K:00 B:00 S:01E9 P:36 I:48 E:1 F:9FBA T:13 C:0000 N:12E1 W:8060 L:16! TR:1B PC:0138 K:00 I:E6 P:35
A:0173 K:00 B:00 S:0173 P:34 I:48 E:1 F:9FBB T:13 C:0000 N:12E2 W:8095 L:16! TR:1C PC:013A K:00 I:D0 P:35
A:80AD K:00 B:00 S:0107 P:34 I:28 E:1 F:9FBC T:13 C:0000 N:12E2 W:80AD L:16! TR:1D PC:013E K:00 I:CA P:35
A:8069 K:00 B:00 S:0195 P:B4 I:AD E:1 F:9FBD T:13 C:0000 N:12E2 W:8069 L:16! TR:1E PC:013F K:00 I:D0 P:35
A:809C K:00 B:00 S:011C P:34 I:18 E:1 F:9FBE T:13 C:0000 N:12E2 W:809C L:16! TR:1F PC:0136 K:00 I:91 P:35
A:01C3 K:00 B:00 S:01B3 P:36 I:8D E:1 F:9FBF T:13 C:0000 N:12E2 W:01C3 L:16! TR:20 PC:0138 K:00 I:E6 P:35
A:8076 K:00 B:00 S:0140 P:B4 I:B0 E:1 F:9FC0 T:13 C:0000 N:12E2 W:8076 L:16! TR:21 PC:013A K:00 I:D0 P:35
A:80A5 K:00 B:00 S:01C6 P:34 I:09 E:1 F:9FC1 T:13 C:0000 N:12E2 W:80A5 L:16! TR:22 PC:013E K:00 I:CA P:35
A:015F K:00 B:00 S:015F P:36 I:48 E:1 F:9FC2 T:13 C:0000 N:12E2 W:8056 L:16! TR:23 PC:013F K:00 I:D0 P:35
A:8082 K:00 B:00 S:01E1 P:B4 I:F4 E:1 F:9FC3 T:13 C:0000 N:12E2 W:8082 L:16! TR:24 PC:0136 K:00 I:91 P:35
A:80AD K:00 B:00 S:0171 P:74 I:28 E:1 F:9FC4 T:13 C:0000 N:12E2 W:80AD L:16! TR:25 PC:0138 K:00 I:E6 P:35
A:0107 K:00 B:00 S:0107 P:36 I:8B E:1 F:9FC5 T:13 C:0000 N:12E2 W:805F L:16! TR:26 PC:013A K:00 I:D0 P:35
A:808C K:00 B:00 S:0187 P:B4 I:F4 E:1 F:9FC6 T:13 C:0000 N:12E1 W:808C L:16! TR:27 PC:013E K:00 I:CA P:35
A:0133 K:00 B:00 S:0120 P:36 I:8D E:1 F:9FC7 T:13 C:0000 N:12E2 W:0133 L:16! TR:28 PC:013F K:00 I:D0 P:35
A:8061 K:00 B:00 S:01AF P:36 I:AB E:1 F:9FC8 T:13 C:0000 N:12E2 W:8061 L:16! TR:29 PC:0136 K:00 I:91 P:35
A:012F K:00 B:00 S:012F P:34 I:48 E:1 F:9FC9 T:13 C:0000 N:12E1 W:8095 L:16! TR:2A PC:0138 K:00 I:E6 P:35
A:8059 K:00 B:00 S:01CB P:36 I:EB E:1 F:9FCA T:13 C:0000 N:12E2 W:8059 L:16! TR:2B PC:013A K:00 I:D0 P:35
A:806B K:00 B:00 S:015A P:B4 I:AD E:1 F:9FCB T:13 C:0000 N:12E1 W:806B L:16! TR:2C PC:013E K:00 I:CA P:35
A:809C K:00 B:00 S:01D8 P:34 I:18 E:1 F:9FCC T:13 C:0000 N:12E1 W:809C L:16! TR:2D PC:013F K:00 I:D0 P:35
A:8060 K:00 B:00 S:0172 P:36 I:48 E:1 F:9FCD T:13 C:0000 N:12E2 W:8060 L:16! TR:2E PC:0136 K:00 I:91 P:35
A:0104 K:00 B:00 S:0104 P:B4 I:F4 E:1 F:9FCE T:13 C:0000 N:12E1 W:8079 L:16! TR:2F PC:0138 K:00 I:E6 P:35
A:80A5 K:00 B:00 S:0182 P:34 I:09 E:1 F:9FCF T:13 C:0000 N:12E2 W:80A5 L:16! TR:30 PC:013A K:00 I:D0 P:35
A:8069 K:00 B:00 S:011E P:B4 I:AD E:1 F:9FD0 T:13 C:0000 N:12E2 W:8069 L:16! TR:31 PC:013E K:00 I:CA P:35
A:8082 K:00 B:00 S:01A6 P:B4 I:F4 E:1 F:9FD1 T:13 C:0000 N:12E2 W:8082 L:16! TR:32 PC:013F K:00 I:D0 P:35
A:80AD K:00 B:00 S:012D P:34 I:28 E:1 F:9FD2 T:13 C:0000 N:12E2 W:80AD L:16! TR:33 PC:0136 K:00 I:91 P:35
A:8061 K:00 B:00 S:01C8 P:36 I:AB E:1 F:9FD3 T:13 C:0000 N:12E2 W:8061 L:16! TR:34 PC:0138 K:00 I:E6 P:35
A:808C K:00 B:00 S:014C P:B4 I:F4 E:1 F:9FD4 T:13 C:0000 N:12E2 W:808C L:16! TR:35 PC:013A K:00 I:D0 P:35
A:01EF K:00 B:00 S:01DC P:36 I:8D E:1 F:9FD5 T:13 C:0000 N:12E2 W:01EF L:16! TR:36 PC:013E K:00 I:CA P:35
A:806B K:00 B:00 S:0173 P:B4 I:AD E:1 F:9FD6 T:13 C:0000 N:12E2 W:806B L:16! TR:37 PC:013F K:00 I:D0 P:37
A:01F4 K:00 B:00 S:01F4 P:34 I:48 E:1 F:9FD7 T:13 C:0000 N:12E2 W:8095 L:16! TR:38 PC:0141 K:00 I:F0 P:37
A:8059 K:00 B:00 S:0187 P:36 I:EB E:1 F:9FD8 T:13 C:0000 N:12E2 W:8059 L:16! TR:39 PC:0101 K:00 I:FF P:37
A:011D K:00 B:00 S:011D P:B4 I:F4 E:1 F:9FD9 T:13 C:0000 N:12E2 W:8079 L:16! TR:3A PC:0119 K:00 I:30 P:B5
A:809C K:00 B:00 S:019A P:34 I:18 E:1 F:9FDA T:13 C:0000 N:12E2 W:809C L:16! TR:3B PC:011C K:00 I:4A P:B5
A:8060 K:00 B:00 S:012E P:36 I:48 E:1 F:9FDB T:13 C:0000 N:12E2 W:8060 L:16! TR:3C PC:011D K:00 I:AF P:35
A:8080 K:00 B:00 S:01C1 P:B4 I:F4 E:1 F:9FDC T:13 C:0000 N:12E1 W:8080 L:16! TR:3D PC:0121 K:00 I:46 P:37
A:80A5 K:00 B:00 S:0144 P:34 I:09 E:1 F:9FDD T:13 C:0000 N:12E2 W:80A5 L:16! TR:3E PC:0123 K:00 I:E6 P:35
A:8069 K:00 B:00 S:01DA P:B4 I:AD E:1 F:9FDE T:13 C:0000 N:12E2 W:8069 L:16! TR:3F PC:0125 K:00 I:8D P:37
A:808A K:00 B:00 S:0167 P:B4 I:F4 E:1 F:9FDF T:13 C:0000 N:12E2 W:808A L:16! TR:40 PC:0128 K:00 I:C6 P:37
A:80AD K:00 B:00 S:01EF P:34 I:28 E:1 F:9FE0 T:13 C:0000 N:12E2 W:80AD L:16! TR:41 PC:012A K:00 I:E6 P:B5
A:8076 K:00 B:00 S:0185 P:B4 I:B0 E:1 F:9FE1 T:13 C:0000 N:12E2 W:8076 L:16! TR:42 PC:012C K:00 I:D0 P:35
A:8093 K:00 B:00 S:010D P:34 I:1A E:1 F:9FE2 T:13 C:0000 N:12E2 W:8093 L:16! TR:43 PC:0130 K:00 I:60 P:35
A:01AB K:00 B:00 S:019B P:36 I:8D E:1 F:9FE3 T:13 C:0000 N:12E2 W:01AB L:16! TR:44 PC:0136 K:00 I:91 P:35
A:8080 K:00 B:00 S:012B P:B4 I:F4 E:1 F:9FE4 T:13 C:0000 N:12E2 W:8080 L:16! TR:45 PC:0138 K:00 I:E6 P:35
A:8098 K:00 B:00 S:01B4 P:B4 I:A3 E:1 F:9FE5 T:13 C:0000 N:12E2 W:8098 L:16! TR:46 PC:013A K:00 I:D0 P:37
A:0147 K:00 B:00 S:0147 P:36 I:48 E:1 F:9FE6 T:13 C:0000 N:12E2 W:8056 L:16! TR:47 PC:013C K:00 I:E6 P:37
A:808A K:00 B:00 S:01D1 P:B4 I:F4 E:1 F:9FE7 T:13 C:0000 N:12E2 W:808A L:16! TR:48 PC:013E K:00 I:CA P:35
A:80A1 K:00 B:00 S:015E P:34 I:EB E:1 F:9FE8 T:13 C:0000 N:12E2 W:80A1 L:16! TR:49 PC:013F K:00 I:D0 P:35
A:8060 K:00 B:00 S:01EA P:36 I:48 E:1 F:9FE9 T:13 C:0000 N:12E2 W:8060 L:16! TR:4A PC:0136 K:00 I:91 P:35
A:8093 K:00 B:00 S:0177 P:34 I:1A E:1 F:9FEA T:13 C:0000 N:12E2 W:8093 L:16! TR:4B PC:0138 K:00 I:E6 P:35
A:80A9 K:00 B:00 S:0108 P:34 I:A3 E:1 F:9FEB T:13 C:0000 N:12E2 W:80A9 L:16! TR:4C PC:013A K:00 I:D0 P:35
A:8069 K:00 B:00 S:0196 P:B4 I:AD E:1 F:9FEC T:13 C:0000 N:12E2 W:8069 L:16! TR:4D PC:013E K:00 I:CA P:35
A:0121 K:00 B:00 S:0121 P:34 I:48 E:1 F:9FED T:13 C:0000 N:12E2 W:809A L:16! TR:4E PC:013F K:00 I:D0 P:35
A:80AD K:00 B:00 S:01B1 P:34 I:28 E:1 F:9FEE T:13 C:0000 N:12E2 W:80AD L:16! TR:4F PC:0136 K:00 I:91 P:35
A:8076 K:00 B:00 S:0141 P:B4 I:B0 E:1 F:9FEF T:13 C:0000 N:12E1 W:8076 L:16! TR:50 PC:0138 K:00 I:E6 P:35
A:80A3 K:00 B:00 S:01CA P:B4 I:A3 E:1 F:9FF0 T:13 C:0000 N:12E2 W:80A3 L:16! TR:51 PC:013A K:00 I:D0 P:35
A:0173 K:00 B:00 S:0160 P:36 I:8D E:1 F:9FF1 T:13 C:0000 N:12E2 W:0173 L:16! TR:52 PC:013E K:00 I:CA P:35
A:8080 K:00 B:00 S:01E7 P:B4 I:F4 E:1 F:9FF2 T:13 C:0000 N:12E2 W:8080 L:16! TR:53 PC:013F K:00 I:D0 P:35
A:80AB K:00 B:00 S:0175 P:74 I:A3 E:1 F:9FF3 T:13 C:0000 N:12E2 W:80AB L:16! TR:54 PC:0136 K:00 I:91 P:35
A:8059 K:00 B:00 S:010B P:36 I:EB E:1 F:9FF4 T:13 C:0000 N:12E2 W:8059 L:16! TR:55 PC:0138 K:00 I:E6 P:35
A:808A K:00 B:00 S:018D P:B4 I:F4 E:1 F:9FF5 T:13 C:0000 N:12E2 W:808A L:16! TR:56 PC:013A K:00 I:D0 P:35
A:0134 K:00 B:00 S:0124 P:36 I:8D E:1 F:9FF6 T:13 C:0000 N:12E2 W:0134 L:16! TR:57 PC:013E K:00 I:CA P:35
A:8060 K:00 B:00 S:01AF P:36 I:48 E:1 F:9FF7 T:13 C:0000 N:12E2 W:8060 L:16! TR:58 PC:013F K:00 I:D0 P:35
A:8093 K:00 B:00 S:0133 P:34 I:1A E:1 F:9FF8 T:13 C:0000 N:12E1 W:8093 L:16! TR:59 PC:0136 K:00 I:91 P:35
A:80AD K:00 B:00 S:01CA P:34 I:28 E:1 F:9FF9 T:13 C:0000 N:12E2 W:80AD L:16! TR:5A PC:0138 K:00 I:E6 P:35
A:8069 K:00 B:00 S:015B P:B4 I:AD E:1 F:9FFA T:13 C:0000 N:12E2 W:8069 L:16! TR:5B PC:013A K:00 I:D0 P:35
A:01DD K:00 B:00 S:01DD P:34 I:48 E:1 F:9FFB T:13 C:0000 N:12E1 W:809A L:16! TR:5C PC:013E K:00 I:CA P:35
A:018C K:00 B:00 S:0179 P:34 I:8D E:1 F:9FFC T:13 C:0000 N:12E2 W:018C L:16! TR:5D PC:013F K:00 I:D0 P:35
A:8076 K:00 B:00 S:0106 P:B4 I:B0 E:1 F:9FFD T:13 C:0000 N:12E2 W:8076 L:16! TR:5E PC:0136 K:00 I:91 P:35
A:80A3 K:00 B:00 S:0186 P:B4 I:A3 E:1 F:9FFE T:13 C:0000 N:12E2 W:80A3 L:16! TR:5F PC:0138 K:00 I:E6 P:35
A:8059 K:00 B:00 S:0124 P:36 I:EB E:1 F:9FFF T:13 C:0000 N:12E2 W:8059 L:16! TR:60 PC:013A K:00 I:D0 P:35
A:8080 K:00 B:00 S:01A9 P:B4 I:F4 E:1 F:A000 T:13 C:0000 N:12E1 W:8080 L:16! TR:61 PC:013E K:00 I:CA P:35
A:80AB K:00 B:00 S:0131 P:34 I:A3 E:1 F:A001 T:13 C:0000 N:12E2 W:80AB L:16! TR:62 PC:013F K:00 I:D0 P:35
A:01CA K:00 B:00 S:01CA P:36 I:8B E:1 F:A002 T:13 C:0000 N:12E2 W:805F L:16! TR:63 PC:0136 K:00 I:91 P:35
A:808A K:00 B:00 S:014F P:B4 I:F4 E:1 F:A003 T:13 C:0000 N:12E1 W:808A L:16! TR:64 PC:0138 K:00 I:E6 P:35
A:01F0 K:00 B:00 S:01E0 P:36 I:8D E:1 F:A004 T:13 C:0000 N:12E2 W:01F0 L:16! TR:65 PC:013A K:00 I:D0 P:35
A:8067 K:00 B:00 S:0175 P:B4 I:8D E:1 F:A005 T:13 C:0000 N:12E2 W:8067 L:16! TR:66 PC:013E K:00 I:CA P:35
A:8093 K:00 B:00 S:01F5 P:B4 I:1A E:1 F:A006 T:13 C:0000 N:12E1 W:8093 L:16! TR:67 PC:013F K:00 I:D0 P:35
A:018C K:00 B:00 S:018C P:36 I:48 E:1 F:A007 T:13 C:0000 N:12E2 W:8056 L:16! TR:68 PC:0136 K:00 I:91 P:35
A:8070 K:00 B:00 S:011F P:B4 I:90 E:1 F:A008 T:13 C:0000 N:12E1 W:8070 L:16! TR:69 PC:0138 K:00 I:E6 P:35
A:8098 K:00 B:00 S:019C P:B4 I:A3 E:1 F:A009 T:13 C:0000 N:12E2 W:8098 L:16! TR:6A PC:013A K:00 I:D0 P:35
A:0134 K:00 B:00 S:0134 P:36 I:8B E:1 F:A00A T:13 C:0000 N:12E2 W:805F L:16! TR:6B PC:013E K:00 I:CA P:35
A:01C6 K:00 B:00 S:01C6 P:B4 I:F4 E:1 F:A00B T:13 C:0000 N:12E1 W:807C L:16! TR:6C PC:013F K:00 I:D0 P:35
A:80A1 K:00 B:00 S:0146 P:34 I:EB E:1 F:A00C T:13 C:0000 N:12E2 W:80A1 L:16! TR:6D PC:0136 K:00 I:91 P:35
A:8067 K:00 B:00 S:01DF P:B4 I:8D E:1 F:A00D T:13 C:0000 N:12E2 W:8067 L:16! TR:6E PC:0138 K:00 I:E6 P:35
A:016B K:00 B:00 S:016B P:B4 I:F4 E:1 F:A00E T:13 C:0000 N:12E1 W:8085 L:16! TR:6F PC:013A K:00 I:D0 P:35
A:80A9 K:00 B:00 S:01F0 P:34 I:A3 E:1 F:A00F T:13 C:0000 N:12E2 W:80A9 L:16! TR:70 PC:013E K:00 I:CA P:35
A:8070 K:00 B:00 S:0189 P:B4 I:90 E:1 F:A010 T:13 C:0000 N:12E2 W:8070 L:16! TR:71 PC:013F K:00 I:D0 P:35
A:808E K:00 B:00 S:0110 P:B4 I:F4 E:1 F:A011 T:13 C:0000 N:12E2 W:808E L:16! TR:72 PC:0136 K:00 I:91 P:35
A:01AC K:00 B:00 S:019C P:36 I:8D E:1 F:A012 T:13 C:0000 N:12E2 W:01AC L:16! TR:73 PC:0138 K:00 I:E6 P:35
A:807E K:00 B:00 S:0131 P:B4 I:F4 E:1 F:A013 T:13 C:0000 N:12E2 W:807E L:16! TR:74 PC:013A K:00 I:D0 P:35
A:8093 K:00 B:00 S:01B7 P:B4 I:1A E:1 F:A014 T:13 C:0000 N:12E2 W:8093 L:16! TR:75 PC:013E K:00 I:CA P:35
A:0148 K:00 B:00 S:0148 P:36 I:48 E:1 F:A015 T:13 C:0000 N:12E2 W:8056 L:16! TR:76 PC:013F K:00 I:D0 P:35
A:01D7 K:00 B:00 S:01D7 P:B4 I:F4 E:1 F:A016 T:13 C:0000 N:12E2 W:8088 L:16! TR:77 PC:0136 K:00 I:91 P:35
A:0161 K:00 B:00 S:0161 P:34 I:48 E:1 F:A017 T:13 C:0000 N:12E2 W:809A L:16! TR:78 PC:0138 K:00 I:E6 P:35
A:01F0 K:00 B:00 S:01F0 P:36 I:8B E:1 F:A018 T:13 C:0000 N:12E2 W:805F L:16! TR:79 PC:013A K:00 I:D0 P:35
A:017C K:00 B:00 S:017C P:B4 I:F4 E:1 F:A019 T:13 C:0000 N:12E2 W:8091 L:16! TR:7A PC:013E K:00 I:CA P:35
A:80A3 K:00 B:00 S:010A P:34 I:A3 E:1 F:A01A T:13 C:0000 N:12E2 W:80A3 L:16! TR:7B PC:013F K:00 I:D0 P:35
A:8067 K:00 B:00 S:019B P:B4 I:8D E:1 F:A01B T:13 C:0000 N:12E2 W:8067 L:16! TR:7C PC:0136 K:00 I:91 P:35
A:8098 K:00 B:00 S:0125 P:34 I:A3 E:1 F:A01C T:13 C:0000 N:12E1 W:8098 L:16! TR:7D PC:0138 K:00 I:E6 P:35
A:80AB K:00 B:00 S:01B2 P:34 I:A3 E:1 F:A01D T:13 C:0000 N:12E2 W:80AB L:16! TR:7E PC:013A K:00 I:D0 P:35
A:8070 K:00 B:00 S:0145 P:B4 I:90 E:1 F:A01E T:13 C:0000 N:12E2 W:8070 L:16! TR:7F PC:013E K:00 I:CA P:35
A:8093 K:00 B:00 S:01D0 P:B4 I:1A E:1 F:A01F T:13 C:0000 N:12E2 W:8093 L:16! TR:00 PC:013F K:00 I:D0 P:35
A:0171 K:00 B:00 S:0161 P:36 I:8D E:1 F:A020 T:13 C:0000 N:12E2 W:0171 L:16! TR:01 PC:0136 K:00 I:91 P:35
A:807E K:00 B:00 S:01ED P:B4 I:F4 E:1 F:A021 T:13 C:0000 N:12E2 W:807E L:16! TR:02 PC:0138 K:00 I:E6 P:35
A:017A K:00 B:00 S:017A P:34 I:48 E:1 F:A022 T:13 C:0000 N:12E2 W:809A L:16! TR:03 PC:013A K:00 I:D0 P:35
A:010D K:00 B:00 S:010D P:36 I:48 E:1 F:A023 T:13 C:0000 N:12E2 W:8056 L:16! TR:04 PC:013E K:00 I:CA P:35
A:0193 K:00 B:00 S:0193 P:B4 I:F4 E:1 F:A024 T:13 C:0000 N:12E2 W:8088 L:16! TR:05 PC:013F K:00 I:D0 P:35
A:80A3 K:00 B:00 S:0123 P:34 I:A3 E:1 F:A025 T:13 C:0000 N:12E2 W:80A3 L:16! TR:06 PC:0136 K:00 I:91 P:35
A:01B2 K:00 B:00 S:01B2 P:36 I:8B E:1 F:A026 T:13 C:0000 N:12E2 W:805F L:16! TR:07 PC:0138 K:00 I:E6 P:35
A:0138 K:00 B:00 S:0138 P:B4 I:F4 E:1 F:A027 T:13 C:0000 N:12E2 W:8091 L:16! TR:08 PC:013A K:00 I:D0 P:35
A:80A9 K:00 B:00 S:01CB P:36 I:A3 E:1 F:A028 T:13 C:0000 N:12E2 W:80A9 L:16! TR:09 PC:013E K:00 I:CA P:35
A:8067 K:00 B:00 S:015D P:B4 I:8D E:1 F:A029 T:13 C:0000 N:12E2 W:8067 L:16! TR:0A PC:013F K:00 I:D0 P:35
A:8098 K:00 B:00 S:01E1 P:B4 I:A3 E:1 F:A02A T:13 C:0000 N:12E2 W:8098 L:16! TR:0B PC:0136 K:00 I:91 P:35
A:0188 K:00 B:00 S:017A P:36 I:8D E:1 F:A02B T:13 C:0000 N:12E2 W:0188 L:16! TR:0C PC:0138 K:00 I:E6 P:35
A:8070 K:00 B:00 S:0107 P:B4 I:90 E:1 F:A02C T:13 C:0000 N:12E2 W:8070 L:16! TR:0D PC:013A K:00 I:D0 P:35
A:80A1 K:00 B:00 S:018B P:34 I:EB E:1 F:A02D T:13 C:0000 N:12E2 W:80A1 L:16! TR:0E PC:013E K:00 I:CA P:35
A:FC97 K:00 B:00 S:0126 P:36 I:5C E:1 F:A02E T:13 C:0000 N:12E2 W:FC97 L:16! TR:0F PC:013F K:00 I:D0 P:35
A:01AE K:00 B:00 S:01AE P:B4 I:F4 E:1 F:A02F T:13 C:0000 N:12E2 W:807C L:16! TR:10 PC:0136 K:00 I:91 P:35
A:80A9 K:00 B:00 S:0135 P:34 I:A3 E:1 F:A030 T:13 C:0000 N:12E2 W:80A9 L:16! TR:11 PC:0138 K:00 I:E6 P:35
A:01CD K:00 B:00 S:01CD P:34 I:0B E:1 F:A031 T:13 C:0000 N:12E2 W:805B L:16! TR:12 PC:013A K:00 I:D0 P:35
A:0153 K:00 B:00 S:0153 P:B4 I:F4 E:1 F:A032 T:13 C:0000 N:12E2 W:8085 L:16! TR:13 PC:013E K:00 I:CA P:35
A:01F2 K:00 B:00 S:01E4 P:36 I:8D E:1 F:A033 T:13 C:0000 N:12E2 W:01F2 L:16! TR:14 PC:013F K:00 I:D0 P:35
A:8061 K:00 B:00 S:0176 P:36 I:AB E:1 F:A034 T:13 C:0000 N:12E2 W:8061 L:16! TR:15 PC:0136 K:00 I:91 P:35
A:808E K:00 B:00 S:01F8 P:B4 I:F4 E:1 F:A035 T:13 C:0000 N:12E1 W:808E L:16! TR:16 PC:0138 K:00 I:E6 P:35
A:FC97 K:00 B:00 S:0190 P:36 I:5C E:1 F:A036 T:13 C:0000 N:12E2 W:FC97 L:16! TR:17 PC:013A K:00 I:D0 P:35
A:806B K:00 B:00 S:0121 P:B4 I:AD E:1 F:A037 T:13 C:0000 N:12E2 W:806B L:16! TR:18 PC:013E K:00 I:CA P:35
A:8098 K:00 B:00 S:019D P:B4 I:A3 E:1 F:A038 T:13 C:0000 N:12E1 W:8098 L:16! TR:19 PC:013F K:00 I:D0 P:35
A:805D K:00 B:00 S:0138 P:36 I:A9 E:1 F:A039 T:13 C:0000 N:12E2 W:805D L:16! TR:1A PC:0136 K:00 I:91 P:35
A:8070 K:00 B:00 S:01C9 P:B4 I:90 E:1 F:A03A T:13 C:0000 N:12E1 W:8070 L:16! TR:1B PC:0138 K:00 I:E6 P:35
A:80A1 K:00 B:00 S:0147 P:34 I:EB E:1 F:A03B T:13 C:0000 N:12E2 W:80A1 L:16! TR:1C PC:013A K:00 I:D0 P:35
A:8064 K:00 B:00 S:01E3 P:B4 I:AD E:1 F:A03C T:13 C:0000 N:12E2 W:8064 L:16! TR:1D PC:013E K:00 I:CA P:35
A:807E K:00 B:00 S:0171 P:B4 I:F4 E:1 F:A03D T:13 C:0000 N:12E1 W:807E L:16! TR:1E PC:013F K:00 I:D0 P:35
A:80A9 K:00 B:00 S:01F1 P:35 I:A3 E:1 F:A03E T:13 C:0000 N:12E2 W:80A9 L:16! TR:1F PC:0136 K:00 I:91 P:35
A:806E K:00 B:00 S:018E P:B4 I:8D E:1 F:A03F T:13 C:0000 N:12E2 W:806E L:16! TR:20 PC:0138 K:00 I:E6 P:35
A:0117 K:00 B:00 S:0117 P:B4 I:F4 E:1 F:A040 T:13 C:0000 N:12E1 W:8088 L:16! TR:21 PC:013A K:00 I:D0 P:35
A:01AE K:00 B:00 S:01A0 P:36 I:8D E:1 F:A041 T:13 C:0000 N:12E2 W:01AE L:16! TR:22 PC:013E K:00 I:CA P:35
A:0137 K:00 B:00 S:0137 P:B4 I:F4 E:1 F:A042 T:13 C:0000 N:12E2 W:807C L:16! TR:23 PC:013F K:00 I:D0 P:35
A:01B9 K:00 B:00 S:01B9 P:B4 I:F4 E:1 F:A043 T:13 C:0000 N:12E2 W:8091 L:16! TR:24 PC:0136 K:00 I:91 P:35
A:FC97 K:00 B:00 S:014C P:36 I:5C E:1 F:A044 T:13 C:0000 N:12E2 W:FC97 L:16! TR:25 PC:0138 K:00 I:E6 P:35
A:8070 K:00 B:00 S:01E2 P:B4 I:90 E:1 F:A045 T:13 C:0000 N:12E2 W:8070 L:16! TR:26 PC:013A K:00 I:D0 P:35
A:8098 K:00 B:00 S:0162 P:34 I:A3 E:1 F:A046 T:13 C:0000 N:12E2 W:8098 L:16! TR:27 PC:013E K:00 I:CA P:35
A:805D K:00 B:00 S:01F4 P:36 I:A9 E:1 F:A047 T:13 C:0000 N:12E2 W:805D L:16! TR:28 PC:013F K:00 I:D0 P:35
A:807E K:00 B:00 S:018A P:B4 I:F4 E:1 F:A048 T:13 C:0000 N:12E1 W:807E L:16! TR:29 PC:0136 K:00 I:91 P:35
A:80A1 K:00 B:00 S:010C P:34 I:EB E:1 F:A049 T:13 C:0000 N:12E2 W:80A1 L:16! TR:2A PC:0138 K:00 I:E6 P:35
A:8064 K:00 B:00 S:019F P:B4 I:AD E:1 F:A04A T:13 C:0000 N:12E2 W:8064 L:16! TR:2B PC:013A K:00 I:D0 P:35
A:0130 K:00 B:00 S:0130 P:B4 I:F4 E:1 F:A04B T:13 C:0000 N:12E1 W:8088 L:16! TR:2C PC:013E K:00 I:CA P:35
A:80A9 K:00 B:00 S:01B3 P:34 I:A3 E:1 F:A04C T:13 C:0000 N:12E2 W:80A9 L:16! TR:2D PC:013F K:00 I:D0 P:35
A:806E K:00 B:00 S:014A P:B4 I:8D E:1 F:A04D T:13 C:0000 N:12E2 W:806E L:16! TR:2E PC:0136 K:00 I:91 P:35
A:808E K:00 B:00 S:01D3 P:B4 I:F4 E:1 F:A04E T:13 C:0000 N:12E2 W:808E L:16! TR:2F PC:0138 K:00 I:E6 P:35
A:0170 K:00 B:00 S:0162 P:36 I:8D E:1 F:A04F T:13 C:0000 N:12E2 W:0170 L:16! TR:30 PC:013A K:00 I:D0 P:35
A:01F3 K:00 B:00 S:01F3 P:B4 I:F4 E:1 F:A050 T:13 C:0000 N:12E2 W:807C L:16! TR:31 PC:013E K:00 I:CA P:35
A:8096 K:00 B:00 S:017C P:34 I:EB E:1 F:A051 T:13 C:0000 N:12E2 W:8096 L:16! TR:32 PC:013F K:00 I:D0 P:35
A:FC97 K:00 B:00 S:010E P:36 I:5C E:1 F:A052 T:13 C:0000 N:12E2 W:FC97 L:16! TR:33 PC:0136 K:00 I:91 P:35
A:0198 K:00 B:00 S:0198 P:B4 I:F4 E:1 F:A053 T:13 C:0000 N:12E2 W:8085 L:16! TR:34 PC:0138 K:00 I:E6 P:35
A:809F K:00 B:00 S:0126 P:34 I:EB E:1 F:A054 T:13 C:0000 N:12E2 W:809F L:16! TR:35 PC:013A K:00 I:D0 P:35
A:01B5 K:00 B:00 S:01B5 P:34 I:0B E:1 F:A055 T:13 C:0000 N:12E2 W:805B L:16! TR:36 PC:013E K:00 I:CA P:35
A:808E K:00 B:00 S:013D P:B4 I:F4 E:1 F:A056 T:13 C:0000 N:12E2 W:808E L:16! TR:37 PC:013F K:00 I:D0 P:37
A:80A5 K:00 B:00 S:01CD P:34 I:09 E:1 F:A057 T:13 C:0000 N:12E2 W:80A5 L:16! TR:38 PC:0141 K:00 I:F0 P:37
A:8061 K:00 B:00 S:015E P:36 I:AB E:1 F:A058 T:13 C:0000 N:12E2 W:8061 L:16! TR:39 PC:0101 K:00 I:FF P:37
A:8096 K:00 B:00 S:01E6 P:B4 I:EB E:1 F:A059 T:13 C:0000 N:12E1 W:8096 L:16! TR:3A PC:0119 K:00 I:30 P:B5
A:80AD K:00 B:00 S:0178 P:74 I:28 E:1 F:A05A T:13 C:0000 N:12E2 W:80AD L:16! TR:3B PC:011C K:00 I:4A P:B5
A:806B K:00 B:00 S:0109 P:B4 I:AD E:1 F:A05B T:13 C:0000 N:12E2 W:806B L:16! TR:3C PC:011D K:00 I:AF P:35
A:809F K:00 B:00 S:0190 P:34 I:EB E:1 F:A05C T:13 C:0000 N:12E2 W:809F L:16! TR:3D PC:0121 K:00 I:46 P:37
A:013A K:00 B:00 S:0127 P:36 I:8D E:1 F:A05D T:13 C:0000 N:12E2 W:013A L:16! TR:3E PC:0123 K:00 I:E6 P:35
A:01AF K:00 B:00 S:01AF P:B4 I:F4 E:1 F:A05E T:13 C:0000 N:12E2 W:807C L:16! TR:3F PC:0125 K:00 I:8D P:37
A:80A7 K:00 B:00 S:0139 P:34 I:48 E:1 F:A05F T:13 C:0000 N:12E2 W:80A7 L:16! TR:40 PC:0128 K:00 I:C6 P:37
A:FC97 K:00 B:00 S:01D0 P:36 I:5C E:1 F:A060 T:13 C:0000 N:12E1 W:FC97 L:16! TR:41 PC:012A K:00 I:E6 P:B5
A:0154 K:00 B:00 S:0154 P:B4 I:F4 E:1 F:A061 T:13 C:0000 N:12E2 W:8085 L:16! TR:42 PC:012C K:00 I:D0 P:35
A:01E7 K:00 B:00 S:01E7 P:36 I:60 E:1 F:A062 T:13 C:0000 N:12E2 W:80AE L:16! TR:43 PC:0130 K:00 I:60 P:35
A:805D K:00 B:00 S:0178 P:36 I:A9 E:1 F:A063 T:13 C:0000 N:12E2 W:805D L:16! TR:44 PC:0136 K:00 I:91 P:35
A:808E K:00 B:00 S:01F9 P:B4 I:F4 E:1 F:A064 T:13 C:0000 N:12E1 W:808E L:16! TR:45 PC:0138 K:00 I:E6 P:35
A:FFFF K:00 B:00 S:0194 P:36 I:6C E:1 F:A065 T:13 C:0000 N:12E2 W:01AA L:16! TR:46 PC:013A K:00 I:D0 P:37
A:8064 K:00 B:00 S:0123 P:B4 I:AD E:1 F:A066 T:13 C:0000 N:12E2 W:8064 L:16! TR:47 PC:013C K:00 I:E6 P:37
A:8096 K:00 B:00 S:01A2 P:B4 I:EB E:1 F:A067 T:13 C:0000 N:12E1 W:8096 L:16! TR:48 PC:013E K:00 I:CA P:35
A:013E K:00 B:00 S:013E P:34 I:0B E:1 F:A068 T:13 C:0000 N:12E2 W:805B L:16! TR:49 PC:013F K:00 I:D0 P:35
A:806E K:00 B:00 S:01CB P:B4 I:8D E:1 F:A069 T:13 C:0000 N:12E1 W:806E L:16! TR:4A PC:0136 K:00 I:91 P:35
A:809F K:00 B:00 S:014C P:34 I:EB E:1 F:A06A T:13 C:0000 N:12E2 W:809F L:16! TR:4B PC:0138 K:00 I:E6 P:35
A:8046 K:00 B:00 S:01E9 P:34 I:48 E:1 F:A06B T:13 C:0000 N:12E2 W:8046 L:16! TR:4C PC:013A K:00 I:D0 P:35
A:0174 K:00 B:00 S:0174 P:B4 I:F4 E:1 F:A06C T:13 C:0000 N:12E1 W:807C L:16! TR:4D PC:013E K:00 I:CA P:35
A:80A7 K:00 B:00 S:01F5 P:35 I:48 E:1 F:A06D T:13 C:0000 N:12E2 W:80A7 L:16! TR:4E PC:013F K:00 I:D0 P:35
A:805D K:00 B:00 S:0191 P:36 I:A9 E:1 F:A06E T:13 C:0000 N:12E2 W:805D L:16! TR:4F PC:0136 K:00 I:91 P:35
A:0119 K:00 B:00 S:0119 P:B4 I:F4 E:1 F:A06F T:13 C:0000 N:12E2 W:8085 L:16! TR:50 PC:0138 K:00 I:E6 P:35
A:01A3 K:00 B:00 S:01A3 P:36 I:60 E:1 F:A070 T:13 C:0000 N:12E2 W:80AE L:16! TR:51 PC:013A K:00 I:D0 P:35
A:8064 K:00 B:00 S:013C P:B4 I:AD E:1 F:A071 T:13 C:0000 N:12E2 W:8064 L:16! TR:52 PC:013E K:00 I:CA P:35
A:808E K:00 B:00 S:01BB P:B4 I:F4 E:1 F:A072 T:13 C:0000 N:12E1 W:808E L:16! TR:53 PC:013F K:00 I:D0 P:35
A:FFFF K:00 B:00 S:0150 P:36 I:6C E:1 F:A073 T:13 C:0000 N:12E2 W:0166 L:16! TR:54 PC:0136 K:00 I:91 P:35
A:806B K:00 B:00 S:01E4 P:B4 I:AD E:1 F:A074 T:13 C:0000 N:12E2 W:806B L:16! TR:55 PC:0138 K:00 I:E6 P:35
A:8096 K:00 B:00 S:0164 P:34 I:EB E:1 F:A075 T:13 C:0000 N:12E1 W:8096 L:16! TR:56 PC:013A K:00 I:D0 P:35
A:01FA K:00 B:00 S:01FA P:34 I:0B E:1 F:A076 T:13 C:0000 N:12E2 W:805B L:16! TR:57 PC:013E K:00 I:CA P:35
A:018E K:00 B:00 S:018E P:B4 I:F4 E:1 F:A077 T:13 C:0000 N:12E1 W:8079 L:16! TR:58 PC:013F K:00 I:D0 P:35
A:809F K:00 B:00 S:010E P:34 I:EB E:1 F:A078 T:13 C:0000 N:12E2 W:809F L:16! TR:59 PC:0136 K:00 I:91 P:35
A:8061 K:00 B:00 S:01A3 P:36 I:AB E:1 F:A079 T:13 C:0000 N:12E2 W:8061 L:16! TR:5A PC:0138 K:00 I:E6 P:35
A:8082 K:00 B:00 S:0133 P:B4 I:F4 E:1 F:A07A T:13 C:0000 N:12E1 W:8082 L:16! TR:5B PC:013A K:00 I:D0 P:35
A:80A5 K:00 B:00 S:01B5 P:34 I:09 E:1 F:A07B T:13 C:0000 N:12E2 W:80A5 L:16! TR:5C PC:013E K:00 I:CA P:35
A:806B K:00 B:00 S:014E P:B4 I:AD E:1 F:A07C T:13 C:0000 N:12E2 W:806B L:16! TR:5D PC:013F K:00 I:D0 P:35
A:808A K:00 B:00 S:01D8 P:B4 I:F4 E:1 F:A07D T:13 C:0000 N:12E1 W:808A L:16! TR:5E PC:0136 K:00 I:91 P:35
A:80AD K:00 B:00 S:0160 P:34 I:28 E:1 F:A07E T:13 C:0000 N:12E2 W:80AD L:16! TR:5F PC:0138 K:00 I:E6 P:35
A:01F8 K:00 B:00 S:01F8 P:B4 I:F4 E:1 F:A07F T:13 C:0000 N:12E2 W:8079 L:16! TR:60 PC:013A K:00 I:D0 P:35
A:8093 K:00 B:00 S:017E P:34 I:1A E:1 F:A080 T:13 C:0000 N:12E2 W:8093 L:16! TR:61 PC:013E K:00 I:CA P:35
A:0122 K:00 B:00 S:010F P:36 I:8D E:1 F:A081 T:13 C:0000 N:12E2 W:0122 L:16! TR:62 PC:013F K:00 I:D0 P:35
A:8082 K:00 B:00 S:019D P:B4 I:F4 E:1 F:A082 T:13 C:0000 N:12E2 W:8082 L:16! TR:63 PC:0136 K:00 I:91 P:35
A:0128 K:00 B:00 S:0128 P:34 I:48 E:1 F:A083 T:13 C:0000 N:12E2 W:809A L:16! TR:64 PC:0138 K:00 I:E6 P:35
A:01B6 K:00 B:00 S:01B6 P:34 I:0B E:1 F:A084 T:13 C:0000 N:12E2 W:805B L:16! TR:65 PC:013A K:00 I:D0 P:35
A:808C K:00 B:00 S:0143 P:B4 I:F4 E:1 F:A085 T:13 C:0000 N:12E2 W:808C L:16! TR:66 PC:013E K:00 I:CA P:35
A:809F K:00 B:00 S:01D0 P:34 I:EB E:1 F:A086 T:13 C:0000 N:12E2 W:809F L:16! TR:67 PC:013F K:00 I:D0 P:35
A:8061 K:00 B:00 S:015F P:36 I:AB E:1 F:A087 T:13 C:0000 N:12E2 W:8061 L:16! TR:68 PC:0136 K:00 I:91 P:35
A:01EB K:00 B:00 S:01EB P:34 I:48 E:1 F:A088 T:13 C:0000 N:12E1 W:8095 L:16! TR:69 PC:0138 K:00 I:E6 P:35
A:80A7 K:00 B:00 S:0179 P:74 I:48 E:1 F:A089 T:13 C:0000 N:12E2 W:80A7 L:16! TR:6A PC:013A K:00 I:D0 P:35
A:806B K:00 B:00 S:010A P:B4 I:AD E:1 F:A08A T:13 C:0000 N:12E2 W:806B L:16! TR:6B PC:013E K:00 I:CA P:35
A:809C K:00 B:00 S:0194 P:34 I:18 E:1 F:A08B T:13 C:0000 N:12E2 W:809C L:16! TR:6C PC:013F K:00 I:D0 P:35
A:0127 K:00 B:00 S:0127 P:36 I:60 E:1 F:A08C T:13 C:0000 N:12E2 W:80AE L:16! TR:6D PC:0136 K:00 I:91 P:35
A:01B4 K:00 B:00 S:01B4 P:B4 I:F4 E:1 F:A08D T:13 C:0000 N:12E2 W:8079 L:16! TR:6E PC:0138 K:00 I:E6 P:35
A:80A5 K:00 B:00 S:013E P:34 I:09 E:1 F:A08E T:13 C:0000 N:12E2 W:80A5 L:16! TR:6F PC:013A K:00 I:D0 P:35
A:FFFF K:00 B:00 S:01D1 P:36 I:6C E:1 F:A08F T:13 C:0000 N:12E2 W:01E7 L:16! TR:70 PC:013E K:00 I:CA P:35
A:8082 K:00 B:00 S:0159 P:B4 I:F4 E:1 F:A090 T:13 C:0000 N:12E2 W:8082 L:16! TR:71 PC:013F K:00 I:D0 P:35
A:80AD K:00 B:00 S:01E9 P:34 I:28 E:1 F:A091 T:13 C:0000 N:12E2 W:80AD L:16! TR:72 PC:0136 K:00 I:91 P:35
A:017B K:00 B:00 S:017B P:34 I:0B E:1 F:A092 T:13 C:0000 N:12E2 W:805B L:16! TR:73 PC:0138 K:00 I:E6 P:35
A:808C K:00 B:00 S:01FF P:B4 I:F4 E:1 F:A093 T:13 C:0000 N:12E1 W:808C L:16! TR:74 PC:013A K:00 I:D0 P:35
A:80A7 K:00 B:00 S:0192 P:34 I:48 E:1 F:A094 T:13 C:0000 N:12E2 W:80A7 L:16! TR:75 PC:013E K:00 I:CA P:35
A:8061 K:00 B:00 S:0124 P:36 I:AB E:1 F:A095 T:13 C:0000 N:12E2 W:8061 L:16! TR:76 PC:013F K:00 I:D0 P:35
A:01A7 K:00 B:00 S:01A7 P:34 I:48 E:1 F:A096 T:13 C:0000 N:12E1 W:8095 L:16! TR:77 PC:0136 K:00 I:91 P:35
A:0140 K:00 B:00 S:0140 P:34 I:60 E:1 F:A097 T:13 C:0000 N:12E2 W:80AE L:16! TR:78 PC:0138 K:00 I:E6 P:35
A:806B K:00 B:00 S:01CC P:B4 I:AD E:1 F:A098 T:13 C:0000 N:12E1 W:806B L:16! TR:79 PC:013A K:00 I:D0 P:35
A:809C K:00 B:00 S:0150 P:34 I:18 E:1 F:A099 T:13 C:0000 N:12E2 W:809C L:16! TR:7A PC:013E K:00 I:CA P:35
A:01ED K:00 B:00 S:01ED P:36 I:00 E:1 F:A09A T:13 C:0000 N:12E2 W:0203 L:16! TR:7B PC:013F K:00 I:D0 P:35
A:0176 K:00 B:00 S:0176 P:B4 I:F4 E:1 F:A09B T:13 C:0000 N:12E1 W:8079 L:16! TR:7C PC:0136 K:00 I:91 P:35
A:80A5 K:00 B:00 S:01FA P:35 I:09 E:1 F:A09C T:13 C:0000 N:12E2 W:80A5 L:16! TR:7D PC:0138 K:00 I:E6 P:35
A:8059 K:00 B:00 S:0195 P:36 I:EB E:1 F:A09D T:13 C:0000 N:12E2 W:8059 L:16! TR:7E PC:013A K:00 I:D0 P:35
A:8082 K:00 B:00 S:011B P:B4 I:F4 E:1 F:A09E T:13 C:0000 N:12E1 W:8082 L:16! TR:7F PC:013E K:00 I:CA P:35
A:80AD K:00 B:00 S:01A5 P:34 I:28 E:1 F:A09F T:13 C:0000 N:12E2 W:80AD L:16! TR:00 PC:013F K:00 I:D0 P:35
A:8060 K:00 B:00 S:013C P:36 I:48 E:1 F:A0A0 T:13 C:0000 N:12E2 W:8060 L:16! TR:01 PC:0136 K:00 I:91 P:35
A:808A K:00 B:00 S:01C0 P:B4 I:F4 E:1 F:A0A1 T:13 C:0000 N:12E1 W:808A L:16! TR:02 PC:0138 K:00 I:E6 P:35
A:0167 K:00 B:00 S:0154 P:36 I:8D E:1 F:A0A2 T:13 C:0000 N:12E2 W:0167 L:16! TR:03 PC:013A K:00 I:D0 P:35
A:8067 K:00 B:00 S:01E6 P:B4 I:8D E:1 F:A0A3 T:13 C:0000 N:12E1 W:8067 L:16! TR:04 PC:013E K:00 I:CA P:35
A:8093 K:00 B:00 S:0166 P:34 I:1A E:1 F:A0A4 T:13 C:0000 N:12E1 W:8093 L:16! TR:05 PC:013F K:00 I:D0 P:35
A:8059 K:00 B:00 S:01FF P:36 I:EB E:1 F:A0A5 T:13 C:0000 N:12E2 W:8059 L:16! TR:06 PC:0136 K:00 I:91 P:35
A:8070 K:00 B:00 S:0190 P:B4 I:90 E:1 F:A0A6 T:13 C:0000 N:12E1 W:8070 L:16! TR:07 PC:0138 K:00 I:E6 P:35
A:0110 K:00 B:00 S:0110 P:34 I:48 E:1 F:A0A7 T:13 C:0000 N:12E2 W:809A L:16! TR:08 PC:013A K:00 I:D0 P:35
A:8060 K:00 B:00 S:01A6 P:36 I:48 E:1 F:A0A8 T:13 C:0000 N:12E2 W:8060 L:16! TR:09 PC:013E K:00 I:CA P:35
A:807E K:00 B:00 S:0138 P:B4 I:F4 E:1 F:A0A9 T:13 C:0000 N:12E1 W:807E L:16! TR:0A PC:013F K:00 I:D0 P:35
A:80A5 K:00 B:00 S:01B6 P:34 I:09 E:1 F:A0AA T:13 C:0000 N:12E2 W:80A5 L:16! TR:0B PC:0136 K:00 I:91 P:35
A:8069 K:00 B:00 S:0152 P:B4 I:AD E:1 F:A0AB T:13 C:0000 N:12E2 W:8069 L:16! TR:0C PC:0138 K:00 I:E6 P:35
A:8082 K:00 B:00 S:01DD P:B4 I:F4 E:1 F:A0AC T:13 C:0000 N:12E2 W:8082 L:16! TR:0D PC:013A K:00 I:D0 P:35
A:80AD K:00 B:00 S:0161 P:34 I:28 E:1 F:A0AD T:13 C:0000 N:12E2 W:80AD L:16! TR:0E PC:013E K:00 I:CA P:35
A:8076 K:00 B:00 S:01FD P:B4 I:B0 E:1 F:A0AE T:13 C:0000 N:12E2 W:8076 L:16! TR:0F PC:013F K:00 I:D0 P:35
A:808C K:00 B:00 S:0183 P:B4 I:F4 E:1 F:A0AF T:13 C:0000 N:12E2 W:808C L:16! TR:10 PC:0136 K:00 I:91 P:35
A:0123 K:00 B:00 S:0110 P:36 I:8D E:1 F:A0B0 T:13 C:0000 N:12E2 W:0123 L:16! TR:11 PC:0138 K:00 I:E6 P:35
A:8080 K:00 B:00 S:01A3 P:B4 I:F4 E:1 F:A0B1 T:13 C:0000 N:12E2 W:8080 L:16! TR:12 PC:013A K:00 I:D0 P:35
A:012B K:00 B:00 S:012B P:34 I:48 E:1 F:A0B2 T:13 C:0000 N:12E2 W:8095 L:16! TR:13 PC:013E K:00 I:CA P:35
A:8059 K:00 B:00 S:01BB P:36 I:EB E:1 F:A0B3 T:13 C:0000 N:12E2 W:8059 L:16! TR:14 PC:013F K:00 I:D0 P:35
A:808A K:00 B:00 S:0149 P:B4 I:F4 E:1 F:A0B4 T:13 C:0000 N:12E2 W:808A L:16! TR:15 PC:0136 K:00 I:91 P:35
A:809C K:00 B:00 S:01D1 P:34 I:18 E:1 F:A0B5 T:13 C:0000 N:12E2 W:809C L:16! TR:16 PC:0138 K:00 I:E6 P:35
A:8060 K:00 B:00 S:0162 P:36 I:48 E:1 F:A0B6 T:13 C:0000 N:12E2 W:8060 L:16! TR:17 PC:013A K:00 I:D0 P:35
A:8093 K:00 B:00 S:01EF P:B4 I:1A E:1 F:A0B7 T:13 C:0000 N:12E2 W:8093 L:16! TR:18 PC:013E K:00 I:CA P:35
A:80A5 K:00 B:00 S:017B P:74 I:09 E:1 F:A0B8 T:13 C:0000 N:12E2 W:80A5 L:16! TR:19 PC:013F K:00 I:D0 P:35
A:8069 K:00 B:00 S:010E P:B4 I:AD E:1 F:A0B9 T:13 C:0000 N:12E2 W:8069 L:16! TR:1A PC:0136 K:00 I:91 P:35
A:808C K:00 B:00 S:019C P:B4 I:F4 E:1 F:A0BA T:13 C:0000 N:12E1 W:808C L:16! TR:1B PC:0138 K:00 I:E6 P:35
A:80AD K:00 B:00 S:0126 P:34 I:28 E:1 F:A0BB T:13 C:0000 N:12E2 W:80AD L:16! TR:1C PC:013A K:00 I:D0 P:35
A:8076 K:00 B:00 S:01B9 P:B4 I:B0 E:1 F:A0BC T:13 C:0000 N:12E2 W:8076 L:16! TR:1D PC:013E K:00 I:CA P:35
A:0144 K:00 B:00 S:0144 P:34 I:48 E:1 F:A0BD T:13 C:0000 N:12E2 W:8095 L:16! TR:1E PC:013F K:00 I:D0 P:35
A:01E5 K:00 B:00 S:01D2 P:36 I:8D E:1 F:A0BE T:13 C:0000 N:12E2 W:01E5 L:16! TR:1F PC:0136 K:00 I:91 P:35
A:8080 K:00 B:00 S:015F P:B4 I:F4 E:1 F:A0BF T:13 C:0000 N:12E2 W:8080 L:16! TR:20 PC:0138 K:00 I:E6 P:35
A:809C K:00 B:00 S:01ED P:34 I:18 E:1 F:A0C0 T:13 C:0000 N:12E2 W:809C L:16! TR:21 PC:013A K:00 I:D0 P:35
A:8059 K:00 B:00 S:017D P:36 I:EB E:1 F:A0C1 T:13 C:0000 N:12E2 W:8059 L:16! TR:22 PC:013E K:00 I:CA P:35
A:808A K:00 B:00 S:0105 P:B4 I:F4 E:1 F:A0C2 T:13 C:0000 N:12E2 W:808A L:16! TR:23 PC:013F K:00 I:D0 P:35
A:80A3 K:00 B:00 S:0194 P:B4 I:A3 E:1 F:A0C3 T:13 C:0000 N:12E2 W:80A3 L:16! TR:24 PC:0136 K:00 I:91 P:35
A:8060 K:00 B:00 S:0124 P:36 I:48 E:1 F:A0C4 T:13 C:0000 N:12E2 W:8060 L:16! TR:25 PC:0138 K:00 I:E6 P:35
A:8093 K:00 B:00 S:01AB P:B4 I:1A E:1 F:A0C5 T:13 C:0000 N:12E2 W:8093 L:16! TR:26 PC:013A K:00 I:D0 P:35
A:80AB K:00 B:00 S:013F P:34 I:A3 E:1 F:A0C6 T:13 C:0000 N:12E2 W:80AB L:16! TR:27 PC:013E K:00 I:CA P:35
A:8067 K:00 B:00 S:01CE P:B4 I:8D E:1 F:A0C7 T:13 C:0000 N:12E2 W:8067 L:16! TR:28 PC:013F K:00 I:D0 P:35
A:0155 K:00 B:00 S:0155 P:34 I:48 E:1 F:A0C8 T:13 C:0000 N:12E2 W:809A L:16! TR:29 PC:0136 K:00 I:91 P:35
A:01FE K:00 B:00 S:01EE P:36 I:8D E:1 F:A0C9 T:13 C:0000 N:12E2 W:01FE L:16! TR:2A PC:0138 K:00 I:E6 P:35
A:8070 K:00 B:00 S:0178 P:B4 I:90 E:1 F:A0CA T:13 C:0000 N:12E2 W:8070 L:16! TR:2B PC:013A K:00 I:D0 P:35
A:80A3 K:00 B:00 S:01FE P:34 I:A3 E:1 F:A0CB T:13 C:0000 N:12E2 W:80A3 L:16! TR:2C PC:013E K:00 I:CA P:35
A:FC97 K:00 B:00 S:0197 P:36 I:5C E:1 F:A0CC T:13 C:0000 N:12E2 W:FC97 L:16! TR:2D PC:013F K:00 I:D0 P:35
A:807E K:00 B:00 S:0120 P:B4 I:F4 E:1 F:A0CD T:13 C:0000 N:12E2 W:807E L:16! TR:2E PC:0136 K:00 I:91 P:35
A:80AB K:00 B:00 S:01A9 P:34 I:A3 E:1 F:A0CE T:13 C:0000 N:12E2 W:80AB L:16! TR:2F PC:0138 K:00 I:E6 P:35
A:805D K:00 B:00 S:013F P:36 I:A9 E:1 F:A0CF T:13 C:0000 N:12E2 W:805D L:16! TR:30 PC:013A K:00 I:D0 P:35
A:808A K:00 B:00 S:01C1 P:B4 I:F4 E:1 F:A0D0 T:13 C:0000 N:12E1 W:808A L:16! TR:31 PC:013E K:00 I:CA P:35
A:0168 K:00 B:00 S:0158 P:36 I:8D E:1 F:A0D1 T:13 C:0000 N:12E2 W:0168 L:16! TR:32 PC:013F K:00 I:D0 P:35
A:8060 K:00 B:00 S:01E6 P:36 I:48 E:1 F:A0D2 T:13 C:0000 N:12E2 W:8060 L:16! TR:33 PC:0136 K:00 I:91 P:35
A:8093 K:00 B:00 S:0167 P:34 I:1A E:1 F:A0D3 T:13 C:0000 N:12E1 W:8093 L:16! TR:34 PC:0138 K:00 I:E6 P:35
A:0104 K:00 B:00 S:0104 P:36 I:48 E:1 F:A0D4 T:13 C:0000 N:12E2 W:8056 L:16! TR:35 PC:013A K:00 I:D0 P:35
A:8069 K:00 B:00 S:0192 P:B4 I:AD E:1 F:A0D5 T:13 C:0000 N:12E2 W:8069 L:16! TR:36 PC:013E K:00 I:CA P:35
A:0111 K:00 B:00 S:0111 P:34 I:48 E:1 F:A0D6 T:13 C:0000 N:12E1 W:809A L:16! TR:37 PC:013F K:00 I:D0 P:37
A:01AC K:00 B:00 S:01AC P:36 I:8B E:1 F:A0D7 T:13 C:0000 N:12E2 W:805F L:16! TR:38 PC:0141 K:00 I:F0 P:37
A:8076 K:00 B:00 S:013D P:B4 I:B0 E:1 F:A0D8 T:13 C:0000 N:12E1 W:8076 L:16! TR:39 PC:0101 K:00 I:FF P:37
A:80A3 K:00 B:00 S:01BA P:B4 I:A3 E:1 F:A0D9 T:13 C:0000 N:12E2 W:80A3 L:16! TR:3A PC:0119 K:00 I:30 P:B5
A:8067 K:00 B:00 S:0157 P:B4 I:8D E:1 F:A0DA T:13 C:0000 N:12E2 W:8067 L:16! TR:3B PC:011C K:00 I:4A P:B5
A:8080 K:00 B:00 S:01E0 P:B4 I:F4 E:1 F:A0DB T:13 C:0000 N:12E1 W:8080 L:16! TR:3C PC:011D K:00 I:AF P:35
A:80AB K:00 B:00 S:0165 P:34 I:A3 E:1 F:A0DC T:13 C:0000 N:12E2 W:80AB L:16! TR:3D PC:0121 K:00 I:46 P:37
A:8070 K:00 B:00 S:0101 P:B4 I:90 E:1 F:A0DD T:13 C:0000 N:12E2 W:8070 L:16! TR:3E PC:0123 K:00 I:E6 P:35
A:808A K:00 B:00 S:0186 P:B4 I:F4 E:1 F:A0DE T:13 C:0000 N:12E2 W:808A L:16! TR:3F PC:0125 K:00 I:8D P:37
A:0124 K:00 B:00 S:0114 P:36 I:8D E:1 F:A0DF T:13 C:0000 N:12E2 W:0124 L:16! TR:40 PC:0128 K:00 I:C6 P:37
A:8069 K:00 B:00 S:01AB P:B4 I:AD E:1 F:A0E0 T:13 C:0000 N:12E2 W:8069 L:16! TR:41 PC:012A K:00 I:E6 P:B5
A:8093 K:00 B:00 S:012C P:34 I:1A E:1 F:A0E1 T:13 C:0000 N:12E1 W:8093 L:16! TR:42 PC:012C K:00 I:D0 P:35
A:01C0 K:00 B:00 S:01C0 P:36 I:48 E:1 F:A0E2 T:13 C:0000 N:12E2 W:8056 L:16! TR:43 PC:0130 K:00 I:60 P:35
A:8076 K:00 B:00 S:0156 P:B4 I:B0 E:1 F:A0E3 T:13 C:0000 N:12E2 W:8076 L:16! TR:44 PC:0136 K:00 I:91 P:35
A:01D3 K:00 B:00 S:01D3 P:34 I:48 E:1 F:A0E4 T:13 C:0000 N:12E1 W:809A L:16! TR:45 PC:0138 K:00 I:E6 P:35
A:0168 K:00 B:00 S:0168 P:36 I:8B E:1 F:A0E5 T:13 C:0000 N:12E2 W:805F L:16! TR:46 PC:013A K:00 I:D0 P:37
A:8080 K:00 B:00 S:01FC P:B4 I:F4 E:1 F:A0E6 T:13 C:0000 N:12E1 W:8080 L:16! TR:47 PC:013C K:00 I:E6 P:37
A:80A3 K:00 B:00 S:017C P:F4 I:A3 E:1 F:A0E7 T:13 C:0000 N:12E2 W:80A3 L:16! TR:48 PC:013E K:00 I:CA P:35
A:8067 K:00 B:00 S:0113 P:B4 I:8D E:1 F:A0E8 T:13 C:0000 N:12E2 W:8067 L:16! TR:49 PC:013F K:00 I:D0 P:35
A:01A1 K:00 B:00 S:01A1 P:B4 I:F4 E:1 F:A0E9 T:13 C:0000 N:12E1 W:8088 L:16! TR:4A PC:0136 K:00 I:91 P:35
A:80AB K:00 B:00 S:0127 P:34 I:A3 E:1 F:A0EA T:13 C:0000 N:12E2 W:80AB L:16! TR:4B PC:0138 K:00 I:E6 P:35
A:8070 K:00 B:00 S:01BD P:B4 I:90 E:1 F:A0EB T:13 C:0000 N:12E2 W:8070 L:16! TR:4C PC:013A K:00 I:D0 P:35
A:0146 K:00 B:00 S:0146 P:B4 I:F4 E:1 F:A0EC T:13 C:0000 N:12E2 W:8091 L:16! TR:4D PC:013E K:00 I:CA P:35
A:01E1 K:00 B:00 S:01D3 P:36 I:8D E:1 F:A0ED T:13 C:0000 N:12E2 W:01E1 L:16! TR:4E PC:013F K:00 I:D0 P:35
A:807E K:00 B:00 S:0165 P:B4 I:F4 E:1 F:A0EE T:13 C:0000 N:12E2 W:807E L:16! TR:4F PC:0136 K:00 I:91 P:35
A:8098 K:00 B:00 S:01EF P:B4 I:A3 E:1 F:A0EF T:13 C:0000 N:12E2 W:8098 L:16! TR:50 PC:0138 K:00 I:E6 P:35
A:FC97 K:00 B:00 S:017F P:36 I:5C E:1 F:A0F0 T:13 C:0000 N:12E2 W:FC97 L:16! TR:51 PC:013A K:00 I:D0 P:35
A:010B K:00 B:00 S:010B P:B4 I:F4 E:1 F:A0F1 T:13 C:0000 N:12E2 W:8088 L:16! TR:52 PC:013E K:00 I:CA P:35
A:809F K:00 B:00 S:0197 P:34 I:EB E:1 F:A0F2 T:13 C:0000 N:12E2 W:809F L:16! TR:53 PC:013F K:00 I:D0 P:35
A:805D K:00 B:00 S:0127 P:36 I:A9 E:1 F:A0F3 T:13 C:0000 N:12E2 W:805D L:16! TR:54 PC:0136 K:00 I:91 P:35
A:01B0 K:00 B:00 S:01B0 P:B4 I:F4 E:1 F:A0F4 T:13 C:0000 N:12E2 W:8091 L:16! TR:55 PC:0138 K:00 I:E6 P:35
A:80A7 K:00 B:00 S:0140 P:34 I:48 E:1 F:A0F5 T:13 C:0000 N:12E2 W:80A7 L:16! TR:56 PC:013A K:00 I:D0 P:35
A:8067 K:00 B:00 S:01CF P:B4 I:8D E:1 F:A0F6 T:13 C:0000 N:12E2 W:8067 L:16! TR:57 PC:013E K:00 I:CA P:35
A:8098 K:00 B:00 S:0159 P:34 I:A3 E:1 F:A0F7 T:13 C:0000 N:12E2 W:8098 L:16! TR:58 PC:013F K:00 I:D0 P:35
A:01EE K:00 B:00 S:01EE P:36 I:60 E:1 F:A0F8 T:13 C:0000 N:12E2 W:80AE L:16! TR:59 PC:0136 K:00 I:91 P:35
A:8070 K:00 B:00 S:0179 P:B4 I:90 E:1 F:A0F9 T:13 C:0000 N:12E2 W:8070 L:16! TR:5A PC:0138 K:00 I:E6 P:35
A:80A1 K:00 B:00 S:0103 P:34 I:EB E:1 F:A0FA T:13 C:0000 N:12E2 W:80A1 L:16! TR:5B PC:013A K:00 I:D0 P:35
A:01A8 K:00 B:00 S:0198 P:36 I:8D E:1 F:A0FB T:13 C:0000 N:12E2 W:01A8 L:16! TR:5C PC:013E K:00 I:CA P:35
A:807E K:00 B:00 S:0121 P:B4 I:F4 E:1 F:A0FC T:13 C:0000 N:12E2 W:807E L:16! TR:5D PC:013F K:00 I:D0 P:35
A:80A9 K:00 B:00 S:01AD P:34 I:A3 E:1 F:A0FD T:13 C:0000 N:12E2 W:80A9 L:16! TR:5E PC:0136 K:00 I:91 P:35
A:0144 K:00 B:00 S:0144 P:36 I:48 E:1 F:A0FE T:13 C:0000 N:12E1 W:8056 L:16! TR:5F PC:0138 K:00 I:E6 P:35
A:01C7 K:00 B:00 S:01C7 P:B4 I:F4 E:1 F:A0FF T:13 C:0000 N:12E2 W:8088 L:16! TR:60 PC:013A K:00 I:D0 P:35
A:016A K:00 B:00 S:015C P:36 I:8D E:1 F:A100 T:13 C:0000 N:12E2 W:016A L:16! TR:61 PC:013E K:00 I:CA P:35
A:01E9 K:00 B:00 S:01E9 P:36 I:8B E:1 F:A101 T:13 C:0000 N:12E1 W:805F L:16! TR:62 PC:013F K:00 I:D0 P:35
A:016C K:00 B:00 S:016C P:B4 I:F4 E:1 F:A102 T:13 C:0000 N:12E1 W:8091 L:16! TR:63 PC:0136 K:00 I:91 P:35
A:FC97 K:00 B:00 S:0108 P:36 I:5C E:1 F:A103 T:13 C:0000 N:12E2 W:FC97 L:16! TR:64 PC:0138 K:00 I:E6 P:35
A:8067 K:00 B:00 S:0194 P:B4 I:8D E:1 F:A104 T:13 C:0000 N:12E2 W:8067 L:16! TR:65 PC:013A K:00 I:D0 P:35
A:8098 K:00 B:00 S:0115 P:34 I:A3 E:1 F:A105 T:13 C:0000 N:12E1 W:8098 L:16! TR:66 PC:013E K:00 I:CA P:35
A:01C1 K:00 B:00 S:01B1 P:34 I:8D E:1 F:A106 T:13 C:0000 N:12E2 W:01C1 L:16! TR:67 PC:013F K:00 I:D0 P:35
A:8070 K:00 B:00 S:013E P:B4 I:90 E:1 F:A107 T:13 C:0000 N:12E1 W:8070 L:16! TR:68 PC:0136 K:00 I:91 P:35
A:80A1 K:00 B:00 S:01BF P:34 I:EB E:1 F:A108 T:13 C:0000 N:12E2 W:80A1 L:16! TR:69 PC:0138 K:00 I:E6 P:35
A:015D K:00 B:00 S:015D P:34 I:48 E:1 F:A109 T:13 C:0000 N:12E2 W:8056 L:16! TR:6A PC:013A K:00 I:D0 P:35
A:807E K:00 B:00 S:01E3 P:B4 I:F4 E:1 F:A10A T:13 C:0000 N:12E1 W:807E L:16! TR:6B PC:013E K:00 I:CA P:35
A:80A9 K:00 B:00 S:0169 P:34 I:A3 E:1 F:A10B T:13 C:0000 N:12E2 W:80A9 L:16! TR:6C PC:013F K:00 I:D0 P:35
A:0105 K:00 B:00 S:0105 P:36 I:8B E:1 F:A10C T:13 C:0000 N:12E2 W:805F L:16! TR:6D PC:0136 K:00 I:91 P:35
A:0189 K:00 B:00 S:0189 P:B4 I:F4 E:1 F:A10D T:13 C:0000 N:12E1 W:8088 L:16! TR:6E PC:0138 K:00 I:E6 P:35
A:0126 K:00 B:00 S:0118 P:36 I:8D E:1 F:A10E T:13 C:0000 N:12E2 W:0126 L:16! TR:6F PC:013A K:00 I:D0 P:35
A:8064 K:00 B:00 S:01AD P:B4 I:AD E:1 F:A10F T:13 C:0000 N:12E2 W:8064 L:16! TR:70 PC:013E K:00 I:CA P:35
A:012E K:00 B:00 S:012E P:B4 I:F4 E:1 F:A110 T:13 C:0000 N:12E1 W:8091 L:16! TR:71 PC:013F K:00 I:D0 P:35
A:FC97 K:00 B:00 S:01C4 P:36 I:5C E:1 F:A111 T:13 C:0000 N:12E2 W:FC97 L:16! TR:72 PC:0136 K:00 I:91 P:35
A:806E K:00 B:00 S:0158 P:B4 I:8D E:1 F:A112 T:13 C:0000 N:12E2 W:806E L:16! TR:73 PC:0138 K:00 I:E6 P:35
A:8096 K:00 B:00 S:01D5 P:B4 I:EB E:1 F:A113 T:13 C:0000 N:12E1 W:8096 L:16! TR:74 PC:013A K:00 I:D0 P:35
A:805D K:00 B:00 S:016C P:36 I:A9 E:1 F:A114 T:13 C:0000 N:12E2 W:805D L:16! TR:75 PC:013E K:00 I:CA P:35
A:0101 K:00 B:00 S:0101 P:B4 I:F4 E:1 F:A115 T:13 C:0000 N:12E2 W:807C L:16! TR:76 PC:013F K:00 I:D0 P:35
A:809F K:00 B:00 S:017F P:74 I:EB E:1 F:A116 T:13 C:0000 N:12E2 W:809F L:16! TR:77 PC:0136 K:00 I:91 P:35
A:8064 K:00 B:00 S:0117 P:B4 I:AD E:1 F:A117 T:13 C:0000 N:12E2 W:8064 L:16! TR:78 PC:0138 K:00 I:E6 P:35
A:8082 K:00 B:00 S:01A4 P:B4 I:F4 E:1 F:A118 T:13 C:0000 N:12E1 W:8082 L:16! TR:79 PC:013A K:00 I:D0 P:35
A:80A7 K:00 B:00 S:0128 P:34 I:48 E:1 F:A119 T:13 C:0000 N:12E2 W:80A7 L:16! TR:7A PC:013E K:00 I:CA P:35
A:806E K:00 B:00 S:01C2 P:B4 I:8D E:1 F:A11A T:13 C:0000 N:12E2 W:806E L:16! TR:7B PC:013F K:00 I:D0 P:35
A:808C K:00 B:00 S:014A P:B4 I:F4 E:1 F:A11B T:13 C:0000 N:12E1 W:808C L:16! TR:7C PC:0136 K:00 I:91 P:35
A:01E2 K:00 B:00 S:01D4 P:36 I:8D E:1 F:A11C T:13 C:0000 N:12E2 W:01E2 L:16! TR:7D PC:0138 K:00 I:E6 P:35
A:016B K:00 B:00 S:016B P:B4 I:F4 E:1 F:A11D T:13 C:0000 N:12E2 W:807C L:16! TR:7E PC:013A K:00 I:D0 P:35
A:01F2 K:00 B:00 S:01F2 P:34 I:48 E:1 F:A11E T:13 C:0000 N:12E2 W:8095 L:16! TR:7F PC:013E K:00 I:CA P:35
A:FC97 K:00 B:00 S:0180 P:36 I:5C E:1 F:A11F T:13 C:0000 N:12E2 W:FC97 L:16! TR:00 PC:013F K:00 I:D0 P:35
A:0110 K:00 B:00 S:0110 P:B4 I:F4 E:1 F:A120 T:13 C:0000 N:12E2 W:8085 L:16! TR:01 PC:0136 K:00 I:91 P:35
A:8098 K:00 B:00 S:0199 P:B4 I:A3 E:1 F:A121 T:13 C:0000 N:12E2 W:8098 L:16! TR:02 PC:0138 K:00 I:E6 P:35
A:805D K:00 B:00 S:0128 P:36 I:A9 E:1 F:A122 T:13 C:0000 N:12E2 W:805D L:16! TR:03 PC:013A K:00 I:D0 P:35
A:808E K:00 B:00 S:01B5 P:B4 I:F4 E:1 F:A123 T:13 C:0000 N:12E2 W:808E L:16! TR:04 PC:013E K:00 I:CA P:35
A:80A1 K:00 B:00 S:0143 P:34 I:EB E:1 F:A124 T:13 C:0000 N:12E2 W:80A1 L:16! TR:05 PC:013F K:00 I:D0 P:35
A:8064 K:00 B:00 S:01D3 P:B4 I:AD E:1 F:A125 T:13 C:0000 N:12E2 W:8064 L:16! TR:06 PC:0136 K:00 I:91 P:35
A:8096 K:00 B:00 S:015E P:34 I:EB E:1 F:A126 T:13 C:0000 N:12E1 W:8096 L:16! TR:07 PC:0138 K:00 I:E6 P:35
A:80A9 K:00 B:00 S:01ED P:34 I:A3 E:1 F:A127 T:13 C:0000 N:12E2 W:80A9 L:16! TR:08 PC:013A K:00 I:D0 P:35
A:806E K:00 B:00 S:017E P:B4 I:8D E:1 F:A128 T:13 C:0000 N:12E2 W:806E L:16! TR:09 PC:013E K:00 I:CA P:35
A:809F K:00 B:00 S:0108 P:34 I:EB E:1 F:A129 T:13 C:0000 N:12E2 W:809F L:16! TR:0A PC:013F K:00 I:D0 P:35
A:01A7 K:00 B:00 S:0199 P:36 I:8D E:1 F:A12A T:13 C:0000 N:12E2 W:01A7 L:16! TR:0B PC:0136 K:00 I:91 P:35
A:0127 K:00 B:00 S:0127 P:B4 I:F4 E:1 F:A12B T:13 C:0000 N:12E2 W:807C L:16! TR:0C PC:0138 K:00 I:E6 P:35
A:8098 K:00 B:00 S:01B2 P:B4 I:A3 E:1 F:A12C T:13 C:0000 N:12E2 W:8098 L:16! TR:0D PC:013A K:00 I:D0 P:35
A:FC97 K:00 B:00 S:0145 P:36 I:5C E:1 F:A12D T:13 C:0000 N:12E2 W:FC97 L:16! TR:0E PC:013E K:00 I:CA P:35
A:01CC K:00 B:00 S:01CC P:B4 I:F4 E:1 F:A12E T:13 C:0000 N:12E2 W:8085 L:16! TR:0F PC:013F K:00 I:D0 P:35
A:80A1 K:00 B:00 S:015C P:34 I:EB E:1 F:A12F T:13 C:0000 N:12E2 W:80A1 L:16! TR:10 PC:0136 K:00 I:91 P:35
A:805D K:00 B:00 S:01EA P:36 I:A9 E:1 F:A130 T:13 C:0000 N:12E2 W:805D L:16! TR:11 PC:0138 K:00 I:E6 P:35
A:808E K:00 B:00 S:0171 P:B4 I:F4 E:1 F:A131 T:13 C:0000 N:12E1 W:808E L:16! TR:12 PC:013A K:00 I:D0 P:35
A:80A9 K:00 B:00 S:0106 P:34 I:A3 E:1 F:A132 T:13 C:0000 N:12E2 W:80A9 L:16! TR:13 PC:013E K:00 I:CA P:35
A:8064 K:00 B:00 S:0195 P:B4 I:AD E:1 F:A133 T:13 C:0000 N:12E2 W:8064 L:16! TR:14 PC:013F K:00 I:D0 P:35
A:8096 K:00 B:00 S:011A P:34 I:EB E:1 F:A134 T:13 C:0000 N:12E2 W:8096 L:16! TR:15 PC:0136 K:00 I:91 P:35
A:01B1 K:00 B:00 S:01B1 P:36 I:60 E:1 F:A135 T:13 C:0000 N:12E2 W:80AE L:16! TR:16 PC:0138 K:00 I:E6 P:35
A:806E K:00 B:00 S:0140 P:B4 I:8D E:1 F:A136 T:13 C:0000 N:12E1 W:806E L:16! TR:17 PC:013A K:00 I:D0 P:35
A:809F K:00 B:00 S:01C4 P:34 I:EB E:1 F:A137 T:13 C:0000 N:12E2 W:809F L:16! TR:18 PC:013E K:00 I:CA P:35
A:FFFF K:00 B:00 S:015E P:36 I:6C E:1 F:A138 T:13 C:0000 N:12E2 W:0174 L:16! TR:19 PC:013F K:00 I:D0 P:35
A:01E7 K:00 B:00 S:01E7 P:B4 I:F4 E:1 F:A139 T:13 C:0000 N:12E2 W:8079 L:16! TR:1A PC:0136 K:00 I:91 P:35
A:80A7 K:00 B:00 S:016D P:34 I:48 E:1 F:A13A T:13 C:0000 N:12E2 W:80A7 L:16! TR:1B PC:0138 K:00 I:E6 P:35
A:0108 K:00 B:00 S:0108 P:34 I:0B E:1 F:A13B T:13 C:0000 N:12E2 W:805B L:16! TR:1C PC:013A K:00 I:D0 P:35
A:8082 K:00 B:00 S:018C P:B4 I:F4 E:1 F:A13C T:13 C:0000 N:12E1 W:8082 L:16! TR:1D PC:013E K:00 I:CA P:35
A:011B K:00 B:00 S:011B P:36 I:60 E:1 F:A13D T:13 C:0000 N:12E2 W:80AE L:16! TR:1E PC:013F K:00 I:D0 P:35
A:8060 K:00 B:00 S:01AD P:36 I:48 E:1 F:A13E T:13 C:0000 N:12E1 W:8060 L:16! TR:1F PC:0136 K:00 I:91 P:35
A:808C K:00 B:00 S:0132 P:B4 I:F4 E:1 F:A13F T:13 C:0000 N:12E1 W:808C L:16! TR:20 PC:0138 K:00 I:E6 P:35
A:FFFF K:00 B:00 S:01C8 P:36 I:6C E:1 F:A140 T:13 C:0000 N:12E2 W:01DE L:16! TR:21 PC:013A K:00 I:D0 P:35
A:8069 K:00 B:00 S:0159 P:B4 I:AD E:1 F:A141 T:13 C:0000 N:12E2 W:8069 L:16! TR:22 PC:013E K:00 I:CA P:35
A:8096 K:00 B:00 S:01D6 P:B4 I:EB E:1 F:A142 T:13 C:0000 N:12E2 W:8096 L:16! TR:23 PC:013F K:00 I:D0 P:35
A:0172 K:00 B:00 S:0172 P:34 I:0B E:1 F:A143 T:13 C:0000 N:12E2 W:805B L:16! TR:24 PC:0136 K:00 I:91 P:35
A:8076 K:00 B:00 S:0104 P:B4 I:B0 E:1 F:A144 T:13 C:0000 N:12E1 W:8076 L:16! TR:25 PC:0138 K:00 I:E6 P:35
A:809F K:00 B:00 S:0180 P:34 I:EB E:1 F:A145 T:13 C:0000 N:12E2 W:809F L:16! TR:26 PC:013A K:00 I:D0 P:35
A:8061 K:00 B:00 S:011B P:36 I:AB E:1 F:A146 T:13 C:0000 N:12E2 W:8061 L:16! TR:27 PC:013E K:00 I:CA P:35
A:01AB K:00 B:00 S:01AB P:B4 I:F4 E:1 F:A147 T:13 C:0000 N:12E1 W:807C L:16! TR:28 PC:013F K:00 I:D0 P:35
A:80A7 K:00 B:00 S:0129 P:34 I:48 E:1 F:A148 T:13 C:0000 N:12E2 W:80A7 L:16! TR:29 PC:0136 K:00 I:91 P:35
A:806B K:00 B:00 S:01C6 P:B4 I:AD E:1 F:A149 T:13 C:0000 N:12E2 W:806B L:16! TR:2A PC:0138 K:00 I:E6 P:35
A:0150 K:00 B:00 S:0150 P:B4 I:F4 E:1 F:A14A T:13 C:0000 N:12E2 W:8085 L:16! TR:2B PC:013A K:00 I:D0 P:35
A:01D7 K:00 B:00 S:01D7 P:36 I:60 E:1 F:A14B T:13 C:0000 N:12E2 W:80AE L:16! TR:2C PC:013E K:00 I:CA P:35
A:0170 K:00 B:00 S:0170 P:B4 I:F4 E:1 F:A14C T:13 C:0000 N:12E2 W:8079 L:16! TR:2D PC:013F K:00 I:D0 P:35
A:808E K:00 B:00 S:01F5 P:B4 I:F4 E:1 F:A14D T:13 C:0000 N:12E2 W:808E L:16! TR:2E PC:0136 K:00 I:91 P:35
A:FFFF K:00 B:00 S:0184 P:36 I:6C E:1 F:A14E T:13 C:0000 N:12E2 W:019A L:16! TR:2F PC:0138 K:00 I:E6 P:35
A:8082 K:00 B:00 S:0115 P:B4 I:F4 E:1 F:A14F T:13 C:0000 N:12E2 W:8082 L:16! TR:30 PC:013A K:00 I:D0 P:35
A:8096 K:00 B:00 S:019B P:B4 I:EB E:1 F:A150 T:13 C:0000 N:12E2 W:8096 L:16! TR:31 PC:013E K:00 I:CA P:35
A:012E K:00 B:00 S:012E P:34 I:0B E:1 F:A151 T:13 C:0000 N:12E2 W:805B L:16! TR:32 PC:013F K:00 I:D0 P:35
A:01C4 K:00 B:00 S:01C4 P:B4 I:F4 E:1 F:A152 T:13 C:0000 N:12E2 W:807C L:16! TR:33 PC:0136 K:00 I:91 P:35
A:809F K:00 B:00 S:0145 P:34 I:EB E:1 F:A153 T:13 C:0000 N:12E1 W:809F L:16! TR:34 PC:0138 K:00 I:E6 P:35
A:8061 K:00 B:00 S:01D7 P:36 I:AB E:1 F:A154 T:13 C:0000 N:12E2 W:8061 L:16! TR:35 PC:013A K:00 I:D0 P:35
A:0169 K:00 B:00 S:0169 P:B4 I:F4 E:1 F:A155 T:13 C:0000 N:12E1 W:8085 L:16! TR:36 PC:013E K:00 I:CA P:35
A:80A7 K:00 B:00 S:01EE P:34 I:48 E:1 F:A156 T:13 C:0000 N:12E2 W:80A7 L:16! TR:37 PC:013F K:00 I:D0 P:37
A:806B K:00 B:00 S:0182 P:B4 I:AD E:1 F:A157 T:13 C:0000 N:12E1 W:806B L:16! TR:38 PC:0141 K:00 I:F0 P:37
A:808E K:00 B:00 S:010E P:B4 I:F4 E:1 F:A158 T:13 C:0000 N:12E2 W:808E L:16! TR:39 PC:0101 K:00 I:FF P:37
A:0199 K:00 B:00 S:0199 P:36 I:60 E:1 F:A159 T:13 C:0000 N:12E2 W:80AE L:16! TR:3A PC:0119 K:00 I:30 P:B5
A:012C K:00 B:00 S:012C P:B4 I:F4 E:1 F:A15A T:13 C:0000 N:12E2 W:8079 L:16! TR:3B PC:011C K:00 I:4A P:B5
A:01B5 K:00 B:00 S:01B5 P:34 I:48 E:1 F:A15B T:13 C:0000 N:12E2 W:8095 L:16! TR:3C PC:011D K:00 I:AF P:35
A:FFFF K:00 B:00 S:0146 P:36 I:6C E:1 F:A15C T:13 C:0000 N:12E2 W:015C L:16! TR:3D PC:0121 K:00 I:46 P:37
A:8082 K:00 B:00 S:01D1 P:B4 I:F4 E:1 F:A15D T:13 C:0000 N:12E2 W:8082 L:16! TR:3E PC:0123 K:00 I:E6 P:35
A:809C K:00 B:00 S:015E P:34 I:18 E:1 F:A15E T:13 C:0000 N:12E2 W:809C L:16! TR:3F PC:0125 K:00 I:8D P:37
A:8059 K:00 B:00 S:01EE P:36 I:EB E:1 F:A15F T:13 C:0000 N:12E2 W:8059 L:16! TR:40 PC:0128 K:00 I:C6 P:37
A:808C K:00 B:00 S:0177 P:B4 I:F4 E:1 F:A160 T:13 C:0000 N:12E2 W:808C L:16! TR:41 PC:012A K:00 I:E6 P:B5
A:80A5 K:00 B:00 S:0108 P:34 I:09 E:1 F:A161 T:13 C:0000 N:12E2 W:80A5 L:16! TR:42 PC:012C K:00 I:D0 P:35
A:8060 K:00 B:00 S:0195 P:36 I:48 E:1 F:A162 T:13 C:0000 N:12E1 W:8060 L:16! TR:43 PC:0130 K:00 I:60 P:35
A:011F K:00 B:00 S:011F P:34 I:48 E:1 F:A163 T:13 C:0000 N:12E1 W:8095 L:16! TR:44 PC:0136 K:00 I:91 P:35
A:80AB K:00 B:00 S:01B0 P:34 I:A3 E:1 F:A164 T:13 C:0000 N:12E2 W:80AB L:16! TR:45 PC:0138 K:00 I:E6 P:35
A:8069 K:00 B:00 S:0141 P:B4 I:AD E:1 F:A165 T:13 C:0000 N:12E2 W:8069 L:16! TR:46 PC:013A K:00 I:D0 P:37
A:809C K:00 B:00 S:01C8 P:34 I:18 E:1 F:A166 T:13 C:0000 N:12E2 W:809C L:16! TR:47 PC:013C K:00 I:E6 P:37
A:016F K:00 B:00 S:015F P:36 I:8D E:1 F:A167 T:13 C:0000 N:12E2 W:016F L:16! TR:48 PC:013E K:00 I:CA P:35
A:01E8 K:00 B:00 S:01E8 P:B4 I:F4 E:1 F:A168 T:13 C:0000 N:12E2 W:8079 L:16! TR:49 PC:013F K:00 I:D0 P:35
A:80A5 K:00 B:00 S:0172 P:74 I:09 E:1 F:A169 T:13 C:0000 N:12E2 W:80A5 L:16! TR:4A PC:0136 K:00 I:91 P:35
A:010B K:00 B:00 S:010B P:36 I:48 E:1 F:A16A T:13 C:0000 N:12E2 W:8056 L:16! TR:4B PC:0138 K:00 I:E6 P:35
A:8082 K:00 B:00 S:018D P:B4 I:F4 E:1 F:A16B T:13 C:0000 N:12E2 W:8082 L:16! TR:4C PC:013A K:00 I:D0 P:35
A:80AD K:00 B:00 S:011D P:34 I:28 E:1 F:A16C T:13 C:0000 N:12E2 W:80AD L:16! TR:4D PC:013E K:00 I:CA P:35
A:01B2 K:00 B:00 S:01B2 P:34 I:0B E:1 F:A16D T:13 C:0000 N:12E2 W:805B L:16! TR:4E PC:013F K:00 I:D0 P:35
A:808C K:00 B:00 S:0133 P:B4 I:F4 E:1 F:A16E T:13 C:0000 N:12E2 W:808C L:16! TR:4F PC:0136 K:00 I:91 P:35
A:01DF K:00 B:00 S:01CC P:36 I:8D E:1 F:A16F T:13 C:0000 N:12E2 W:01DF L:16! TR:50 PC:0138 K:00 I:E6 P:35
A:8061 K:00 B:00 S:015B P:36 I:AB E:1 F:A170 T:13 C:0000 N:12E2 W:8061 L:16! TR:51 PC:013A K:00 I:D0 P:35
A:01DB K:00 B:00 S:01DB P:34 I:48 E:1 F:A171 T:13 C:0000 N:12E2 W:8095 L:16! TR:52 PC:013E K:00 I:CA P:35
A:8059 K:00 B:00 S:0177 P:36 I:EB E:1 F:A172 T:13 C:0000 N:12E2 W:8059 L:16! TR:53 PC:013F K:00 I:D0 P:35
A:806B K:00 B:00 S:0106 P:B4 I:AD E:1 F:A173 T:13 C:0000 N:12E2 W:806B L:16! TR:54 PC:0136 K:00 I:91 P:35
A:809C K:00 B:00 S:0184 P:34 I:18 E:1 F:A174 T:13 C:0000 N:12E2 W:809C L:16! TR:55 PC:0138 K:00 I:E6 P:35
A:8060 K:00 B:00 S:011E P:36 I:48 E:1 F:A175 T:13 C:0000 N:12E2 W:8060 L:16! TR:56 PC:013A K:00 I:D0 P:35
A:01AD K:00 B:00 S:01AD P:B4 I:F4 E:1 F:A176 T:13 C:0000 N:12E1 W:8079 L:16! TR:57 PC:013E K:00 I:CA P:35
A:80A5 K:00 B:00 S:012E P:34 I:09 E:1 F:A177 T:13 C:0000 N:12E2 W:80A5 L:16! TR:58 PC:013F K:00 I:D0 P:35
A:01CB K:00 B:00 S:01CB P:34 I:0B E:1 F:A178 T:13 C:0000 N:12E2 W:805B L:16! TR:59 PC:0136 K:00 I:91 P:35
A:8082 K:00 B:00 S:0152 P:B4 I:F4 E:1 F:A179 T:13 C:0000 N:12E2 W:8082 L:16! TR:5A PC:0138 K:00 I:E6 P:35
A:80AD K:00 B:00 S:01D9 P:34 I:28 E:1 F:A17A T:13 C:0000 N:12E2 W:80AD L:16! TR:5B PC:013A K:00 I:D0 P:35
A:8061 K:00 B:00 S:0174 P:36 I:AB E:1 F:A17B T:13 C:0000 N:12E2 W:8061 L:16! TR:5C PC:013E K:00 I:CA P:35
A:808C K:00 B:00 S:01F8 P:B4 I:F4 E:1 F:A17C T:13 C:0000 N:12E1 W:808C L:16! TR:5D PC:013F K:00 I:D0 P:35
A:019B K:00 B:00 S:0188 P:36 I:8D E:1 F:A17D T:13 C:0000 N:12E2 W:019B L:16! TR:5E PC:0136 K:00 I:91 P:35
A:806B K:00 B:00 S:011F P:B4 I:AD E:1 F:A17E T:13 C:0000 N:12E2 W:806B L:16! TR:5F PC:0138 K:00 I:E6 P:35
A:019D K:00 B:00 S:019D P:34 I:48 E:1 F:A17F T:13 C:0000 N:12E1 W:8095 L:16! TR:60 PC:013A K:00 I:D0 P:35
A:8059 K:00 B:00 S:0133 P:36 I:EB E:1 F:A180 T:13 C:0000 N:12E2 W:8059 L:16! TR:61 PC:013E K:00 I:CA P:35
A:8076 K:00 B:00 S:01C7 P:B4 I:B0 E:1 F:A181 T:13 C:0000 N:12E2 W:8076 L:16! TR:62 PC:013F K:00 I:D0 P:35
A:809C K:00 B:00 S:0146 P:34 I:18 E:1 F:A182 T:13 C:0000 N:12E2 W:809C L:16! TR:63 PC:0136 K:00 I:91 P:35
A:8060 K:00 B:00 S:01DA P:36 I:48 E:1 F:A183 T:13 C:0000 N:12E2 W:8060 L:16! TR:64 PC:0138 K:00 I:E6 P:35
A:8080 K:00 B:00 S:016D P:B4 I:F4 E:1 F:A184 T:13 C:0000 N:12E1 W:8080 L:16! TR:65 PC:013A K:00 I:D0 P:35
A:80A5 K:00 B:00 S:01F0 P:34 I:09 E:1 F:A185 T:13 C:0000 N:12E2 W:80A5 L:16! TR:66 PC:013E K:00 I:CA P:35
A:8069 K:00 B:00 S:0186 P:B4 I:AD E:1 F:A186 T:13 C:0000 N:12E2 W:8069 L:16! TR:67 PC:013F K:00 I:D0 P:35
A:808A K:00 B:00 S:0113 P:B4 I:F4 E:1 F:A187 T:13 C:0000 N:12E2 W:808A L:16! TR:68 PC:0136 K:00 I:91 P:35
A:80AB K:00 B:00 S:0198 P:34 I:A3 E:1 F:A188 T:13 C:0000 N:12E2 W:80AB L:16! TR:69 PC:0138 K:00 I:E6 P:35
A:8076 K:00 B:00 S:0131 P:B4 I:B0 E:1 F:A189 T:13 C:0000 N:12E2 W:8076 L:16! TR:6A PC:013A K:00 I:D0 P:35
A:01B7 K:00 B:00 S:01B7 P:B4 I:F4 E:1 F:A18A T:13 C:0000 N:12E1 W:8091 L:16! TR:6B PC:013E K:00 I:CA P:35
A:0157 K:00 B:00 S:0147 P:36 I:8D E:1 F:A18B T:13 C:0000 N:12E2 W:0157 L:16! TR:6C PC:013F K:00 I:D0 P:35
A:8080 K:00 B:00 S:01D7 P:B4 I:F4 E:1 F:A18C T:13 C:0000 N:12E2 W:8080 L:16! TR:6D PC:0136 K:00 I:91 P:35
A:8098 K:00 B:00 S:0160 P:34 I:A3 E:1 F:A18D T:13 C:0000 N:12E2 W:8098 L:16! TR:6E PC:0138 K:00 I:E6 P:35
A:8059 K:00 B:00 S:01EF P:34 I:EB E:1 F:A18E T:13 C:0000 N:12E2 W:8059 L:16! TR:6F PC:013A K:00 I:D0 P:35
A:808A K:00 B:00 S:017D P:B4 I:F4 E:1 F:A18F T:13 C:0000 N:12E2 W:808A L:16! TR:70 PC:013E K:00 I:CA P:35
A:80A1 K:00 B:00 S:010A P:34 I:EB E:1 F:A190 T:13 C:0000 N:12E2 W:80A1 L:16! TR:71 PC:013F K:00 I:D0 P:35
A:8060 K:00 B:00 S:0196 P:36 I:48 E:1 F:A191 T:13 C:0000 N:12E2 W:8060 L:16! TR:72 PC:0136 K:00 I:91 P:35
A:8093 K:00 B:00 S:0123 P:34 I:1A E:1 F:A192 T:13 C:0000 N:12E1 W:8093 L:16! TR:73 PC:0138 K:00 I:E6 P:35
A:80A5 K:00 B:00 S:01B2 P:34 I:09 E:1 F:A193 T:13 C:0000 N:12E2 W:80A5 L:16! TR:74 PC:013A K:00 I:D0 P:35
A:8069 K:00 B:00 S:0142 P:B4 I:AD E:1 F:A194 T:13 C:0000 N:12E2 W:8069 L:16! TR:75 PC:013E K:00 I:CA P:35
A:01CD K:00 B:00 S:01CD P:34 I:48 E:1 F:A195 T:13 C:0000 N:12E2 W:809A L:16! TR:76 PC:013F K:00 I:D0 P:35
A:80AD K:00 B:00 S:015D P:34 I:28 E:1 F:A196 T:13 C:0000 N:12E2 W:80AD L:16! TR:77 PC:0136 K:00 I:91 P:35
A:8076 K:00 B:00 S:01ED P:B4 I:B0 E:1 F:A197 T:13 C:0000 N:12E2 W:8076 L:16! TR:78 PC:0138 K:00 I:E6 P:35
A:80A3 K:00 B:00 S:0176 P:F4 I:A3 E:1 F:A198 T:13 C:0000 N:12E2 W:80A3 L:16! TR:79 PC:013A K:00 I:D0 P:35
A:011F K:00 B:00 S:010C P:36 I:8D E:1 F:A199 T:13 C:0000 N:12E2 W:011F L:16! TR:7A PC:013E K:00 I:CA P:35
A:8080 K:00 B:00 S:0193 P:B4 I:F4 E:1 F:A19A T:13 C:0000 N:12E2 W:8080 L:16! TR:7B PC:013F K:00 I:D0 P:35
A:80AB K:00 B:00 S:0121 P:34 I:A3 E:1 F:A19B T:13 C:0000 N:12E2 W:80AB L:16! TR:7C PC:0136 K:00 I:91 P:35
A:8059 K:00 B:00 S:01B4 P:36 I:EB E:1 F:A19C T:13 C:0000 N:12E2 W:8059 L:16! TR:7D PC:0138 K:00 I:E6 P:35
A:808A K:00 B:00 S:0139 P:B4 I:F4 E:1 F:A19D T:13 C:0000 N:12E2 W:808A L:16! TR:7E PC:013A K:00 I:D0 P:35
A:80A5 K:00 B:00 S:01CB P:34 I:09 E:1 F:A19E T:13 C:0000 N:12E2 W:80A5 L:16! TR:7F PC:013E K:00 I:CA P:35
A:8060 K:00 B:00 S:015B P:36 I:48 E:1 F:A19F T:13 C:0000 N:12E2 W:8060 L:16! TR:00 PC:013F K:00 I:D0 P:35
A:8093 K:00 B:00 S:01DF P:B4 I:1A E:1 F:A1A0 T:13 C:0000 N:12E1 W:8093 L:16! TR:01 PC:0136 K:00 I:91 P:35
A:80AD K:00 B:00 S:0176 P:74 I:28 E:1 F:A1A1 T:13 C:0000 N:12E2 W:80AD L:16! TR:02 PC:0138 K:00 I:E6 P:35
A:8069 K:00 B:00 S:0107 P:B4 I:AD E:1 F:A1A2 T:13 C:0000 N:12E2 W:8069 L:16! TR:03 PC:013A K:00 I:D0 P:35
A:0189 K:00 B:00 S:0189 P:34 I:48 E:1 F:A1A3 T:13 C:0000 N:12E1 W:809A L:16! TR:04 PC:013E K:00 I:CA P:35
A:0138 K:00 B:00 S:0125 P:34 I:8D E:1 F:A1A4 T:13 C:0000 N:12E2 W:0138 L:16! TR:05 PC:013F K:00 I:D0 P:35
A:8076 K:00 B:00 S:01AF P:B4 I:B0 E:1 F:A1A5 T:13 C:0000 N:12E1 W:8076 L:16! TR:06 PC:0136 K:00 I:91 P:35
A:80A3 K:00 B:00 S:0132 P:34 I:A3 E:1 F:A1A6 T:13 C:0000 N:12E2 W:80A3 L:16! TR:07 PC:0138 K:00 I:E6 P:35
A:01CE K:00 B:00 S:01CE P:36 I:48 E:1 F:A1A7 T:13 C:0000 N:12E2 W:8056 L:16! TR:08 PC:013A K:00 I:D0 P:35
A:8080 K:00 B:00 S:0155 P:B4 I:F4 E:1 F:A1A8 T:13 C:0000 N:12E1 W:8080 L:16! TR:09 PC:013E K:00 I:CA P:35
A:80AB K:00 B:00 S:01DD P:34 I:A3 E:1 F:A1A9 T:13 C:0000 N:12E2 W:80AB L:16! TR:0A PC:013F K:00 I:D0 P:35
A:0176 K:00 B:00 S:0176 P:36 I:8B E:1 F:A1AA T:13 C:0000 N:12E2 W:805F L:16! TR:0B PC:0136 K:00 I:91 P:35
A:808A K:00 B:00 S:01FB P:B4 I:F4 E:1 F:A1AB T:13 C:0000 N:12E1 W:808A L:16! TR:0C PC:0138 K:00 I:E6 P:35
A:019C K:00 B:00 S:018C P:36 I:8D E:1 F:A1AC T:13 C:0000 N:12E2 W:019C L:16! TR:0D PC:013A K:00 I:D0 P:35
A:8067 K:00 B:00 S:0121 P:B4 I:8D E:1 F:A1AD T:13 C:0000 N:12E2 W:8067 L:16! TR:0E PC:013E K:00 I:CA P:35
A:019F K:00 B:00 S:019F P:B4 I:F4 E:1 F:A1AE T:13 C:0000 N:12E1 W:8091 L:16! TR:0F PC:013F K:00 I:D0 P:35
A:0138 K:00 B:00 S:0138 P:36 I:48 E:1 F:A1AF T:13 C:0000 N:12E2 W:8056 L:16! TR:10 PC:0136 K:00 I:91 P:35
A:806E K:00 B:00 S:01C9 P:B4 I:8D E:1 F:A1B0 T:13 C:0000 N:12E1 W:806E L:16! TR:11 PC:0138 K:00 I:E6 P:35
A:8098 K:00 B:00 S:0148 P:34 I:A3 E:1 F:A1B1 T:13 C:0000 N:12E2 W:8098 L:16! TR:12 PC:013A K:00 I:D0 P:35
A:01E0 K:00 B:00 S:01E0 P:36 I:8B E:1 F:A1B2 T:13 C:0000 N:12E2 W:805F L:16! TR:13 PC:013E K:00 I:CA P:35
A:0172 K:00 B:00 S:0172 P:B4 I:F4 E:1 F:A1B3 T:13 C:0000 N:12E1 W:807C L:16! TR:14 PC:013F K:00 I:D0 P:35
A:80A1 K:00 B:00 S:01F2 P:34 I:EB E:1 F:A1B4 T:13 C:0000 N:12E2 W:80A1 L:16! TR:15 PC:0136 K:00 I:91 P:35
A:8067 K:00 B:00 S:018B P:B4 I:8D E:1 F:A1B5 T:13 C:0000 N:12E2 W:8067 L:16! TR:16 PC:0138 K:00 I:E6 P:35
A:0117 K:00 B:00 S:0117 P:B4 I:F4 E:1 F:A1B6 T:13 C:0000 N:12E1 W:8085 L:16! TR:17 PC:013A K:00 I:D0 P:35
A:80AB K:00 B:00 S:0199 P:34 I:A3 E:1 F:A1B7 T:13 C:0000 N:12E2 W:80AB L:16! TR:18 PC:013E K:00 I:CA P:35
A:8070 K:00 B:00 S:0135 P:B4 I:90 E:1 F:A1B8 T:13 C:0000 N:12E2 W:8070 L:16! TR:19 PC:013F K:00 I:D0 P:35
A:808A K:00 B:00 S:01BD P:B4 I:F4 E:1 F:A1B9 T:13 C:0000 N:12E2 W:808A L:16! TR:1A PC:0136 K:00 I:91 P:35
A:0158 K:00 B:00 S:0148 P:36 I:8D E:1 F:A1BA T:13 C:0000 N:12E2 W:0158 L:16! TR:1B PC:0138 K:00 I:E6 P:35
A:807E K:00 B:00 S:01DD P:B4 I:F4 E:1 F:A1BB T:13 C:0000 N:12E2 W:807E L:16! TR:1C PC:013A K:00 I:D0 P:35
A:8093 K:00 B:00 S:0163 P:34 I:1A E:1 F:A1BC T:13 C:0000 N:12E2 W:8093 L:16! TR:1D PC:013E K:00 I:CA P:35
A:01F4 K:00 B:00 S:01F4 P:36 I:48 E:1 F:A1BD T:13 C:0000 N:12E2 W:8056 L:16! TR:1E PC:013F K:00 I:D0 P:35
A:0183 K:00 B:00 S:0183 P:B4 I:F4 E:1 F:A1BE T:13 C:0000 N:12E2 W:8088 L:16! TR:1F PC:0136 K:00 I:91 P:35
A:010D K:00 B:00 S:010D P:34 I:48 E:1 F:A1BF T:13 C:0000 N:12E2 W:809A L:16! TR:20 PC:0138 K:00 I:E6 P:35
A:019C K:00 B:00 S:019C P:36 I:8B E:1 F:A1C0 T:13 C:0000 N:12E2 W:805F L:16! TR:21 PC:013A K:00 I:D0 P:35
A:0128 K:00 B:00 S:0128 P:B4 I:F4 E:1 F:A1C1 T:13 C:0000 N:12E2 W:8091 L:16! TR:22 PC:013E K:00 I:CA P:35
A:80A3 K:00 B:00 S:01B3 P:B4 I:A3 E:1 F:A1C2 T:13 C:0000 N:12E2 W:80A3 L:16! TR:23 PC:013F K:00 I:D0 P:35
A:8067 K:00 B:00 S:0147 P:B4 I:8D E:1 F:A1C3 T:13 C:0000 N:12E2 W:8067 L:16! TR:24 PC:0136 K:00 I:91 P:35
A:808A K:00 B:00 S:01D6 P:B4 I:F4 E:1 F:A1C4 T:13 C:0000 N:12E1 W:808A L:16! TR:25 PC:0138 K:00 I:E6 P:35
A:80AB K:00 B:00 S:015E P:34 I:A3 E:1 F:A1C5 T:13 C:0000 N:12E2 W:80AB L:16! TR:26 PC:013A K:00 I:D0 P:35
A:8070 K:00 B:00 S:01F1 P:B4 I:90 E:1 F:A1C6 T:13 C:0000 N:12E2 W:8070 L:16! TR:27 PC:013E K:00 I:CA P:35
A:8093 K:00 B:00 S:017C P:34 I:1A E:1 F:A1C7 T:13 C:0000 N:12E2 W:8093 L:16! TR:28 PC:013F K:00 I:D0 P:35
A:011D K:00 B:00 S:010D P:36 I:8D E:1 F:A1C8 T:13 C:0000 N:12E2 W:011D L:16! TR:29 PC:0136 K:00 I:91 P:35
A:807E K:00 B:00 S:0199 P:B4 I:F4 E:1 F:A1C9 T:13 C:0000 N:12E2 W:807E L:16! TR:2A PC:0138 K:00 I:E6 P:35
A:0126 K:00 B:00 S:0126 P:34 I:48 E:1 F:A1CA T:13 C:0000 N:12E2 W:809A L:16! TR:2B PC:013A K:00 I:D0 P:35
A:01B6 K:00 B:00 S:01B6 P:36 I:48 E:1 F:A1CB T:13 C:0000 N:12E2 W:8056 L:16! TR:2C PC:013E K:00 I:CA P:35
A:013F K:00 B:00 S:013F P:B4 I:F4 E:1 F:A1CC T:13 C:0000 N:12E2 W:8088 L:16! TR:2D PC:013F K:00 I:D0 P:35
A:80A1 K:00 B:00 S:01CD P:34 I:EB E:1 F:A1CD T:13 C:0000 N:12E2 W:80A1 L:16! TR:2E PC:0136 K:00 I:91 P:35
A:015E K:00 B:00 S:015E P:36 I:8B E:1 F:A1CE T:13 C:0000 N:12E2 W:805F L:16! TR:2F PC:0138 K:00 I:E6 P:35
A:01E4 K:00 B:00 S:01E4 P:B4 I:F4 E:1 F:A1CF T:13 C:0000 N:12E2 W:8091 L:16! TR:30 PC:013A K:00 I:D0 P:35
A:80A9 K:00 B:00 S:0177 P:74 I:A3 E:1 F:A1D0 T:13 C:0000 N:12E2 W:80A9 L:16! TR:31 PC:013E K:00 I:CA P:35
A:8067 K:00 B:00 S:0109 P:B4 I:8D E:1 F:A1D1 T:13 C:0000 N:12E2 W:8067 L:16! TR:32 PC:013F K:00 I:D0 P:35
A:8098 K:00 B:00 S:018D P:B4 I:A3 E:1 F:A1D2 T:13 C:0000 N:12E2 W:8098 L:16! TR:33 PC:0136 K:00 I:91 P:35
A:0134 K:00 B:00 S:0126 P:36 I:8D E:1 F:A1D3 T:13 C:0000 N:12E2 W:0134 L:16! TR:34 PC:0138 K:00 I:E6 P:35
A:806E K:00 B:00 S:01B1 P:B4 I:8D E:1 F:A1D4 T:13 C:0000 N:12E2 W:806E L:16! TR:35 PC:013A K:00 I:D0 P:35
A:80A1 K:00 B:00 S:0137 P:34 I:EB E:1 F:A1D5 T:13 C:0000 N:12E2 W:80A1 L:16! TR:36 PC:013E K:00 I:CA P:35
A:FFFF K:00 B:00 S:01CF P:36 I:6C E:1 F:A1D6 T:13 C:0000 N:12E2 W:01E5 L:16! TR:37 PC:013F K:00 I:D0 P:37
A:015A K:00 B:00 S:015A P:B4 I:F4 E:1 F:A1D7 T:13 C:0000 N:12E2 W:807C L:16! TR:38 PC:0141 K:00 I:F0 P:37
A:80A9 K:00 B:00 S:01E1 P:34 I:A3 E:1 F:A1D8 T:13 C:0000 N:12E2 W:80A9 L:16! TR:39 PC:0101 K:00 I:FF P:37
A:0179 K:00 B:00 S:0179 P:34 I:0B E:1 F:A1D9 T:13 C:0000 N:12E2 W:805B L:16! TR:3A PC:0119 K:00 I:30 P:B5
A:01FF K:00 B:00 S:01FF P:B4 I:F4 E:1 F:A1DA T:13 C:0000 N:12E1 W:8085 L:16! TR:3B PC:011C K:00 I:4A P:B5
A:019E K:00 B:00 S:0190 P:36 I:8D E:1 F:A1DB T:13 C:0000 N:12E2 W:019E L:16! TR:3C PC:011D K:00 I:AF P:35
A:8061 K:00 B:00 S:0122 P:36 I:AB E:1 F:A1DC T:13 C:0000 N:12E2 W:8061 L:16! TR:3D PC:0121 K:00 I:46 P:37
A:01A0 K:00 B:00 S:01A0 P:B4 I:F4 E:1 F:A1DD T:13 C:0000 N:12E1 W:8091 L:16! TR:3E PC:0123 K:00 I:E6 P:35
A:FC97 K:00 B:00 S:013C P:36 I:5C E:1 F:A1DE T:13 C:0000 N:12E2 W:FC97 L:16! TR:3F PC:0125 K:00 I:8D P:37
A:8067 K:00 B:00 S:01CB P:B4 I:8D E:1 F:A1DF T:13 C:0000 N:12E2 W:8067 L:16! TR:40 PC:0128 K:00 I:C6 P:37
A:8098 K:00 B:00 S:0149 P:34 I:A3 E:1 F:A1E0 T:13 C:0000 N:12E2 W:8098 L:16! TR:41 PC:012A K:00 I:E6 P:B5
A:805D K:00 B:00 S:01E4 P:36 I:A9 E:1 F:A1E1 T:13 C:0000 N:12E2 W:805D L:16! TR:42 PC:012C K:00 I:D0 P:35
A:8070 K:00 B:00 S:0175 P:B4 I:90 E:1 F:A1E2 T:13 C:0000 N:12E1 W:8070 L:16! TR:43 PC:0130 K:00 I:60 P:35
A:80A1 K:00 B:00 S:01F3 P:35 I:EB E:1 F:A1E3 T:13 C:0000 N:12E2 W:80A1 L:16! TR:44 PC:0136 K:00 I:91 P:35
A:8064 K:00 B:00 S:018F P:B4 I:AD E:1 F:A1E4 T:13 C:0000 N:12E2 W:8064 L:16! TR:45 PC:0138 K:00 I:E6 P:35
A:807E K:00 B:00 S:011D P:B4 I:F4 E:1 F:A1E5 T:13 C:0000 N:12E1 W:807E L:16! TR:46 PC:013A K:00 I:D0 P:37
A:80A9 K:00 B:00 S:019D P:34 I:A3 E:1 F:A1E6 T:13 C:0000 N:12E2 W:80A9 L:16! TR:47 PC:013C K:00 I:E6 P:37
A:806E K:00 B:00 S:013A P:B4 I:8D E:1 F:A1E7 T:13 C:0000 N:12E2 W:806E L:16! TR:48 PC:013E K:00 I:CA P:35
A:01C0 K:00 B:00 S:01C0 P:B4 I:F4 E:1 F:A1E8 T:13 C:0000 N:12E2 W:8088 L:16! TR:49 PC:013F K:00 I:D0 P:35
A:015A K:00 B:00 S:014C P:36 I:8D E:1 F:A1E9 T:13 C:0000 N:12E2 W:015A L:16! TR:4A PC:0136 K:00 I:91 P:35
A:8067 K:00 B:00 S:01E4 P:B4 I:8D E:1 F:A1EA T:13 C:0000 N:12E2 W:8067 L:16! TR:4B PC:0138 K:00 I:E6 P:35
A:0165 K:00 B:00 S:0165 P:B4 I:F4 E:1 F:A1EB T:13 C:0000 N:12E1 W:8091 L:16! TR:4C PC:013A K:00 I:D0 P:35
A:FC97 K:00 B:00 S:01F8 P:36 I:5C E:1 F:A1EC T:13 C:0000 N:12E2 W:FC97 L:16! TR:4D PC:013E K:00 I:CA P:35
A:8070 K:00 B:00 S:018E P:B4 I:90 E:1 F:A1ED T:13 C:0000 N:12E2 W:8070 L:16! TR:4E PC:013F K:00 I:D0 P:35
A:8098 K:00 B:00 S:010E P:34 I:A3 E:1 F:A1EE T:13 C:0000 N:12E2 W:8098 L:16! TR:4F PC:0136 K:00 I:91 P:35
A:805D K:00 B:00 S:01A0 P:36 I:A9 E:1 F:A1EF T:13 C:0000 N:12E2 W:805D L:16! TR:50 PC:0138 K:00 I:E6 P:35
A:807E K:00 B:00 S:0136 P:B4 I:F4 E:1 F:A1F0 T:13 C:0000 N:12E1 W:807E L:16! TR:51 PC:013A K:00 I:D0 P:35
A:80A1 K:00 B:00 S:01B5 P:34 I:EB E:1 F:A1F1 T:13 C:0000 N:12E2 W:80A1 L:16! TR:52 PC:013E K:00 I:CA P:35
A:8064 K:00 B:00 S:014B P:B4 I:AD E:1 F:A1F2 T:13 C:0000 N:12E2 W:8064 L:16! TR:53 PC:013F K:00 I:D0 P:35
A:01DA K:00 B:00 S:01DA P:B4 I:F4 E:1 F:A1F3 T:13 C:0000 N:12E1 W:8085 L:16! TR:54 PC:0136 K:00 I:91 P:35
A:80A9 K:00 B:00 S:015F P:34 I:A3 E:1 F:A1F4 T:13 C:0000 N:12E2 W:80A9 L:16! TR:55 PC:0138 K:00 I:E6 P:35
A:806E K:00 B:00 S:01F6 P:B4 I:8D E:1 F:A1F5 T:13 C:0000 N:12E2 W:806E L:16! TR:56 PC:013A K:00 I:D0 P:35
A:808E K:00 B:00 S:017F P:B4 I:F4 E:1 F:A1F6 T:13 C:0000 N:12E2 W:808E L:16! TR:57 PC:013E K:00 I:CA P:35
A:011C K:00 B:00 S:010E P:36 I:8D E:1 F:A1F7 T:13 C:0000 N:12E2 W:011C L:16! TR:58 PC:013F K:00 I:D0 P:35
A:019F K:00 B:00 S:019F P:B4 I:F4 E:1 F:A1F8 T:13 C:0000 N:12E2 W:807C L:16! TR:59 PC:0136 K:00 I:91 P:35
A:8096 K:00 B:00 S:0128 P:34 I:EB E:1 F:A1F9 T:13 C:0000 N:12E2 W:8096 L:16! TR:5A PC:0138 K:00 I:E6 P:35
A:FFFF K:00 B:00 S:01B7 P:36 I:6C E:1 F:A1FA T:13 C:0000 N:12E2 W:01CD L:16! TR:5B PC:013A K:00 I:D0 P:35
A:0144 K:00 B:00 S:0144 P:B4 I:F4 E:1 F:A1FB T:13 C:0000 N:12E2 W:8085 L:16! TR:5C PC:013E K:00 I:CA P:35
A:809C K:00 B:00 S:01CF P:34 I:18 E:1 F:A1FC T:13 C:0000 N:12E2 W:809C L:16! TR:5D PC:013F K:00 I:D0 P:35
A:0161 K:00 B:00 S:0161 P:34 I:0B E:1 F:A1FD T:13 C:0000 N:12E2 W:805B L:16! TR:5E PC:0136 K:00 I:91 P:35
A:808E K:00 B:00 S:01E9 P:B4 I:F4 E:1 F:A1FE T:13 C:0000 N:12E2 W:808E L:16! TR:5F PC:0138 K:00 I:E6 P:35
A:80A5 K:00 B:00 S:0179 P:74 I:09 E:1 F:A1FF T:13 C:0000 N:12E2 W:80A5 L:16! TR:60 PC:013A K:00 I:D0 P:35
A:8061 K:00 B:00 S:010A P:36 I:AB E:1 F:A200 T:13 C:0000 N:12E2 W:8061 L:16! TR:61 PC:013E K:00 I:CA P:35
A:8096 K:00 B:00 S:0192 P:B4 I:EB E:1 F:A201 T:13 C:0000 N:12E1 W:8096 L:16! TR:62 PC:013F K:00 I:D0 P:35
A:80AD K:00 B:00 S:0124 P:34 I:28 E:1 F:A202 T:13 C:0000 N:12E2 W:80AD L:16! TR:63 PC:0136 K:00 I:91 P:35
A:806E K:00 B:00 S:01B2 P:B4 I:8D E:1 F:A203 T:13 C:0000 N:12E2 W:806E L:16! TR:64 PC:0138 K:00 I:E6 P:35
A:809F K:00 B:00 S:013C P:34 I:EB E:1 F:A204 T:13 C:0000 N:12E2 W:809F L:16! TR:65 PC:013A K:00 I:D0 P:35
A:01DE K:00 B:00 S:01D0 P:36 I:8D E:1 F:A205 T:13 C:0000 N:12E2 W:01DE L:16! TR:66 PC:013E K:00 I:CA P:35
A:015B K:00 B:00 S:015B P:B4 I:F4 E:1 F:A206 T:13 C:0000 N:12E2 W:807C L:16! TR:67 PC:013F K:00 I:D0 P:35
A:80A7 K:00 B:00 S:01E5 P:34 I:48 E:1 F:A207 T:13 C:0000 N:12E2 W:80A7 L:16! TR:68 PC:0136 K:00 I:91 P:35
A:FC97 K:00 B:00 S:017C P:36 I:5C E:1 F:A208 T:13 C:0000 N:12E1 W:FC97 L:16! TR:69 PC:0138 K:00 I:E6 P:35
A:0100 K:00 B:00 S:0100 P:B4 I:F4 E:1 F:A209 T:13 C:0000 N:12E2 W:8085 L:16! TR:6A PC:013A K:00 I:D0 P:35
A:0193 K:00 B:00 S:0193 P:36 I:60 E:1 F:A20A T:13 C:0000 N:12E2 W:80AE L:16! TR:6B PC:013E K:00 I:CA P:35
A:805D K:00 B:00 S:0124 P:36 I:A9 E:1 F:A20B T:13 C:0000 N:12E2 W:805D L:16! TR:6C PC:013F K:00 I:D0 P:35
A:808E K:00 B:00 S:01A5 P:B4 I:F4 E:1 F:A20C T:13 C:0000 N:12E2 W:808E L:16! TR:6D PC:0136 K:00 I:91 P:35
A:FFFF K:00 B:00 S:0140 P:36 I:6C E:1 F:A20D T:13 C:0000 N:12E2 W:0156 L:16! TR:6E PC:0138 K:00 I:E6 P:35
A:8064 K:00 B:00 S:01CC P:B4 I:AD E:1 F:A20E T:13 C:0000 N:12E2 W:8064 L:16! TR:6F PC:013A K:00 I:D0 P:35
A:8096 K:00 B:00 S:014E P:34 I:EB E:1 F:A20F T:13 C:0000 N:12E1 W:8096 L:16! TR:70 PC:013E K:00 I:CA P:35
A:803D K:00 B:00 S:01EC P:B5 I:2A E:1 F:A210 T:13 C:0000 N:12E2 W:803D L:16! TR:71 PC:013F K:00 I:D0 P:35
A:806E K:00 B:00 S:0177 P:B4 I:8D E:1 F:A211 T:13 C:0000 N:12E2 W:806E L:16! TR:72 PC:0136 K:00 I:91 P:35
A:809F K:00 B:00 S:01F8 P:35 I:EB E:1 F:A212 T:13 C:0000 N:12E2 W:809F L:16! TR:73 PC:0138 K:00 I:E6 P:35
A:FC97 K:00 B:00 S:0195 P:34 I:5C E:1 F:A213 T:13 C:0000 N:12E2 W:FC97 L:16! TR:74 PC:013A K:00 I:D0 P:35
A:0120 K:00 B:00 S:0120 P:B4 I:F4 E:1 F:A214 T:13 C:0000 N:12E1 W:807C L:16! TR:75 PC:013E K:00 I:CA P:35
A:80A7 K:00 B:00 S:01A1 P:34 I:48 E:1 F:A215 T:13 C:0000 N:12E2 W:80A7 L:16! TR:76 PC:013F K:00 I:D0 P:35
A:805D K:00 B:00 S:013D P:36 I:A9 E:1 F:A216 T:13 C:0000 N:12E2 W:805D L:16! TR:77 PC:0136 K:00 I:91 P:35
A:01C2 K:00 B:00 S:01C2 P:B4 I:F4 E:1 F:A217 T:13 C:0000 N:12E1 W:8085 L:16! TR:78 PC:0138 K:00 I:E6 P:35
A:014F K:00 B:00 S:014F P:36 I:60 E:1 F:A218 T:13 C:0000 N:12E2 W:80AE L:16! TR:79 PC:013A K:00 I:D0 P:35
A:8061 K:00 B:00 S:01E5 P:36 I:AB E:1 F:A219 T:13 C:0000 N:12E2 W:8061 L:16! TR:7A PC:013E K:00 I:CA P:35
A:808E K:00 B:00 S:0167 P:B4 I:F4 E:1 F:A21A T:13 C:0000 N:12E1 W:808E L:16! TR:7B PC:013F K:00 I:D0 P:35
A:FFFF K:00 B:00 S:01FC P:36 I:6C E:1 F:A21B T:13 C:0000 N:12E2 W:0112 L:16! TR:7C PC:0136 K:00 I:91 P:35
A:806B K:00 B:00 S:0190 P:B4 I:AD E:1 F:A21C T:13 C:0000 N:12E2 W:806B L:16! TR:7D PC:0138 K:00 I:E6 P:35
A:8096 K:00 B:00 S:0110 P:34 I:EB E:1 F:A21D T:13 C:0000 N:12E1 W:8096 L:16! TR:7E PC:013A K:00 I:D0 P:35
A:01A6 K:00 B:00 S:01A6 P:34 I:0B E:1 F:A21E T:13 C:0000 N:12E2 W:805B L:16! TR:7F PC:013E K:00 I:CA P:35
A:013A K:00 B:00 S:013A P:B4 I:F4 E:1 F:A21F T:13 C:0000 N:12E1 W:8079 L:16! TR:00 PC:013F K:00 I:D0 P:35
A:809C K:00 B:00 S:01B7 P:34 I:18 E:1 F:A220 T:13 C:0000 N:12E2 W:809C L:16! TR:01 PC:0136 K:00 I:91 P:35
A:8061 K:00 B:00 S:014F P:36 I:AB E:1 F:A221 T:13 C:0000 N:12E2 W:8061 L:16! TR:02 PC:0138 K:00 I:E6 P:35
A:8080 K:00 B:00 S:01DE P:B4 I:F4 E:1 F:A222 T:13 C:0000 N:12E1 W:8080 L:16! TR:03 PC:013A K:00 I:D0 P:35
A:80A5 K:00 B:00 S:0161 P:34 I:09 E:1 F:A223 T:13 C:0000 N:12E2 W:80A5 L:16! TR:04 PC:013E K:00 I:CA P:35
A:806B K:00 B:00 S:01FA P:B4 I:AD E:1 F:A224 T:13 C:0000 N:12E2 W:806B L:16! TR:05 PC:013F K:00 I:D0 P:35
A:808A K:00 B:00 S:0184 P:B4 I:F4 E:1 F:A225 T:13 C:0000 N:12E1 W:808A L:16! TR:06 PC:0136 K:00 I:91 P:35
A:80AD K:00 B:00 S:010C P:34 I:28 E:1 F:A226 T:13 C:0000 N:12E2 W:80AD L:16! TR:07 PC:0138 K:00 I:E6 P:35
A:01A4 K:00 B:00 S:01A4 P:B4 I:F4 E:1 F:A227 T:13 C:0000 N:12E2 W:8079 L:16! TR:08 PC:013A K:00 I:D0 P:35
A:8093 K:00 B:00 S:012A P:34 I:1A E:1 F:A228 T:13 C:0000 N:12E2 W:8093 L:16! TR:09 PC:013E K:00 I:CA P:35
A:FFFF K:00 B:00 S:01B8 P:36 I:6C E:1 F:A229 T:13 C:0000 N:12E2 W:01CE L:16! TR:0A PC:013F K:00 I:D0 P:35
A:8082 K:00 B:00 S:0149 P:B4 I:F4 E:1 F:A22A T:13 C:0000 N:12E2 W:8082 L:16! TR:0B PC:0136 K:00 I:91 P:35
A:8096 K:00 B:00 S:01D2 P:B4 I:EB E:1 F:A22B T:13 C:0000 N:12E2 W:8096 L:16! TR:0C PC:0138 K:00 I:E6 P:35
A:0162 K:00 B:00 S:0162 P:34 I:0B E:1 F:A22C T:13 C:0000 N:12E2 W:805B L:16! TR:0D PC:013A K:00 I:D0 P:35
A:808C K:00 B:00 S:01EF P:B4 I:F4 E:1 F:A22D T:13 C:0000 N:12E2 W:808C L:16! TR:0E PC:013E K:00 I:CA P:35
A:809F K:00 B:00 S:017C P:74 I:EB E:1 F:A22E T:13 C:0000 N:12E2 W:809F L:16! TR:0F PC:013F K:00 I:D0 P:35
A:8061 K:00 B:00 S:010B P:36 I:AB E:1 F:A22F T:13 C:0000 N:12E2 W:8061 L:16! TR:10 PC:0136 K:00 I:91 P:35
A:0197 K:00 B:00 S:0197 P:34 I:48 E:1 F:A230 T:13 C:0000 N:12E1 W:8095 L:16! TR:11 PC:0138 K:00 I:E6 P:35
A:80A7 K:00 B:00 S:0125 P:34 I:48 E:1 F:A231 T:13 C:0000 N:12E2 W:80A7 L:16! TR:12 PC:013A K:00 I:D0 P:35
A:806B K:00 B:00 S:01B6 P:B4 I:AD E:1 F:A232 T:13 C:0000 N:12E2 W:806B L:16! TR:13 PC:013E K:00 I:CA P:35
A:809C K:00 B:00 S:0140 P:34 I:18 E:1 F:A233 T:13 C:0000 N:12E2 W:809C L:16! TR:14 PC:013F K:00 I:D0 P:35
A:01D0 K:00 B:00 S:01D0 P:36 I:60 E:1 F:A234 T:13 C:0000 N:12E2 W:80AE L:16! TR:15 PC:0136 K:00 I:91 P:35
A:0160 K:00 B:00 S:0160 P:B4 I:F4 E:1 F:A235 T:13 C:0000 N:12E2 W:8079 L:16! TR:16 PC:0138 K:00 I:E6 P:35
A:80A5 K:00 B:00 S:01EA P:34 I:09 E:1 F:A236 T:13 C:0000 N:12E2 W:80A5 L:16! TR:17 PC:013A K:00 I:D0 P:35
A:FFFF K:00 B:00 S:017D P:36 I:6C E:1 F:A237 T:13 C:0000 N:12E2 W:0193 L:16! TR:18 PC:013E K:00 I:CA P:35
A:8082 K:00 B:00 S:0105 P:B4 I:F4 E:1 F:A238 T:13 C:0000 N:12E2 W:8082 L:16! TR:19 PC:013F K:00 I:D0 P:35
A:809F K:00 B:00 S:0195 P:34 I:EB E:1 F:A239 T:13 C:0000 N:12E2 W:809F L:16! TR:1A PC:0136 K:00 I:91 P:35
A:0127 K:00 B:00 S:0127 P:34 I:0B E:1 F:A23A T:13 C:0000 N:12E2 W:805B L:16! TR:1B PC:0138 K:00 I:E6 P:35
A:808C K:00 B:00 S:01AB P:B4 I:F4 E:1 F:A23B T:13 C:0000 N:12E1 W:808C L:16! TR:1C PC:013A K:00 I:D0 P:35
A:80A7 K:00 B:00 S:013E P:34 I:48 E:1 F:A23C T:13 C:0000 N:12E2 W:80A7 L:16! TR:1D PC:013E K:00 I:CA P:35
A:8061 K:00 B:00 S:01CD P:36 I:AB E:1 F:A23D T:13 C:0000 N:12E2 W:8061 L:16! TR:1E PC:013F K:00 I:D0 P:35
A:0153 K:00 B:00 S:0153 P:34 I:48 E:1 F:A23E T:13 C:0000 N:12E2 W:8095 L:16! TR:1F PC:0136 K:00 I:91 P:35
A:01EC K:00 B:00 S:01EC P:34 I:60 E:1 F:A23F T:13 C:0000 N:12E2 W:80AE L:16! TR:20 PC:0138 K:00 I:E6 P:35
A:806B K:00 B:00 S:0178 P:B4 I:AD E:1 F:A240 T:13 C:0000 N:12E1 W:806B L:16! TR:21 PC:013A K:00 I:D0 P:35
A:809C K:00 B:00 S:01FC P:34 I:18 E:1 F:A241 T:13 C:0000 N:12E2 W:809C L:16! TR:22 PC:013E K:00 I:CA P:35
A:01A9 K:00 B:00 S:0196 P:36 I:8D E:1 F:A242 T:13 C:0000 N:12E2 W:01A9 L:16! TR:23 PC:013F K:00 I:D0 P:35
A:0122 K:00 B:00 S:0122 P:B4 I:F4 E:1 F:A243 T:13 C:0000 N:12E1 W:8079 L:16! TR:24 PC:0136 K:00 I:91 P:35
A:80A5 K:00 B:00 S:01A6 P:34 I:09 E:1 F:A244 T:13 C:0000 N:12E2 W:80A5 L:16! TR:25 PC:0138 K:00 I:E6 P:35
A:8059 K:00 B:00 S:0141 P:36 I:EB E:1 F:A245 T:13 C:0000 N:12E2 W:8059 L:16! TR:26 PC:013A K:00 I:D0 P:35
A:8080 K:00 B:00 S:01C6 P:B4 I:F4 E:1 F:A246 T:13 C:0000 N:12E1 W:8080 L:16! TR:27 PC:013E K:00 I:CA P:35
A:80AD K:00 B:00 S:0151 P:34 I:28 E:1 F:A247 T:13 C:0000 N:12E2 W:80AD L:16! TR:28 PC:013F K:00 I:D0 P:35
A:01E7 K:00 B:00 S:01E7 P:36 I:8B E:1 F:A248 T:13 C:0000 N:12E2 W:805F L:16! TR:29 PC:0136 K:00 I:91 P:35
A:808A K:00 B:00 S:016C P:B4 I:F4 E:1 F:A249 T:13 C:0000 N:12E1 W:808A L:16! TR:2A PC:0138 K:00 I:E6 P:35
A:0113 K:00 B:00 S:0100 P:36 I:8D E:1 F:A24A T:13 C:0000 N:12E2 W:0113 L:16! TR:2B PC:013A K:00 I:D0 P:35
A:8067 K:00 B:00 S:0192 P:B4 I:8D E:1 F:A24B T:13 C:0000 N:12E1 W:8067 L:16! TR:2C PC:013E K:00 I:CA P:35
A:8093 K:00 B:00 S:0112 P:34 I:1A E:1 F:A24C T:13 C:0000 N:12E1 W:8093 L:16! TR:2D PC:013F K:00 I:D0 P:35
A:8059 K:00 B:00 S:01AB P:36 I:EB E:1 F:A24D T:13 C:0000 N:12E2 W:8059 L:16! TR:2E PC:0136 K:00 I:91 P:35
A:8070 K:00 B:00 S:013C P:B4 I:90 E:1 F:A24E T:13 C:0000 N:12E1 W:8070 L:16! TR:2F PC:0138 K:00 I:E6 P:35
A:809C K:00 B:00 S:01B8 P:34 I:18 E:1 F:A24F T:13 C:0000 N:12E2 W:809C L:16! TR:30 PC:013A K:00 I:D0 P:35
A:8060 K:00 B:00 S:0152 P:36 I:48 E:1 F:A250 T:13 C:0000 N:12E2 W:8060 L:16! TR:31 PC:013E K:00 I:CA P:35
A:01E4 K:00 B:00 S:01E4 P:B4 I:F4 E:1 F:A251 T:13 C:0000 N:12E1 W:8079 L:16! TR:32 PC:013F K:00 I:D0 P:35
A:80A5 K:00 B:00 S:0162 P:34 I:09 E:1 F:A252 T:13 C:0000 N:12E2 W:80A5 L:16! TR:33 PC:0136 K:00 I:91 P:35
A:8069 K:00 B:00 S:01FE P:B4 I:AD E:1 F:A253 T:13 C:0000 N:12E2 W:8069 L:16! TR:34 PC:0138 K:00 I:E6 P:35
A:8082 K:00 B:00 S:0189 P:B4 I:F4 E:1 F:A254 T:13 C:0000 N:12E2 W:8082 L:16! TR:35 PC:013A K:00 I:D0 P:35
A:80AD K:00 B:00 S:010D P:34 I:28 E:1 F:A255 T:13 C:0000 N:12E2 W:80AD L:16! TR:36 PC:013E K:00 I:CA P:35
A:8076 K:00 B:00 S:01A9 P:B4 I:B0 E:1 F:A256 T:13 C:0000 N:12E2 W:8076 L:16! TR:37 PC:013F K:00 I:D0 P:37
A:808C K:00 B:00 S:012F P:B4 I:F4 E:1 F:A257 T:13 C:0000 N:12E2 W:808C L:16! TR:38 PC:0141 K:00 I:F0 P:37
A:01CF K:00 B:00 S:01BC P:36 I:8D E:1 F:A258 T:13 C:0000 N:12E2 W:01CF L:16! TR:39 PC:0101 K:00 I:FF P:37
A:8080 K:00 B:00 S:014F P:B4 I:F4 E:1 F:A259 T:13 C:0000 N:12E2 W:8080 L:16! TR:3A PC:0119 K:00 I:30 P:B5
A:01D4 K:00 B:00 S:01D4 P:34 I:48 E:1 F:A25A T:13 C:0000 N:12E2 W:8095 L:16! TR:3B PC:011C K:00 I:4A P:B5
A:8059 K:00 B:00 S:0167 P:36 I:EB E:1 F:A25B T:13 C:0000 N:12E2 W:8059 L:16! TR:3C PC:011D K:00 I:AF P:35
A:808A K:00 B:00 S:01F5 P:B4 I:F4 E:1 F:A25C T:13 C:0000 N:12E2 W:808A L:16! TR:3D PC:0121 K:00 I:46 P:37
A:809C K:00 B:00 S:017D P:34 I:18 E:1 F:A25D T:13 C:0000 N:12E2 W:809C L:16! TR:3E PC:0123 K:00 I:E6 P:35
A:8060 K:00 B:00 S:010E P:36 I:48 E:1 F:A25E T:13 C:0000 N:12E2 W:8060 L:16! TR:3F PC:0125 K:00 I:8D P:37
A:8082 K:00 B:00 S:01A2 P:B4 I:F4 E:1 F:A25F T:13 C:0000 N:12E2 W:8082 L:16! TR:40 PC:0128 K:00 I:C6 P:37
A:80A5 K:00 B:00 S:0127 P:34 I:09 E:1 F:A260 T:13 C:0000 N:12E2 W:80A5 L:16! TR:41 PC:012A K:00 I:E6 P:B5
A:8069 K:00 B:00 S:01BA P:B4 I:AD E:1 F:A261 T:13 C:0000 N:12E2 W:8069 L:16! TR:42 PC:012C K:00 I:D0 P:35
A:808C K:00 B:00 S:0148 P:B4 I:F4 E:1 F:A262 T:13 C:0000 N:12E1 W:808C L:16! TR:43 PC:0130 K:00 I:60 P:35
A:80AD K:00 B:00 S:01CF P:34 I:28 E:1 F:A263 T:13 C:0000 N:12E2 W:80AD L:16! TR:44 PC:0136 K:00 I:91 P:35
A:8076 K:00 B:00 S:0165 P:B4 I:B0 E:1 F:A264 T:13 C:0000 N:12E2 W:8076 L:16! TR:45 PC:0138 K:00 I:E6 P:35
A:01F0 K:00 B:00 S:01F0 P:34 I:48 E:1 F:A265 T:13 C:0000 N:12E2 W:8095 L:16! TR:46 PC:013A K:00 I:D0 P:37
A:0191 K:00 B:00 S:017E P:36 I:8D E:1 F:A266 T:13 C:0000 N:12E1 W:0191 L:16! TR:47 PC:013C K:00 I:E6 P:37
A:8080 K:00 B:00 S:010B P:B4 I:F4 E:1 F:A267 T:13 C:0000 N:12E2 W:8080 L:16! TR:48 PC:013E K:00 I:CA P:35
A:0197 K:00 B:00 S:0197 P:34 I:48 E:1 F:A268 T:13 C:0000 N:12E2 W:809A L:16! TR:49 PC:013F K:00 I:D0 P:35
A:8059 K:00 B:00 S:0129 P:36 I:EB E:1 F:A269 T:13 C:0000 N:12E2 W:8059 L:16! TR:4A PC:0136 K:00 I:91 P:35
A:808A K:00 B:00 S:01B1 P:B4 I:F4 E:1 F:A26A T:13 C:0000 N:12E1 W:808A L:16! TR:4B PC:0138 K:00 I:E6 P:35
A:80A3 K:00 B:00 S:0140 P:34 I:A3 E:1 F:A26B T:13 C:0000 N:12E2 W:80A3 L:16! TR:4C PC:013A K:00 I:D0 P:35
A:01CF K:00 B:00 S:01CF P:36 I:8B E:1 F:A26C T:13 C:0000 N:12E2 W:805F L:16! TR:4D PC:013E K:00 I:CA P:35
A:8093 K:00 B:00 S:0157 P:34 I:1A E:1 F:A26D T:13 C:0000 N:12E2 W:8093 L:16! TR:4E PC:013F K:00 I:D0 P:35
A:80AB K:00 B:00 S:01EB P:34 I:A3 E:1 F:A26E T:13 C:0000 N:12E2 W:80AB L:16! TR:4F PC:0136 K:00 I:91 P:35
A:8067 K:00 B:00 S:017A P:B4 I:8D E:1 F:A26F T:13 C:0000 N:12E2 W:8067 L:16! TR:50 PC:0138 K:00 I:E6 P:35
A:0101 K:00 B:00 S:0101 P:34 I:48 E:1 F:A270 T:13 C:0000 N:12E2 W:809A L:16! TR:51 PC:013A K:00 I:D0 P:35
A:01A5 K:00 B:00 S:0197 P:36 I:8D E:1 F:A271 T:13 C:0000 N:12E2 W:01A5 L:16! TR:52 PC:013E K:00 I:CA P:35
A:8070 K:00 B:00 S:0124 P:B4 I:90 E:1 F:A272 T:13 C:0000 N:12E1 W:8070 L:16! TR:53 PC:013F K:00 I:D0 P:35
A:80A3 K:00 B:00 S:01AA P:B4 I:A3 E:1 F:A273 T:13 C:0000 N:12E2 W:80A3 L:16! TR:54 PC:0136 K:00 I:91 P:35
A:FC97 K:00 B:00 S:0143 P:36 I:5C E:1 F:A274 T:13 C:0000 N:12E2 W:FC97 L:16! TR:55 PC:0138 K:00 I:E6 P:35
A:8080 K:00 B:00 S:01C7 P:B4 I:F4 E:1 F:A275 T:13 C:0000 N:12E2 W:8080 L:16! TR:56 PC:013A K:00 I:D0 P:35
A:80AB K:00 B:00 S:0155 P:34 I:A3 E:1 F:A276 T:13 C:0000 N:12E2 W:80AB L:16! TR:57 PC:013E K:00 I:CA P:35
A:8059 K:00 B:00 S:01EB P:36 I:EB E:1 F:A277 T:13 C:0000 N:12E2 W:8059 L:16! TR:58 PC:013F K:00 I:D0 P:35
A:808A K:00 B:00 S:016D P:B4 I:F4 E:1 F:A278 T:13 C:0000 N:12E2 W:808A L:16! TR:59 PC:0136 K:00 I:91 P:35
A:0114 K:00 B:00 S:0104 P:36 I:8D E:1 F:A279 T:13 C:0000 N:12E2 W:0114 L:16! TR:5A PC:0138 K:00 I:E6 P:35
A:8060 K:00 B:00 S:0192 P:36 I:48 E:1 F:A27A T:13 C:0000 N:12E2 W:8060 L:16! TR:5B PC:013A K:00 I:D0 P:35
A:8093 K:00 B:00 S:0113 P:34 I:1A E:1 F:A27B T:13 C:0000 N:12E1 W:8093 L:16! TR:5C PC:013E K:00 I:CA P:35
A:01B0 K:00 B:00 S:01B0 P:36 I:48 E:1 F:A27C T:13 C:0000 N:12E2 W:8056 L:16! TR:5D PC:013F K:00 I:D0 P:35
A:8069 K:00 B:00 S:013E P:B4 I:AD E:1 F:A27D T:13 C:0000 N:12E2 W:8069 L:16! TR:5E PC:0136 K:00 I:91 P:35
A:01BD K:00 B:00 S:01BD P:34 I:48 E:1 F:A27E T:13 C:0000 N:12E1 W:809A L:16! TR:5F PC:0138 K:00 I:E6 P:35
A:0158 K:00 B:00 S:0158 P:36 I:8B E:1 F:A27F T:13 C:0000 N:12E2 W:805F L:16! TR:60 PC:013A K:00 I:D0 P:35
A:8076 K:00 B:00 S:01E6 P:B4 I:B0 E:1 F:A280 T:13 C:0000 N:12E1 W:8076 L:16! TR:61 PC:013E K:00 I:CA P:35
A:80A3 K:00 B:00 S:0166 P:34 I:A3 E:1 F:A281 T:13 C:0000 N:12E2 W:80A3 L:16! TR:62 PC:013F K:00 I:D0 P:35
A:8067 K:00 B:00 S:0103 P:B4 I:8D E:1 F:A282 T:13 C:0000 N:12E2 W:8067 L:16! TR:63 PC:0136 K:00 I:91 P:35
A:8080 K:00 B:00 S:018C P:B4 I:F4 E:1 F:A283 T:13 C:0000 N:12E2 W:8080 L:16! TR:64 PC:0138 K:00 I:E6 P:35
A:80AB K:00 B:00 S:0111 P:34 I:A3 E:1 F:A284 T:13 C:0000 N:12E2 W:80AB L:16! TR:65 PC:013A K:00 I:D0 P:35
A:8060 K:00 B:00 S:01AB P:36 I:48 E:1 F:A285 T:13 C:0000 N:12E2 W:8060 L:16! TR:66 PC:013E K:00 I:CA P:35
A:808A K:00 B:00 S:0132 P:B4 I:F4 E:1 F:A286 T:13 C:0000 N:12E1 W:808A L:16! TR:67 PC:013F K:00 I:D0 P:35
A:01D0 K:00 B:00 S:01C0 P:36 I:8D E:1 F:A287 T:13 C:0000 N:12E2 W:01D0 L:16! TR:68 PC:0136 K:00 I:91 P:35
A:8069 K:00 B:00 S:0157 P:B4 I:AD E:1 F:A288 T:13 C:0000 N:12E2 W:8069 L:16! TR:69 PC:0138 K:00 I:E6 P:35
A:8093 K:00 B:00 S:01D5 P:B4 I:1A E:1 F:A289 T:13 C:0000 N:12E1 W:8093 L:16! TR:6A PC:013A K:00 I:D0 P:35
A:016C K:00 B:00 S:016C P:36 I:48 E:1 F:A28A T:13 C:0000 N:12E2 W:8056 L:16! TR:6B PC:013E K:00 I:CA P:35
A:8076 K:00 B:00 S:0102 P:B4 I:B0 E:1 F:A28B T:13 C:0000 N:12E2 W:8076 L:16! TR:6C PC:013F K:00 I:D0 P:35
A:017F K:00 B:00 S:017F P:34 I:48 E:1 F:A28C T:13 C:0000 N:12E2 W:809A L:16! TR:6D PC:0136 K:00 I:91 P:35
A:0114 K:00 B:00 S:0114 P:36 I:8B E:1 F:A28D T:13 C:0000 N:12E2 W:805F L:16! TR:6E PC:0138 K:00 I:E6 P:35
A:807E K:00 B:00 S:01A7 P:B4 I:F4 E:1 F:A28E T:13 C:0000 N:12E1 W:807E L:16! TR:6F PC:013A K:00 I:D0 P:35
A:80A3 K:00 B:00 S:0128 P:34 I:A3 E:1 F:A28F T:13 C:0000 N:12E2 W:80A3 L:16! TR:70 PC:013E K:00 I:CA P:35
A:8067 K:00 B:00 S:01BF P:B4 I:8D E:1 F:A290 T:13 C:0000 N:12E2 W:8067 L:16! TR:71 PC:013F K:00 I:D0 P:35
A:014D K:00 B:00 S:014D P:B4 I:F4 E:1 F:A291 T:13 C:0000 N:12E2 W:8088 L:16! TR:72 PC:0136 K:00 I:91 P:35
A:80A9 K:00 B:00 S:01D0 P:34 I:A3 E:1 F:A292 T:13 C:0000 N:12E2 W:80A9 L:16! TR:73 PC:0138 K:00 I:E6 P:35
A:8070 K:00 B:00 S:0169 P:B4 I:90 E:1 F:A293 T:13 C:0000 N:12E2 W:8070 L:16! TR:74 PC:013A K:00 I:D0 P:35
A:01F2 K:00 B:00 S:01F2 P:B4 I:F4 E:1 F:A294 T:13 C:0000 N:12E2 W:8091 L:16! TR:75 PC:013E K:00 I:CA P:35
A:018D K:00 B:00 S:017F P:36 I:8D E:1 F:A295 T:13 C:0000 N:12E2 W:018D L:16! TR:76 PC:013F K:00 I:D0 P:35
A:807E K:00 B:00 S:0111 P:B4 I:F4 E:1 F:A296 T:13 C:0000 N:12E2 W:807E L:16! TR:77 PC:0136 K:00 I:91 P:35
A:8096 K:00 B:00 S:0199 P:B4 I:EB E:1 F:A297 T:13 C:0000 N:12E2 W:8096 L:16! TR:78 PC:0138 K:00 I:E6 P:35
A:FC97 K:00 B:00 S:012B P:36 I:5C E:1 F:A298 T:13 C:0000 N:12E2 W:FC97 L:16! TR:79 PC:013A K:00 I:D0 P:35
A:01B7 K:00 B:00 S:01B7 P:B4 I:F4 E:1 F:A299 T:13 C:0000 N:12E2 W:8088 L:16! TR:7A PC:013E K:00 I:CA P:35
A:809F K:00 B:00 S:0143 P:34 I:EB E:1 F:A29A T:13 C:0000 N:12E2 W:809F L:16! TR:7B PC:013F K:00 I:D0 P:35
A:01D0 K:00 B:00 S:01D0 P:36 I:8B E:1 F:A29B T:13 C:0000 N:12E2 W:805F L:16! TR:7C PC:0136 K:00 I:91 P:35
A:015C K:00 B:00 S:015C P:B4 I:F4 E:1 F:A29C T:13 C:0000 N:12E2 W:8091 L:16! TR:7D PC:0138 K:00 I:E6 P:35
A:80A7 K:00 B:00 S:01EC P:34 I:48 E:1 F:A29D T:13 C:0000 N:12E2 W:80A7 L:16! TR:7E PC:013A K:00 I:D0 P:35
A:8067 K:00 B:00 S:017B P:B4 I:8D E:1 F:A29E T:13 C:0000 N:12E2 W:8067 L:16! TR:7F PC:013E K:00 I:CA P:35
A:8098 K:00 B:00 S:0105 P:34 I:A3 E:1 F:A29F T:13 C:0000 N:12E2 W:8098 L:16! TR:00 PC:013F K:00 I:D0 P:35
A:80AB K:00 B:00 S:0195 P:34 I:A3 E:1 F:A2A0 T:13 C:0000 N:12E2 W:80AB L:16! TR:01 PC:0136 K:00 I:91 P:35
A:8070 K:00 B:00 S:0125 P:B4 I:90 E:1 F:A2A1 T:13 C:0000 N:12E2 W:8070 L:16! TR:02 PC:0138 K:00 I:E6 P:35
A:80A1 K:00 B:00 S:01AF P:34 I:EB E:1 F:A2A2 T:13 C:0000 N:12E2 W:80A1 L:16! TR:03 PC:013A K:00 I:D0 P:35
A:0154 K:00 B:00 S:0144 P:36 I:8D E:1 F:A2A3 T:13 C:0000 N:12E2 W:0154 L:16! TR:04 PC:013E K:00 I:CA P:35
A:807E K:00 B:00 S:01CD P:B4 I:F4 E:1 F:A2A4 T:13 C:0000 N:12E2 W:807E L:16! TR:05 PC:013F K:00 I:D0 P:35
A:80A9 K:00 B:00 S:0159 P:34 I:A3 E:1 F:A2A5 T:13 C:0000 N:12E2 W:80A9 L:16! TR:06 PC:0136 K:00 I:91 P:35
A:01ED K:00 B:00 S:01ED P:36 I:48 E:1 F:A2A6 T:13 C:0000 N:12E2 W:8056 L:16! TR:07 PC:0138 K:00 I:E6 P:35
A:0173 K:00 B:00 S:0173 P:B4 I:F4 E:1 F:A2A7 T:13 C:0000 N:12E2 W:8088 L:16! TR:08 PC:013A K:00 I:D0 P:35
A:0116 K:00 B:00 S:0108 P:36 I:8D E:1 F:A2A8 T:13 C:0000 N:12E2 W:0116 L:16! TR:09 PC:013E K:00 I:CA P:35
A:0195 K:00 B:00 S:0195 P:36 I:8B E:1 F:A2A9 T:13 C:0000 N:12E2 W:805F L:16! TR:0A PC:013F K:00 I:D0 P:35
A:0118 K:00 B:00 S:0118 P:B4 I:F4 E:1 F:A2AA T:13 C:0000 N:12E1 W:8091 L:16! TR:0B PC:0136 K:00 I:91 P:35
A:80AB K:00 B:00 S:01AE P:34 I:A3 E:1 F:A2AB T:13 C:0000 N:12E2 W:80AB L:16! TR:0C PC:0138 K:00 I:E6 P:35
A:8067 K:00 B:00 S:0140 P:B4 I:8D E:1 F:A2AC T:13 C:0000 N:12E2 W:8067 L:16! TR:0D PC:013A K:00 I:D0 P:35
A:8098 K:00 B:00 S:01C1 P:B4 I:A3 E:1 F:A2AD T:13 C:0000 N:12E1 W:8098 L:16! TR:0E PC:013E K:00 I:CA P:35
A:016D K:00 B:00 S:015D P:34 I:8D E:1 F:A2AE T:13 C:0000 N:12E2 W:016D L:16! TR:0F PC:013F K:00 I:D0 P:35
A:8070 K:00 B:00 S:01E7 P:B4 I:90 E:1 F:A2AF T:13 C:0000 N:12E2 W:8070 L:16! TR:10 PC:0136 K:00 I:91 P:35
A:80A1 K:00 B:00 S:016B P:34 I:EB E:1 F:A2B0 T:13 C:0000 N:12E2 W:80A1 L:16! TR:11 PC:0138 K:00 I:E6 P:35
A:0109 K:00 B:00 S:0109 P:34 I:48 E:1 F:A2B1 T:13 C:0000 N:12E2 W:8056 L:16! TR:12 PC:013A K:00 I:D0 P:35
A:807E K:00 B:00 S:018F P:B4 I:F4 E:1 F:A2B2 T:13 C:0000 N:12E1 W:807E L:16! TR:13 PC:013E K:00 I:CA P:35
A:80A9 K:00 B:00 S:0115 P:34 I:A3 E:1 F:A2B3 T:13 C:0000 N:12E2 W:80A9 L:16! TR:14 PC:013F K:00 I:D0 P:35
A:805D K:00 B:00 S:01AE P:36 I:A9 E:1 F:A2B4 T:13 C:0000 N:12E2 W:805D L:16! TR:15 PC:0136 K:00 I:91 P:35
A:0135 K:00 B:00 S:0135 P:B4 I:F4 E:1 F:A2B5 T:13 C:0000 N:12E1 W:8088 L:16! TR:16 PC:0138 K:00 I:E6 P:35
A:01D2 K:00 B:00 S:01C4 P:36 I:8D E:1 F:A2B6 T:13 C:0000 N:12E2 W:01D2 L:16! TR:17 PC:013A K:00 I:D0 P:35
A:8064 K:00 B:00 S:0159 P:B4 I:AD E:1 F:A2B7 T:13 C:0000 N:12E2 W:8064 L:16! TR:18 PC:013E K:00 I:CA P:35
A:808E K:00 B:00 S:01D8 P:B4 I:F4 E:1 F:A2B8 T:13 C:0000 N:12E1 W:808E L:16! TR:19 PC:013F K:00 I:D0 P:35
A:FC97 K:00 B:00 S:0170 P:36 I:5C E:1 F:A2B9 T:13 C:0000 N:12E2 W:FC97 L:16! TR:1A PC:0136 K:00 I:91 P:35
A:806E K:00 B:00 S:0104 P:B4 I:8D E:1 F:A2BA T:13 C:0000 N:12E2 W:806E L:16! TR:1B PC:0138 K:00 I:E6 P:35
A:8096 K:00 B:00 S:0181 P:B4 I:EB E:1 F:A2BB T:13 C:0000 N:12E1 W:8096 L:16! TR:1C PC:013A K:00 I:D0 P:35
A:805D K:00 B:00 S:0118 P:36 I:A9 E:1 F:A2BC T:13 C:0000 N:12E2 W:805D L:16! TR:1D PC:013E K:00 I:CA P:35
A:01AB K:00 B:00 S:01AB P:B4 I:F4 E:1 F:A2BD T:13 C:0000 N:12E2 W:8079 L:16! TR:1E PC:013F K:00 I:D0 P:35
A:809F K:00 B:00 S:012B P:34 I:EB E:1 F:A2BE T:13 C:0000 N:12E2 W:809F L:16! TR:1F PC:0136 K:00 I:91 P:35
A:8064 K:00 B:00 S:01C3 P:B4 I:AD E:1 F:A2BF T:13 C:0000 N:12E2 W:8064 L:16! TR:20 PC:0138 K:00 I:E6 P:35
A:8082 K:00 B:00 S:0150 P:B4 I:F4 E:1 F:A2C0 T:13 C:0000 N:12E1 W:8082 L:16! TR:21 PC:013A K:00 I:D0 P:35
A:80A9 K:00 B:00 S:01D1 P:36 I:A3 E:1 F:A2C1 T:13 C:0000 N:12E2 W:80A9 L:16! TR:22 PC:013E K:00 I:CA P:35
A:806E K:00 B:00 S:016E P:B4 I:8D E:1 F:A2C2 T:13 C:0000 N:12E2 W:806E L:16! TR:23 PC:013F K:00 I:D0 P:35
A:808C K:00 B:00 S:01F6 P:B4 I:F4 E:1 F:A2C3 T:13 C:0000 N:12E1 W:808C L:16! TR:24 PC:0136 K:00 I:91 P:35
A:018E K:00 B:00 S:0180 P:36 I:8D E:1 F:A2C4 T:13 C:0000 N:12E2 W:018E L:16! TR:25 PC:0138 K:00 I:E6 P:35
A:0117 K:00 B:00 S:0117 P:B4 I:F4 E:1 F:A2C5 T:13 C:0000 N:12E2 W:807C L:16! TR:26 PC:013A K:00 I:D0 P:35
A:019C K:00 B:00 S:019C P:B4 I:F4 E:1 F:A2C6 T:13 C:0000 N:12E2 W:8091 L:16! TR:27 PC:013E K:00 I:CA P:35
A:FC97 K:00 B:00 S:012C P:36 I:5C E:1 F:A2C7 T:13 C:0000 N:12E2 W:FC97 L:16! TR:28 PC:013F K:00 I:D0 P:35
A:01BC K:00 B:00 S:01BC P:B4 I:F4 E:1 F:A2C8 T:13 C:0000 N:12E2 W:8085 L:16! TR:29 PC:0136 K:00 I:91 P:35
A:8098 K:00 B:00 S:0145 P:34 I:A3 E:1 F:A2C9 T:13 C:0000 N:12E2 W:8098 L:16! TR:2A PC:0138 K:00 I:E6 P:35
A:805D K:00 B:00 S:01D4 P:36 I:A9 E:1 F:A2CA T:13 C:0000 N:12E2 W:805D L:16! TR:2B PC:013A K:00 I:D0 P:35
A:808E K:00 B:00 S:0161 P:B4 I:F4 E:1 F:A2CB T:13 C:0000 N:12E2 W:808E L:16! TR:2C PC:013E K:00 I:CA P:35
A:80A1 K:00 B:00 S:01EF P:34 I:EB E:1 F:A2CC T:13 C:0000 N:12E2 W:80A1 L:16! TR:2D PC:013F K:00 I:D0 P:35
A:8064 K:00 B:00 S:017F P:B4 I:AD E:1 F:A2CD T:13 C:0000 N:12E2 W:8064 L:16! TR:2E PC:0136 K:00 I:91 P:35
A:8096 K:00 B:00 S:010A P:34 I:EB E:1 F:A2CE T:13 C:0000 N:12E1 W:8096 L:16! TR:2F PC:0138 K:00 I:E6 P:35
A:80A9 K:00 B:00 S:0196 P:34 I:A3 E:1 F:A2CF T:13 C:0000 N:12E2 W:80A9 L:16! TR:30 PC:013A K:00 I:D0 P:35
A:806E K:00 B:00 S:012A P:B4 I:8D E:1 F:A2D0 T:13 C:0000 N:12E2 W:806E L:16! TR:31 PC:013E K:00 I:CA P:35
A:01B5 K:00 B:00 S:01B5 P:B4 I:F4 E:1 F:A2D1 T:13 C:0000 N:12E2 W:8091 L:16! TR:32 PC:013F K:00 I:D0 P:35
A:0153 K:00 B:00 S:0145 P:36 I:8D E:1 F:A2D2 T:13 C:0000 N:12E2 W:0153 L:16! TR:33 PC:0136 K:00 I:91 P:35
A:01D3 K:00 B:00 S:01D3 P:B4 I:F4 E:1 F:A2D3 T:13 C:0000 N:12E2 W:807C L:16! TR:34 PC:0138 K:00 I:E6 P:35
A:8098 K:00 B:00 S:015E P:34 I:A3 E:1 F:A2D4 T:13 C:0000 N:12E2 W:8098 L:16! TR:35 PC:013A K:00 I:D0 P:35
A:8055 K:00 B:00 S:01EE P:36 I:18 E:1 F:A2D5 T:13 C:0000 N:12E2 W:8055 L:16! TR:36 PC:013E K:00 I:CA P:35
A:0178 K:00 B:00 S:0178 P:B4 I:F4 E:1 F:A2D6 T:13 C:0000 N:12E2 W:8085 L:16! TR:37 PC:013F K:00 I:D0 P:37
A:80A1 K:00 B:00 S:0108 P:34 I:EB E:1 F:A2D7 T:13 C:0000 N:12E2 W:80A1 L:16! TR:38 PC:0141 K:00 I:F0 P:37
A:805D K:00 B:00 S:0196 P:36 I:A9 E:1 F:A2D8 T:13 C:0000 N:12E2 W:805D L:16! TR:39 PC:0101 K:00 I:FF P:37
A:808E K:00 B:00 S:011D P:B4 I:F4 E:1 F:A2D9 T:13 C:0000 N:12E2 W:808E L:16! TR:3A PC:0119 K:00 I:30 P:B5
A:80A7 K:00 B:00 S:01AF P:34 I:48 E:1 F:A2DA T:13 C:0000 N:12E2 W:80A7 L:16! TR:3B PC:011C K:00 I:4A P:B5
A:8064 K:00 B:00 S:0141 P:B4 I:AD E:1 F:A2DB T:13 C:0000 N:12E2 W:8064 L:16! TR:3C PC:011D K:00 I:AF P:35
A:8096 K:00 B:00 S:01C6 P:B4 I:EB E:1 F:A2DC T:13 C:0000 N:12E2 W:8096 L:16! TR:3D PC:0121 K:00 I:46 P:37
A:015D K:00 B:00 S:015D P:36 I:60 E:1 F:A2DD T:13 C:0000 N:12E2 W:80AE L:16! TR:3E PC:0123 K:00 I:E6 P:35
A:806B K:00 B:00 S:01E9 P:B4 I:AD E:1 F:A2DE T:13 C:0000 N:12E2 W:806B L:16! TR:3F PC:0125 K:00 I:8D P:37
A:809F K:00 B:00 S:0170 P:34 I:EB E:1 F:A2DF T:13 C:0000 N:12E2 W:809F L:16! TR:40 PC:0128 K:00 I:C6 P:37
A:FFFF K:00 B:00 S:010A P:36 I:6C E:1 F:A2E0 T:13 C:0000 N:12E2 W:0120 L:16! TR:41 PC:012A K:00 I:E6 P:B5
A:0193 K:00 B:00 S:0193 P:B4 I:F4 E:1 F:A2E1 T:13 C:0000 N:12E1 W:8079 L:16! TR:42 PC:012C K:00 I:D0 P:35
A:80A7 K:00 B:00 S:0119 P:34 I:48 E:1 F:A2E2 T:13 C:0000 N:12E2 W:80A7 L:16! TR:43 PC:0130 K:00 I:60 P:35
A:8059 K:00 B:00 S:01B2 P:36 I:EB E:1 F:A2E3 T:13 C:0000 N:12E2 W:8059 L:16! TR:44 PC:0136 K:00 I:91 P:35
A:8082 K:00 B:00 S:0138 P:B4 I:F4 E:1 F:A2E4 T:13 C:0000 N:12E2 W:8082 L:16! TR:45 PC:0138 K:00 I:E6 P:35
A:01C7 K:00 B:00 S:01C7 P:36 I:60 E:1 F:A2E5 T:13 C:0000 N:12E2 W:80AE L:16! TR:46 PC:013A K:00 I:D0 P:37
A:8060 K:00 B:00 S:0159 P:36 I:48 E:1 F:A2E6 T:13 C:0000 N:12E2 W:8060 L:16! TR:47 PC:013C K:00 I:E6 P:37
A:808E K:00 B:00 S:01D9 P:B4 I:F4 E:1 F:A2E7 T:13 C:0000 N:12E1 W:808E L:16! TR:48 PC:013E K:00 I:CA P:35
A:FFFF K:00 B:00 S:0174 P:36 I:6C E:1 F:A2E8 T:13 C:0000 N:12E2 W:018A L:16! TR:49 PC:013F K:00 I:D0 P:35
A:8069 K:00 B:00 S:0105 P:B4 I:AD E:1 F:A2E9 T:13 C:0000 N:12E2 W:8069 L:16! TR:4A PC:0136 K:00 I:91 P:35
A:8096 K:00 B:00 S:0182 P:B4 I:EB E:1 F:A2EA T:13 C:0000 N:12E2 W:8096 L:16! TR:4B PC:0138 K:00 I:E6 P:35
A:011E K:00 B:00 S:011E P:34 I:0B E:1 F:A2EB T:13 C:0000 N:12E2 W:805B L:16! TR:4C PC:013A K:00 I:D0 P:35
A:806E K:00 B:00 S:01AE P:B4 I:8D E:1 F:A2EC T:13 C:0000 N:12E1 W:806E L:16! TR:4D PC:013E K:00 I:CA P:35
A:809F K:00 B:00 S:012C P:34 I:EB E:1 F:A2ED T:13 C:0000 N:12E2 W:809F L:16! TR:4E PC:013F K:00 I:D0 P:35
A:8061 K:00 B:00 S:01C7 P:36 I:AB E:1 F:A2EE T:13 C:0000 N:12E2 W:8061 L:16! TR:4F PC:0136 K:00 I:91 P:35
A:0157 K:00 B:00 S:0157 P:B4 I:F4 E:1 F:A2EF T:13 C:0000 N:12E1 W:807C L:16! TR:50 PC:0138 K:00 I:E6 P:35
A:80A7 K:00 B:00 S:01D5 P:34 I:48 E:1 F:A2F0 T:13 C:0000 N:12E2 W:80A7 L:16! TR:51 PC:013A K:00 I:D0 P:35
A:806B K:00 B:00 S:0172 P:B4 I:AD E:1 F:A2F1 T:13 C:0000 N:12E2 W:806B L:16! TR:52 PC:013E K:00 I:CA P:35
A:01FC K:00 B:00 S:01FC P:B4 I:F4 E:1 F:A2F2 T:13 C:0000 N:12E1 