WIDTH=8;
DEPTH=65536;

ADDRESS_RADIX=HEX;
DATA_RADIX=HEX;

CONTENT BEGIN
  0000 : 53;
  0001 : 43;
  0002 : 50;
  0003 : 55;
  0004 : 36;
  0005 : 34;
  0006 : 20;
  0007 : 52;
  0008 : 4F;
  0009 : 4D;
  000A : 20;
  000B : 56;
  000C : 30;
  000D : 2E;
  000E : 30;
  000F : 37;
  0010 : 20;
  0011 : 43;
  0012 : 4F;
  0013 : 50;
  0014 : 59;
  0015 : 52;
  0016 : 49;
  0017 : 47;
  0018 : 48;
  0019 : 54;
  001A : 20;
  001B : 32;
  001C : 30;
  001D : 31;
  001E : 32;
  001F : 2D;
  0020 : 32;
  0021 : 30;
  0022 : 31;
  0023 : 36;
  0024 : 20;
  0025 : 53;
  0026 : 4F;
  0027 : 43;
  0028 : 49;
  0029 : 2F;
  002A : 53;
  002B : 49;
  002C : 4E;
  002D : 47;
  002E : 55;
  002F : 4C;
  0030 : 41;
  0031 : 52;
  0032 : 00;
  0033 : FF;
  0034 : FF;
  0035 : FF;
  0036 : FF;
  0037 : FF;
  0038 : FF;
  0039 : FF;
  003A : FF;
  003B : FF;
  003C : FF;
  003D : FF;
  003E : FF;
  003F : FF;
  0040 : FF;
  0041 : FF;
  0042 : FF;
  0043 : FF;
  0044 : FF;
  0045 : FF;
  0046 : FF;
  0047 : FF;
  0048 : FF;
  0049 : FF;
  004A : FF;
  004B : FF;
  004C : FF;
  004D : FF;
  004E : FF;
  004F : FF;
  0050 : FF;
  0051 : FF;
  0052 : FF;
  0053 : FF;
  0054 : FF;
  0055 : FF;
  0056 : FF;
  0057 : FF;
  0058 : FF;
  0059 : FF;
  005A : FF;
  005B : FF;
  005C : FF;
  005D : FF;
  005E : FF;
  005F : FF;
  0060 : FF;
  0061 : FF;
  0062 : FF;
  0063 : FF;
  0064 : FF;
  0065 : FF;
  0066 : FF;
  0067 : FF;
  0068 : FF;
  0069 : FF;
  006A : FF;
  006B : FF;
  006C : FF;
  006D : FF;
  006E : FF;
  006F : FF;
  0070 : FF;
  0071 : FF;
  0072 : FF;
  0073 : FF;
  0074 : FF;
  0075 : FF;
  0076 : FF;
  0077 : FF;
  0078 : FF;
  0079 : FF;
  007A : FF;
  007B : FF;
  007C : FF;
  007D : FF;
  007E : FF;
  007F : FF;
  0080 : FF;
  0081 : FF;
  0082 : FF;
  0083 : FF;
  0084 : FF;
  0085 : FF;
  0086 : FF;
  0087 : FF;
  0088 : FF;
  0089 : FF;
  008A : FF;
  008B : FF;
  008C : FF;
  008D : FF;
  008E : FF;
  008F : FF;
  0090 : FF;
  0091 : FF;
  0092 : FF;
  0093 : FF;
  0094 : FF;
  0095 : FF;
  0096 : FF;
  0097 : FF;
  0098 : FF;
  0099 : FF;
  009A : FF;
  009B : FF;
  009C : FF;
  009D : FF;
  009E : FF;
  009F : FF;
  00A0 : FF;
  00A1 : FF;
  00A2 : FF;
  00A3 : FF;
  00A4 : FF;
  00A5 : FF;
  00A6 : FF;
  00A7 : FF;
  00A8 : FF;
  00A9 : FF;
  00AA : FF;
  00AB : FF;
  00AC : FF;
  00AD : FF;
  00AE : FF;
  00AF : FF;
  00B0 : FF;
  00B1 : FF;
  00B2 : FF;
  00B3 : FF;
  00B4 : FF;
  00B5 : FF;
  00B6 : FF;
  00B7 : FF;
  00B8 : FF;
  00B9 : FF;
  00BA : FF;
  00BB : FF;
  00BC : FF;
  00BD : FF;
  00BE : FF;
  00BF : FF;
  00C0 : FF;
  00C1 : FF;
  00C2 : FF;
  00C3 : FF;
  00C4 : FF;
  00C5 : FF;
  00C6 : FF;
  00C7 : FF;
  00C8 : FF;
  00C9 : FF;
  00CA : FF;
  00CB : FF;
  00CC : FF;
  00CD : FF;
  00CE : FF;
  00CF : FF;
  00D0 : FF;
  00D1 : FF;
  00D2 : FF;
  00D3 : FF;
  00D4 : FF;
  00D5 : FF;
  00D6 : FF;
  00D7 : FF;
  00D8 : FF;
  00D9 : FF;
  00DA : FF;
  00DB : FF;
  00DC : FF;
  00DD : FF;
  00DE : FF;
  00DF : FF;
  00E0 : FF;
  00E1 : FF;
  00E2 : FF;
  00E3 : FF;
  00E4 : FF;
  00E5 : FF;
  00E6 : FF;
  00E7 : FF;
  00E8 : FF;
  00E9 : FF;
  00EA : FF;
  00EB : FF;
  00EC : FF;
  00ED : FF;
  00EE : FF;
  00EF : FF;
  00F0 : FF;
  00F1 : FF;
  00F2 : FF;
  00F3 : FF;
  00F4 : FF;
  00F5 : FF;
  00F6 : FF;
  00F7 : FF;
  00F8 : 5C;
  00F9 : 48;
  00FA : 81;
  00FB : F8;
  00FC : 5C;
  00FD : C1;
  00FE : 80;
  00FF : F8;
  0100 : 94;
  0101 : E3;
  0102 : 7B;
  0103 : E3;
  0104 : 43;
  0105 : 42;
  0106 : 4D;
  0107 : 42;
  0108 : 41;
  0109 : 53;
  010A : 49;
  010B : 43;
  010C : 30;
  010D : A8;
  010E : 41;
  010F : A7;
  0110 : 1D;
  0111 : AD;
  0112 : F7;
  0113 : A8;
  0114 : A4;
  0115 : AB;
  0116 : BE;
  0117 : AB;
  0118 : 80;
  0119 : B0;
  011A : 05;
  011B : AC;
  011C : A4;
  011D : A9;
  011E : 9F;
  011F : A8;
  0120 : 70;
  0121 : A8;
  0122 : 27;
  0123 : A9;
  0124 : 1C;
  0125 : A8;
  0126 : 82;
  0127 : A8;
  0128 : D1;
  0129 : A8;
  012A : 3A;
  012B : A9;
  012C : 2E;
  012D : A8;
  012E : 4A;
  012F : A9;
  0130 : 2C;
  0131 : B8;
  0132 : 67;
  0133 : E1;
  0134 : 55;
  0135 : E1;
  0136 : 64;
  0137 : E1;
  0138 : B2;
  0139 : B3;
  013A : 23;
  013B : B8;
  013C : 7F;
  013D : AA;
  013E : 9F;
  013F : AA;
  0140 : 56;
  0141 : A8;
  0142 : 9B;
  0143 : A6;
  0144 : 5D;
  0145 : A6;
  0146 : 85;
  0147 : AA;
  0148 : 29;
  0149 : E1;
  014A : BD;
  014B : E1;
  014C : C6;
  014D : E1;
  014E : 7A;
  014F : AB;
  0150 : 41;
  0151 : A6;
  0152 : 39;
  0153 : BC;
  0154 : CC;
  0155 : BC;
  0156 : 58;
  0157 : BC;
  0158 : 10;
  0159 : 03;
  015A : 7D;
  015B : B3;
  015C : 9E;
  015D : B3;
  015E : 71;
  015F : BF;
  0160 : 97;
  0161 : E0;
  0162 : EA;
  0163 : B9;
  0164 : ED;
  0165 : BF;
  0166 : 64;
  0167 : E2;
  0168 : 6B;
  0169 : E2;
  016A : B4;
  016B : E2;
  016C : 0E;
  016D : E3;
  016E : 0D;
  016F : B8;
  0170 : 7C;
  0171 : B7;
  0172 : 65;
  0173 : B4;
  0174 : AD;
  0175 : B7;
  0176 : 8B;
  0177 : B7;
  0178 : EC;
  0179 : B6;
  017A : 00;
  017B : B7;
  017C : 2C;
  017D : B7;
  017E : 37;
  017F : B7;
  0180 : 79;
  0181 : 69;
  0182 : B8;
  0183 : 79;
  0184 : 52;
  0185 : B8;
  0186 : 7B;
  0187 : 2A;
  0188 : BA;
  0189 : 7B;
  018A : 11;
  018B : BB;
  018C : 7F;
  018D : 7A;
  018E : BF;
  018F : 50;
  0190 : E8;
  0191 : AF;
  0192 : 46;
  0193 : E5;
  0194 : AF;
  0195 : 7D;
  0196 : B3;
  0197 : BF;
  0198 : 5A;
  0199 : D3;
  019A : AE;
  019B : 64;
  019C : 15;
  019D : B0;
  019E : 45;
  019F : 4E;
  01A0 : C4;
  01A1 : 46;
  01A2 : 4F;
  01A3 : D2;
  01A4 : 4E;
  01A5 : 45;
  01A6 : 58;
  01A7 : D4;
  01A8 : 44;
  01A9 : 41;
  01AA : 54;
  01AB : C1;
  01AC : 49;
  01AD : 4E;
  01AE : 50;
  01AF : 55;
  01B0 : 54;
  01B1 : A3;
  01B2 : 49;
  01B3 : 4E;
  01B4 : 50;
  01B5 : 55;
  01B6 : D4;
  01B7 : 44;
  01B8 : 49;
  01B9 : CD;
  01BA : 52;
  01BB : 45;
  01BC : 41;
  01BD : C4;
  01BE : 4C;
  01BF : 45;
  01C0 : D4;
  01C1 : 47;
  01C2 : 4F;
  01C3 : 54;
  01C4 : CF;
  01C5 : 52;
  01C6 : 55;
  01C7 : CE;
  01C8 : 49;
  01C9 : C6;
  01CA : 52;
  01CB : 45;
  01CC : 53;
  01CD : 54;
  01CE : 4F;
  01CF : 52;
  01D0 : C5;
  01D1 : 47;
  01D2 : 4F;
  01D3 : 53;
  01D4 : 55;
  01D5 : C2;
  01D6 : 52;
  01D7 : 45;
  01D8 : 54;
  01D9 : 55;
  01DA : 52;
  01DB : CE;
  01DC : 52;
  01DD : 45;
  01DE : CD;
  01DF : 53;
  01E0 : 54;
  01E1 : 4F;
  01E2 : D0;
  01E3 : 4F;
  01E4 : CE;
  01E5 : 57;
  01E6 : 41;
  01E7 : 49;
  01E8 : D4;
  01E9 : 4C;
  01EA : 4F;
  01EB : 41;
  01EC : C4;
  01ED : 53;
  01EE : 41;
  01EF : 56;
  01F0 : C5;
  01F1 : 56;
  01F2 : 45;
  01F3 : 52;
  01F4 : 49;
  01F5 : 46;
  01F6 : D9;
  01F7 : 44;
  01F8 : 45;
  01F9 : C6;
  01FA : 50;
  01FB : 4F;
  01FC : 4B;
  01FD : C5;
  01FE : 50;
  01FF : 52;
  0200 : 49;
  0201 : 4E;
  0202 : 54;
  0203 : A3;
  0204 : 50;
  0205 : 52;
  0206 : 49;
  0207 : 4E;
  0208 : D4;
  0209 : 43;
  020A : 4F;
  020B : 4E;
  020C : D4;
  020D : 4C;
  020E : 49;
  020F : 53;
  0210 : D4;
  0211 : 43;
  0212 : 4C;
  0213 : D2;
  0214 : 43;
  0215 : 4D;
  0216 : C4;
  0217 : 53;
  0218 : 59;
  0219 : D3;
  021A : 4F;
  021B : 50;
  021C : 45;
  021D : CE;
  021E : 43;
  021F : 4C;
  0220 : 4F;
  0221 : 53;
  0222 : C5;
  0223 : 47;
  0224 : 45;
  0225 : D4;
  0226 : 4E;
  0227 : 45;
  0228 : D7;
  0229 : 54;
  022A : 41;
  022B : 42;
  022C : A8;
  022D : 54;
  022E : CF;
  022F : 46;
  0230 : CE;
  0231 : 53;
  0232 : 50;
  0233 : 43;
  0234 : A8;
  0235 : 54;
  0236 : 48;
  0237 : 45;
  0238 : CE;
  0239 : 4E;
  023A : 4F;
  023B : D4;
  023C : 53;
  023D : 54;
  023E : 45;
  023F : D0;
  0240 : AB;
  0241 : AD;
  0242 : AA;
  0243 : AF;
  0244 : DE;
  0245 : 41;
  0246 : 4E;
  0247 : C4;
  0248 : 4F;
  0249 : D2;
  024A : BE;
  024B : BD;
  024C : BC;
  024D : 53;
  024E : 47;
  024F : CE;
  0250 : 49;
  0251 : 4E;
  0252 : D4;
  0253 : 41;
  0254 : 42;
  0255 : D3;
  0256 : 55;
  0257 : 53;
  0258 : D2;
  0259 : 46;
  025A : 52;
  025B : C5;
  025C : 50;
  025D : 4F;
  025E : D3;
  025F : 53;
  0260 : 51;
  0261 : D2;
  0262 : 52;
  0263 : 4E;
  0264 : C4;
  0265 : 4C;
  0266 : 4F;
  0267 : C7;
  0268 : 45;
  0269 : 58;
  026A : D0;
  026B : 43;
  026C : 4F;
  026D : D3;
  026E : 53;
  026F : 49;
  0270 : CE;
  0271 : 54;
  0272 : 41;
  0273 : CE;
  0274 : 41;
  0275 : 54;
  0276 : CE;
  0277 : 50;
  0278 : 45;
  0279 : 45;
  027A : CB;
  027B : 4C;
  027C : 45;
  027D : CE;
  027E : 53;
  027F : 54;
  0280 : 52;
  0281 : A4;
  0282 : 56;
  0283 : 41;
  0284 : CC;
  0285 : 41;
  0286 : 53;
  0287 : C3;
  0288 : 43;
  0289 : 48;
  028A : 52;
  028B : A4;
  028C : 4C;
  028D : 45;
  028E : 46;
  028F : 54;
  0290 : A4;
  0291 : 52;
  0292 : 49;
  0293 : 47;
  0294 : 48;
  0295 : 54;
  0296 : A4;
  0297 : 4D;
  0298 : 49;
  0299 : 44;
  029A : A4;
  029B : 47;
  029C : CF;
  029D : 00;
  029E : 54;
  029F : 4F;
  02A0 : 4F;
  02A1 : 20;
  02A2 : 4D;
  02A3 : 41;
  02A4 : 4E;
  02A5 : 59;
  02A6 : 20;
  02A7 : 46;
  02A8 : 49;
  02A9 : 4C;
  02AA : 45;
  02AB : D3;
  02AC : 46;
  02AD : 49;
  02AE : 4C;
  02AF : 45;
  02B0 : 20;
  02B1 : 4F;
  02B2 : 50;
  02B3 : 45;
  02B4 : CE;
  02B5 : 46;
  02B6 : 49;
  02B7 : 4C;
  02B8 : 45;
  02B9 : 20;
  02BA : 4E;
  02BB : 4F;
  02BC : 54;
  02BD : 20;
  02BE : 4F;
  02BF : 50;
  02C0 : 45;
  02C1 : CE;
  02C2 : 46;
  02C3 : 49;
  02C4 : 4C;
  02C5 : 45;
  02C6 : 20;
  02C7 : 4E;
  02C8 : 4F;
  02C9 : 54;
  02CA : 20;
  02CB : 46;
  02CC : 4F;
  02CD : 55;
  02CE : 4E;
  02CF : C4;
  02D0 : 44;
  02D1 : 45;
  02D2 : 56;
  02D3 : 49;
  02D4 : 43;
  02D5 : 45;
  02D6 : 20;
  02D7 : 4E;
  02D8 : 4F;
  02D9 : 54;
  02DA : 20;
  02DB : 50;
  02DC : 52;
  02DD : 45;
  02DE : 53;
  02DF : 45;
  02E0 : 4E;
  02E1 : D4;
  02E2 : 4E;
  02E3 : 4F;
  02E4 : 54;
  02E5 : 20;
  02E6 : 49;
  02E7 : 4E;
  02E8 : 50;
  02E9 : 55;
  02EA : 54;
  02EB : 20;
  02EC : 46;
  02ED : 49;
  02EE : 4C;
  02EF : C5;
  02F0 : 4E;
  02F1 : 4F;
  02F2 : 54;
  02F3 : 20;
  02F4 : 4F;
  02F5 : 55;
  02F6 : 54;
  02F7 : 50;
  02F8 : 55;
  02F9 : 54;
  02FA : 20;
  02FB : 46;
  02FC : 49;
  02FD : 4C;
  02FE : C5;
  02FF : 4D;
  0300 : 49;
  0301 : 53;
  0302 : 53;
  0303 : 49;
  0304 : 4E;
  0305 : 47;
  0306 : 20;
  0307 : 46;
  0308 : 49;
  0309 : 4C;
  030A : 45;
  030B : 20;
  030C : 4E;
  030D : 41;
  030E : 4D;
  030F : C5;
  0310 : 49;
  0311 : 4C;
  0312 : 4C;
  0313 : 45;
  0314 : 47;
  0315 : 41;
  0316 : 4C;
  0317 : 20;
  0318 : 44;
  0319 : 45;
  031A : 56;
  031B : 49;
  031C : 43;
  031D : 45;
  031E : 20;
  031F : 4E;
  0320 : 55;
  0321 : 4D;
  0322 : 42;
  0323 : 45;
  0324 : D2;
  0325 : 4E;
  0326 : 45;
  0327 : 58;
  0328 : 54;
  0329 : 20;
  032A : 57;
  032B : 49;
  032C : 54;
  032D : 48;
  032E : 4F;
  032F : 55;
  0330 : 54;
  0331 : 20;
  0332 : 46;
  0333 : 4F;
  0334 : D2;
  0335 : 53;
  0336 : 59;
  0337 : 4E;
  0338 : 54;
  0339 : 41;
  033A : D8;
  033B : 52;
  033C : 45;
  033D : 54;
  033E : 55;
  033F : 52;
  0340 : 4E;
  0341 : 20;
  0342 : 57;
  0343 : 49;
  0344 : 54;
  0345 : 48;
  0346 : 4F;
  0347 : 55;
  0348 : 54;
  0349 : 20;
  034A : 47;
  034B : 4F;
  034C : 53;
  034D : 55;
  034E : C2;
  034F : 4F;
  0350 : 55;
  0351 : 54;
  0352 : 20;
  0353 : 4F;
  0354 : 46;
  0355 : 20;
  0356 : 44;
  0357 : 41;
  0358 : 54;
  0359 : C1;
  035A : 49;
  035B : 4C;
  035C : 4C;
  035D : 45;
  035E : 47;
  035F : 41;
  0360 : 4C;
  0361 : 20;
  0362 : 51;
  0363 : 55;
  0364 : 41;
  0365 : 4E;
  0366 : 54;
  0367 : 49;
  0368 : 54;
  0369 : D9;
  036A : 4F;
  036B : 56;
  036C : 45;
  036D : 52;
  036E : 46;
  036F : 4C;
  0370 : 4F;
  0371 : D7;
  0372 : 4F;
  0373 : 55;
  0374 : 54;
  0375 : 20;
  0376 : 4F;
  0377 : 46;
  0378 : 20;
  0379 : 4D;
  037A : 45;
  037B : 4D;
  037C : 4F;
  037D : 52;
  037E : D9;
  037F : 55;
  0380 : 4E;
  0381 : 44;
  0382 : 45;
  0383 : 46;
  0384 : 27;
  0385 : 44;
  0386 : 20;
  0387 : 53;
  0388 : 54;
  0389 : 41;
  038A : 54;
  038B : 45;
  038C : 4D;
  038D : 45;
  038E : 4E;
  038F : D4;
  0390 : 42;
  0391 : 41;
  0392 : 44;
  0393 : 20;
  0394 : 53;
  0395 : 55;
  0396 : 42;
  0397 : 53;
  0398 : 43;
  0399 : 52;
  039A : 49;
  039B : 50;
  039C : D4;
  039D : 52;
  039E : 45;
  039F : 44;
  03A0 : 49;
  03A1 : 4D;
  03A2 : 27;
  03A3 : 44;
  03A4 : 20;
  03A5 : 41;
  03A6 : 52;
  03A7 : 52;
  03A8 : 41;
  03A9 : D9;
  03AA : 44;
  03AB : 49;
  03AC : 56;
  03AD : 49;
  03AE : 53;
  03AF : 49;
  03B0 : 4F;
  03B1 : 4E;
  03B2 : 20;
  03B3 : 42;
  03B4 : 59;
  03B5 : 20;
  03B6 : 5A;
  03B7 : 45;
  03B8 : 52;
  03B9 : CF;
  03BA : 49;
  03BB : 4C;
  03BC : 4C;
  03BD : 45;
  03BE : 47;
  03BF : 41;
  03C0 : 4C;
  03C1 : 20;
  03C2 : 44;
  03C3 : 49;
  03C4 : 52;
  03C5 : 45;
  03C6 : 43;
  03C7 : D4;
  03C8 : 54;
  03C9 : 59;
  03CA : 50;
  03CB : 45;
  03CC : 20;
  03CD : 4D;
  03CE : 49;
  03CF : 53;
  03D0 : 4D;
  03D1 : 41;
  03D2 : 54;
  03D3 : 43;
  03D4 : C8;
  03D5 : 53;
  03D6 : 54;
  03D7 : 52;
  03D8 : 49;
  03D9 : 4E;
  03DA : 47;
  03DB : 20;
  03DC : 54;
  03DD : 4F;
  03DE : 4F;
  03DF : 20;
  03E0 : 4C;
  03E1 : 4F;
  03E2 : 4E;
  03E3 : C7;
  03E4 : 46;
  03E5 : 49;
  03E6 : 4C;
  03E7 : 45;
  03E8 : 20;
  03E9 : 44;
  03EA : 41;
  03EB : 54;
  03EC : C1;
  03ED : 46;
  03EE : 4F;
  03EF : 52;
  03F0 : 4D;
  03F1 : 55;
  03F2 : 4C;
  03F3 : 41;
  03F4 : 20;
  03F5 : 54;
  03F6 : 4F;
  03F7 : 4F;
  03F8 : 20;
  03F9 : 43;
  03FA : 4F;
  03FB : 4D;
  03FC : 50;
  03FD : 4C;
  03FE : 45;
  03FF : D8;
  0400 : 43;
  0401 : 41;
  0402 : 4E;
  0403 : 27;
  0404 : 54;
  0405 : 20;
  0406 : 43;
  0407 : 4F;
  0408 : 4E;
  0409 : 54;
  040A : 49;
  040B : 4E;
  040C : 55;
  040D : C5;
  040E : 55;
  040F : 4E;
  0410 : 44;
  0411 : 45;
  0412 : 46;
  0413 : 27;
  0414 : 44;
  0415 : 20;
  0416 : 46;
  0417 : 55;
  0418 : 4E;
  0419 : 43;
  041A : 54;
  041B : 49;
  041C : 4F;
  041D : CE;
  041E : 56;
  041F : 45;
  0420 : 52;
  0421 : 49;
  0422 : 46;
  0423 : D9;
  0424 : 4C;
  0425 : 4F;
  0426 : 41;
  0427 : C4;
  0428 : 9E;
  0429 : A1;
  042A : AC;
  042B : A1;
  042C : B5;
  042D : A1;
  042E : C2;
  042F : A1;
  0430 : D0;
  0431 : A1;
  0432 : E2;
  0433 : A1;
  0434 : F0;
  0435 : A1;
  0436 : FF;
  0437 : A1;
  0438 : 10;
  0439 : A2;
  043A : 25;
  043B : A2;
  043C : 35;
  043D : A2;
  043E : 3B;
  043F : A2;
  0440 : 4F;
  0441 : A2;
  0442 : 5A;
  0443 : A2;
  0444 : 6A;
  0445 : A2;
  0446 : 72;
  0447 : A2;
  0448 : 7F;
  0449 : A2;
  044A : 90;
  044B : A2;
  044C : 9D;
  044D : A2;
  044E : AA;
  044F : A2;
  0450 : BA;
  0451 : A2;
  0452 : C8;
  0453 : A2;
  0454 : D5;
  0455 : A2;
  0456 : E4;
  0457 : A2;
  0458 : ED;
  0459 : A2;
  045A : 00;
  045B : A3;
  045C : 0E;
  045D : A3;
  045E : 1E;
  045F : A3;
  0460 : 24;
  0461 : A3;
  0462 : 83;
  0463 : A3;
  0464 : 0D;
  0465 : 4F;
  0466 : 4B;
  0467 : 0D;
  0468 : 00;
  0469 : 20;
  046A : 20;
  046B : 45;
  046C : 52;
  046D : 52;
  046E : 4F;
  046F : 52;
  0470 : 00;
  0471 : 20;
  0472 : 49;
  0473 : 4E;
  0474 : 20;
  0475 : 00;
  0476 : 0D;
  0477 : 0A;
  0478 : 52;
  0479 : 45;
  047A : 41;
  047B : 44;
  047C : 59;
  047D : 2E;
  047E : 0D;
  047F : 0A;
  0480 : 00;
  0481 : 0D;
  0482 : 0A;
  0483 : 42;
  0484 : 52;
  0485 : 45;
  0486 : 41;
  0487 : 4B;
  0488 : 00;
  0489 : A0;
  048A : BA;
  048B : E8;
  048C : E8;
  048D : E8;
  048E : E8;
  048F : BD;
  0490 : 01;
  0491 : 01;
  0492 : C9;
  0493 : 81;
  0494 : D0;
  0495 : 21;
  0496 : A5;
  0497 : 4A;
  0498 : D0;
  0499 : 0A;
  049A : BD;
  049B : 02;
  049C : 01;
  049D : 85;
  049E : 49;
  049F : BD;
  04A0 : 03;
  04A1 : 01;
  04A2 : 85;
  04A3 : 4A;
  04A4 : DD;
  04A5 : 03;
  04A6 : 01;
  04A7 : D0;
  04A8 : 07;
  04A9 : A5;
  04AA : 49;
  04AB : DD;
  04AC : 02;
  04AD : 01;
  04AE : F0;
  04AF : 07;
  04B0 : 8A;
  04B1 : 18;
  04B2 : 69;
  04B3 : 12;
  04B4 : AA;
  04B5 : D0;
  04B6 : D8;
  04B7 : 60;
  04B8 : 20;
  04B9 : 08;
  04BA : A4;
  04BB : 85;
  04BC : 31;
  04BD : 84;
  04BE : 32;
  04BF : 38;
  04C0 : A5;
  04C1 : 5A;
  04C2 : E5;
  04C3 : 5F;
  04C4 : 85;
  04C5 : 22;
  04C6 : A8;
  04C7 : A5;
  04C8 : 5B;
  04C9 : E5;
  04CA : 60;
  04CB : AA;
  04CC : E8;
  04CD : 98;
  04CE : F0;
  04CF : 23;
  04D0 : A5;
  04D1 : 5A;
  04D2 : 38;
  04D3 : E5;
  04D4 : 22;
  04D5 : 85;
  04D6 : 5A;
  04D7 : B0;
  04D8 : 03;
  04D9 : C6;
  04DA : 5B;
  04DB : 38;
  04DC : A5;
  04DD : 58;
  04DE : E5;
  04DF : 22;
  04E0 : 85;
  04E1 : 58;
  04E2 : B0;
  04E3 : 08;
  04E4 : C6;
  04E5 : 59;
  04E6 : 90;
  04E7 : 04;
  04E8 : B1;
  04E9 : 5A;
  04EA : 91;
  04EB : 58;
  04EC : 88;
  04ED : D0;
  04EE : F9;
  04EF : B1;
  04F0 : 5A;
  04F1 : 91;
  04F2 : 58;
  04F3 : C6;
  04F4 : 5B;
  04F5 : C6;
  04F6 : 59;
  04F7 : CA;
  04F8 : D0;
  04F9 : F2;
  04FA : 60;
  04FB : 0A;
  04FC : 69;
  04FD : 3E;
  04FE : B0;
  04FF : 35;
  0500 : 85;
  0501 : 22;
  0502 : BA;
  0503 : E4;
  0504 : 22;
  0505 : 90;
  0506 : 2E;
  0507 : 60;
  0508 : C4;
  0509 : 34;
  050A : 90;
  050B : 28;
  050C : D0;
  050D : 04;
  050E : C5;
  050F : 33;
  0510 : 90;
  0511 : 22;
  0512 : 48;
  0513 : A2;
  0514 : 09;
  0515 : 98;
  0516 : 48;
  0517 : B5;
  0518 : 57;
  0519 : CA;
  051A : 10;
  051B : FA;
  051C : 20;
  051D : 26;
  051E : B5;
  051F : A2;
  0520 : F7;
  0521 : 68;
  0522 : 95;
  0523 : 61;
  0524 : E8;
  0525 : 30;
  0526 : FA;
  0527 : 68;
  0528 : A8;
  0529 : 68;
  052A : C4;
  052B : 34;
  052C : 90;
  052D : 06;
  052E : D0;
  052F : 05;
  0530 : C5;
  0531 : 33;
  0532 : B0;
  0533 : 01;
  0534 : 60;
  0535 : A2;
  0536 : 10;
  0537 : 6C;
  0538 : 00;
  0539 : 03;
  053A : 8A;
  053B : 0A;
  053C : AA;
  053D : BD;
  053E : 26;
  053F : A3;
  0540 : 85;
  0541 : 22;
  0542 : BD;
  0543 : 27;
  0544 : A3;
  0545 : 85;
  0546 : 23;
  0547 : 20;
  0548 : CC;
  0549 : FF;
  054A : A9;
  054B : 00;
  054C : 85;
  054D : 13;
  054E : 20;
  054F : D7;
  0550 : AA;
  0551 : 20;
  0552 : 45;
  0553 : AB;
  0554 : A0;
  0555 : 00;
  0556 : B1;
  0557 : 22;
  0558 : 48;
  0559 : 29;
  055A : 7F;
  055B : 20;
  055C : 47;
  055D : AB;
  055E : C8;
  055F : 68;
  0560 : 10;
  0561 : F4;
  0562 : 20;
  0563 : 7A;
  0564 : A6;
  0565 : A9;
  0566 : 69;
  0567 : A0;
  0568 : A3;
  0569 : 20;
  056A : 1E;
  056B : AB;
  056C : A4;
  056D : 3A;
  056E : C8;
  056F : F0;
  0570 : 03;
  0571 : 20;
  0572 : C2;
  0573 : BD;
  0574 : A9;
  0575 : 76;
  0576 : A0;
  0577 : A3;
  0578 : 20;
  0579 : 1E;
  057A : AB;
  057B : A9;
  057C : 80;
  057D : 20;
  057E : 90;
  057F : FF;
  0580 : 6C;
  0581 : 02;
  0582 : 03;
  0583 : 20;
  0584 : 60;
  0585 : A5;
  0586 : 86;
  0587 : 7A;
  0588 : 84;
  0589 : 7B;
  058A : 20;
  058B : 73;
  058C : 00;
  058D : AA;
  058E : F0;
  058F : F0;
  0590 : A2;
  0591 : FF;
  0592 : 86;
  0593 : 3A;
  0594 : 90;
  0595 : 06;
  0596 : 20;
  0597 : 79;
  0598 : A5;
  0599 : 4C;
  059A : E1;
  059B : A7;
  059C : 20;
  059D : 6B;
  059E : A9;
  059F : 20;
  05A0 : 79;
  05A1 : A5;
  05A2 : 84;
  05A3 : 0B;
  05A4 : 20;
  05A5 : 13;
  05A6 : A6;
  05A7 : 90;
  05A8 : 44;
  05A9 : A0;
  05AA : 01;
  05AB : B1;
  05AC : 5F;
  05AD : 85;
  05AE : 23;
  05AF : A5;
  05B0 : 2D;
  05B1 : 85;
  05B2 : 22;
  05B3 : A5;
  05B4 : 60;
  05B5 : 85;
  05B6 : 25;
  05B7 : A5;
  05B8 : 5F;
  05B9 : 88;
  05BA : F1;
  05BB : 5F;
  05BC : 18;
  05BD : 65;
  05BE : 2D;
  05BF : 85;
  05C0 : 2D;
  05C1 : 85;
  05C2 : 24;
  05C3 : A5;
  05C4 : 2E;
  05C5 : 69;
  05C6 : FF;
  05C7 : 85;
  05C8 : 2E;
  05C9 : E5;
  05CA : 60;
  05CB : AA;
  05CC : 38;
  05CD : A5;
  05CE : 5F;
  05CF : E5;
  05D0 : 2D;
  05D1 : A8;
  05D2 : B0;
  05D3 : 03;
  05D4 : E8;
  05D5 : C6;
  05D6 : 25;
  05D7 : 18;
  05D8 : 65;
  05D9 : 22;
  05DA : 90;
  05DB : 03;
  05DC : C6;
  05DD : 23;
  05DE : 18;
  05DF : B1;
  05E0 : 22;
  05E1 : 91;
  05E2 : 24;
  05E3 : C8;
  05E4 : D0;
  05E5 : F9;
  05E6 : E6;
  05E7 : 23;
  05E8 : E6;
  05E9 : 25;
  05EA : CA;
  05EB : D0;
  05EC : F2;
  05ED : 20;
  05EE : 59;
  05EF : A6;
  05F0 : 20;
  05F1 : 33;
  05F2 : A5;
  05F3 : AD;
  05F4 : 00;
  05F5 : 02;
  05F6 : F0;
  05F7 : 88;
  05F8 : 18;
  05F9 : A5;
  05FA : 2D;
  05FB : 85;
  05FC : 5A;
  05FD : 65;
  05FE : 0B;
  05FF : 85;
  0600 : 58;
  0601 : A4;
  0602 : 2E;
  0603 : 84;
  0604 : 5B;
  0605 : 90;
  0606 : 01;
  0607 : C8;
  0608 : 84;
  0609 : 59;
  060A : 20;
  060B : B8;
  060C : A3;
  060D : A5;
  060E : 14;
  060F : A4;
  0610 : 15;
  0611 : 8D;
  0612 : FE;
  0613 : 01;
  0614 : 8C;
  0615 : FF;
  0616 : 01;
  0617 : A5;
  0618 : 31;
  0619 : A4;
  061A : 32;
  061B : 85;
  061C : 2D;
  061D : 84;
  061E : 2E;
  061F : A4;
  0620 : 0B;
  0621 : 88;
  0622 : B9;
  0623 : FC;
  0624 : 01;
  0625 : 91;
  0626 : 5F;
  0627 : 88;
  0628 : 10;
  0629 : F8;
  062A : 20;
  062B : 59;
  062C : A6;
  062D : 20;
  062E : 33;
  062F : A5;
  0630 : 4C;
  0631 : 80;
  0632 : A4;
  0633 : A5;
  0634 : 2B;
  0635 : A4;
  0636 : 2C;
  0637 : 85;
  0638 : 22;
  0639 : 84;
  063A : 23;
  063B : 18;
  063C : A0;
  063D : 01;
  063E : B1;
  063F : 22;
  0640 : F0;
  0641 : 1D;
  0642 : A0;
  0643 : 04;
  0644 : C8;
  0645 : B1;
  0646 : 22;
  0647 : D0;
  0648 : FB;
  0649 : C8;
  064A : 98;
  064B : 65;
  064C : 22;
  064D : AA;
  064E : A0;
  064F : 00;
  0650 : 91;
  0651 : 22;
  0652 : A5;
  0653 : 23;
  0654 : 69;
  0655 : 00;
  0656 : C8;
  0657 : 91;
  0658 : 22;
  0659 : 86;
  065A : 22;
  065B : 85;
  065C : 23;
  065D : 90;
  065E : DD;
  065F : 60;
  0660 : A2;
  0661 : 00;
  0662 : 20;
  0663 : 12;
  0664 : E1;
  0665 : C9;
  0666 : 0D;
  0667 : F0;
  0668 : 0D;
  0669 : 9D;
  066A : 00;
  066B : 02;
  066C : E8;
  066D : E0;
  066E : 59;
  066F : 90;
  0670 : F1;
  0671 : A2;
  0672 : 17;
  0673 : 4C;
  0674 : 37;
  0675 : A4;
  0676 : 4C;
  0677 : CA;
  0678 : AA;
  0679 : 6C;
  067A : 04;
  067B : 03;
  067C : A6;
  067D : 7A;
  067E : A0;
  067F : 04;
  0680 : 84;
  0681 : 0F;
  0682 : BD;
  0683 : 00;
  0684 : 02;
  0685 : 10;
  0686 : 07;
  0687 : C9;
  0688 : FF;
  0689 : F0;
  068A : 3E;
  068B : E8;
  068C : D0;
  068D : F4;
  068E : C9;
  068F : 20;
  0690 : F0;
  0691 : 37;
  0692 : 85;
  0693 : 08;
  0694 : C9;
  0695 : 22;
  0696 : F0;
  0697 : 56;
  0698 : 24;
  0699 : 0F;
  069A : 70;
  069B : 2D;
  069C : C9;
  069D : 3F;
  069E : D0;
  069F : 04;
  06A0 : A9;
  06A1 : 99;
  06A2 : D0;
  06A3 : 25;
  06A4 : C9;
  06A5 : 30;
  06A6 : 90;
  06A7 : 04;
  06A8 : C9;
  06A9 : 3C;
  06AA : 90;
  06AB : 1D;
  06AC : 84;
  06AD : 71;
  06AE : A0;
  06AF : 00;
  06B0 : 84;
  06B1 : 0B;
  06B2 : 88;
  06B3 : 86;
  06B4 : 7A;
  06B5 : CA;
  06B6 : C8;
  06B7 : E8;
  06B8 : BD;
  06B9 : 00;
  06BA : 02;
  06BB : 38;
  06BC : F9;
  06BD : 9E;
  06BE : A0;
  06BF : F0;
  06C0 : F5;
  06C1 : C9;
  06C2 : 80;
  06C3 : D0;
  06C4 : 30;
  06C5 : 05;
  06C6 : 0B;
  06C7 : A4;
  06C8 : 71;
  06C9 : E8;
  06CA : C8;
  06CB : 99;
  06CC : FB;
  06CD : 01;
  06CE : B9;
  06CF : FB;
  06D0 : 01;
  06D1 : F0;
  06D2 : 36;
  06D3 : 38;
  06D4 : E9;
  06D5 : 3A;
  06D6 : F0;
  06D7 : 04;
  06D8 : C9;
  06D9 : 49;
  06DA : D0;
  06DB : 02;
  06DC : 85;
  06DD : 0F;
  06DE : 38;
  06DF : E9;
  06E0 : 55;
  06E1 : D0;
  06E2 : 9F;
  06E3 : 85;
  06E4 : 08;
  06E5 : BD;
  06E6 : 00;
  06E7 : 02;
  06E8 : F0;
  06E9 : DF;
  06EA : C5;
  06EB : 08;
  06EC : F0;
  06ED : DB;
  06EE : C8;
  06EF : 99;
  06F0 : FB;
  06F1 : 01;
  06F2 : E8;
  06F3 : D0;
  06F4 : F0;
  06F5 : A6;
  06F6 : 7A;
  06F7 : E6;
  06F8 : 0B;
  06F9 : C8;
  06FA : B9;
  06FB : 9D;
  06FC : A0;
  06FD : 10;
  06FE : FA;
  06FF : B9;
  0700 : 9E;
  0701 : A0;
  0702 : D0;
  0703 : B4;
  0704 : BD;
  0705 : 00;
  0706 : 02;
  0707 : 10;
  0708 : BE;
  0709 : 99;
  070A : FD;
  070B : 01;
  070C : C6;
  070D : 7B;
  070E : A9;
  070F : FF;
  0710 : 85;
  0711 : 7A;
  0712 : 60;
  0713 : A5;
  0714 : 2B;
  0715 : A6;
  0716 : 2C;
  0717 : A0;
  0718 : 01;
  0719 : 85;
  071A : 5F;
  071B : 86;
  071C : 60;
  071D : B1;
  071E : 5F;
  071F : F0;
  0720 : 1F;
  0721 : C8;
  0722 : C8;
  0723 : A5;
  0724 : 15;
  0725 : D1;
  0726 : 5F;
  0727 : 90;
  0728 : 18;
  0729 : F0;
  072A : 03;
  072B : 88;
  072C : D0;
  072D : 09;
  072E : A5;
  072F : 14;
  0730 : 88;
  0731 : D1;
  0732 : 5F;
  0733 : 90;
  0734 : 0C;
  0735 : F0;
  0736 : 0A;
  0737 : 88;
  0738 : B1;
  0739 : 5F;
  073A : AA;
  073B : 88;
  073C : B1;
  073D : 5F;
  073E : B0;
  073F : D7;
  0740 : 18;
  0741 : 60;
  0742 : D0;
  0743 : FD;
  0744 : A9;
  0745 : 00;
  0746 : A8;
  0747 : 91;
  0748 : 2B;
  0749 : C8;
  074A : 91;
  074B : 2B;
  074C : A5;
  074D : 2B;
  074E : 18;
  074F : 69;
  0750 : 02;
  0751 : 85;
  0752 : 2D;
  0753 : A5;
  0754 : 2C;
  0755 : 69;
  0756 : 00;
  0757 : 85;
  0758 : 2E;
  0759 : 20;
  075A : 8E;
  075B : A6;
  075C : A9;
  075D : 00;
  075E : D0;
  075F : 2D;
  0760 : 20;
  0761 : E7;
  0762 : FF;
  0763 : A5;
  0764 : 37;
  0765 : A4;
  0766 : 38;
  0767 : 85;
  0768 : 33;
  0769 : 84;
  076A : 34;
  076B : A5;
  076C : 2D;
  076D : A4;
  076E : 2E;
  076F : 85;
  0770 : 2F;
  0771 : 84;
  0772 : 30;
  0773 : 85;
  0774 : 31;
  0775 : 84;
  0776 : 32;
  0777 : 20;
  0778 : 1D;
  0779 : A8;
  077A : A2;
  077B : 19;
  077C : 86;
  077D : 16;
  077E : 68;
  077F : A8;
  0780 : 68;
  0781 : A2;
  0782 : FA;
  0783 : 9A;
  0784 : 48;
  0785 : 98;
  0786 : 48;
  0787 : A9;
  0788 : 00;
  0789 : 85;
  078A : 3E;
  078B : 85;
  078C : 10;
  078D : 60;
  078E : 18;
  078F : A5;
  0790 : 2B;
  0791 : 69;
  0792 : FF;
  0793 : 85;
  0794 : 7A;
  0795 : A5;
  0796 : 2C;
  0797 : 69;
  0798 : FF;
  0799 : 85;
  079A : 7B;
  079B : 60;
  079C : 90;
  079D : 06;
  079E : F0;
  079F : 04;
  07A0 : C9;
  07A1 : AB;
  07A2 : D0;
  07A3 : E9;
  07A4 : 20;
  07A5 : 6B;
  07A6 : A9;
  07A7 : 20;
  07A8 : 13;
  07A9 : A6;
  07AA : 20;
  07AB : 79;
  07AC : 00;
  07AD : F0;
  07AE : 0C;
  07AF : C9;
  07B0 : AB;
  07B1 : D0;
  07B2 : 8E;
  07B3 : 20;
  07B4 : 73;
  07B5 : 00;
  07B6 : 20;
  07B7 : 6B;
  07B8 : A9;
  07B9 : D0;
  07BA : 86;
  07BB : 68;
  07BC : 68;
  07BD : A5;
  07BE : 14;
  07BF : 05;
  07C0 : 15;
  07C1 : D0;
  07C2 : 06;
  07C3 : A9;
  07C4 : FF;
  07C5 : 85;
  07C6 : 14;
  07C7 : 85;
  07C8 : 15;
  07C9 : A0;
  07CA : 01;
  07CB : 84;
  07CC : 0F;
  07CD : B1;
  07CE : 5F;
  07CF : F0;
  07D0 : 43;
  07D1 : 20;
  07D2 : 2C;
  07D3 : A8;
  07D4 : 20;
  07D5 : D7;
  07D6 : AA;
  07D7 : C8;
  07D8 : B1;
  07D9 : 5F;
  07DA : AA;
  07DB : C8;
  07DC : B1;
  07DD : 5F;
  07DE : C5;
  07DF : 15;
  07E0 : D0;
  07E1 : 04;
  07E2 : E4;
  07E3 : 14;
  07E4 : F0;
  07E5 : 02;
  07E6 : B0;
  07E7 : 2C;
  07E8 : 84;
  07E9 : 49;
  07EA : 20;
  07EB : CD;
  07EC : BD;
  07ED : A9;
  07EE : 20;
  07EF : A4;
  07F0 : 49;
  07F1 : 29;
  07F2 : 7F;
  07F3 : 20;
  07F4 : 47;
  07F5 : AB;
  07F6 : C9;
  07F7 : 22;
  07F8 : D0;
  07F9 : 06;
  07FA : A5;
  07FB : 0F;
  07FC : 49;
  07FD : FF;
  07FE : 85;
  07FF : 0F;
  0800 : C8;
  0801 : F0;
  0802 : 11;
  0803 : B1;
  0804 : 5F;
  0805 : D0;
  0806 : 10;
  0807 : A8;
  0808 : B1;
  0809 : 5F;
  080A : AA;
  080B : C8;
  080C : B1;
  080D : 5F;
  080E : 86;
  080F : 5F;
  0810 : 85;
  0811 : 60;
  0812 : D0;
  0813 : B5;
  0814 : 4C;
  0815 : 86;
  0816 : E3;
  0817 : 6C;
  0818 : 06;
  0819 : 03;
  081A : 10;
  081B : D7;
  081C : C9;
  081D : FF;
  081E : F0;
  081F : D3;
  0820 : 24;
  0821 : 0F;
  0822 : 30;
  0823 : CF;
  0824 : 38;
  0825 : E9;
  0826 : 7F;
  0827 : AA;
  0828 : 84;
  0829 : 49;
  082A : A0;
  082B : FF;
  082C : CA;
  082D : F0;
  082E : 08;
  082F : C8;
  0830 : B9;
  0831 : 9E;
  0832 : A0;
  0833 : 10;
  0834 : FA;
  0835 : 30;
  0836 : F5;
  0837 : C8;
  0838 : B9;
  0839 : 9E;
  083A : A0;
  083B : 30;
  083C : B2;
  083D : 20;
  083E : 47;
  083F : AB;
  0840 : D0;
  0841 : F5;
  0842 : A9;
  0843 : 80;
  0844 : 85;
  0845 : 10;
  0846 : 20;
  0847 : A5;
  0848 : A9;
  0849 : 20;
  084A : 8A;
  084B : A3;
  084C : D0;
  084D : 05;
  084E : 8A;
  084F : 69;
  0850 : 0F;
  0851 : AA;
  0852 : 9A;
  0853 : 68;
  0854 : 68;
  0855 : A9;
  0856 : 09;
  0857 : 20;
  0858 : FB;
  0859 : A3;
  085A : 20;
  085B : 06;
  085C : A9;
  085D : 18;
  085E : 98;
  085F : 65;
  0860 : 7A;
  0861 : 48;
  0862 : A5;
  0863 : 7B;
  0864 : 69;
  0865 : 00;
  0866 : 48;
  0867 : A5;
  0868 : 3A;
  0869 : 48;
  086A : A5;
  086B : 39;
  086C : 48;
  086D : A9;
  086E : A4;
  086F : 20;
  0870 : FF;
  0871 : AE;
  0872 : 20;
  0873 : 8D;
  0874 : AD;
  0875 : 20;
  0876 : 8A;
  0877 : AD;
  0878 : A5;
  0879 : 66;
  087A : 09;
  087B : 7F;
  087C : 25;
  087D : 62;
  087E : 85;
  087F : 62;
  0880 : A9;
  0881 : 8B;
  0882 : A0;
  0883 : A7;
  0884 : 85;
  0885 : 22;
  0886 : 84;
  0887 : 23;
  0888 : 4C;
  0889 : 43;
  088A : AE;
  088B : A9;
  088C : BC;
  088D : A0;
  088E : B9;
  088F : 20;
  0890 : A2;
  0891 : BB;
  0892 : 20;
  0893 : 79;
  0894 : 00;
  0895 : C9;
  0896 : A9;
  0897 : D0;
  0898 : 06;
  0899 : 20;
  089A : 73;
  089B : 00;
  089C : 20;
  089D : 8A;
  089E : AD;
  089F : 20;
  08A0 : 2B;
  08A1 : BC;
  08A2 : 20;
  08A3 : 38;
  08A4 : AE;
  08A5 : A5;
  08A6 : 4A;
  08A7 : 48;
  08A8 : A5;
  08A9 : 49;
  08AA : 48;
  08AB : A9;
  08AC : 81;
  08AD : 48;
  08AE : 20;
  08AF : 2C;
  08B0 : A8;
  08B1 : A5;
  08B2 : 7A;
  08B3 : A4;
  08B4 : 7B;
  08B5 : C0;
  08B6 : 02;
  08B7 : EA;
  08B8 : F0;
  08B9 : 04;
  08BA : 85;
  08BB : 3D;
  08BC : 84;
  08BD : 3E;
  08BE : A0;
  08BF : 00;
  08C0 : B1;
  08C1 : 7A;
  08C2 : D0;
  08C3 : 43;
  08C4 : A0;
  08C5 : 02;
  08C6 : B1;
  08C7 : 7A;
  08C8 : 18;
  08C9 : D0;
  08CA : 03;
  08CB : 4C;
  08CC : 4B;
  08CD : A8;
  08CE : C8;
  08CF : B1;
  08D0 : 7A;
  08D1 : 85;
  08D2 : 39;
  08D3 : C8;
  08D4 : B1;
  08D5 : 7A;
  08D6 : 85;
  08D7 : 3A;
  08D8 : 98;
  08D9 : 65;
  08DA : 7A;
  08DB : 85;
  08DC : 7A;
  08DD : 90;
  08DE : 02;
  08DF : E6;
  08E0 : 7B;
  08E1 : 6C;
  08E2 : 08;
  08E3 : 03;
  08E4 : 20;
  08E5 : 73;
  08E6 : 00;
  08E7 : 20;
  08E8 : ED;
  08E9 : A7;
  08EA : 4C;
  08EB : AE;
  08EC : A7;
  08ED : F0;
  08EE : 3C;
  08EF : E9;
  08F0 : 80;
  08F1 : 90;
  08F2 : 11;
  08F3 : C9;
  08F4 : 23;
  08F5 : B0;
  08F6 : 17;
  08F7 : 0A;
  08F8 : A8;
  08F9 : B9;
  08FA : 0D;
  08FB : A0;
  08FC : 48;
  08FD : B9;
  08FE : 0C;
  08FF : A0;
  0900 : 48;
  0901 : 4C;
  0902 : 73;
  0903 : 00;
  0904 : 4C;
  0905 : A5;
  0906 : A9;
  0907 : C9;
  0908 : 3A;
  0909 : F0;
  090A : D6;
  090B : 4C;
  090C : 08;
  090D : AF;
  090E : C9;
  090F : 4B;
  0910 : D0;
  0911 : F9;
  0912 : 20;
  0913 : 73;
  0914 : 00;
  0915 : A9;
  0916 : A4;
  0917 : 20;
  0918 : FF;
  0919 : AE;
  091A : 4C;
  091B : A0;
  091C : A8;
  091D : 38;
  091E : A5;
  091F : 2B;
  0920 : E9;
  0921 : 01;
  0922 : A4;
  0923 : 2C;
  0924 : B0;
  0925 : 01;
  0926 : 88;
  0927 : 85;
  0928 : 41;
  0929 : 84;
  092A : 42;
  092B : 60;
  092C : 20;
  092D : E1;
  092E : FF;
  092F : B0;
  0930 : 01;
  0931 : 18;
  0932 : D0;
  0933 : 3C;
  0934 : A5;
  0935 : 7A;
  0936 : A4;
  0937 : 7B;
  0938 : A6;
  0939 : 3A;
  093A : E8;
  093B : F0;
  093C : 0C;
  093D : 85;
  093E : 3D;
  093F : 84;
  0940 : 3E;
  0941 : A5;
  0942 : 39;
  0943 : A4;
  0944 : 3A;
  0945 : 85;
  0946 : 3B;
  0947 : 84;
  0948 : 3C;
  0949 : 68;
  094A : 68;
  094B : A9;
  094C : 81;
  094D : A0;
  094E : A3;
  094F : 90;
  0950 : 03;
  0951 : 4C;
  0952 : 69;
  0953 : A4;
  0954 : 4C;
  0955 : 86;
  0956 : E3;
  0957 : D0;
  0958 : 17;
  0959 : A2;
  095A : 1A;
  095B : A4;
  095C : 3E;
  095D : D0;
  095E : 03;
  095F : 4C;
  0960 : 37;
  0961 : A4;
  0962 : A5;
  0963 : 3D;
  0964 : 85;
  0965 : 7A;
  0966 : 84;
  0967 : 7B;
  0968 : A5;
  0969 : 3B;
  096A : A4;
  096B : 3C;
  096C : 85;
  096D : 39;
  096E : 84;
  096F : 3A;
  0970 : 60;
  0971 : 08;
  0972 : A9;
  0973 : 00;
  0974 : 20;
  0975 : 90;
  0976 : FF;
  0977 : 28;
  0978 : D0;
  0979 : 03;
  097A : 4C;
  097B : 59;
  097C : A6;
  097D : 20;
  097E : 60;
  097F : A6;
  0980 : 4C;
  0981 : 97;
  0982 : A8;
  0983 : A9;
  0984 : 03;
  0985 : 20;
  0986 : FB;
  0987 : A3;
  0988 : A5;
  0989 : 7B;
  098A : 48;
  098B : A5;
  098C : 7A;
  098D : 48;
  098E : A5;
  098F : 3A;
  0990 : 48;
  0991 : A5;
  0992 : 39;
  0993 : 48;
  0994 : A9;
  0995 : 8D;
  0996 : 48;
  0997 : 20;
  0998 : 79;
  0999 : 00;
  099A : 20;
  099B : A0;
  099C : A8;
  099D : 4C;
  099E : AE;
  099F : A7;
  09A0 : 20;
  09A1 : 6B;
  09A2 : A9;
  09A3 : 20;
  09A4 : 09;
  09A5 : A9;
  09A6 : 38;
  09A7 : A5;
  09A8 : 39;
  09A9 : E5;
  09AA : 14;
  09AB : A5;
  09AC : 3A;
  09AD : E5;
  09AE : 15;
  09AF : B0;
  09B0 : 0B;
  09B1 : 98;
  09B2 : 38;
  09B3 : 65;
  09B4 : 7A;
  09B5 : A6;
  09B6 : 7B;
  09B7 : 90;
  09B8 : 07;
  09B9 : E8;
  09BA : B0;
  09BB : 04;
  09BC : A5;
  09BD : 2B;
  09BE : A6;
  09BF : 2C;
  09C0 : 20;
  09C1 : 17;
  09C2 : A6;
  09C3 : 90;
  09C4 : 1E;
  09C5 : A5;
  09C6 : 5F;
  09C7 : E9;
  09C8 : 01;
  09C9 : 85;
  09CA : 7A;
  09CB : A5;
  09CC : 60;
  09CD : E9;
  09CE : 00;
  09CF : 85;
  09D0 : 7B;
  09D1 : 60;
  09D2 : D0;
  09D3 : FD;
  09D4 : A9;
  09D5 : FF;
  09D6 : 85;
  09D7 : 4A;
  09D8 : 20;
  09D9 : 8A;
  09DA : A3;
  09DB : 9A;
  09DC : C9;
  09DD : 8D;
  09DE : F0;
  09DF : 0B;
  09E0 : A2;
  09E1 : 0C;
  09E2 : 2C;
  09E3 : A2;
  09E4 : 11;
  09E5 : 4C;
  09E6 : 37;
  09E7 : A4;
  09E8 : 4C;
  09E9 : 08;
  09EA : AF;
  09EB : 68;
  09EC : 68;
  09ED : 85;
  09EE : 39;
  09EF : 68;
  09F0 : 85;
  09F1 : 3A;
  09F2 : 68;
  09F3 : 85;
  09F4 : 7A;
  09F5 : 68;
  09F6 : 85;
  09F7 : 7B;
  09F8 : 20;
  09F9 : 06;
  09FA : A9;
  09FB : 98;
  09FC : 18;
  09FD : 65;
  09FE : 7A;
  09FF : 85;
  0A00 : 7A;
  0A01 : 90;
  0A02 : 02;
  0A03 : E6;
  0A04 : 7B;
  0A05 : 60;
  0A06 : A2;
  0A07 : 3A;
  0A08 : 2C;
  0A09 : A2;
  0A0A : 00;
  0A0B : 86;
  0A0C : 07;
  0A0D : A0;
  0A0E : 00;
  0A0F : 84;
  0A10 : 08;
  0A11 : A5;
  0A12 : 08;
  0A13 : A6;
  0A14 : 07;
  0A15 : 85;
  0A16 : 07;
  0A17 : 86;
  0A18 : 08;
  0A19 : B1;
  0A1A : 7A;
  0A1B : F0;
  0A1C : E8;
  0A1D : C5;
  0A1E : 08;
  0A1F : F0;
  0A20 : E4;
  0A21 : C8;
  0A22 : C9;
  0A23 : 22;
  0A24 : D0;
  0A25 : F3;
  0A26 : F0;
  0A27 : E9;
  0A28 : 20;
  0A29 : 9E;
  0A2A : AD;
  0A2B : 20;
  0A2C : 79;
  0A2D : 00;
  0A2E : C9;
  0A2F : 89;
  0A30 : F0;
  0A31 : 05;
  0A32 : A9;
  0A33 : A7;
  0A34 : 20;
  0A35 : FF;
  0A36 : AE;
  0A37 : A5;
  0A38 : 61;
  0A39 : D0;
  0A3A : 05;
  0A3B : 20;
  0A3C : 09;
  0A3D : A9;
  0A3E : F0;
  0A3F : BB;
  0A40 : 20;
  0A41 : 79;
  0A42 : 00;
  0A43 : B0;
  0A44 : 03;
  0A45 : 4C;
  0A46 : A0;
  0A47 : A8;
  0A48 : 4C;
  0A49 : ED;
  0A4A : A7;
  0A4B : 20;
  0A4C : 9E;
  0A4D : B7;
  0A4E : 48;
  0A4F : C9;
  0A50 : 8D;
  0A51 : F0;
  0A52 : 04;
  0A53 : C9;
  0A54 : 89;
  0A55 : D0;
  0A56 : 91;
  0A57 : C6;
  0A58 : 65;
  0A59 : D0;
  0A5A : 04;
  0A5B : 68;
  0A5C : 4C;
  0A5D : EF;
  0A5E : A7;
  0A5F : 20;
  0A60 : 73;
  0A61 : 00;
  0A62 : 20;
  0A63 : 6B;
  0A64 : A9;
  0A65 : C9;
  0A66 : 2C;
  0A67 : F0;
  0A68 : EE;
  0A69 : 68;
  0A6A : 60;
  0A6B : A2;
  0A6C : 00;
  0A6D : 86;
  0A6E : 14;
  0A6F : 86;
  0A70 : 15;
  0A71 : B0;
  0A72 : F7;
  0A73 : E9;
  0A74 : 2F;
  0A75 : 85;
  0A76 : 07;
  0A77 : A5;
  0A78 : 15;
  0A79 : 85;
  0A7A : 22;
  0A7B : C9;
  0A7C : 19;
  0A7D : B0;
  0A7E : D4;
  0A7F : A5;
  0A80 : 14;
  0A81 : 0A;
  0A82 : 26;
  0A83 : 22;
  0A84 : 0A;
  0A85 : 26;
  0A86 : 22;
  0A87 : 65;
  0A88 : 14;
  0A89 : 85;
  0A8A : 14;
  0A8B : A5;
  0A8C : 22;
  0A8D : 65;
  0A8E : 15;
  0A8F : 85;
  0A90 : 15;
  0A91 : 06;
  0A92 : 14;
  0A93 : 26;
  0A94 : 15;
  0A95 : A5;
  0A96 : 14;
  0A97 : 65;
  0A98 : 07;
  0A99 : 85;
  0A9A : 14;
  0A9B : 90;
  0A9C : 02;
  0A9D : E6;
  0A9E : 15;
  0A9F : 20;
  0AA0 : 73;
  0AA1 : 00;
  0AA2 : 4C;
  0AA3 : 71;
  0AA4 : A9;
  0AA5 : 20;
  0AA6 : 8B;
  0AA7 : B0;
  0AA8 : 85;
  0AA9 : 49;
  0AAA : 84;
  0AAB : 4A;
  0AAC : A9;
  0AAD : B2;
  0AAE : 20;
  0AAF : FF;
  0AB0 : AE;
  0AB1 : A5;
  0AB2 : 0E;
  0AB3 : 48;
  0AB4 : A5;
  0AB5 : 0D;
  0AB6 : 48;
  0AB7 : 20;
  0AB8 : 9E;
  0AB9 : AD;
  0ABA : 68;
  0ABB : 2A;
  0ABC : 20;
  0ABD : 90;
  0ABE : AD;
  0ABF : D0;
  0AC0 : 18;
  0AC1 : 68;
  0AC2 : 10;
  0AC3 : 12;
  0AC4 : 20;
  0AC5 : 1B;
  0AC6 : BC;
  0AC7 : 20;
  0AC8 : BF;
  0AC9 : B1;
  0ACA : A0;
  0ACB : 00;
  0ACC : A5;
  0ACD : 64;
  0ACE : 91;
  0ACF : 49;
  0AD0 : C8;
  0AD1 : A5;
  0AD2 : 65;
  0AD3 : 91;
  0AD4 : 49;
  0AD5 : 60;
  0AD6 : 4C;
  0AD7 : D0;
  0AD8 : BB;
  0AD9 : 68;
  0ADA : A4;
  0ADB : 4A;
  0ADC : C0;
  0ADD : BF;
  0ADE : D0;
  0ADF : 4C;
  0AE0 : 20;
  0AE1 : A6;
  0AE2 : B6;
  0AE3 : C9;
  0AE4 : 06;
  0AE5 : D0;
  0AE6 : 3D;
  0AE7 : A0;
  0AE8 : 00;
  0AE9 : 84;
  0AEA : 61;
  0AEB : 84;
  0AEC : 66;
  0AED : 84;
  0AEE : 71;
  0AEF : 20;
  0AF0 : 1D;
  0AF1 : AA;
  0AF2 : 20;
  0AF3 : E2;
  0AF4 : BA;
  0AF5 : E6;
  0AF6 : 71;
  0AF7 : A4;
  0AF8 : 71;
  0AF9 : 20;
  0AFA : 1D;
  0AFB : AA;
  0AFC : 20;
  0AFD : 0C;
  0AFE : BC;
  0AFF : AA;
  0B00 : F0;
  0B01 : 05;
  0B02 : E8;
  0B03 : 8A;
  0B04 : 20;
  0B05 : ED;
  0B06 : BA;
  0B07 : A4;
  0B08 : 71;
  0B09 : C8;
  0B0A : C0;
  0B0B : 06;
  0B0C : D0;
  0B0D : DF;
  0B0E : 20;
  0B0F : E2;
  0B10 : BA;
  0B11 : 20;
  0B12 : 9B;
  0B13 : BC;
  0B14 : A6;
  0B15 : 64;
  0B16 : A4;
  0B17 : 63;
  0B18 : A5;
  0B19 : 65;
  0B1A : 4C;
  0B1B : DB;
  0B1C : FF;
  0B1D : B1;
  0B1E : 22;
  0B1F : 20;
  0B20 : 80;
  0B21 : 00;
  0B22 : 90;
  0B23 : 03;
  0B24 : 4C;
  0B25 : 48;
  0B26 : B2;
  0B27 : E9;
  0B28 : 2F;
  0B29 : 4C;
  0B2A : 7E;
  0B2B : BD;
  0B2C : A0;
  0B2D : 02;
  0B2E : B1;
  0B2F : 64;
  0B30 : C5;
  0B31 : 34;
  0B32 : 90;
  0B33 : 17;
  0B34 : D0;
  0B35 : 07;
  0B36 : 88;
  0B37 : B1;
  0B38 : 64;
  0B39 : C5;
  0B3A : 33;
  0B3B : 90;
  0B3C : 0E;
  0B3D : A4;
  0B3E : 65;
  0B3F : C4;
  0B40 : 2E;
  0B41 : 90;
  0B42 : 08;
  0B43 : D0;
  0B44 : 0D;
  0B45 : A5;
  0B46 : 64;
  0B47 : C5;
  0B48 : 2D;
  0B49 : B0;
  0B4A : 07;
  0B4B : A5;
  0B4C : 64;
  0B4D : A4;
  0B4E : 65;
  0B4F : 4C;
  0B50 : 68;
  0B51 : AA;
  0B52 : A0;
  0B53 : 00;
  0B54 : B1;
  0B55 : 64;
  0B56 : 20;
  0B57 : 75;
  0B58 : B4;
  0B59 : A5;
  0B5A : 50;
  0B5B : A4;
  0B5C : 51;
  0B5D : 85;
  0B5E : 6F;
  0B5F : 84;
  0B60 : 70;
  0B61 : 20;
  0B62 : 7A;
  0B63 : B6;
  0B64 : A9;
  0B65 : 61;
  0B66 : A0;
  0B67 : 00;
  0B68 : 85;
  0B69 : 50;
  0B6A : 84;
  0B6B : 51;
  0B6C : 20;
  0B6D : DB;
  0B6E : B6;
  0B6F : A0;
  0B70 : 00;
  0B71 : B1;
  0B72 : 50;
  0B73 : 91;
  0B74 : 49;
  0B75 : C8;
  0B76 : B1;
  0B77 : 50;
  0B78 : 91;
  0B79 : 49;
  0B7A : C8;
  0B7B : B1;
  0B7C : 50;
  0B7D : 91;
  0B7E : 49;
  0B7F : 60;
  0B80 : 20;
  0B81 : 86;
  0B82 : AA;
  0B83 : 4C;
  0B84 : B5;
  0B85 : AB;
  0B86 : 20;
  0B87 : 9E;
  0B88 : B7;
  0B89 : F0;
  0B8A : 05;
  0B8B : A9;
  0B8C : 2C;
  0B8D : 20;
  0B8E : FF;
  0B8F : AE;
  0B90 : 08;
  0B91 : 86;
  0B92 : 13;
  0B93 : 20;
  0B94 : 18;
  0B95 : E1;
  0B96 : 28;
  0B97 : 4C;
  0B98 : A0;
  0B99 : AA;
  0B9A : 20;
  0B9B : 21;
  0B9C : AB;
  0B9D : 20;
  0B9E : 79;
  0B9F : 00;
  0BA0 : F0;
  0BA1 : 35;
  0BA2 : F0;
  0BA3 : 43;
  0BA4 : C9;
  0BA5 : A3;
  0BA6 : F0;
  0BA7 : 50;
  0BA8 : C9;
  0BA9 : A6;
  0BAA : 18;
  0BAB : F0;
  0BAC : 4B;
  0BAD : C9;
  0BAE : 2C;
  0BAF : F0;
  0BB0 : 37;
  0BB1 : C9;
  0BB2 : 3B;
  0BB3 : F0;
  0BB4 : 5E;
  0BB5 : 20;
  0BB6 : 9E;
  0BB7 : AD;
  0BB8 : 24;
  0BB9 : 0D;
  0BBA : 30;
  0BBB : DE;
  0BBC : 20;
  0BBD : DD;
  0BBE : BD;
  0BBF : 20;
  0BC0 : 87;
  0BC1 : B4;
  0BC2 : 20;
  0BC3 : 21;
  0BC4 : AB;
  0BC5 : 20;
  0BC6 : 3B;
  0BC7 : AB;
  0BC8 : D0;
  0BC9 : D3;
  0BCA : A9;
  0BCB : 00;
  0BCC : 9D;
  0BCD : 00;
  0BCE : 02;
  0BCF : A2;
  0BD0 : FF;
  0BD1 : A0;
  0BD2 : 01;
  0BD3 : A5;
  0BD4 : 13;
  0BD5 : D0;
  0BD6 : 10;
  0BD7 : A9;
  0BD8 : 0D;
  0BD9 : 20;
  0BDA : 47;
  0BDB : AB;
  0BDC : 24;
  0BDD : 13;
  0BDE : 10;
  0BDF : 05;
  0BE0 : A9;
  0BE1 : 0A;
  0BE2 : 20;
  0BE3 : 47;
  0BE4 : AB;
  0BE5 : 49;
  0BE6 : FF;
  0BE7 : 60;
  0BE8 : 38;
  0BE9 : 20;
  0BEA : F0;
  0BEB : FF;
  0BEC : 98;
  0BED : 38;
  0BEE : E9;
  0BEF : 0A;
  0BF0 : B0;
  0BF1 : FC;
  0BF2 : 49;
  0BF3 : FF;
  0BF4 : 69;
  0BF5 : 01;
  0BF6 : D0;
  0BF7 : 16;
  0BF8 : 08;
  0BF9 : 38;
  0BFA : 20;
  0BFB : F0;
  0BFC : FF;
  0BFD : 84;
  0BFE : 09;
  0BFF : 20;
  0C00 : 9B;
  0C01 : B7;
  0C02 : C9;
  0C03 : 29;
  0C04 : D0;
  0C05 : 59;
  0C06 : 28;
  0C07 : 90;
  0C08 : 06;
  0C09 : 8A;
  0C0A : E5;
  0C0B : 09;
  0C0C : 90;
  0C0D : 05;
  0C0E : AA;
  0C0F : E8;
  0C10 : CA;
  0C11 : D0;
  0C12 : 06;
  0C13 : 20;
  0C14 : 73;
  0C15 : 00;
  0C16 : 4C;
  0C17 : A2;
  0C18 : AA;
  0C19 : 20;
  0C1A : 3B;
  0C1B : AB;
  0C1C : D0;
  0C1D : F2;
  0C1E : 20;
  0C1F : 87;
  0C20 : B4;
  0C21 : 20;
  0C22 : A6;
  0C23 : B6;
  0C24 : AA;
  0C25 : A0;
  0C26 : 00;
  0C27 : E8;
  0C28 : CA;
  0C29 : F0;
  0C2A : BC;
  0C2B : B1;
  0C2C : 22;
  0C2D : 20;
  0C2E : 47;
  0C2F : AB;
  0C30 : C8;
  0C31 : C9;
  0C32 : 0D;
  0C33 : D0;
  0C34 : F3;
  0C35 : 20;
  0C36 : E5;
  0C37 : AA;
  0C38 : 4C;
  0C39 : 28;
  0C3A : AB;
  0C3B : A5;
  0C3C : 13;
  0C3D : F0;
  0C3E : 03;
  0C3F : A9;
  0C40 : 20;
  0C41 : 2C;
  0C42 : A9;
  0C43 : 1D;
  0C44 : 2C;
  0C45 : A9;
  0C46 : 3F;
  0C47 : 20;
  0C48 : 0C;
  0C49 : E1;
  0C4A : 29;
  0C4B : FF;
  0C4C : 60;
  0C4D : A5;
  0C4E : 11;
  0C4F : F0;
  0C50 : 11;
  0C51 : 30;
  0C52 : 04;
  0C53 : A0;
  0C54 : FF;
  0C55 : D0;
  0C56 : 04;
  0C57 : A5;
  0C58 : 3F;
  0C59 : A4;
  0C5A : 40;
  0C5B : 85;
  0C5C : 39;
  0C5D : 84;
  0C5E : 3A;
  0C5F : 4C;
  0C60 : 08;
  0C61 : AF;
  0C62 : A5;
  0C63 : 13;
  0C64 : F0;
  0C65 : 05;
  0C66 : A2;
  0C67 : 18;
  0C68 : 4C;
  0C69 : 37;
  0C6A : A4;
  0C6B : A9;
  0C6C : 0C;
  0C6D : A0;
  0C6E : AD;
  0C6F : 20;
  0C70 : 1E;
  0C71 : AB;
  0C72 : A5;
  0C73 : 3D;
  0C74 : A4;
  0C75 : 3E;
  0C76 : 85;
  0C77 : 7A;
  0C78 : 84;
  0C79 : 7B;
  0C7A : 60;
  0C7B : 20;
  0C7C : A6;
  0C7D : B3;
  0C7E : C9;
  0C7F : 23;
  0C80 : D0;
  0C81 : 10;
  0C82 : 20;
  0C83 : 73;
  0C84 : 00;
  0C85 : 20;
  0C86 : 9E;
  0C87 : B7;
  0C88 : A9;
  0C89 : 2C;
  0C8A : 20;
  0C8B : FF;
  0C8C : AE;
  0C8D : 86;
  0C8E : 13;
  0C8F : 20;
  0C90 : 1E;
  0C91 : E1;
  0C92 : A2;
  0C93 : 01;
  0C94 : A0;
  0C95 : 02;
  0C96 : A9;
  0C97 : 00;
  0C98 : 8D;
  0C99 : 01;
  0C9A : 02;
  0C9B : A9;
  0C9C : 40;
  0C9D : 20;
  0C9E : 0F;
  0C9F : AC;
  0CA0 : A6;
  0CA1 : 13;
  0CA2 : D0;
  0CA3 : 13;
  0CA4 : 60;
  0CA5 : 20;
  0CA6 : 9E;
  0CA7 : B7;
  0CA8 : A9;
  0CA9 : 2C;
  0CAA : 20;
  0CAB : FF;
  0CAC : AE;
  0CAD : 86;
  0CAE : 13;
  0CAF : 20;
  0CB0 : 1E;
  0CB1 : E1;
  0CB2 : 20;
  0CB3 : CE;
  0CB4 : AB;
  0CB5 : A5;
  0CB6 : 13;
  0CB7 : 20;
  0CB8 : CC;
  0CB9 : FF;
  0CBA : A2;
  0CBB : 00;
  0CBC : 86;
  0CBD : 13;
  0CBE : 60;
  0CBF : C9;
  0CC0 : 22;
  0CC1 : D0;
  0CC2 : 0B;
  0CC3 : 20;
  0CC4 : BD;
  0CC5 : AE;
  0CC6 : A9;
  0CC7 : 3B;
  0CC8 : 20;
  0CC9 : FF;
  0CCA : AE;
  0CCB : 20;
  0CCC : 21;
  0CCD : AB;
  0CCE : 20;
  0CCF : A6;
  0CD0 : B3;
  0CD1 : A9;
  0CD2 : 2C;
  0CD3 : 8D;
  0CD4 : FF;
  0CD5 : 01;
  0CD6 : 20;
  0CD7 : F9;
  0CD8 : AB;
  0CD9 : A5;
  0CDA : 13;
  0CDB : F0;
  0CDC : 0D;
  0CDD : 20;
  0CDE : B7;
  0CDF : FF;
  0CE0 : 29;
  0CE1 : 02;
  0CE2 : F0;
  0CE3 : 06;
  0CE4 : 20;
  0CE5 : B5;
  0CE6 : AB;
  0CE7 : 4C;
  0CE8 : F8;
  0CE9 : A8;
  0CEA : AD;
  0CEB : 00;
  0CEC : 02;
  0CED : D0;
  0CEE : 1E;
  0CEF : A5;
  0CF0 : 13;
  0CF1 : D0;
  0CF2 : E3;
  0CF3 : 20;
  0CF4 : 06;
  0CF5 : A9;
  0CF6 : 4C;
  0CF7 : FB;
  0CF8 : A8;
  0CF9 : A5;
  0CFA : 13;
  0CFB : D0;
  0CFC : 06;
  0CFD : 20;
  0CFE : 45;
  0CFF : AB;
  0D00 : 20;
  0D01 : 3B;
  0D02 : AB;
  0D03 : 4C;
  0D04 : 60;
  0D05 : A5;
  0D06 : A6;
  0D07 : 41;
  0D08 : A4;
  0D09 : 42;
  0D0A : A9;
  0D0B : 98;
  0D0C : 2C;
  0D0D : A9;
  0D0E : 00;
  0D0F : 85;
  0D10 : 11;
  0D11 : 86;
  0D12 : 43;
  0D13 : 84;
  0D14 : 44;
  0D15 : 20;
  0D16 : 8B;
  0D17 : B0;
  0D18 : 85;
  0D19 : 49;
  0D1A : 84;
  0D1B : 4A;
  0D1C : A5;
  0D1D : 7A;
  0D1E : A4;
  0D1F : 7B;
  0D20 : 85;
  0D21 : 4B;
  0D22 : 84;
  0D23 : 4C;
  0D24 : A6;
  0D25 : 43;
  0D26 : A4;
  0D27 : 44;
  0D28 : 86;
  0D29 : 7A;
  0D2A : 84;
  0D2B : 7B;
  0D2C : 20;
  0D2D : 79;
  0D2E : 00;
  0D2F : D0;
  0D30 : 20;
  0D31 : 24;
  0D32 : 11;
  0D33 : 50;
  0D34 : 0C;
  0D35 : 20;
  0D36 : 24;
  0D37 : E1;
  0D38 : 8D;
  0D39 : 00;
  0D3A : 02;
  0D3B : A2;
  0D3C : FF;
  0D3D : A0;
  0D3E : 01;
  0D3F : D0;
  0D40 : 0C;
  0D41 : 30;
  0D42 : 75;
  0D43 : A5;
  0D44 : 13;
  0D45 : D0;
  0D46 : 03;
  0D47 : 20;
  0D48 : 45;
  0D49 : AB;
  0D4A : 20;
  0D4B : F9;
  0D4C : AB;
  0D4D : 86;
  0D4E : 7A;
  0D4F : 84;
  0D50 : 7B;
  0D51 : 20;
  0D52 : 73;
  0D53 : 00;
  0D54 : 24;
  0D55 : 0D;
  0D56 : 10;
  0D57 : 31;
  0D58 : 24;
  0D59 : 11;
  0D5A : 50;
  0D5B : 09;
  0D5C : E8;
  0D5D : 86;
  0D5E : 7A;
  0D5F : A9;
  0D60 : 00;
  0D61 : 85;
  0D62 : 07;
  0D63 : F0;
  0D64 : 0C;
  0D65 : 85;
  0D66 : 07;
  0D67 : C9;
  0D68 : 22;
  0D69 : F0;
  0D6A : 07;
  0D6B : A9;
  0D6C : 3A;
  0D6D : 85;
  0D6E : 07;
  0D6F : A9;
  0D70 : 2C;
  0D71 : 18;
  0D72 : 85;
  0D73 : 08;
  0D74 : A5;
  0D75 : 7A;
  0D76 : A4;
  0D77 : 7B;
  0D78 : 69;
  0D79 : 00;
  0D7A : 90;
  0D7B : 01;
  0D7C : C8;
  0D7D : 20;
  0D7E : 8D;
  0D7F : B4;
  0D80 : 20;
  0D81 : E2;
  0D82 : B7;
  0D83 : 20;
  0D84 : DA;
  0D85 : A9;
  0D86 : 4C;
  0D87 : 91;
  0D88 : AC;
  0D89 : 20;
  0D8A : F3;
  0D8B : BC;
  0D8C : A5;
  0D8D : 0E;
  0D8E : 20;
  0D8F : C2;
  0D90 : A9;
  0D91 : 20;
  0D92 : 79;
  0D93 : 00;
  0D94 : F0;
  0D95 : 07;
  0D96 : C9;
  0D97 : 2C;
  0D98 : F0;
  0D99 : 03;
  0D9A : 4C;
  0D9B : 4D;
  0D9C : AB;
  0D9D : A5;
  0D9E : 7A;
  0D9F : A4;
  0DA0 : 7B;
  0DA1 : 85;
  0DA2 : 43;
  0DA3 : 84;
  0DA4 : 44;
  0DA5 : A5;
  0DA6 : 4B;
  0DA7 : A4;
  0DA8 : 4C;
  0DA9 : 85;
  0DAA : 7A;
  0DAB : 84;
  0DAC : 7B;
  0DAD : 20;
  0DAE : 79;
  0DAF : 00;
  0DB0 : F0;
  0DB1 : 2D;
  0DB2 : 20;
  0DB3 : FD;
  0DB4 : AE;
  0DB5 : 4C;
  0DB6 : 15;
  0DB7 : AC;
  0DB8 : 20;
  0DB9 : 06;
  0DBA : A9;
  0DBB : C8;
  0DBC : AA;
  0DBD : D0;
  0DBE : 12;
  0DBF : A2;
  0DC0 : 0D;
  0DC1 : C8;
  0DC2 : B1;
  0DC3 : 7A;
  0DC4 : F0;
  0DC5 : 6C;
  0DC6 : C8;
  0DC7 : B1;
  0DC8 : 7A;
  0DC9 : 85;
  0DCA : 3F;
  0DCB : C8;
  0DCC : B1;
  0DCD : 7A;
  0DCE : C8;
  0DCF : 85;
  0DD0 : 40;
  0DD1 : 20;
  0DD2 : FB;
  0DD3 : A8;
  0DD4 : 20;
  0DD5 : 79;
  0DD6 : 00;
  0DD7 : AA;
  0DD8 : E0;
  0DD9 : 83;
  0DDA : D0;
  0DDB : DC;
  0DDC : 4C;
  0DDD : 51;
  0DDE : AC;
  0DDF : A5;
  0DE0 : 43;
  0DE1 : A4;
  0DE2 : 44;
  0DE3 : A6;
  0DE4 : 11;
  0DE5 : 10;
  0DE6 : 03;
  0DE7 : 4C;
  0DE8 : 27;
  0DE9 : A8;
  0DEA : A0;
  0DEB : 00;
  0DEC : B1;
  0DED : 43;
  0DEE : F0;
  0DEF : 0B;
  0DF0 : A5;
  0DF1 : 13;
  0DF2 : D0;
  0DF3 : 07;
  0DF4 : A9;
  0DF5 : FC;
  0DF6 : A0;
  0DF7 : AC;
  0DF8 : 4C;
  0DF9 : 1E;
  0DFA : AB;
  0DFB : 60;
  0DFC : 3F;
  0DFD : 45;
  0DFE : 58;
  0DFF : 54;
  0E00 : 52;
  0E01 : 41;
  0E02 : 20;
  0E03 : 49;
  0E04 : 47;
  0E05 : 4E;
  0E06 : 4F;
  0E07 : 52;
  0E08 : 45;
  0E09 : 44;
  0E0A : 0D;
  0E0B : 00;
  0E0C : 3F;
  0E0D : 52;
  0E0E : 45;
  0E0F : 44;
  0E10 : 4F;
  0E11 : 20;
  0E12 : 46;
  0E13 : 52;
  0E14 : 4F;
  0E15 : 4D;
  0E16 : 20;
  0E17 : 53;
  0E18 : 54;
  0E19 : 41;
  0E1A : 52;
  0E1B : 54;
  0E1C : 0D;
  0E1D : 00;
  0E1E : D0;
  0E1F : 04;
  0E20 : A0;
  0E21 : 00;
  0E22 : F0;
  0E23 : 03;
  0E24 : 20;
  0E25 : 8B;
  0E26 : B0;
  0E27 : 85;
  0E28 : 49;
  0E29 : 84;
  0E2A : 4A;
  0E2B : 20;
  0E2C : 8A;
  0E2D : A3;
  0E2E : F0;
  0E2F : 05;
  0E30 : A2;
  0E31 : 0A;
  0E32 : 4C;
  0E33 : 37;
  0E34 : A4;
  0E35 : 9A;
  0E36 : 8A;
  0E37 : 18;
  0E38 : 69;
  0E39 : 04;
  0E3A : 48;
  0E3B : 69;
  0E3C : 06;
  0E3D : 85;
  0E3E : 24;
  0E3F : 68;
  0E40 : A0;
  0E41 : 01;
  0E42 : 20;
  0E43 : A2;
  0E44 : BB;
  0E45 : BA;
  0E46 : BD;
  0E47 : 09;
  0E48 : 01;
  0E49 : 85;
  0E4A : 66;
  0E4B : A5;
  0E4C : 49;
  0E4D : A4;
  0E4E : 4A;
  0E4F : 20;
  0E50 : 67;
  0E51 : B8;
  0E52 : 20;
  0E53 : D0;
  0E54 : BB;
  0E55 : A0;
  0E56 : 01;
  0E57 : 20;
  0E58 : 5D;
  0E59 : BC;
  0E5A : BA;
  0E5B : 38;
  0E5C : FD;
  0E5D : 09;
  0E5E : 01;
  0E5F : F0;
  0E60 : 17;
  0E61 : BD;
  0E62 : 0F;
  0E63 : 01;
  0E64 : 85;
  0E65 : 39;
  0E66 : BD;
  0E67 : 10;
  0E68 : 01;
  0E69 : 85;
  0E6A : 3A;
  0E6B : BD;
  0E6C : 12;
  0E6D : 01;
  0E6E : 85;
  0E6F : 7A;
  0E70 : BD;
  0E71 : 11;
  0E72 : 01;
  0E73 : 85;
  0E74 : 7B;
  0E75 : 4C;
  0E76 : AE;
  0E77 : A7;
  0E78 : 8A;
  0E79 : 69;
  0E7A : 11;
  0E7B : AA;
  0E7C : 9A;
  0E7D : 20;
  0E7E : 79;
  0E7F : 00;
  0E80 : C9;
  0E81 : 2C;
  0E82 : D0;
  0E83 : F1;
  0E84 : 20;
  0E85 : 73;
  0E86 : 00;
  0E87 : 20;
  0E88 : 24;
  0E89 : AD;
  0E8A : 20;
  0E8B : 9E;
  0E8C : AD;
  0E8D : 18;
  0E8E : 24;
  0E8F : 38;
  0E90 : 24;
  0E91 : 0D;
  0E92 : 30;
  0E93 : 03;
  0E94 : B0;
  0E95 : 03;
  0E96 : 60;
  0E97 : B0;
  0E98 : FD;
  0E99 : A2;
  0E9A : 16;
  0E9B : 4C;
  0E9C : 37;
  0E9D : A4;
  0E9E : A6;
  0E9F : 7A;
  0EA0 : D0;
  0EA1 : 02;
  0EA2 : C6;
  0EA3 : 7B;
  0EA4 : C6;
  0EA5 : 7A;
  0EA6 : A2;
  0EA7 : 00;
  0EA8 : 24;
  0EA9 : 48;
  0EAA : 8A;
  0EAB : 48;
  0EAC : A9;
  0EAD : 01;
  0EAE : 20;
  0EAF : FB;
  0EB0 : A3;
  0EB1 : 20;
  0EB2 : 83;
  0EB3 : AE;
  0EB4 : A9;
  0EB5 : 00;
  0EB6 : 85;
  0EB7 : 4D;
  0EB8 : 20;
  0EB9 : 79;
  0EBA : 00;
  0EBB : 38;
  0EBC : E9;
  0EBD : B1;
  0EBE : 90;
  0EBF : 17;
  0EC0 : C9;
  0EC1 : 03;
  0EC2 : B0;
  0EC3 : 13;
  0EC4 : C9;
  0EC5 : 01;
  0EC6 : 2A;
  0EC7 : 49;
  0EC8 : 01;
  0EC9 : 45;
  0ECA : 4D;
  0ECB : C5;
  0ECC : 4D;
  0ECD : 90;
  0ECE : 61;
  0ECF : 85;
  0ED0 : 4D;
  0ED1 : 20;
  0ED2 : 73;
  0ED3 : 00;
  0ED4 : 4C;
  0ED5 : BB;
  0ED6 : AD;
  0ED7 : A6;
  0ED8 : 4D;
  0ED9 : D0;
  0EDA : 2C;
  0EDB : B0;
  0EDC : 7B;
  0EDD : 69;
  0EDE : 07;
  0EDF : 90;
  0EE0 : 77;
  0EE1 : 65;
  0EE2 : 0D;
  0EE3 : D0;
  0EE4 : 03;
  0EE5 : 4C;
  0EE6 : 3D;
  0EE7 : B6;
  0EE8 : 69;
  0EE9 : FF;
  0EEA : 85;
  0EEB : 22;
  0EEC : 0A;
  0EED : 65;
  0EEE : 22;
  0EEF : A8;
  0EF0 : 68;
  0EF1 : D9;
  0EF2 : 80;
  0EF3 : A0;
  0EF4 : B0;
  0EF5 : 67;
  0EF6 : 20;
  0EF7 : 8D;
  0EF8 : AD;
  0EF9 : 48;
  0EFA : 20;
  0EFB : 20;
  0EFC : AE;
  0EFD : 68;
  0EFE : A4;
  0EFF : 4B;
  0F00 : 10;
  0F01 : 17;
  0F02 : AA;
  0F03 : F0;
  0F04 : 56;
  0F05 : D0;
  0F06 : 5F;
  0F07 : 46;
  0F08 : 0D;
  0F09 : 8A;
  0F0A : 2A;
  0F0B : A6;
  0F0C : 7A;
  0F0D : D0;
  0F0E : 02;
  0F0F : C6;
  0F10 : 7B;
  0F11 : C6;
  0F12 : 7A;
  0F13 : A0;
  0F14 : 1B;
  0F15 : 85;
  0F16 : 4D;
  0F17 : D0;
  0F18 : D7;
  0F19 : D9;
  0F1A : 80;
  0F1B : A0;
  0F1C : B0;
  0F1D : 48;
  0F1E : 90;
  0F1F : D9;
  0F20 : B9;
  0F21 : 82;
  0F22 : A0;
  0F23 : 48;
  0F24 : B9;
  0F25 : 81;
  0F26 : A0;
  0F27 : 48;
  0F28 : 20;
  0F29 : 33;
  0F2A : AE;
  0F2B : A5;
  0F2C : 4D;
  0F2D : 4C;
  0F2E : A9;
  0F2F : AD;
  0F30 : 4C;
  0F31 : 08;
  0F32 : AF;
  0F33 : A5;
  0F34 : 66;
  0F35 : BE;
  0F36 : 80;
  0F37 : A0;
  0F38 : A8;
  0F39 : 68;
  0F3A : 85;
  0F3B : 22;
  0F3C : E6;
  0F3D : 22;
  0F3E : 68;
  0F3F : 85;
  0F40 : 23;
  0F41 : 98;
  0F42 : 48;
  0F43 : 20;
  0F44 : 1B;
  0F45 : BC;
  0F46 : A5;
  0F47 : 65;
  0F48 : 48;
  0F49 : A5;
  0F4A : 64;
  0F4B : 48;
  0F4C : A5;
  0F4D : 63;
  0F4E : 48;
  0F4F : A5;
  0F50 : 62;
  0F51 : 48;
  0F52 : A5;
  0F53 : 61;
  0F54 : 48;
  0F55 : 6C;
  0F56 : 22;
  0F57 : 00;
  0F58 : A0;
  0F59 : FF;
  0F5A : 68;
  0F5B : F0;
  0F5C : 23;
  0F5D : C9;
  0F5E : 64;
  0F5F : F0;
  0F60 : 03;
  0F61 : 20;
  0F62 : 8D;
  0F63 : AD;
  0F64 : 84;
  0F65 : 4B;
  0F66 : 68;
  0F67 : 4A;
  0F68 : 85;
  0F69 : 12;
  0F6A : 68;
  0F6B : 85;
  0F6C : 69;
  0F6D : 68;
  0F6E : 85;
  0F6F : 6A;
  0F70 : 68;
  0F71 : 85;
  0F72 : 6B;
  0F73 : 68;
  0F74 : 85;
  0F75 : 6C;
  0F76 : 68;
  0F77 : 85;
  0F78 : 6D;
  0F79 : 68;
  0F7A : 85;
  0F7B : 6E;
  0F7C : 45;
  0F7D : 66;
  0F7E : 85;
  0F7F : 6F;
  0F80 : A5;
  0F81 : 61;
  0F82 : 60;
  0F83 : 6C;
  0F84 : 0A;
  0F85 : 03;
  0F86 : A9;
  0F87 : 00;
  0F88 : 85;
  0F89 : 0D;
  0F8A : 20;
  0F8B : 73;
  0F8C : 00;
  0F8D : B0;
  0F8E : 03;
  0F8F : 4C;
  0F90 : F3;
  0F91 : BC;
  0F92 : 20;
  0F93 : 13;
  0F94 : B1;
  0F95 : 90;
  0F96 : 03;
  0F97 : 4C;
  0F98 : 28;
  0F99 : AF;
  0F9A : C9;
  0F9B : FF;
  0F9C : D0;
  0F9D : 0F;
  0F9E : A9;
  0F9F : A8;
  0FA0 : A0;
  0FA1 : AE;
  0FA2 : 20;
  0FA3 : A2;
  0FA4 : BB;
  0FA5 : 4C;
  0FA6 : 73;
  0FA7 : 00;
  0FA8 : 82;
  0FA9 : 49;
  0FAA : 0F;
  0FAB : DA;
  0FAC : A1;
  0FAD : C9;
  0FAE : 2E;
  0FAF : F0;
  0FB0 : DE;
  0FB1 : C9;
  0FB2 : AB;
  0FB3 : F0;
  0FB4 : 58;
  0FB5 : C9;
  0FB6 : AA;
  0FB7 : F0;
  0FB8 : D1;
  0FB9 : C9;
  0FBA : 22;
  0FBB : D0;
  0FBC : 0F;
  0FBD : A5;
  0FBE : 7A;
  0FBF : A4;
  0FC0 : 7B;
  0FC1 : 69;
  0FC2 : 00;
  0FC3 : 90;
  0FC4 : 01;
  0FC5 : C8;
  0FC6 : 20;
  0FC7 : 87;
  0FC8 : B4;
  0FC9 : 4C;
  0FCA : E2;
  0FCB : B7;
  0FCC : C9;
  0FCD : A8;
  0FCE : D0;
  0FCF : 13;
  0FD0 : A0;
  0FD1 : 18;
  0FD2 : D0;
  0FD3 : 3B;
  0FD4 : 20;
  0FD5 : BF;
  0FD6 : B1;
  0FD7 : A5;
  0FD8 : 65;
  0FD9 : 49;
  0FDA : FF;
  0FDB : A8;
  0FDC : A5;
  0FDD : 64;
  0FDE : 49;
  0FDF : FF;
  0FE0 : 4C;
  0FE1 : 91;
  0FE2 : B3;
  0FE3 : C9;
  0FE4 : A5;
  0FE5 : D0;
  0FE6 : 03;
  0FE7 : 4C;
  0FE8 : F4;
  0FE9 : B3;
  0FEA : C9;
  0FEB : B4;
  0FEC : 90;
  0FED : 03;
  0FEE : 4C;
  0FEF : A7;
  0FF0 : AF;
  0FF1 : 20;
  0FF2 : FA;
  0FF3 : AE;
  0FF4 : 20;
  0FF5 : 9E;
  0FF6 : AD;
  0FF7 : A9;
  0FF8 : 29;
  0FF9 : 2C;
  0FFA : A9;
  0FFB : 28;
  0FFC : 2C;
  0FFD : A9;
  0FFE : 2C;
  0FFF : A0;
  1000 : 00;
  1001 : D1;
  1002 : 7A;
  1003 : D0;
  1004 : 03;
  1005 : 4C;
  1006 : 73;
  1007 : 00;
  1008 : A2;
  1009 : 0B;
  100A : 4C;
  100B : 37;
  100C : A4;
  100D : A0;
  100E : 15;
  100F : 68;
  1010 : 68;
  1011 : 4C;
  1012 : FA;
  1013 : AD;
  1014 : 38;
  1015 : A5;
  1016 : 64;
  1017 : E9;
  1018 : 00;
  1019 : A5;
  101A : 65;
  101B : E9;
  101C : A0;
  101D : 90;
  101E : 08;
  101F : A9;
  1020 : A2;
  1021 : E5;
  1022 : 64;
  1023 : A9;
  1024 : E3;
  1025 : E5;
  1026 : 65;
  1027 : 60;
  1028 : 20;
  1029 : 8B;
  102A : B0;
  102B : 85;
  102C : 64;
  102D : 84;
  102E : 65;
  102F : A6;
  1030 : 45;
  1031 : A4;
  1032 : 46;
  1033 : A5;
  1034 : 0D;
  1035 : F0;
  1036 : 26;
  1037 : A9;
  1038 : 00;
  1039 : 85;
  103A : 70;
  103B : 20;
  103C : 14;
  103D : AF;
  103E : 90;
  103F : 1C;
  1040 : E0;
  1041 : 54;
  1042 : D0;
  1043 : 18;
  1044 : C0;
  1045 : C9;
  1046 : D0;
  1047 : 14;
  1048 : 20;
  1049 : 84;
  104A : AF;
  104B : 84;
  104C : 5E;
  104D : 88;
  104E : 84;
  104F : 71;
  1050 : A0;
  1051 : 06;
  1052 : 84;
  1053 : 5D;
  1054 : A0;
  1055 : 24;
  1056 : 20;
  1057 : 68;
  1058 : BE;
  1059 : 4C;
  105A : 6F;
  105B : B4;
  105C : 60;
  105D : 24;
  105E : 0E;
  105F : 10;
  1060 : 0D;
  1061 : A0;
  1062 : 00;
  1063 : B1;
  1064 : 64;
  1065 : AA;
  1066 : C8;
  1067 : B1;
  1068 : 64;
  1069 : A8;
  106A : 8A;
  106B : 4C;
  106C : 91;
  106D : B3;
  106E : 20;
  106F : 14;
  1070 : AF;
  1071 : 90;
  1072 : 2D;
  1073 : E0;
  1074 : 54;
  1075 : D0;
  1076 : 1B;
  1077 : C0;
  1078 : 49;
  1079 : D0;
  107A : 25;
  107B : 20;
  107C : 84;
  107D : AF;
  107E : 98;
  107F : A2;
  1080 : A0;
  1081 : 4C;
  1082 : 4F;
  1083 : BC;
  1084 : 20;
  1085 : DE;
  1086 : FF;
  1087 : 86;
  1088 : 64;
  1089 : 84;
  108A : 63;
  108B : 85;
  108C : 65;
  108D : A0;
  108E : 00;
  108F : 84;
  1090 : 62;
  1091 : 60;
  1092 : E0;
  1093 : 53;
  1094 : D0;
  1095 : 0A;
  1096 : C0;
  1097 : 54;
  1098 : D0;
  1099 : 06;
  109A : 20;
  109B : B7;
  109C : FF;
  109D : 4C;
  109E : 3C;
  109F : BC;
  10A0 : A5;
  10A1 : 64;
  10A2 : A4;
  10A3 : 65;
  10A4 : 4C;
  10A5 : A2;
  10A6 : BB;
  10A7 : 0A;
  10A8 : 48;
  10A9 : AA;
  10AA : 20;
  10AB : 73;
  10AC : 00;
  10AD : E0;
  10AE : 8F;
  10AF : 90;
  10B0 : 20;
  10B1 : 20;
  10B2 : FA;
  10B3 : AE;
  10B4 : 20;
  10B5 : 9E;
  10B6 : AD;
  10B7 : 20;
  10B8 : FD;
  10B9 : AE;
  10BA : 20;
  10BB : 8F;
  10BC : AD;
  10BD : 68;
  10BE : AA;
  10BF : A5;
  10C0 : 65;
  10C1 : 48;
  10C2 : A5;
  10C3 : 64;
  10C4 : 48;
  10C5 : 8A;
  10C6 : 48;
  10C7 : 20;
  10C8 : 9E;
  10C9 : B7;
  10CA : 68;
  10CB : A8;
  10CC : 8A;
  10CD : 48;
  10CE : 4C;
  10CF : D6;
  10D0 : AF;
  10D1 : 20;
  10D2 : F1;
  10D3 : AE;
  10D4 : 68;
  10D5 : A8;
  10D6 : B9;
  10D7 : EA;
  10D8 : 9F;
  10D9 : 85;
  10DA : 55;
  10DB : B9;
  10DC : EB;
  10DD : 9F;
  10DE : 85;
  10DF : 56;
  10E0 : 20;
  10E1 : 54;
  10E2 : 00;
  10E3 : 4C;
  10E4 : 8D;
  10E5 : AD;
  10E6 : A0;
  10E7 : FF;
  10E8 : 2C;
  10E9 : A0;
  10EA : 00;
  10EB : 84;
  10EC : 0B;
  10ED : 20;
  10EE : BF;
  10EF : B1;
  10F0 : A5;
  10F1 : 64;
  10F2 : 45;
  10F3 : 0B;
  10F4 : 85;
  10F5 : 07;
  10F6 : A5;
  10F7 : 65;
  10F8 : 45;
  10F9 : 0B;
  10FA : 85;
  10FB : 08;
  10FC : 20;
  10FD : FC;
  10FE : BB;
  10FF : 20;
  1100 : BF;
  1101 : B1;
  1102 : A5;
  1103 : 65;
  1104 : 45;
  1105 : 0B;
  1106 : 25;
  1107 : 08;
  1108 : 45;
  1109 : 0B;
  110A : A8;
  110B : A5;
  110C : 64;
  110D : 45;
  110E : 0B;
  110F : 25;
  1110 : 07;
  1111 : 45;
  1112 : 0B;
  1113 : 4C;
  1114 : 91;
  1115 : B3;
  1116 : 20;
  1117 : 90;
  1118 : AD;
  1119 : B0;
  111A : 13;
  111B : A5;
  111C : 6E;
  111D : 09;
  111E : 7F;
  111F : 25;
  1120 : 6A;
  1121 : 85;
  1122 : 6A;
  1123 : A9;
  1124 : 69;
  1125 : A0;
  1126 : 00;
  1127 : 20;
  1128 : 5B;
  1129 : BC;
  112A : AA;
  112B : 4C;
  112C : 61;
  112D : B0;
  112E : A9;
  112F : 00;
  1130 : 85;
  1131 : 0D;
  1132 : C6;
  1133 : 4D;
  1134 : 20;
  1135 : A6;
  1136 : B6;
  1137 : 85;
  1138 : 61;
  1139 : 86;
  113A : 62;
  113B : 84;
  113C : 63;
  113D : A5;
  113E : 6C;
  113F : A4;
  1140 : 6D;
  1141 : 20;
  1142 : AA;
  1143 : B6;
  1144 : 86;
  1145 : 6C;
  1146 : 84;
  1147 : 6D;
  1148 : AA;
  1149 : 38;
  114A : E5;
  114B : 61;
  114C : F0;
  114D : 08;
  114E : A9;
  114F : 01;
  1150 : 90;
  1151 : 04;
  1152 : A6;
  1153 : 61;
  1154 : A9;
  1155 : FF;
  1156 : 85;
  1157 : 66;
  1158 : A0;
  1159 : FF;
  115A : E8;
  115B : C8;
  115C : CA;
  115D : D0;
  115E : 07;
  115F : A6;
  1160 : 66;
  1161 : 30;
  1162 : 0F;
  1163 : 18;
  1164 : 90;
  1165 : 0C;
  1166 : B1;
  1167 : 6C;
  1168 : D1;
  1169 : 62;
  116A : F0;
  116B : EF;
  116C : A2;
  116D : FF;
  116E : B0;
  116F : 02;
  1170 : A2;
  1171 : 01;
  1172 : E8;
  1173 : 8A;
  1174 : 2A;
  1175 : 25;
  1176 : 12;
  1177 : F0;
  1178 : 02;
  1179 : A9;
  117A : FF;
  117B : 4C;
  117C : 3C;
  117D : BC;
  117E : 20;
  117F : FD;
  1180 : AE;
  1181 : AA;
  1182 : 20;
  1183 : 90;
  1184 : B0;
  1185 : 20;
  1186 : 79;
  1187 : 00;
  1188 : D0;
  1189 : F4;
  118A : 60;
  118B : A2;
  118C : 00;
  118D : 20;
  118E : 79;
  118F : 00;
  1190 : 86;
  1191 : 0C;
  1192 : 85;
  1193 : 45;
  1194 : 20;
  1195 : 79;
  1196 : 00;
  1197 : 20;
  1198 : 13;
  1199 : B1;
  119A : B0;
  119B : 03;
  119C : 4C;
  119D : 08;
  119E : AF;
  119F : A2;
  11A0 : 00;
  11A1 : 86;
  11A2 : 0D;
  11A3 : 86;
  11A4 : 0E;
  11A5 : 20;
  11A6 : 73;
  11A7 : 00;
  11A8 : 90;
  11A9 : 05;
  11AA : 20;
  11AB : 13;
  11AC : B1;
  11AD : 90;
  11AE : 0B;
  11AF : AA;
  11B0 : 20;
  11B1 : 73;
  11B2 : 00;
  11B3 : 90;
  11B4 : FB;
  11B5 : 20;
  11B6 : 13;
  11B7 : B1;
  11B8 : B0;
  11B9 : F6;
  11BA : C9;
  11BB : 24;
  11BC : D0;
  11BD : 06;
  11BE : A9;
  11BF : FF;
  11C0 : 85;
  11C1 : 0D;
  11C2 : D0;
  11C3 : 10;
  11C4 : C9;
  11C5 : 25;
  11C6 : D0;
  11C7 : 13;
  11C8 : A5;
  11C9 : 10;
  11CA : D0;
  11CB : D0;
  11CC : A9;
  11CD : 80;
  11CE : 85;
  11CF : 0E;
  11D0 : 05;
  11D1 : 45;
  11D2 : 85;
  11D3 : 45;
  11D4 : 8A;
  11D5 : 09;
  11D6 : 80;
  11D7 : AA;
  11D8 : 20;
  11D9 : 73;
  11DA : 00;
  11DB : 86;
  11DC : 46;
  11DD : 38;
  11DE : 05;
  11DF : 10;
  11E0 : E9;
  11E1 : 28;
  11E2 : D0;
  11E3 : 03;
  11E4 : 4C;
  11E5 : D1;
  11E6 : B1;
  11E7 : A0;
  11E8 : 00;
  11E9 : 84;
  11EA : 10;
  11EB : A5;
  11EC : 2D;
  11ED : A6;
  11EE : 2E;
  11EF : 86;
  11F0 : 60;
  11F1 : 85;
  11F2 : 5F;
  11F3 : E4;
  11F4 : 30;
  11F5 : D0;
  11F6 : 04;
  11F7 : C5;
  11F8 : 2F;
  11F9 : F0;
  11FA : 22;
  11FB : A5;
  11FC : 45;
  11FD : D1;
  11FE : 5F;
  11FF : D0;
  1200 : 08;
  1201 : A5;
  1202 : 46;
  1203 : C8;
  1204 : D1;
  1205 : 5F;
  1206 : F0;
  1207 : 7D;
  1208 : 88;
  1209 : 18;
  120A : A5;
  120B : 5F;
  120C : 69;
  120D : 07;
  120E : 90;
  120F : E1;
  1210 : E8;
  1211 : D0;
  1212 : DC;
  1213 : C9;
  1214 : 41;
  1215 : 90;
  1216 : 05;
  1217 : E9;
  1218 : 5B;
  1219 : 38;
  121A : E9;
  121B : A5;
  121C : 60;
  121D : 68;
  121E : 48;
  121F : C9;
  1220 : 2A;
  1221 : D0;
  1222 : 05;
  1223 : A9;
  1224 : 13;
  1225 : A0;
  1226 : BF;
  1227 : 60;
  1228 : A5;
  1229 : 45;
  122A : A4;
  122B : 46;
  122C : C9;
  122D : 54;
  122E : D0;
  122F : 0B;
  1230 : C0;
  1231 : C9;
  1232 : F0;
  1233 : EF;
  1234 : C0;
  1235 : 49;
  1236 : D0;
  1237 : 03;
  1238 : 4C;
  1239 : 08;
  123A : AF;
  123B : C9;
  123C : 53;
  123D : D0;
  123E : 04;
  123F : C0;
  1240 : 54;
  1241 : F0;
  1242 : F5;
  1243 : A5;
  1244 : 2F;
  1245 : A4;
  1246 : 30;
  1247 : 85;
  1248 : 5F;
  1249 : 84;
  124A : 60;
  124B : A5;
  124C : 31;
  124D : A4;
  124E : 32;
  124F : 85;
  1250 : 5A;
  1251 : 84;
  1252 : 5B;
  1253 : 18;
  1254 : 69;
  1255 : 07;
  1256 : 90;
  1257 : 01;
  1258 : C8;
  1259 : 85;
  125A : 58;
  125B : 84;
  125C : 59;
  125D : 20;
  125E : B8;
  125F : A3;
  1260 : A5;
  1261 : 58;
  1262 : A4;
  1263 : 59;
  1264 : C8;
  1265 : 85;
  1266 : 2F;
  1267 : 84;
  1268 : 30;
  1269 : A0;
  126A : 00;
  126B : A5;
  126C : 45;
  126D : 91;
  126E : 5F;
  126F : C8;
  1270 : A5;
  1271 : 46;
  1272 : 91;
  1273 : 5F;
  1274 : A9;
  1275 : 00;
  1276 : C8;
  1277 : 91;
  1278 : 5F;
  1279 : C8;
  127A : 91;
  127B : 5F;
  127C : C8;
  127D : 91;
  127E : 5F;
  127F : C8;
  1280 : 91;
  1281 : 5F;
  1282 : C8;
  1283 : 91;
  1284 : 5F;
  1285 : A5;
  1286 : 5F;
  1287 : 18;
  1288 : 69;
  1289 : 02;
  128A : A4;
  128B : 60;
  128C : 90;
  128D : 01;
  128E : C8;
  128F : 85;
  1290 : 47;
  1291 : 84;
  1292 : 48;
  1293 : 60;
  1294 : A5;
  1295 : 0B;
  1296 : 0A;
  1297 : 69;
  1298 : 05;
  1299 : 65;
  129A : 5F;
  129B : A4;
  129C : 60;
  129D : 90;
  129E : 01;
  129F : C8;
  12A0 : 85;
  12A1 : 58;
  12A2 : 84;
  12A3 : 59;
  12A4 : 60;
  12A5 : 90;
  12A6 : 80;
  12A7 : 00;
  12A8 : 00;
  12A9 : 00;
  12AA : 20;
  12AB : BF;
  12AC : B1;
  12AD : A5;
  12AE : 64;
  12AF : A4;
  12B0 : 65;
  12B1 : 60;
  12B2 : 20;
  12B3 : 73;
  12B4 : 00;
  12B5 : 20;
  12B6 : 9E;
  12B7 : AD;
  12B8 : 20;
  12B9 : 8D;
  12BA : AD;
  12BB : A5;
  12BC : 66;
  12BD : 30;
  12BE : 0D;
  12BF : A5;
  12C0 : 61;
  12C1 : C9;
  12C2 : 90;
  12C3 : 90;
  12C4 : 09;
  12C5 : A9;
  12C6 : A5;
  12C7 : A0;
  12C8 : B1;
  12C9 : 20;
  12CA : 5B;
  12CB : BC;
  12CC : D0;
  12CD : 7A;
  12CE : 4C;
  12CF : 9B;
  12D0 : BC;
  12D1 : A5;
  12D2 : 0C;
  12D3 : 05;
  12D4 : 0E;
  12D5 : 48;
  12D6 : A5;
  12D7 : 0D;
  12D8 : 48;
  12D9 : A0;
  12DA : 00;
  12DB : 98;
  12DC : 48;
  12DD : A5;
  12DE : 46;
  12DF : 48;
  12E0 : A5;
  12E1 : 45;
  12E2 : 48;
  12E3 : 20;
  12E4 : B2;
  12E5 : B1;
  12E6 : 68;
  12E7 : 85;
  12E8 : 45;
  12E9 : 68;
  12EA : 85;
  12EB : 46;
  12EC : 68;
  12ED : A8;
  12EE : BA;
  12EF : BD;
  12F0 : 02;
  12F1 : 01;
  12F2 : 48;
  12F3 : BD;
  12F4 : 01;
  12F5 : 01;
  12F6 : 48;
  12F7 : A5;
  12F8 : 64;
  12F9 : 9D;
  12FA : 02;
  12FB : 01;
  12FC : A5;
  12FD : 65;
  12FE : 9D;
  12FF : 01;
  1300 : 01;
  1301 : C8;
  1302 : 20;
  1303 : 79;
  1304 : 00;
  1305 : C9;
  1306 : 2C;
  1307 : F0;
  1308 : D2;
  1309 : 84;
  130A : 0B;
  130B : 20;
  130C : F7;
  130D : AE;
  130E : 68;
  130F : 85;
  1310 : 0D;
  1311 : 68;
  1312 : 85;
  1313 : 0E;
  1314 : 29;
  1315 : 7F;
  1316 : 85;
  1317 : 0C;
  1318 : A6;
  1319 : 2F;
  131A : A5;
  131B : 30;
  131C : 86;
  131D : 5F;
  131E : 85;
  131F : 60;
  1320 : C5;
  1321 : 32;
  1322 : D0;
  1323 : 04;
  1324 : E4;
  1325 : 31;
  1326 : F0;
  1327 : 39;
  1328 : A0;
  1329 : 00;
  132A : B1;
  132B : 5F;
  132C : C8;
  132D : C5;
  132E : 45;
  132F : D0;
  1330 : 06;
  1331 : A5;
  1332 : 46;
  1333 : D1;
  1334 : 5F;
  1335 : F0;
  1336 : 16;
  1337 : C8;
  1338 : B1;
  1339 : 5F;
  133A : 18;
  133B : 65;
  133C : 5F;
  133D : AA;
  133E : C8;
  133F : B1;
  1340 : 5F;
  1341 : 65;
  1342 : 60;
  1343 : 90;
  1344 : D7;
  1345 : A2;
  1346 : 12;
  1347 : 2C;
  1348 : A2;
  1349 : 0E;
  134A : 4C;
  134B : 37;
  134C : A4;
  134D : A2;
  134E : 13;
  134F : A5;
  1350 : 0C;
  1351 : D0;
  1352 : F7;
  1353 : 20;
  1354 : 94;
  1355 : B1;
  1356 : A5;
  1357 : 0B;
  1358 : A0;
  1359 : 04;
  135A : D1;
  135B : 5F;
  135C : D0;
  135D : E7;
  135E : 4C;
  135F : EA;
  1360 : B2;
  1361 : 20;
  1362 : 94;
  1363 : B1;
  1364 : 20;
  1365 : 08;
  1366 : A4;
  1367 : A0;
  1368 : 00;
  1369 : 84;
  136A : 72;
  136B : A2;
  136C : 05;
  136D : A5;
  136E : 45;
  136F : 91;
  1370 : 5F;
  1371 : 10;
  1372 : 01;
  1373 : CA;
  1374 : C8;
  1375 : A5;
  1376 : 46;
  1377 : 91;
  1378 : 5F;
  1379 : 10;
  137A : 02;
  137B : CA;
  137C : CA;
  137D : 86;
  137E : 71;
  137F : A5;
  1380 : 0B;
  1381 : C8;
  1382 : C8;
  1383 : C8;
  1384 : 91;
  1385 : 5F;
  1386 : A2;
  1387 : 0B;
  1388 : A9;
  1389 : 00;
  138A : 24;
  138B : 0C;
  138C : 50;
  138D : 08;
  138E : 68;
  138F : 18;
  1390 : 69;
  1391 : 01;
  1392 : AA;
  1393 : 68;
  1394 : 69;
  1395 : 00;
  1396 : C8;
  1397 : 91;
  1398 : 5F;
  1399 : C8;
  139A : 8A;
  139B : 91;
  139C : 5F;
  139D : 20;
  139E : 4C;
  139F : B3;
  13A0 : 86;
  13A1 : 71;
  13A2 : 85;
  13A3 : 72;
  13A4 : A4;
  13A5 : 22;
  13A6 : C6;
  13A7 : 0B;
  13A8 : D0;
  13A9 : DC;
  13AA : 65;
  13AB : 59;
  13AC : B0;
  13AD : 5D;
  13AE : 85;
  13AF : 59;
  13B0 : A8;
  13B1 : 8A;
  13B2 : 65;
  13B3 : 58;
  13B4 : 90;
  13B5 : 03;
  13B6 : C8;
  13B7 : F0;
  13B8 : 52;
  13B9 : 20;
  13BA : 08;
  13BB : A4;
  13BC : 85;
  13BD : 31;
  13BE : 84;
  13BF : 32;
  13C0 : A9;
  13C1 : 00;
  13C2 : E6;
  13C3 : 72;
  13C4 : A4;
  13C5 : 71;
  13C6 : F0;
  13C7 : 05;
  13C8 : 88;
  13C9 : 91;
  13CA : 58;
  13CB : D0;
  13CC : FB;
  13CD : C6;
  13CE : 59;
  13CF : C6;
  13D0 : 72;
  13D1 : D0;
  13D2 : F5;
  13D3 : E6;
  13D4 : 59;
  13D5 : 38;
  13D6 : A5;
  13D7 : 31;
  13D8 : E5;
  13D9 : 5F;
  13DA : A0;
  13DB : 02;
  13DC : 91;
  13DD : 5F;
  13DE : A5;
  13DF : 32;
  13E0 : C8;
  13E1 : E5;
  13E2 : 60;
  13E3 : 91;
  13E4 : 5F;
  13E5 : A5;
  13E6 : 0C;
  13E7 : D0;
  13E8 : 62;
  13E9 : C8;
  13EA : B1;
  13EB : 5F;
  13EC : 85;
  13ED : 0B;
  13EE : A9;
  13EF : 00;
  13F0 : 85;
  13F1 : 71;
  13F2 : 85;
  13F3 : 72;
  13F4 : C8;
  13F5 : 68;
  13F6 : AA;
  13F7 : 85;
  13F8 : 64;
  13F9 : 68;
  13FA : 85;
  13FB : 65;
  13FC : D1;
  13FD : 5F;
  13FE : 90;
  13FF : 0E;
  1400 : D0;
  1401 : 06;
  1402 : C8;
  1403 : 8A;
  1404 : D1;
  1405 : 5F;
  1406 : 90;
  1407 : 07;
  1408 : 4C;
  1409 : 45;
  140A : B2;
  140B : 4C;
  140C : 35;
  140D : A4;
  140E : C8;
  140F : A5;
  1410 : 72;
  1411 : 05;
  1412 : 71;
  1413 : 18;
  1414 : F0;
  1415 : 0A;
  1416 : 20;
  1417 : 4C;
  1418 : B3;
  1419 : 8A;
  141A : 65;
  141B : 64;
  141C : AA;
  141D : 98;
  141E : A4;
  141F : 22;
  1420 : 65;
  1421 : 65;
  1422 : 86;
  1423 : 71;
  1424 : C6;
  1425 : 0B;
  1426 : D0;
  1427 : CA;
  1428 : 85;
  1429 : 72;
  142A : A2;
  142B : 05;
  142C : A5;
  142D : 45;
  142E : 10;
  142F : 01;
  1430 : CA;
  1431 : A5;
  1432 : 46;
  1433 : 10;
  1434 : 02;
  1435 : CA;
  1436 : CA;
  1437 : 86;
  1438 : 28;
  1439 : A9;
  143A : 00;
  143B : 20;
  143C : 55;
  143D : B3;
  143E : 8A;
  143F : 65;
  1440 : 58;
  1441 : 85;
  1442 : 47;
  1443 : 98;
  1444 : 65;
  1445 : 59;
  1446 : 85;
  1447 : 48;
  1448 : A8;
  1449 : A5;
  144A : 47;
  144B : 60;
  144C : 84;
  144D : 22;
  144E : B1;
  144F : 5F;
  1450 : 85;
  1451 : 28;
  1452 : 88;
  1453 : B1;
  1454 : 5F;
  1455 : 85;
  1456 : 29;
  1457 : A9;
  1458 : 10;
  1459 : 85;
  145A : 5D;
  145B : A2;
  145C : 00;
  145D : A0;
  145E : 00;
  145F : 8A;
  1460 : 0A;
  1461 : AA;
  1462 : 98;
  1463 : 2A;
  1464 : A8;
  1465 : B0;
  1466 : A4;
  1467 : 06;
  1468 : 71;
  1469 : 26;
  146A : 72;
  146B : 90;
  146C : 0B;
  146D : 18;
  146E : 8A;
  146F : 65;
  1470 : 28;
  1471 : AA;
  1472 : 98;
  1473 : 65;
  1474 : 29;
  1475 : A8;
  1476 : B0;
  1477 : 93;
  1478 : C6;
  1479 : 5D;
  147A : D0;
  147B : E3;
  147C : 60;
  147D : A5;
  147E : 0D;
  147F : F0;
  1480 : 03;
  1481 : 20;
  1482 : A6;
  1483 : B6;
  1484 : 20;
  1485 : 26;
  1486 : B5;
  1487 : 38;
  1488 : A5;
  1489 : 33;
  148A : E5;
  148B : 31;
  148C : A8;
  148D : A5;
  148E : 34;
  148F : E5;
  1490 : 32;
  1491 : A2;
  1492 : 00;
  1493 : 86;
  1494 : 0D;
  1495 : 85;
  1496 : 62;
  1497 : 84;
  1498 : 63;
  1499 : A2;
  149A : 90;
  149B : 4C;
  149C : 44;
  149D : BC;
  149E : 38;
  149F : 20;
  14A0 : F0;
  14A1 : FF;
  14A2 : A9;
  14A3 : 00;
  14A4 : F0;
  14A5 : EB;
  14A6 : A6;
  14A7 : 3A;
  14A8 : E8;
  14A9 : D0;
  14AA : A0;
  14AB : A2;
  14AC : 15;
  14AD : 2C;
  14AE : A2;
  14AF : 1B;
  14B0 : 4C;
  14B1 : 37;
  14B2 : A4;
  14B3 : 20;
  14B4 : E1;
  14B5 : B3;
  14B6 : 20;
  14B7 : A6;
  14B8 : B3;
  14B9 : 20;
  14BA : FA;
  14BB : AE;
  14BC : A9;
  14BD : 80;
  14BE : 85;
  14BF : 10;
  14C0 : 20;
  14C1 : 8B;
  14C2 : B0;
  14C3 : 20;
  14C4 : 8D;
  14C5 : AD;
  14C6 : 20;
  14C7 : F7;
  14C8 : AE;
  14C9 : A9;
  14CA : B2;
  14CB : 20;
  14CC : FF;
  14CD : AE;
  14CE : 48;
  14CF : A5;
  14D0 : 48;
  14D1 : 48;
  14D2 : A5;
  14D3 : 47;
  14D4 : 48;
  14D5 : A5;
  14D6 : 7B;
  14D7 : 48;
  14D8 : A5;
  14D9 : 7A;
  14DA : 48;
  14DB : 20;
  14DC : F8;
  14DD : A8;
  14DE : 4C;
  14DF : 4F;
  14E0 : B4;
  14E1 : A9;
  14E2 : A5;
  14E3 : 20;
  14E4 : FF;
  14E5 : AE;
  14E6 : 09;
  14E7 : 80;
  14E8 : 85;
  14E9 : 10;
  14EA : 20;
  14EB : 92;
  14EC : B0;
  14ED : 85;
  14EE : 4E;
  14EF : 84;
  14F0 : 4F;
  14F1 : 4C;
  14F2 : 8D;
  14F3 : AD;
  14F4 : 20;
  14F5 : E1;
  14F6 : B3;
  14F7 : A5;
  14F8 : 4F;
  14F9 : 48;
  14FA : A5;
  14FB : 4E;
  14FC : 48;
  14FD : 20;
  14FE : F1;
  14FF : AE;
  1500 : 20;
  1501 : 8D;
  1502 : AD;
  1503 : 68;
  1504 : 85;
  1505 : 4E;
  1506 : 68;
  1507 : 85;
  1508 : 4F;
  1509 : A0;
  150A : 02;
  150B : B1;
  150C : 4E;
  150D : 85;
  150E : 47;
  150F : AA;
  1510 : C8;
  1511 : B1;
  1512 : 4E;
  1513 : F0;
  1514 : 99;
  1515 : 85;
  1516 : 48;
  1517 : C8;
  1518 : B1;
  1519 : 47;
  151A : 48;
  151B : 88;
  151C : 10;
  151D : FA;
  151E : A4;
  151F : 48;
  1520 : 20;
  1521 : D4;
  1522 : BB;
  1523 : A5;
  1524 : 7B;
  1525 : 48;
  1526 : A5;
  1527 : 7A;
  1528 : 48;
  1529 : B1;
  152A : 4E;
  152B : 85;
  152C : 7A;
  152D : C8;
  152E : B1;
  152F : 4E;
  1530 : 85;
  1531 : 7B;
  1532 : A5;
  1533 : 48;
  1534 : 48;
  1535 : A5;
  1536 : 47;
  1537 : 48;
  1538 : 20;
  1539 : 8A;
  153A : AD;
  153B : 68;
  153C : 85;
  153D : 4E;
  153E : 68;
  153F : 85;
  1540 : 4F;
  1541 : 20;
  1542 : 79;
  1543 : 00;
  1544 : F0;
  1545 : 03;
  1546 : 4C;
  1547 : 08;
  1548 : AF;
  1549 : 68;
  154A : 85;
  154B : 7A;
  154C : 68;
  154D : 85;
  154E : 7B;
  154F : A0;
  1550 : 00;
  1551 : 68;
  1552 : 91;
  1553 : 4E;
  1554 : 68;
  1555 : C8;
  1556 : 91;
  1557 : 4E;
  1558 : 68;
  1559 : C8;
  155A : 91;
  155B : 4E;
  155C : 68;
  155D : C8;
  155E : 91;
  155F : 4E;
  1560 : 68;
  1561 : C8;
  1562 : 91;
  1563 : 4E;
  1564 : 60;
  1565 : 20;
  1566 : 8D;
  1567 : AD;
  1568 : A0;
  1569 : 00;
  156A : 20;
  156B : DF;
  156C : BD;
  156D : 68;
  156E : 68;
  156F : A9;
  1570 : FF;
  1571 : A0;
  1572 : 00;
  1573 : F0;
  1574 : 12;
  1575 : A6;
  1576 : 64;
  1577 : A4;
  1578 : 65;
  1579 : 86;
  157A : 50;
  157B : 84;
  157C : 51;
  157D : 20;
  157E : F4;
  157F : B4;
  1580 : 86;
  1581 : 62;
  1582 : 84;
  1583 : 63;
  1584 : 85;
  1585 : 61;
  1586 : 60;
  1587 : A2;
  1588 : 22;
  1589 : 86;
  158A : 07;
  158B : 86;
  158C : 08;
  158D : 85;
  158E : 6F;
  158F : 84;
  1590 : 70;
  1591 : 85;
  1592 : 62;
  1593 : 84;
  1594 : 63;
  1595 : A0;
  1596 : FF;
  1597 : C8;
  1598 : B1;
  1599 : 6F;
  159A : F0;
  159B : 0C;
  159C : C5;
  159D : 07;
  159E : F0;
  159F : 04;
  15A0 : C5;
  15A1 : 08;
  15A2 : D0;
  15A3 : F3;
  15A4 : C9;
  15A5 : 22;
  15A6 : F0;
  15A7 : 01;
  15A8 : 18;
  15A9 : 84;
  15AA : 61;
  15AB : 98;
  15AC : 65;
  15AD : 6F;
  15AE : 85;
  15AF : 71;
  15B0 : A6;
  15B1 : 70;
  15B2 : 90;
  15B3 : 01;
  15B4 : E8;
  15B5 : 86;
  15B6 : 72;
  15B7 : A5;
  15B8 : 70;
  15B9 : F0;
  15BA : 04;
  15BB : C9;
  15BC : 02;
  15BD : D0;
  15BE : 0B;
  15BF : 98;
  15C0 : 20;
  15C1 : 75;
  15C2 : B4;
  15C3 : A6;
  15C4 : 6F;
  15C5 : A4;
  15C6 : 70;
  15C7 : 20;
  15C8 : 88;
  15C9 : B6;
  15CA : A6;
  15CB : 16;
  15CC : E0;
  15CD : 22;
  15CE : D0;
  15CF : 05;
  15D0 : A2;
  15D1 : 19;
  15D2 : 4C;
  15D3 : 37;
  15D4 : A4;
  15D5 : A5;
  15D6 : 61;
  15D7 : 95;
  15D8 : 00;
  15D9 : A5;
  15DA : 62;
  15DB : 95;
  15DC : 01;
  15DD : A5;
  15DE : 63;
  15DF : 95;
  15E0 : 02;
  15E1 : A0;
  15E2 : 00;
  15E3 : 86;
  15E4 : 64;
  15E5 : 84;
  15E6 : 65;
  15E7 : 84;
  15E8 : 70;
  15E9 : 88;
  15EA : 84;
  15EB : 0D;
  15EC : 86;
  15ED : 17;
  15EE : E8;
  15EF : E8;
  15F0 : E8;
  15F1 : 86;
  15F2 : 16;
  15F3 : 60;
  15F4 : 46;
  15F5 : 0F;
  15F6 : 48;
  15F7 : 49;
  15F8 : FF;
  15F9 : 38;
  15FA : 65;
  15FB : 33;
  15FC : A4;
  15FD : 34;
  15FE : B0;
  15FF : 01;
  1600 : 88;
  1601 : C4;
  1602 : 32;
  1603 : 90;
  1604 : 11;
  1605 : D0;
  1606 : 04;
  1607 : C5;
  1608 : 31;
  1609 : 90;
  160A : 0B;
  160B : 85;
  160C : 33;
  160D : 84;
  160E : 34;
  160F : 85;
  1610 : 35;
  1611 : 84;
  1612 : 36;
  1613 : AA;
  1614 : 68;
  1615 : 60;
  1616 : A2;
  1617 : 10;
  1618 : A5;
  1619 : 0F;
  161A : 30;
  161B : B6;
  161C : 20;
  161D : 26;
  161E : B5;
  161F : A9;
  1620 : 80;
  1621 : 85;
  1622 : 0F;
  1623 : 68;
  1624 : D0;
  1625 : D0;
  1626 : A6;
  1627 : 37;
  1628 : A5;
  1629 : 38;
  162A : 86;
  162B : 33;
  162C : 85;
  162D : 34;
  162E : A0;
  162F : 00;
  1630 : 84;
  1631 : 4F;
  1632 : 84;
  1633 : 4E;
  1634 : A5;
  1635 : 31;
  1636 : A6;
  1637 : 32;
  1638 : 85;
  1639 : 5F;
  163A : 86;
  163B : 60;
  163C : A9;
  163D : 19;
  163E : A2;
  163F : 00;
  1640 : 85;
  1641 : 22;
  1642 : 86;
  1643 : 23;
  1644 : C5;
  1645 : 16;
  1646 : F0;
  1647 : 05;
  1648 : 20;
  1649 : C7;
  164A : B5;
  164B : F0;
  164C : F7;
  164D : A9;
  164E : 07;
  164F : 85;
  1650 : 53;
  1651 : A5;
  1652 : 2D;
  1653 : A6;
  1654 : 2E;
  1655 : 85;
  1656 : 22;
  1657 : 86;
  1658 : 23;
  1659 : E4;
  165A : 30;
  165B : D0;
  165C : 04;
  165D : C5;
  165E : 2F;
  165F : F0;
  1660 : 05;
  1661 : 20;
  1662 : BD;
  1663 : B5;
  1664 : F0;
  1665 : F3;
  1666 : 85;
  1667 : 58;
  1668 : 86;
  1669 : 59;
  166A : A9;
  166B : 03;
  166C : 85;
  166D : 53;
  166E : A5;
  166F : 58;
  1670 : A6;
  1671 : 59;
  1672 : E4;
  1673 : 32;
  1674 : D0;
  1675 : 07;
  1676 : C5;
  1677 : 31;
  1678 : D0;
  1679 : 03;
  167A : 4C;
  167B : 06;
  167C : B6;
  167D : 85;
  167E : 22;
  167F : 86;
  1680 : 23;
  1681 : A0;
  1682 : 00;
  1683 : B1;
  1684 : 22;
  1685 : AA;
  1686 : C8;
  1687 : B1;
  1688 : 22;
  1689 : 08;
  168A : C8;
  168B : B1;
  168C : 22;
  168D : 65;
  168E : 58;
  168F : 85;
  1690 : 58;
  1691 : C8;
  1692 : B1;
  1693 : 22;
  1694 : 65;
  1695 : 59;
  1696 : 85;
  1697 : 59;
  1698 : 28;
  1699 : 10;
  169A : D3;
  169B : 8A;
  169C : 30;
  169D : D0;
  169E : C8;
  169F : B1;
  16A0 : 22;
  16A1 : A0;
  16A2 : 00;
  16A3 : 0A;
  16A4 : 69;
  16A5 : 05;
  16A6 : 65;
  16A7 : 22;
  16A8 : 85;
  16A9 : 22;
  16AA : 90;
  16AB : 02;
  16AC : E6;
  16AD : 23;
  16AE : A6;
  16AF : 23;
  16B0 : E4;
  16B1 : 59;
  16B2 : D0;
  16B3 : 04;
  16B4 : C5;
  16B5 : 58;
  16B6 : F0;
  16B7 : BA;
  16B8 : 20;
  16B9 : C7;
  16BA : B5;
  16BB : F0;
  16BC : F3;
  16BD : B1;
  16BE : 22;
  16BF : 30;
  16C0 : 35;
  16C1 : C8;
  16C2 : B1;
  16C3 : 22;
  16C4 : 10;
  16C5 : 30;
  16C6 : C8;
  16C7 : B1;
  16C8 : 22;
  16C9 : F0;
  16CA : 2B;
  16CB : C8;
  16CC : B1;
  16CD : 22;
  16CE : AA;
  16CF : C8;
  16D0 : B1;
  16D1 : 22;
  16D2 : C5;
  16D3 : 34;
  16D4 : 90;
  16D5 : 06;
  16D6 : D0;
  16D7 : 1E;
  16D8 : E4;
  16D9 : 33;
  16DA : B0;
  16DB : 1A;
  16DC : C5;
  16DD : 60;
  16DE : 90;
  16DF : 16;
  16E0 : D0;
  16E1 : 04;
  16E2 : E4;
  16E3 : 5F;
  16E4 : 90;
  16E5 : 10;
  16E6 : 86;
  16E7 : 5F;
  16E8 : 85;
  16E9 : 60;
  16EA : A5;
  16EB : 22;
  16EC : A6;
  16ED : 23;
  16EE : 85;
  16EF : 4E;
  16F0 : 86;
  16F1 : 4F;
  16F2 : A5;
  16F3 : 53;
  16F4 : 85;
  16F5 : 55;
  16F6 : A5;
  16F7 : 53;
  16F8 : 18;
  16F9 : 65;
  16FA : 22;
  16FB : 85;
  16FC : 22;
  16FD : 90;
  16FE : 02;
  16FF : E6;
  1700 : 23;
  1701 : A6;
  1702 : 23;
  1703 : A0;
  1704 : 00;
  1705 : 60;
  1706 : A5;
  1707 : 4F;
  1708 : 05;
  1709 : 4E;
  170A : F0;
  170B : F5;
  170C : A5;
  170D : 55;
  170E : 29;
  170F : 04;
  1710 : 4A;
  1711 : A8;
  1712 : 85;
  1713 : 55;
  1714 : B1;
  1715 : 4E;
  1716 : 65;
  1717 : 5F;
  1718 : 85;
  1719 : 5A;
  171A : A5;
  171B : 60;
  171C : 69;
  171D : 00;
  171E : 85;
  171F : 5B;
  1720 : A5;
  1721 : 33;
  1722 : A6;
  1723 : 34;
  1724 : 85;
  1725 : 58;
  1726 : 86;
  1727 : 59;
  1728 : 20;
  1729 : BF;
  172A : A3;
  172B : A4;
  172C : 55;
  172D : C8;
  172E : A5;
  172F : 58;
  1730 : 91;
  1731 : 4E;
  1732 : AA;
  1733 : E6;
  1734 : 59;
  1735 : A5;
  1736 : 59;
  1737 : C8;
  1738 : 91;
  1739 : 4E;
  173A : 4C;
  173B : 2A;
  173C : B5;
  173D : A5;
  173E : 65;
  173F : 48;
  1740 : A5;
  1741 : 64;
  1742 : 48;
  1743 : 20;
  1744 : 83;
  1745 : AE;
  1746 : 20;
  1747 : 8F;
  1748 : AD;
  1749 : 68;
  174A : 85;
  174B : 6F;
  174C : 68;
  174D : 85;
  174E : 70;
  174F : A0;
  1750 : 00;
  1751 : B1;
  1752 : 6F;
  1753 : 18;
  1754 : 71;
  1755 : 64;
  1756 : 90;
  1757 : 05;
  1758 : A2;
  1759 : 17;
  175A : 4C;
  175B : 37;
  175C : A4;
  175D : 20;
  175E : 75;
  175F : B4;
  1760 : 20;
  1761 : 7A;
  1762 : B6;
  1763 : A5;
  1764 : 50;
  1765 : A4;
  1766 : 51;
  1767 : 20;
  1768 : AA;
  1769 : B6;
  176A : 20;
  176B : 8C;
  176C : B6;
  176D : A5;
  176E : 6F;
  176F : A4;
  1770 : 70;
  1771 : 20;
  1772 : AA;
  1773 : B6;
  1774 : 20;
  1775 : CA;
  1776 : B4;
  1777 : 4C;
  1778 : B8;
  1779 : AD;
  177A : A0;
  177B : 00;
  177C : B1;
  177D : 6F;
  177E : 48;
  177F : C8;
  1780 : B1;
  1781 : 6F;
  1782 : AA;
  1783 : C8;
  1784 : B1;
  1785 : 6F;
  1786 : A8;
  1787 : 68;
  1788 : 86;
  1789 : 22;
  178A : 84;
  178B : 23;
  178C : A8;
  178D : F0;
  178E : 0A;
  178F : 48;
  1790 : 88;
  1791 : B1;
  1792 : 22;
  1793 : 91;
  1794 : 35;
  1795 : 98;
  1796 : D0;
  1797 : F8;
  1798 : 68;
  1799 : 18;
  179A : 65;
  179B : 35;
  179C : 85;
  179D : 35;
  179E : 90;
  179F : 02;
  17A0 : E6;
  17A1 : 36;
  17A2 : 60;
  17A3 : 20;
  17A4 : 8F;
  17A5 : AD;
  17A6 : A5;
  17A7 : 64;
  17A8 : A4;
  17A9 : 65;
  17AA : 85;
  17AB : 22;
  17AC : 84;
  17AD : 23;
  17AE : 20;
  17AF : DB;
  17B0 : B6;
  17B1 : 08;
  17B2 : A0;
  17B3 : 00;
  17B4 : B1;
  17B5 : 22;
  17B6 : 48;
  17B7 : C8;
  17B8 : B1;
  17B9 : 22;
  17BA : AA;
  17BB : C8;
  17BC : B1;
  17BD : 22;
  17BE : A8;
  17BF : 68;
  17C0 : 28;
  17C1 : D0;
  17C2 : 13;
  17C3 : C4;
  17C4 : 34;
  17C5 : D0;
  17C6 : 0F;
  17C7 : E4;
  17C8 : 33;
  17C9 : D0;
  17CA : 0B;
  17CB : 48;
  17CC : 18;
  17CD : 65;
  17CE : 33;
  17CF : 85;
  17D0 : 33;
  17D1 : 90;
  17D2 : 02;
  17D3 : E6;
  17D4 : 34;
  17D5 : 68;
  17D6 : 86;
  17D7 : 22;
  17D8 : 84;
  17D9 : 23;
  17DA : 60;
  17DB : C4;
  17DC : 18;
  17DD : D0;
  17DE : 0C;
  17DF : C5;
  17E0 : 17;
  17E1 : D0;
  17E2 : 08;
  17E3 : 85;
  17E4 : 16;
  17E5 : E9;
  17E6 : 03;
  17E7 : 85;
  17E8 : 17;
  17E9 : A0;
  17EA : 00;
  17EB : 60;
  17EC : 20;
  17ED : A1;
  17EE : B7;
  17EF : 8A;
  17F0 : 48;
  17F1 : A9;
  17F2 : 01;
  17F3 : 20;
  17F4 : 7D;
  17F5 : B4;
  17F6 : 68;
  17F7 : A0;
  17F8 : 00;
  17F9 : 91;
  17FA : 62;
  17FB : 68;
  17FC : 68;
  17FD : 4C;
  17FE : CA;
  17FF : B4;
  1800 : 20;
  1801 : 61;
  1802 : B7;
  1803 : D1;
  1804 : 50;
  1805 : 98;
  1806 : 90;
  1807 : 04;
  1808 : B1;
  1809 : 50;
  180A : AA;
  180B : 98;
  180C : 48;
  180D : 8A;
  180E : 48;
  180F : 20;
  1810 : 7D;
  1811 : B4;
  1812 : A5;
  1813 : 50;
  1814 : A4;
  1815 : 51;
  1816 : 20;
  1817 : AA;
  1818 : B6;
  1819 : 68;
  181A : A8;
  181B : 68;
  181C : 18;
  181D : 65;
  181E : 22;
  181F : 85;
  1820 : 22;
  1821 : 90;
  1822 : 02;
  1823 : E6;
  1824 : 23;
  1825 : 98;
  1826 : 20;
  1827 : 8C;
  1828 : B6;
  1829 : 4C;
  182A : CA;
  182B : B4;
  182C : 20;
  182D : 61;
  182E : B7;
  182F : 18;
  1830 : F1;
  1831 : 50;
  1832 : 49;
  1833 : FF;
  1834 : 4C;
  1835 : 06;
  1836 : B7;
  1837 : A9;
  1838 : FF;
  1839 : 85;
  183A : 65;
  183B : 20;
  183C : 79;
  183D : 00;
  183E : C9;
  183F : 29;
  1840 : F0;
  1841 : 06;
  1842 : 20;
  1843 : FD;
  1844 : AE;
  1845 : 20;
  1846 : 9E;
  1847 : B7;
  1848 : 20;
  1849 : 61;
  184A : B7;
  184B : F0;
  184C : 4B;
  184D : CA;
  184E : 8A;
  184F : 48;
  1850 : 18;
  1851 : A2;
  1852 : 00;
  1853 : F1;
  1854 : 50;
  1855 : B0;
  1856 : B6;
  1857 : 49;
  1858 : FF;
  1859 : C5;
  185A : 65;
  185B : 90;
  185C : B1;
  185D : A5;
  185E : 65;
  185F : B0;
  1860 : AD;
  1861 : 20;
  1862 : F7;
  1863 : AE;
  1864 : 68;
  1865 : A8;
  1866 : 68;
  1867 : 85;
  1868 : 55;
  1869 : 68;
  186A : 68;
  186B : 68;
  186C : AA;
  186D : 68;
  186E : 85;
  186F : 50;
  1870 : 68;
  1871 : 85;
  1872 : 51;
  1873 : A5;
  1874 : 55;
  1875 : 48;
  1876 : 98;
  1877 : 48;
  1878 : A0;
  1879 : 00;
  187A : 8A;
  187B : 60;
  187C : 20;
  187D : 82;
  187E : B7;
  187F : 4C;
  1880 : A2;
  1881 : B3;
  1882 : 20;
  1883 : A3;
  1884 : B6;
  1885 : A2;
  1886 : 00;
  1887 : 86;
  1888 : 0D;
  1889 : A8;
  188A : 60;
  188B : 20;
  188C : 82;
  188D : B7;
  188E : F0;
  188F : 08;
  1890 : A0;
  1891 : 00;
  1892 : B1;
  1893 : 22;
  1894 : A8;
  1895 : 4C;
  1896 : A2;
  1897 : B3;
  1898 : 4C;
  1899 : 48;
  189A : B2;
  189B : 20;
  189C : 73;
  189D : 00;
  189E : 20;
  189F : 8A;
  18A0 : AD;
  18A1 : 20;
  18A2 : B8;
  18A3 : B1;
  18A4 : A6;
  18A5 : 64;
  18A6 : D0;
  18A7 : F0;
  18A8 : A6;
  18A9 : 65;
  18AA : 4C;
  18AB : 79;
  18AC : 00;
  18AD : 20;
  18AE : 82;
  18AF : B7;
  18B0 : D0;
  18B1 : 03;
  18B2 : 4C;
  18B3 : F7;
  18B4 : B8;
  18B5 : A6;
  18B6 : 7A;
  18B7 : A4;
  18B8 : 7B;
  18B9 : 86;
  18BA : 71;
  18BB : 84;
  18BC : 72;
  18BD : A6;
  18BE : 22;
  18BF : 86;
  18C0 : 7A;
  18C1 : 18;
  18C2 : 65;
  18C3 : 22;
  18C4 : 85;
  18C5 : 24;
  18C6 : A6;
  18C7 : 23;
  18C8 : 86;
  18C9 : 7B;
  18CA : 90;
  18CB : 01;
  18CC : E8;
  18CD : 86;
  18CE : 25;
  18CF : A0;
  18D0 : 00;
  18D1 : B1;
  18D2 : 24;
  18D3 : 48;
  18D4 : 98;
  18D5 : 91;
  18D6 : 24;
  18D7 : 20;
  18D8 : 79;
  18D9 : 00;
  18DA : 20;
  18DB : F3;
  18DC : BC;
  18DD : 68;
  18DE : A0;
  18DF : 00;
  18E0 : 91;
  18E1 : 24;
  18E2 : A6;
  18E3 : 71;
  18E4 : A4;
  18E5 : 72;
  18E6 : 86;
  18E7 : 7A;
  18E8 : 84;
  18E9 : 7B;
  18EA : 60;
  18EB : 20;
  18EC : 8A;
  18ED : AD;
  18EE : 20;
  18EF : F7;
  18F0 : B7;
  18F1 : 20;
  18F2 : FD;
  18F3 : AE;
  18F4 : 4C;
  18F5 : 9E;
  18F6 : B7;
  18F7 : A5;
  18F8 : 66;
  18F9 : 30;
  18FA : 9D;
  18FB : A5;
  18FC : 61;
  18FD : C9;
  18FE : 91;
  18FF : B0;
  1900 : 97;
  1901 : 20;
  1902 : 9B;
  1903 : BC;
  1904 : A5;
  1905 : 64;
  1906 : A4;
  1907 : 65;
  1908 : 84;
  1909 : 14;
  190A : 85;
  190B : 15;
  190C : 60;
  190D : A5;
  190E : 15;
  190F : 48;
  1910 : A5;
  1911 : 14;
  1912 : 48;
  1913 : 20;
  1914 : F7;
  1915 : B7;
  1916 : A0;
  1917 : 00;
  1918 : B1;
  1919 : 14;
  191A : A8;
  191B : 68;
  191C : 85;
  191D : 14;
  191E : 68;
  191F : 85;
  1920 : 15;
  1921 : 4C;
  1922 : A2;
  1923 : B3;
  1924 : 20;
  1925 : EB;
  1926 : B7;
  1927 : 8A;
  1928 : A0;
  1929 : 00;
  192A : 91;
  192B : 14;
  192C : 60;
  192D : 20;
  192E : EB;
  192F : B7;
  1930 : 86;
  1931 : 49;
  1932 : A2;
  1933 : 00;
  1934 : 20;
  1935 : 79;
  1936 : 00;
  1937 : F0;
  1938 : 03;
  1939 : 20;
  193A : F1;
  193B : B7;
  193C : 86;
  193D : 4A;
  193E : A0;
  193F : 00;
  1940 : B1;
  1941 : 14;
  1942 : 45;
  1943 : 4A;
  1944 : 25;
  1945 : 49;
  1946 : F0;
  1947 : F8;
  1948 : 60;
  1949 : A9;
  194A : 11;
  194B : A0;
  194C : BF;
  194D : 4C;
  194E : 67;
  194F : B8;
  1950 : 20;
  1951 : 8C;
  1952 : BA;
  1953 : A5;
  1954 : 66;
  1955 : 49;
  1956 : FF;
  1957 : 85;
  1958 : 66;
  1959 : 45;
  195A : 6E;
  195B : 85;
  195C : 6F;
  195D : A5;
  195E : 61;
  195F : 4C;
  1960 : 6A;
  1961 : B8;
  1962 : 20;
  1963 : 99;
  1964 : B9;
  1965 : 90;
  1966 : 3C;
  1967 : 20;
  1968 : 8C;
  1969 : BA;
  196A : D0;
  196B : 03;
  196C : 4C;
  196D : FC;
  196E : BB;
  196F : A6;
  1970 : 70;
  1971 : 86;
  1972 : 56;
  1973 : A2;
  1974 : 69;
  1975 : A5;
  1976 : 69;
  1977 : A8;
  1978 : F0;
  1979 : CE;
  197A : 38;
  197B : E5;
  197C : 61;
  197D : F0;
  197E : 24;
  197F : 90;
  1980 : 12;
  1981 : 84;
  1982 : 61;
  1983 : A4;
  1984 : 6E;
  1985 : 84;
  1986 : 66;
  1987 : 49;
  1988 : FF;
  1989 : 69;
  198A : 00;
  198B : A0;
  198C : 00;
  198D : 84;
  198E : 56;
  198F : A2;
  1990 : 61;
  1991 : D0;
  1992 : 04;
  1993 : A0;
  1994 : 00;
  1995 : 84;
  1996 : 70;
  1997 : C9;
  1998 : F9;
  1999 : 30;
  199A : C7;
  199B : A8;
  199C : A5;
  199D : 70;
  199E : 56;
  199F : 01;
  19A0 : 20;
  19A1 : B0;
  19A2 : B9;
  19A3 : 24;
  19A4 : 6F;
  19A5 : 10;
  19A6 : 57;
  19A7 : A0;
  19A8 : 61;
  19A9 : E0;
  19AA : 69;
  19AB : F0;
  19AC : 02;
  19AD : A0;
  19AE : 69;
  19AF : 38;
  19B0 : 49;
  19B1 : FF;
  19B2 : 65;
  19B3 : 56;
  19B4 : 85;
  19B5 : 70;
  19B6 : B9;
  19B7 : 04;
  19B8 : 00;
  19B9 : F5;
  19BA : 04;
  19BB : 85;
  19BC : 65;
  19BD : B9;
  19BE : 03;
  19BF : 00;
  19C0 : F5;
  19C1 : 03;
  19C2 : 85;
  19C3 : 64;
  19C4 : B9;
  19C5 : 02;
  19C6 : 00;
  19C7 : F5;
  19C8 : 02;
  19C9 : 85;
  19CA : 63;
  19CB : B9;
  19CC : 01;
  19CD : 00;
  19CE : F5;
  19CF : 01;
  19D0 : 85;
  19D1 : 62;
  19D2 : B0;
  19D3 : 03;
  19D4 : 20;
  19D5 : 47;
  19D6 : B9;
  19D7 : A0;
  19D8 : 00;
  19D9 : 98;
  19DA : 18;
  19DB : A6;
  19DC : 62;
  19DD : D0;
  19DE : 4A;
  19DF : A6;
  19E0 : 63;
  19E1 : 86;
  19E2 : 62;
  19E3 : A6;
  19E4 : 64;
  19E5 : 86;
  19E6 : 63;
  19E7 : A6;
  19E8 : 65;
  19E9 : 86;
  19EA : 64;
  19EB : A6;
  19EC : 70;
  19ED : 86;
  19EE : 65;
  19EF : 84;
  19F0 : 70;
  19F1 : 69;
  19F2 : 08;
  19F3 : C9;
  19F4 : 20;
  19F5 : D0;
  19F6 : E4;
  19F7 : A9;
  19F8 : 00;
  19F9 : 85;
  19FA : 61;
  19FB : 85;
  19FC : 66;
  19FD : 60;
  19FE : 65;
  19FF : 56;
  1A00 : 85;
  1A01 : 70;
  1A02 : A5;
  1A03 : 65;
  1A04 : 65;
  1A05 : 6D;
  1A06 : 85;
  1A07 : 65;
  1A08 : A5;
  1A09 : 64;
  1A0A : 65;
  1A0B : 6C;
  1A0C : 85;
  1A0D : 64;
  1A0E : A5;
  1A0F : 63;
  1A10 : 65;
  1A11 : 6B;
  1A12 : 85;
  1A13 : 63;
  1A14 : A5;
  1A15 : 62;
  1A16 : 65;
  1A17 : 6A;
  1A18 : 85;
  1A19 : 62;
  1A1A : 4C;
  1A1B : 36;
  1A1C : B9;
  1A1D : 69;
  1A1E : 01;
  1A1F : 06;
  1A20 : 70;
  1A21 : 26;
  1A22 : 65;
  1A23 : 26;
  1A24 : 64;
  1A25 : 26;
  1A26 : 63;
  1A27 : 26;
  1A28 : 62;
  1A29 : 10;
  1A2A : F2;
  1A2B : 38;
  1A2C : E5;
  1A2D : 61;
  1A2E : B0;
  1A2F : C7;
  1A30 : 49;
  1A31 : FF;
  1A32 : 69;
  1A33 : 01;
  1A34 : 85;
  1A35 : 61;
  1A36 : 90;
  1A37 : 0E;
  1A38 : E6;
  1A39 : 61;
  1A3A : F0;
  1A3B : 42;
  1A3C : 66;
  1A3D : 62;
  1A3E : 66;
  1A3F : 63;
  1A40 : 66;
  1A41 : 64;
  1A42 : 66;
  1A43 : 65;
  1A44 : 66;
  1A45 : 70;
  1A46 : 60;
  1A47 : A5;
  1A48 : 66;
  1A49 : 49;
  1A4A : FF;
  1A4B : 85;
  1A4C : 66;
  1A4D : A5;
  1A4E : 62;
  1A4F : 49;
  1A50 : FF;
  1A51 : 85;
  1A52 : 62;
  1A53 : A5;
  1A54 : 63;
  1A55 : 49;
  1A56 : FF;
  1A57 : 85;
  1A58 : 63;
  1A59 : A5;
  1A5A : 64;
  1A5B : 49;
  1A5C : FF;
  1A5D : 85;
  1A5E : 64;
  1A5F : A5;
  1A60 : 65;
  1A61 : 49;
  1A62 : FF;
  1A63 : 85;
  1A64 : 65;
  1A65 : A5;
  1A66 : 70;
  1A67 : 49;
  1A68 : FF;
  1A69 : 85;
  1A6A : 70;
  1A6B : E6;
  1A6C : 70;
  1A6D : D0;
  1A6E : 0E;
  1A6F : E6;
  1A70 : 65;
  1A71 : D0;
  1A72 : 0A;
  1A73 : E6;
  1A74 : 64;
  1A75 : D0;
  1A76 : 06;
  1A77 : E6;
  1A78 : 63;
  1A79 : D0;
  1A7A : 02;
  1A7B : E6;
  1A7C : 62;
  1A7D : 60;
  1A7E : A2;
  1A7F : 0F;
  1A80 : 4C;
  1A81 : 37;
  1A82 : A4;
  1A83 : A2;
  1A84 : 25;
  1A85 : B4;
  1A86 : 04;
  1A87 : 84;
  1A88 : 70;
  1A89 : B4;
  1A8A : 03;
  1A8B : 94;
  1A8C : 04;
  1A8D : B4;
  1A8E : 02;
  1A8F : 94;
  1A90 : 03;
  1A91 : B4;
  1A92 : 01;
  1A93 : 94;
  1A94 : 02;
  1A95 : A4;
  1A96 : 68;
  1A97 : 94;
  1A98 : 01;
  1A99 : 69;
  1A9A : 08;
  1A9B : 30;
  1A9C : E8;
  1A9D : F0;
  1A9E : E6;
  1A9F : E9;
  1AA0 : 08;
  1AA1 : A8;
  1AA2 : A5;
  1AA3 : 70;
  1AA4 : B0;
  1AA5 : 14;
  1AA6 : 16;
  1AA7 : 01;
  1AA8 : 90;
  1AA9 : 02;
  1AAA : F6;
  1AAB : 01;
  1AAC : 76;
  1AAD : 01;
  1AAE : 76;
  1AAF : 01;
  1AB0 : 76;
  1AB1 : 02;
  1AB2 : 76;
  1AB3 : 03;
  1AB4 : 76;
  1AB5 : 04;
  1AB6 : 6A;
  1AB7 : C8;
  1AB8 : D0;
  1AB9 : EC;
  1ABA : 18;
  1ABB : 60;
  1ABC : 81;
  1ABD : 00;
  1ABE : 00;
  1ABF : 00;
  1AC0 : 00;
  1AC1 : 03;
  1AC2 : 7F;
  1AC3 : 5E;
  1AC4 : 56;
  1AC5 : CB;
  1AC6 : 79;
  1AC7 : 80;
  1AC8 : 13;
  1AC9 : 9B;
  1ACA : 0B;
  1ACB : 64;
  1ACC : 80;
  1ACD : 76;
  1ACE : 38;
  1ACF : 93;
  1AD0 : 16;
  1AD1 : 82;
  1AD2 : 38;
  1AD3 : AA;
  1AD4 : 3B;
  1AD5 : 20;
  1AD6 : 80;
  1AD7 : 35;
  1AD8 : 04;
  1AD9 : F3;
  1ADA : 34;
  1ADB : 81;
  1ADC : 35;
  1ADD : 04;
  1ADE : F3;
  1ADF : 34;
  1AE0 : 80;
  1AE1 : 80;
  1AE2 : 00;
  1AE3 : 00;
  1AE4 : 00;
  1AE5 : 80;
  1AE6 : 31;
  1AE7 : 72;
  1AE8 : 17;
  1AE9 : F8;
  1AEA : 20;
  1AEB : 2B;
  1AEC : BC;
  1AED : F0;
  1AEE : 02;
  1AEF : 10;
  1AF0 : 03;
  1AF1 : 4C;
  1AF2 : 48;
  1AF3 : B2;
  1AF4 : A5;
  1AF5 : 61;
  1AF6 : E9;
  1AF7 : 7F;
  1AF8 : 48;
  1AF9 : A9;
  1AFA : 80;
  1AFB : 85;
  1AFC : 61;
  1AFD : A9;
  1AFE : D6;
  1AFF : A0;
  1B00 : B9;
  1B01 : 20;
  1B02 : 67;
  1B03 : B8;
  1B04 : A9;
  1B05 : DB;
  1B06 : A0;
  1B07 : B9;
  1B08 : 20;
  1B09 : 0F;
  1B0A : BB;
  1B0B : A9;
  1B0C : BC;
  1B0D : A0;
  1B0E : B9;
  1B0F : 20;
  1B10 : 50;
  1B11 : B8;
  1B12 : A9;
  1B13 : C1;
  1B14 : A0;
  1B15 : B9;
  1B16 : 20;
  1B17 : 43;
  1B18 : E0;
  1B19 : A9;
  1B1A : E0;
  1B1B : A0;
  1B1C : B9;
  1B1D : 20;
  1B1E : 67;
  1B1F : B8;
  1B20 : 68;
  1B21 : 20;
  1B22 : 7E;
  1B23 : BD;
  1B24 : A9;
  1B25 : E5;
  1B26 : A0;
  1B27 : B9;
  1B28 : 20;
  1B29 : 8C;
  1B2A : BA;
  1B2B : D0;
  1B2C : 03;
  1B2D : 4C;
  1B2E : 8B;
  1B2F : BA;
  1B30 : 20;
  1B31 : B7;
  1B32 : BA;
  1B33 : A9;
  1B34 : 00;
  1B35 : 85;
  1B36 : 26;
  1B37 : 85;
  1B38 : 27;
  1B39 : 85;
  1B3A : 28;
  1B3B : 85;
  1B3C : 29;
  1B3D : A5;
  1B3E : 70;
  1B3F : 20;
  1B40 : 59;
  1B41 : BA;
  1B42 : A5;
  1B43 : 65;
  1B44 : 20;
  1B45 : 59;
  1B46 : BA;
  1B47 : A5;
  1B48 : 64;
  1B49 : 20;
  1B4A : 59;
  1B4B : BA;
  1B4C : A5;
  1B4D : 63;
  1B4E : 20;
  1B4F : 59;
  1B50 : BA;
  1B51 : A5;
  1B52 : 62;
  1B53 : 20;
  1B54 : 5E;
  1B55 : BA;
  1B56 : 4C;
  1B57 : 8F;
  1B58 : BB;
  1B59 : D0;
  1B5A : 03;
  1B5B : 4C;
  1B5C : 83;
  1B5D : B9;
  1B5E : 4A;
  1B5F : 09;
  1B60 : 80;
  1B61 : A8;
  1B62 : 90;
  1B63 : 19;
  1B64 : 18;
  1B65 : A5;
  1B66 : 29;
  1B67 : 65;
  1B68 : 6D;
  1B69 : 85;
  1B6A : 29;
  1B6B : A5;
  1B6C : 28;
  1B6D : 65;
  1B6E : 6C;
  1B6F : 85;
  1B70 : 28;
  1B71 : A5;
  1B72 : 27;
  1B73 : 65;
  1B74 : 6B;
  1B75 : 85;
  1B76 : 27;
  1B77 : A5;
  1B78 : 26;
  1B79 : 65;
  1B7A : 6A;
  1B7B : 85;
  1B7C : 26;
  1B7D : 66;
  1B7E : 26;
  1B7F : 66;
  1B80 : 27;
  1B81 : 66;
  1B82 : 28;
  1B83 : 66;
  1B84 : 29;
  1B85 : 66;
  1B86 : 70;
  1B87 : 98;
  1B88 : 4A;
  1B89 : D0;
  1B8A : D6;
  1B8B : 60;
  1B8C : 85;
  1B8D : 22;
  1B8E : 84;
  1B8F : 23;
  1B90 : A0;
  1B91 : 04;
  1B92 : B1;
  1B93 : 22;
  1B94 : 85;
  1B95 : 6D;
  1B96 : 88;
  1B97 : B1;
  1B98 : 22;
  1B99 : 85;
  1B9A : 6C;
  1B9B : 88;
  1B9C : B1;
  1B9D : 22;
  1B9E : 85;
  1B9F : 6B;
  1BA0 : 88;
  1BA1 : B1;
  1BA2 : 22;
  1BA3 : 85;
  1BA4 : 6E;
  1BA5 : 45;
  1BA6 : 66;
  1BA7 : 85;
  1BA8 : 6F;
  1BA9 : A5;
  1BAA : 6E;
  1BAB : 09;
  1BAC : 80;
  1BAD : 85;
  1BAE : 6A;
  1BAF : 88;
  1BB0 : B1;
  1BB1 : 22;
  1BB2 : 85;
  1BB3 : 69;
  1BB4 : A5;
  1BB5 : 61;
  1BB6 : 60;
  1BB7 : A5;
  1BB8 : 69;
  1BB9 : F0;
  1BBA : 1F;
  1BBB : 18;
  1BBC : 65;
  1BBD : 61;
  1BBE : 90;
  1BBF : 04;
  1BC0 : 30;
  1BC1 : 1D;
  1BC2 : 18;
  1BC3 : 2C;
  1BC4 : 10;
  1BC5 : 14;
  1BC6 : 69;
  1BC7 : 80;
  1BC8 : 85;
  1BC9 : 61;
  1BCA : D0;
  1BCB : 03;
  1BCC : 4C;
  1BCD : FB;
  1BCE : B8;
  1BCF : A5;
  1BD0 : 6F;
  1BD1 : 85;
  1BD2 : 66;
  1BD3 : 60;
  1BD4 : A5;
  1BD5 : 66;
  1BD6 : 49;
  1BD7 : FF;
  1BD8 : 30;
  1BD9 : 05;
  1BDA : 68;
  1BDB : 68;
  1BDC : 4C;
  1BDD : F7;
  1BDE : B8;
  1BDF : 4C;
  1BE0 : 7E;
  1BE1 : B9;
  1BE2 : 20;
  1BE3 : 0C;
  1BE4 : BC;
  1BE5 : AA;
  1BE6 : F0;
  1BE7 : 10;
  1BE8 : 18;
  1BE9 : 69;
  1BEA : 02;
  1BEB : B0;
  1BEC : F2;
  1BED : A2;
  1BEE : 00;
  1BEF : 86;
  1BF0 : 6F;
  1BF1 : 20;
  1BF2 : 77;
  1BF3 : B8;
  1BF4 : E6;
  1BF5 : 61;
  1BF6 : F0;
  1BF7 : E7;
  1BF8 : 60;
  1BF9 : 84;
  1BFA : 20;
  1BFB : 00;
  1BFC : 00;
  1BFD : 00;
  1BFE : 20;
  1BFF : 0C;
  1C00 : BC;
  1C01 : A9;
  1C02 : F9;
  1C03 : A0;
  1C04 : BA;
  1C05 : A2;
  1C06 : 00;
  1C07 : 86;
  1C08 : 6F;
  1C09 : 20;
  1C0A : A2;
  1C0B : BB;
  1C0C : 4C;
  1C0D : 12;
  1C0E : BB;
  1C0F : 20;
  1C10 : 8C;
  1C11 : BA;
  1C12 : F0;
  1C13 : 76;
  1C14 : 20;
  1C15 : 1B;
  1C16 : BC;
  1C17 : A9;
  1C18 : 00;
  1C19 : 38;
  1C1A : E5;
  1C1B : 61;
  1C1C : 85;
  1C1D : 61;
  1C1E : 20;
  1C1F : B7;
  1C20 : BA;
  1C21 : E6;
  1C22 : 61;
  1C23 : F0;
  1C24 : BA;
  1C25 : A2;
  1C26 : FC;
  1C27 : A9;
  1C28 : 01;
  1C29 : A4;
  1C2A : 6A;
  1C2B : C4;
  1C2C : 62;
  1C2D : D0;
  1C2E : 10;
  1C2F : A4;
  1C30 : 6B;
  1C31 : C4;
  1C32 : 63;
  1C33 : D0;
  1C34 : 0A;
  1C35 : A4;
  1C36 : 6C;
  1C37 : C4;
  1C38 : 64;
  1C39 : D0;
  1C3A : 04;
  1C3B : A4;
  1C3C : 6D;
  1C3D : C4;
  1C3E : 65;
  1C3F : 08;
  1C40 : 2A;
  1C41 : 90;
  1C42 : 09;
  1C43 : E8;
  1C44 : 95;
  1C45 : 29;
  1C46 : F0;
  1C47 : 32;
  1C48 : 10;
  1C49 : 34;
  1C4A : A9;
  1C4B : 01;
  1C4C : 28;
  1C4D : B0;
  1C4E : 0E;
  1C4F : 06;
  1C50 : 6D;
  1C51 : 26;
  1C52 : 6C;
  1C53 : 26;
  1C54 : 6B;
  1C55 : 26;
  1C56 : 6A;
  1C57 : B0;
  1C58 : E6;
  1C59 : 30;
  1C5A : CE;
  1C5B : 10;
  1C5C : E2;
  1C5D : A8;
  1C5E : A5;
  1C5F : 6D;
  1C60 : E5;
  1C61 : 65;
  1C62 : 85;
  1C63 : 6D;
  1C64 : A5;
  1C65 : 6C;
  1C66 : E5;
  1C67 : 64;
  1C68 : 85;
  1C69 : 6C;
  1C6A : A5;
  1C6B : 6B;
  1C6C : E5;
  1C6D : 63;
  1C6E : 85;
  1C6F : 6B;
  1C70 : A5;
  1C71 : 6A;
  1C72 : E5;
  1C73 : 62;
  1C74 : 85;
  1C75 : 6A;
  1C76 : 98;
  1C77 : 4C;
  1C78 : 4F;
  1C79 : BB;
  1C7A : A9;
  1C7B : 40;
  1C7C : D0;
  1C7D : CE;
  1C7E : 0A;
  1C7F : 0A;
  1C80 : 0A;
  1C81 : 0A;
  1C82 : 0A;
  1C83 : 0A;
  1C84 : 85;
  1C85 : 70;
  1C86 : 28;
  1C87 : 4C;
  1C88 : 8F;
  1C89 : BB;
  1C8A : A2;
  1C8B : 14;
  1C8C : 4C;
  1C8D : 37;
  1C8E : A4;
  1C8F : A5;
  1C90 : 26;
  1C91 : 85;
  1C92 : 62;
  1C93 : A5;
  1C94 : 27;
  1C95 : 85;
  1C96 : 63;
  1C97 : A5;
  1C98 : 28;
  1C99 : 85;
  1C9A : 64;
  1C9B : A5;
  1C9C : 29;
  1C9D : 85;
  1C9E : 65;
  1C9F : 4C;
  1CA0 : D7;
  1CA1 : B8;
  1CA2 : 85;
  1CA3 : 22;
  1CA4 : 84;
  1CA5 : 23;
  1CA6 : A0;
  1CA7 : 04;
  1CA8 : B1;
  1CA9 : 22;
  1CAA : 85;
  1CAB : 65;
  1CAC : 88;
  1CAD : B1;
  1CAE : 22;
  1CAF : 85;
  1CB0 : 64;
  1CB1 : 88;
  1CB2 : B1;
  1CB3 : 22;
  1CB4 : 85;
  1CB5 : 63;
  1CB6 : 88;
  1CB7 : B1;
  1CB8 : 22;
  1CB9 : 85;
  1CBA : 66;
  1CBB : 09;
  1CBC : 80;
  1CBD : 85;
  1CBE : 62;
  1CBF : 88;
  1CC0 : B1;
  1CC1 : 22;
  1CC2 : 85;
  1CC3 : 61;
  1CC4 : 84;
  1CC5 : 70;
  1CC6 : 60;
  1CC7 : A2;
  1CC8 : 5C;
  1CC9 : 2C;
  1CCA : A2;
  1CCB : 57;
  1CCC : A0;
  1CCD : 00;
  1CCE : F0;
  1CCF : 04;
  1CD0 : A6;
  1CD1 : 49;
  1CD2 : A4;
  1CD3 : 4A;
  1CD4 : 20;
  1CD5 : 1B;
  1CD6 : BC;
  1CD7 : 86;
  1CD8 : 22;
  1CD9 : 84;
  1CDA : 23;
  1CDB : A0;
  1CDC : 04;
  1CDD : A5;
  1CDE : 65;
  1CDF : 91;
  1CE0 : 22;
  1CE1 : 88;
  1CE2 : A5;
  1CE3 : 64;
  1CE4 : 91;
  1CE5 : 22;
  1CE6 : 88;
  1CE7 : A5;
  1CE8 : 63;
  1CE9 : 91;
  1CEA : 22;
  1CEB : 88;
  1CEC : A5;
  1CED : 66;
  1CEE : 09;
  1CEF : 7F;
  1CF0 : 25;
  1CF1 : 62;
  1CF2 : 91;
  1CF3 : 22;
  1CF4 : 88;
  1CF5 : A5;
  1CF6 : 61;
  1CF7 : 91;
  1CF8 : 22;
  1CF9 : 84;
  1CFA : 70;
  1CFB : 60;
  1CFC : A5;
  1CFD : 6E;
  1CFE : 85;
  1CFF : 66;
  1D00 : A2;
  1D01 : 05;
  1D02 : B5;
  1D03 : 68;
  1D04 : 95;
  1D05 : 60;
  1D06 : CA;
  1D07 : D0;
  1D08 : F9;
  1D09 : 86;
  1D0A : 70;
  1D0B : 60;
  1D0C : 20;
  1D0D : 1B;
  1D0E : BC;
  1D0F : A2;
  1D10 : 06;
  1D11 : B5;
  1D12 : 60;
  1D13 : 95;
  1D14 : 68;
  1D15 : CA;
  1D16 : D0;
  1D17 : F9;
  1D18 : 86;
  1D19 : 70;
  1D1A : 60;
  1D1B : A5;
  1D1C : 61;
  1D1D : F0;
  1D1E : FB;
  1D1F : 06;
  1D20 : 70;
  1D21 : 90;
  1D22 : F7;
  1D23 : 20;
  1D24 : 6F;
  1D25 : B9;
  1D26 : D0;
  1D27 : F2;
  1D28 : 4C;
  1D29 : 38;
  1D2A : B9;
  1D2B : A5;
  1D2C : 61;
  1D2D : F0;
  1D2E : 09;
  1D2F : A5;
  1D30 : 66;
  1D31 : 2A;
  1D32 : A9;
  1D33 : FF;
  1D34 : B0;
  1D35 : 02;
  1D36 : A9;
  1D37 : 01;
  1D38 : 60;
  1D39 : 20;
  1D3A : 2B;
  1D3B : BC;
  1D3C : 85;
  1D3D : 62;
  1D3E : A9;
  1D3F : 00;
  1D40 : 85;
  1D41 : 63;
  1D42 : A2;
  1D43 : 88;
  1D44 : A5;
  1D45 : 62;
  1D46 : 49;
  1D47 : FF;
  1D48 : 2A;
  1D49 : A9;
  1D4A : 00;
  1D4B : 85;
  1D4C : 65;
  1D4D : 85;
  1D4E : 64;
  1D4F : 86;
  1D50 : 61;
  1D51 : 85;
  1D52 : 70;
  1D53 : 85;
  1D54 : 66;
  1D55 : 4C;
  1D56 : D2;
  1D57 : B8;
  1D58 : 46;
  1D59 : 66;
  1D5A : 60;
  1D5B : 85;
  1D5C : 24;
  1D5D : 84;
  1D5E : 25;
  1D5F : A0;
  1D60 : 00;
  1D61 : B1;
  1D62 : 24;
  1D63 : C8;
  1D64 : AA;
  1D65 : F0;
  1D66 : C4;
  1D67 : B1;
  1D68 : 24;
  1D69 : 45;
  1D6A : 66;
  1D6B : 30;
  1D6C : C2;
  1D6D : E4;
  1D6E : 61;
  1D6F : D0;
  1D70 : 21;
  1D71 : B1;
  1D72 : 24;
  1D73 : 09;
  1D74 : 80;
  1D75 : C5;
  1D76 : 62;
  1D77 : D0;
  1D78 : 19;
  1D79 : C8;
  1D7A : B1;
  1D7B : 24;
  1D7C : C5;
  1D7D : 63;
  1D7E : D0;
  1D7F : 12;
  1D80 : C8;
  1D81 : B1;
  1D82 : 24;
  1D83 : C5;
  1D84 : 64;
  1D85 : D0;
  1D86 : 0B;
  1D87 : C8;
  1D88 : A9;
  1D89 : 7F;
  1D8A : C5;
  1D8B : 70;
  1D8C : B1;
  1D8D : 24;
  1D8E : E5;
  1D8F : 65;
  1D90 : F0;
  1D91 : 28;
  1D92 : A5;
  1D93 : 66;
  1D94 : 90;
  1D95 : 02;
  1D96 : 49;
  1D97 : FF;
  1D98 : 4C;
  1D99 : 31;
  1D9A : BC;
  1D9B : A5;
  1D9C : 61;
  1D9D : F0;
  1D9E : 4A;
  1D9F : 38;
  1DA0 : E9;
  1DA1 : A0;
  1DA2 : 24;
  1DA3 : 66;
  1DA4 : 10;
  1DA5 : 09;
  1DA6 : AA;
  1DA7 : A9;
  1DA8 : FF;
  1DA9 : 85;
  1DAA : 68;
  1DAB : 20;
  1DAC : 4D;
  1DAD : B9;
  1DAE : 8A;
  1DAF : A2;
  1DB0 : 61;
  1DB1 : C9;
  1DB2 : F9;
  1DB3 : 10;
  1DB4 : 06;
  1DB5 : 20;
  1DB6 : 99;
  1DB7 : B9;
  1DB8 : 84;
  1DB9 : 68;
  1DBA : 60;
  1DBB : A8;
  1DBC : A5;
  1DBD : 66;
  1DBE : 29;
  1DBF : 80;
  1DC0 : 46;
  1DC1 : 62;
  1DC2 : 05;
  1DC3 : 62;
  1DC4 : 85;
  1DC5 : 62;
  1DC6 : 20;
  1DC7 : B0;
  1DC8 : B9;
  1DC9 : 84;
  1DCA : 68;
  1DCB : 60;
  1DCC : A5;
  1DCD : 61;
  1DCE : C9;
  1DCF : A0;
  1DD0 : B0;
  1DD1 : 20;
  1DD2 : 20;
  1DD3 : 9B;
  1DD4 : BC;
  1DD5 : 84;
  1DD6 : 70;
  1DD7 : A5;
  1DD8 : 66;
  1DD9 : 84;
  1DDA : 66;
  1DDB : 49;
  1DDC : 80;
  1DDD : 2A;
  1DDE : A9;
  1DDF : A0;
  1DE0 : 85;
  1DE1 : 61;
  1DE2 : A5;
  1DE3 : 65;
  1DE4 : 85;
  1DE5 : 07;
  1DE6 : 4C;
  1DE7 : D2;
  1DE8 : B8;
  1DE9 : 85;
  1DEA : 62;
  1DEB : 85;
  1DEC : 63;
  1DED : 85;
  1DEE : 64;
  1DEF : 85;
  1DF0 : 65;
  1DF1 : A8;
  1DF2 : 60;
  1DF3 : A0;
  1DF4 : 00;
  1DF5 : A2;
  1DF6 : 0A;
  1DF7 : 94;
  1DF8 : 5D;
  1DF9 : CA;
  1DFA : 10;
  1DFB : FB;
  1DFC : 90;
  1DFD : 0F;
  1DFE : C9;
  1DFF : 2D;
  1E00 : D0;
  1E01 : 04;
  1E02 : 86;
  1E03 : 67;
  1E04 : F0;
  1E05 : 04;
  1E06 : C9;
  1E07 : 2B;
  1E08 : D0;
  1E09 : 05;
  1E0A : 20;
  1E0B : 73;
  1E0C : 00;
  1E0D : 90;
  1E0E : 5B;
  1E0F : C9;
  1E10 : 2E;
  1E11 : F0;
  1E12 : 2E;
  1E13 : C9;
  1E14 : 45;
  1E15 : D0;
  1E16 : 30;
  1E17 : 20;
  1E18 : 73;
  1E19 : 00;
  1E1A : 90;
  1E1B : 17;
  1E1C : C9;
  1E1D : AB;
  1E1E : F0;
  1E1F : 0E;
  1E20 : C9;
  1E21 : 2D;
  1E22 : F0;
  1E23 : 0A;
  1E24 : C9;
  1E25 : AA;
  1E26 : F0;
  1E27 : 08;
  1E28 : C9;
  1E29 : 2B;
  1E2A : F0;
  1E2B : 04;
  1E2C : D0;
  1E2D : 07;
  1E2E : 66;
  1E2F : 60;
  1E30 : 20;
  1E31 : 73;
  1E32 : 00;
  1E33 : 90;
  1E34 : 5C;
  1E35 : 24;
  1E36 : 60;
  1E37 : 10;
  1E38 : 0E;
  1E39 : A9;
  1E3A : 00;
  1E3B : 38;
  1E3C : E5;
  1E3D : 5E;
  1E3E : 4C;
  1E3F : 49;
  1E40 : BD;
  1E41 : 66;
  1E42 : 5F;
  1E43 : 24;
  1E44 : 5F;
  1E45 : 50;
  1E46 : C3;
  1E47 : A5;
  1E48 : 5E;
  1E49 : 38;
  1E4A : E5;
  1E4B : 5D;
  1E4C : 85;
  1E4D : 5E;
  1E4E : F0;
  1E4F : 12;
  1E50 : 10;
  1E51 : 09;
  1E52 : 20;
  1E53 : FE;
  1E54 : BA;
  1E55 : E6;
  1E56 : 5E;
  1E57 : D0;
  1E58 : F9;
  1E59 : F0;
  1E5A : 07;
  1E5B : 20;
  1E5C : E2;
  1E5D : BA;
  1E5E : C6;
  1E5F : 5E;
  1E60 : D0;
  1E61 : F9;
  1E62 : A5;
  1E63 : 67;
  1E64 : 30;
  1E65 : 01;
  1E66 : 60;
  1E67 : 4C;
  1E68 : B4;
  1E69 : BF;
  1E6A : 48;
  1E6B : 24;
  1E6C : 5F;
  1E6D : 10;
  1E6E : 02;
  1E6F : E6;
  1E70 : 5D;
  1E71 : 20;
  1E72 : E2;
  1E73 : BA;
  1E74 : 68;
  1E75 : 38;
  1E76 : E9;
  1E77 : 30;
  1E78 : 20;
  1E79 : 7E;
  1E7A : BD;
  1E7B : 4C;
  1E7C : 0A;
  1E7D : BD;
  1E7E : 48;
  1E7F : 20;
  1E80 : 0C;
  1E81 : BC;
  1E82 : 68;
  1E83 : 20;
  1E84 : 3C;
  1E85 : BC;
  1E86 : A5;
  1E87 : 6E;
  1E88 : 45;
  1E89 : 66;
  1E8A : 85;
  1E8B : 6F;
  1E8C : A6;
  1E8D : 61;
  1E8E : 4C;
  1E8F : 6A;
  1E90 : B8;
  1E91 : A5;
  1E92 : 5E;
  1E93 : C9;
  1E94 : 0A;
  1E95 : 90;
  1E96 : 09;
  1E97 : A9;
  1E98 : 64;
  1E99 : 24;
  1E9A : 60;
  1E9B : 30;
  1E9C : 11;
  1E9D : 4C;
  1E9E : 7E;
  1E9F : B9;
  1EA0 : 0A;
  1EA1 : 0A;
  1EA2 : 18;
  1EA3 : 65;
  1EA4 : 5E;
  1EA5 : 0A;
  1EA6 : 18;
  1EA7 : A0;
  1EA8 : 00;
  1EA9 : 71;
  1EAA : 7A;
  1EAB : 38;
  1EAC : E9;
  1EAD : 30;
  1EAE : 85;
  1EAF : 5E;
  1EB0 : 4C;
  1EB1 : 30;
  1EB2 : BD;
  1EB3 : 9B;
  1EB4 : 3E;
  1EB5 : BC;
  1EB6 : 1F;
  1EB7 : FD;
  1EB8 : 9E;
  1EB9 : 6E;
  1EBA : 6B;
  1EBB : 27;
  1EBC : FD;
  1EBD : 9E;
  1EBE : 6E;
  1EBF : 6B;
  1EC0 : 28;
  1EC1 : 00;
  1EC2 : A9;
  1EC3 : 71;
  1EC4 : A0;
  1EC5 : A3;
  1EC6 : 20;
  1EC7 : DA;
  1EC8 : BD;
  1EC9 : A5;
  1ECA : 3A;
  1ECB : A6;
  1ECC : 39;
  1ECD : 85;
  1ECE : 62;
  1ECF : 86;
  1ED0 : 63;
  1ED1 : A2;
  1ED2 : 90;
  1ED3 : 38;
  1ED4 : 20;
  1ED5 : 49;
  1ED6 : BC;
  1ED7 : 20;
  1ED8 : DF;
  1ED9 : BD;
  1EDA : 4C;
  1EDB : 1E;
  1EDC : AB;
  1EDD : A0;
  1EDE : 01;
  1EDF : A9;
  1EE0 : 20;
  1EE1 : 24;
  1EE2 : 66;
  1EE3 : 10;
  1EE4 : 02;
  1EE5 : A9;
  1EE6 : 2D;
  1EE7 : 99;
  1EE8 : FF;
  1EE9 : 00;
  1EEA : 85;
  1EEB : 66;
  1EEC : 84;
  1EED : 71;
  1EEE : C8;
  1EEF : A9;
  1EF0 : 30;
  1EF1 : A6;
  1EF2 : 61;
  1EF3 : D0;
  1EF4 : 03;
  1EF5 : 4C;
  1EF6 : 04;
  1EF7 : BF;
  1EF8 : A9;
  1EF9 : 00;
  1EFA : E0;
  1EFB : 80;
  1EFC : F0;
  1EFD : 02;
  1EFE : B0;
  1EFF : 09;
  1F00 : A9;
  1F01 : BD;
  1F02 : A0;
  1F03 : BD;
  1F04 : 20;
  1F05 : 28;
  1F06 : BA;
  1F07 : A9;
  1F08 : F7;
  1F09 : 85;
  1F0A : 5D;
  1F0B : A9;
  1F0C : B8;
  1F0D : A0;
  1F0E : BD;
  1F0F : 20;
  1F10 : 5B;
  1F11 : BC;
  1F12 : F0;
  1F13 : 1E;
  1F14 : 10;
  1F15 : 12;
  1F16 : A9;
  1F17 : B3;
  1F18 : A0;
  1F19 : BD;
  1F1A : 20;
  1F1B : 5B;
  1F1C : BC;
  1F1D : F0;
  1F1E : 02;
  1F1F : 10;
  1F20 : 0E;
  1F21 : 20;
  1F22 : E2;
  1F23 : BA;
  1F24 : C6;
  1F25 : 5D;
  1F26 : D0;
  1F27 : EE;
  1F28 : 20;
  1F29 : FE;
  1F2A : BA;
  1F2B : E6;
  1F2C : 5D;
  1F2D : D0;
  1F2E : DC;
  1F2F : 20;
  1F30 : 49;
  1F31 : B8;
  1F32 : 20;
  1F33 : 9B;
  1F34 : BC;
  1F35 : A2;
  1F36 : 01;
  1F37 : A5;
  1F38 : 5D;
  1F39 : 18;
  1F3A : 69;
  1F3B : 0A;
  1F3C : 30;
  1F3D : 09;
  1F3E : C9;
  1F3F : 0B;
  1F40 : B0;
  1F41 : 06;
  1F42 : 69;
  1F43 : FF;
  1F44 : AA;
  1F45 : A9;
  1F46 : 02;
  1F47 : 38;
  1F48 : E9;
  1F49 : 02;
  1F4A : 85;
  1F4B : 5E;
  1F4C : 86;
  1F4D : 5D;
  1F4E : 8A;
  1F4F : F0;
  1F50 : 02;
  1F51 : 10;
  1F52 : 13;
  1F53 : A4;
  1F54 : 71;
  1F55 : A9;
  1F56 : 2E;
  1F57 : C8;
  1F58 : 99;
  1F59 : FF;
  1F5A : 00;
  1F5B : 8A;
  1F5C : F0;
  1F5D : 06;
  1F5E : A9;
  1F5F : 30;
  1F60 : C8;
  1F61 : 99;
  1F62 : FF;
  1F63 : 00;
  1F64 : 84;
  1F65 : 71;
  1F66 : A0;
  1F67 : 00;
  1F68 : A2;
  1F69 : 80;
  1F6A : A5;
  1F6B : 65;
  1F6C : 18;
  1F6D : 79;
  1F6E : 19;
  1F6F : BF;
  1F70 : 85;
  1F71 : 65;
  1F72 : A5;
  1F73 : 64;
  1F74 : 79;
  1F75 : 18;
  1F76 : BF;
  1F77 : 85;
  1F78 : 64;
  1F79 : A5;
  1F7A : 63;
  1F7B : 79;
  1F7C : 17;
  1F7D : BF;
  1F7E : 85;
  1F7F : 63;
  1F80 : A5;
  1F81 : 62;
  1F82 : 79;
  1F83 : 16;
  1F84 : BF;
  1F85 : 85;
  1F86 : 62;
  1F87 : E8;
  1F88 : B0;
  1F89 : 04;
  1F8A : 10;
  1F8B : DE;
  1F8C : 30;
  1F8D : 02;
  1F8E : 30;
  1F8F : DA;
  1F90 : 8A;
  1F91 : 90;
  1F92 : 04;
  1F93 : 49;
  1F94 : FF;
  1F95 : 69;
  1F96 : 0A;
  1F97 : 69;
  1F98 : 2F;
  1F99 : C8;
  1F9A : C8;
  1F9B : C8;
  1F9C : C8;
  1F9D : 84;
  1F9E : 47;
  1F9F : A4;
  1FA0 : 71;
  1FA1 : C8;
  1FA2 : AA;
  1FA3 : 29;
  1FA4 : 7F;
  1FA5 : 99;
  1FA6 : FF;
  1FA7 : 00;
  1FA8 : C6;
  1FA9 : 5D;
  1FAA : D0;
  1FAB : 06;
  1FAC : A9;
  1FAD : 2E;
  1FAE : C8;
  1FAF : 99;
  1FB0 : FF;
  1FB1 : 00;
  1FB2 : 84;
  1FB3 : 71;
  1FB4 : A4;
  1FB5 : 47;
  1FB6 : 8A;
  1FB7 : 49;
  1FB8 : FF;
  1FB9 : 29;
  1FBA : 80;
  1FBB : AA;
  1FBC : C0;
  1FBD : 24;
  1FBE : F0;
  1FBF : 04;
  1FC0 : C0;
  1FC1 : 3C;
  1FC2 : D0;
  1FC3 : A6;
  1FC4 : A4;
  1FC5 : 71;
  1FC6 : B9;
  1FC7 : FF;
  1FC8 : 00;
  1FC9 : 88;
  1FCA : C9;
  1FCB : 30;
  1FCC : F0;
  1FCD : F8;
  1FCE : C9;
  1FCF : 2E;
  1FD0 : F0;
  1FD1 : 01;
  1FD2 : C8;
  1FD3 : A9;
  1FD4 : 2B;
  1FD5 : A6;
  1FD6 : 5E;
  1FD7 : F0;
  1FD8 : 2E;
  1FD9 : 10;
  1FDA : 08;
  1FDB : A9;
  1FDC : 00;
  1FDD : 38;
  1FDE : E5;
  1FDF : 5E;
  1FE0 : AA;
  1FE1 : A9;
  1FE2 : 2D;
  1FE3 : 99;
  1FE4 : 01;
  1FE5 : 01;
  1FE6 : A9;
  1FE7 : 45;
  1FE8 : 99;
  1FE9 : 00;
  1FEA : 01;
  1FEB : 8A;
  1FEC : A2;
  1FED : 2F;
  1FEE : 38;
  1FEF : E8;
  1FF0 : E9;
  1FF1 : 0A;
  1FF2 : B0;
  1FF3 : FB;
  1FF4 : 69;
  1FF5 : 3A;
  1FF6 : 99;
  1FF7 : 03;
  1FF8 : 01;
  1FF9 : 8A;
  1FFA : 99;
  1FFB : 02;
  1FFC : 01;
  1FFD : A9;
  1FFE : 00;
  1FFF : 99;
  2000 : 04;
  2001 : 01;
  2002 : F0;
  2003 : 08;
  2004 : 99;
  2005 : FF;
  2006 : 00;
  2007 : A9;
  2008 : 00;
  2009 : 99;
  200A : 00;
  200B : 01;
  200C : A9;
  200D : 00;
  200E : A0;
  200F : 01;
  2010 : 60;
  2011 : 80;
  2012 : 00;
  2013 : 00;
  2014 : 00;
  2015 : 00;
  2016 : FA;
  2017 : 0A;
  2018 : 1F;
  2019 : 00;
  201A : 00;
  201B : 98;
  201C : 96;
  201D : 80;
  201E : FF;
  201F : F0;
  2020 : BD;
  2021 : C0;
  2022 : 00;
  2023 : 01;
  2024 : 86;
  2025 : A0;
  2026 : FF;
  2027 : FF;
  2028 : D8;
  2029 : F0;
  202A : 00;
  202B : 00;
  202C : 03;
  202D : E8;
  202E : FF;
  202F : FF;
  2030 : FF;
  2031 : 9C;
  2032 : 00;
  2033 : 00;
  2034 : 00;
  2035 : 0A;
  2036 : FF;
  2037 : FF;
  2038 : FF;
  2039 : FF;
  203A : FF;
  203B : DF;
  203C : 0A;
  203D : 80;
  203E : 00;
  203F : 03;
  2040 : 4B;
  2041 : C0;
  2042 : FF;
  2043 : FF;
  2044 : 73;
  2045 : 60;
  2046 : 00;
  2047 : 00;
  2048 : 0E;
  2049 : 10;
  204A : FF;
  204B : FF;
  204C : FD;
  204D : A8;
  204E : 00;
  204F : 00;
  2050 : 00;
  2051 : 3C;
  2052 : EC;
  2053 : AA;
  2054 : AA;
  2055 : AA;
  2056 : AA;
  2057 : AA;
  2058 : AA;
  2059 : AA;
  205A : AA;
  205B : AA;
  205C : AA;
  205D : AA;
  205E : AA;
  205F : AA;
  2060 : AA;
  2061 : AA;
  2062 : AA;
  2063 : AA;
  2064 : AA;
  2065 : AA;
  2066 : AA;
  2067 : AA;
  2068 : AA;
  2069 : AA;
  206A : AA;
  206B : AA;
  206C : AA;
  206D : AA;
  206E : AA;
  206F : AA;
  2070 : AA;
  2071 : 20;
  2072 : 0C;
  2073 : BC;
  2074 : A9;
  2075 : 11;
  2076 : A0;
  2077 : BF;
  2078 : 20;
  2079 : A2;
  207A : BB;
  207B : F0;
  207C : 70;
  207D : A5;
  207E : 69;
  207F : D0;
  2080 : 03;
  2081 : 4C;
  2082 : F9;
  2083 : B8;
  2084 : A2;
  2085 : 4E;
  2086 : A0;
  2087 : 00;
  2088 : 20;
  2089 : D4;
  208A : BB;
  208B : A5;
  208C : 6E;
  208D : 10;
  208E : 0F;
  208F : 20;
  2090 : CC;
  2091 : BC;
  2092 : A9;
  2093 : 4E;
  2094 : A0;
  2095 : 00;
  2096 : 20;
  2097 : 5B;
  2098 : BC;
  2099 : D0;
  209A : 03;
  209B : 98;
  209C : A4;
  209D : 07;
  209E : 20;
  209F : FE;
  20A0 : BB;
  20A1 : 98;
  20A2 : 48;
  20A3 : 20;
  20A4 : EA;
  20A5 : B9;
  20A6 : A9;
  20A7 : 4E;
  20A8 : A0;
  20A9 : 00;
  20AA : 20;
  20AB : 28;
  20AC : BA;
  20AD : 20;
  20AE : ED;
  20AF : BF;
  20B0 : 68;
  20B1 : 4A;
  20B2 : 90;
  20B3 : 0A;
  20B4 : A5;
  20B5 : 61;
  20B6 : F0;
  20B7 : 06;
  20B8 : A5;
  20B9 : 66;
  20BA : 49;
  20BB : FF;
  20BC : 85;
  20BD : 66;
  20BE : 60;
  20BF : 81;
  20C0 : 38;
  20C1 : AA;
  20C2 : 3B;
  20C3 : 29;
  20C4 : 07;
  20C5 : 71;
  20C6 : 34;
  20C7 : 58;
  20C8 : 3E;
  20C9 : 56;
  20CA : 74;
  20CB : 16;
  20CC : 7E;
  20CD : B3;
  20CE : 1B;
  20CF : 77;
  20D0 : 2F;
  20D1 : EE;
  20D2 : E3;
  20D3 : 85;
  20D4 : 7A;
  20D5 : 1D;
  20D6 : 84;
  20D7 : 1C;
  20D8 : 2A;
  20D9 : 7C;
  20DA : 63;
  20DB : 59;
  20DC : 58;
  20DD : 0A;
  20DE : 7E;
  20DF : 75;
  20E0 : FD;
  20E1 : E7;
  20E2 : C6;
  20E3 : 80;
  20E4 : 31;
  20E5 : 72;
  20E6 : 18;
  20E7 : 10;
  20E8 : 81;
  20E9 : 00;
  20EA : 00;
  20EB : 00;
  20EC : 00;
  20ED : A9;
  20EE : BF;
  20EF : A0;
  20F0 : BF;
  20F1 : 20;
  20F2 : 28;
  20F3 : BA;
  20F4 : A5;
  20F5 : 70;
  20F6 : 69;
  20F7 : 50;
  20F8 : 90;
  20F9 : 03;
  20FA : 20;
  20FB : 23;
  20FC : BC;
  20FD : 4C;
  20FE : 00;
  20FF : E0;
  2100 : 85;
  2101 : 56;
  2102 : 20;
  2103 : 0F;
  2104 : BC;
  2105 : A5;
  2106 : 61;
  2107 : C9;
  2108 : 88;
  2109 : 90;
  210A : 03;
  210B : 20;
  210C : D4;
  210D : BA;
  210E : 20;
  210F : CC;
  2110 : BC;
  2111 : A5;
  2112 : 07;
  2113 : 18;
  2114 : 69;
  2115 : 81;
  2116 : F0;
  2117 : F3;
  2118 : 38;
  2119 : E9;
  211A : 01;
  211B : 48;
  211C : A2;
  211D : 05;
  211E : B5;
  211F : 69;
  2120 : B4;
  2121 : 61;
  2122 : 95;
  2123 : 61;
  2124 : 94;
  2125 : 69;
  2126 : CA;
  2127 : 10;
  2128 : F5;
  2129 : A5;
  212A : 56;
  212B : 85;
  212C : 70;
  212D : 20;
  212E : 53;
  212F : B8;
  2130 : 20;
  2131 : B4;
  2132 : BF;
  2133 : A9;
  2134 : C4;
  2135 : A0;
  2136 : BF;
  2137 : 20;
  2138 : 59;
  2139 : E0;
  213A : A9;
  213B : 00;
  213C : 85;
  213D : 6F;
  213E : 68;
  213F : 20;
  2140 : B9;
  2141 : BA;
  2142 : 60;
  2143 : 85;
  2144 : 71;
  2145 : 84;
  2146 : 72;
  2147 : 20;
  2148 : CA;
  2149 : BB;
  214A : A9;
  214B : 57;
  214C : 20;
  214D : 28;
  214E : BA;
  214F : 20;
  2150 : 5D;
  2151 : E0;
  2152 : A9;
  2153 : 57;
  2154 : A0;
  2155 : 00;
  2156 : 4C;
  2157 : 28;
  2158 : BA;
  2159 : 85;
  215A : 71;
  215B : 84;
  215C : 72;
  215D : 20;
  215E : C7;
  215F : BB;
  2160 : B1;
  2161 : 71;
  2162 : 85;
  2163 : 67;
  2164 : A4;
  2165 : 71;
  2166 : C8;
  2167 : 98;
  2168 : D0;
  2169 : 02;
  216A : E6;
  216B : 72;
  216C : 85;
  216D : 71;
  216E : A4;
  216F : 72;
  2170 : 20;
  2171 : 28;
  2172 : BA;
  2173 : A5;
  2174 : 71;
  2175 : A4;
  2176 : 72;
  2177 : 18;
  2178 : 69;
  2179 : 05;
  217A : 90;
  217B : 01;
  217C : C8;
  217D : 85;
  217E : 71;
  217F : 84;
  2180 : 72;
  2181 : 20;
  2182 : 67;
  2183 : B8;
  2184 : A9;
  2185 : 5C;
  2186 : A0;
  2187 : 00;
  2188 : C6;
  2189 : 67;
  218A : D0;
  218B : E4;
  218C : 60;
  218D : 98;
  218E : 35;
  218F : 44;
  2190 : 7A;
  2191 : 00;
  2192 : 68;
  2193 : 28;
  2194 : B1;
  2195 : 46;
  2196 : 00;
  2197 : 20;
  2198 : 2B;
  2199 : BC;
  219A : 30;
  219B : 37;
  219C : D0;
  219D : 20;
  219E : 20;
  219F : F3;
  21A0 : FF;
  21A1 : 86;
  21A2 : 22;
  21A3 : 84;
  21A4 : 23;
  21A5 : A0;
  21A6 : 04;
  21A7 : B1;
  21A8 : 22;
  21A9 : 85;
  21AA : 62;
  21AB : C8;
  21AC : B1;
  21AD : 22;
  21AE : 85;
  21AF : 64;
  21B0 : A0;
  21B1 : 08;
  21B2 : B1;
  21B3 : 22;
  21B4 : 85;
  21B5 : 63;
  21B6 : C8;
  21B7 : B1;
  21B8 : 22;
  21B9 : 85;
  21BA : 65;
  21BB : 4C;
  21BC : E3;
  21BD : E0;
  21BE : A9;
  21BF : 8B;
  21C0 : A0;
  21C1 : 00;
  21C2 : 20;
  21C3 : A2;
  21C4 : BB;
  21C5 : A9;
  21C6 : 8D;
  21C7 : A0;
  21C8 : E0;
  21C9 : 20;
  21CA : 28;
  21CB : BA;
  21CC : A9;
  21CD : 92;
  21CE : A0;
  21CF : E0;
  21D0 : 20;
  21D1 : 67;
  21D2 : B8;
  21D3 : A6;
  21D4 : 65;
  21D5 : A5;
  21D6 : 62;
  21D7 : 85;
  21D8 : 65;
  21D9 : 86;
  21DA : 62;
  21DB : A6;
  21DC : 63;
  21DD : A5;
  21DE : 64;
  21DF : 85;
  21E0 : 63;
  21E1 : 86;
  21E2 : 64;
  21E3 : A9;
  21E4 : 00;
  21E5 : 85;
  21E6 : 66;
  21E7 : A5;
  21E8 : 61;
  21E9 : 85;
  21EA : 70;
  21EB : A9;
  21EC : 80;
  21ED : 85;
  21EE : 61;
  21EF : 20;
  21F0 : D7;
  21F1 : B8;
  21F2 : A2;
  21F3 : 8B;
  21F4 : A0;
  21F5 : 00;
  21F6 : 4C;
  21F7 : D4;
  21F8 : BB;
  21F9 : C9;
  21FA : F0;
  21FB : D0;
  21FC : 07;
  21FD : 84;
  21FE : 38;
  21FF : 86;
  2200 : 37;
  2201 : 4C;
  2202 : 63;
  2203 : A6;
  2204 : AA;
  2205 : D0;
  2206 : 02;
  2207 : A2;
  2208 : 1E;
  2209 : 4C;
  220A : 37;
  220B : A4;
  220C : 20;
  220D : D2;
  220E : FF;
  220F : B0;
  2210 : E8;
  2211 : 60;
  2212 : 20;
  2213 : CF;
  2214 : FF;
  2215 : B0;
  2216 : E2;
  2217 : 60;
  2218 : 20;
  2219 : AD;
  221A : E4;
  221B : B0;
  221C : DC;
  221D : 60;
  221E : 20;
  221F : C6;
  2220 : FF;
  2221 : B0;
  2222 : D6;
  2223 : 60;
  2224 : 20;
  2225 : E4;
  2226 : FF;
  2227 : B0;
  2228 : D0;
  2229 : 60;
  222A : 20;
  222B : 8A;
  222C : AD;
  222D : 20;
  222E : F7;
  222F : B7;
  2230 : A9;
  2231 : E1;
  2232 : 48;
  2233 : A9;
  2234 : 46;
  2235 : 48;
  2236 : AD;
  2237 : 0F;
  2238 : 03;
  2239 : 48;
  223A : AD;
  223B : 0C;
  223C : 03;
  223D : AE;
  223E : 0D;
  223F : 03;
  2240 : AC;
  2241 : 0E;
  2242 : 03;
  2243 : 28;
  2244 : 6C;
  2245 : 14;
  2246 : 00;
  2247 : 08;
  2248 : 8D;
  2249 : 0C;
  224A : 03;
  224B : 8E;
  224C : 0D;
  224D : 03;
  224E : 8C;
  224F : 0E;
  2250 : 03;
  2251 : 68;
  2252 : 8D;
  2253 : 0F;
  2254 : 03;
  2255 : 60;
  2256 : 20;
  2257 : D4;
  2258 : E1;
  2259 : A6;
  225A : 2D;
  225B : A4;
  225C : 2E;
  225D : A9;
  225E : 2B;
  225F : 20;
  2260 : D8;
  2261 : FF;
  2262 : B0;
  2263 : 95;
  2264 : 60;
  2265 : A9;
  2266 : 01;
  2267 : 2C;
  2268 : A9;
  2269 : 00;
  226A : 85;
  226B : 0A;
  226C : 20;
  226D : D4;
  226E : E1;
  226F : A5;
  2270 : 0A;
  2271 : A6;
  2272 : 2B;
  2273 : A4;
  2274 : 2C;
  2275 : 20;
  2276 : D5;
  2277 : FF;
  2278 : B0;
  2279 : 57;
  227A : A5;
  227B : 0A;
  227C : F0;
  227D : 17;
  227E : A2;
  227F : 1C;
  2280 : 20;
  2281 : B7;
  2282 : FF;
  2283 : 29;
  2284 : 10;
  2285 : D0;
  2286 : 17;
  2287 : A5;
  2288 : 7A;
  2289 : C9;
  228A : 02;
  228B : F0;
  228C : 07;
  228D : A9;
  228E : 64;
  228F : A0;
  2290 : A3;
  2291 : 4C;
  2292 : 1E;
  2293 : AB;
  2294 : 60;
  2295 : 20;
  2296 : B7;
  2297 : FF;
  2298 : 29;
  2299 : BF;
  229A : F0;
  229B : 05;
  229C : A2;
  229D : 1D;
  229E : 4C;
  229F : 37;
  22A0 : A4;
  22A1 : A5;
  22A2 : 7B;
  22A3 : C9;
  22A4 : 02;
  22A5 : D0;
  22A6 : 0E;
  22A7 : 86;
  22A8 : 2D;
  22A9 : 84;
  22AA : 2E;
  22AB : A9;
  22AC : 76;
  22AD : A0;
  22AE : A3;
  22AF : 20;
  22B0 : 1E;
  22B1 : AB;
  22B2 : 4C;
  22B3 : 2A;
  22B4 : A5;
  22B5 : 20;
  22B6 : 8E;
  22B7 : A6;
  22B8 : 20;
  22B9 : 33;
  22BA : A5;
  22BB : 4C;
  22BC : 77;
  22BD : A6;
  22BE : 20;
  22BF : 19;
  22C0 : E2;
  22C1 : 20;
  22C2 : C0;
  22C3 : FF;
  22C4 : B0;
  22C5 : 0B;
  22C6 : 60;
  22C7 : 20;
  22C8 : 19;
  22C9 : E2;
  22CA : A5;
  22CB : 49;
  22CC : 20;
  22CD : C3;
  22CE : FF;
  22CF : 90;
  22D0 : C3;
  22D1 : 4C;
  22D2 : F9;
  22D3 : E0;
  22D4 : A9;
  22D5 : 00;
  22D6 : 20;
  22D7 : BD;
  22D8 : FF;
  22D9 : A2;
  22DA : 01;
  22DB : A0;
  22DC : 00;
  22DD : 20;
  22DE : BA;
  22DF : FF;
  22E0 : 20;
  22E1 : 06;
  22E2 : E2;
  22E3 : 20;
  22E4 : 57;
  22E5 : E2;
  22E6 : 20;
  22E7 : 06;
  22E8 : E2;
  22E9 : 20;
  22EA : 00;
  22EB : E2;
  22EC : A0;
  22ED : 00;
  22EE : 86;
  22EF : 49;
  22F0 : 20;
  22F1 : BA;
  22F2 : FF;
  22F3 : 20;
  22F4 : 06;
  22F5 : E2;
  22F6 : 20;
  22F7 : 00;
  22F8 : E2;
  22F9 : 8A;
  22FA : A8;
  22FB : A6;
  22FC : 49;
  22FD : 4C;
  22FE : BA;
  22FF : FF;
  2300 : 20;
  2301 : 0E;
  2302 : E2;
  2303 : 4C;
  2304 : 9E;
  2305 : B7;
  2306 : 20;
  2307 : 79;
  2308 : 00;
  2309 : D0;
  230A : 02;
  230B : 68;
  230C : 68;
  230D : 60;
  230E : 20;
  230F : FD;
  2310 : AE;
  2311 : 20;
  2312 : 79;
  2313 : 00;
  2314 : D0;
  2315 : F7;
  2316 : 4C;
  2317 : 08;
  2318 : AF;
  2319 : A9;
  231A : 00;
  231B : 20;
  231C : BD;
  231D : FF;
  231E : 20;
  231F : 11;
  2320 : E2;
  2321 : 20;
  2322 : 9E;
  2323 : B7;
  2324 : 86;
  2325 : 49;
  2326 : 8A;
  2327 : A2;
  2328 : 01;
  2329 : A0;
  232A : 00;
  232B : 20;
  232C : BA;
  232D : FF;
  232E : 20;
  232F : 06;
  2330 : E2;
  2331 : 20;
  2332 : 00;
  2333 : E2;
  2334 : 86;
  2335 : 4A;
  2336 : A0;
  2337 : 00;
  2338 : A5;
  2339 : 49;
  233A : E0;
  233B : 03;
  233C : 90;
  233D : 01;
  233E : 88;
  233F : 20;
  2340 : BA;
  2341 : FF;
  2342 : 20;
  2343 : 06;
  2344 : E2;
  2345 : 20;
  2346 : 00;
  2347 : E2;
  2348 : 8A;
  2349 : A8;
  234A : A6;
  234B : 4A;
  234C : A5;
  234D : 49;
  234E : 20;
  234F : BA;
  2350 : FF;
  2351 : 20;
  2352 : 06;
  2353 : E2;
  2354 : 20;
  2355 : 0E;
  2356 : E2;
  2357 : 20;
  2358 : 9E;
  2359 : AD;
  235A : 20;
  235B : A3;
  235C : B6;
  235D : A6;
  235E : 22;
  235F : A4;
  2360 : 23;
  2361 : 4C;
  2362 : BD;
  2363 : FF;
  2364 : A9;
  2365 : E0;
  2366 : A0;
  2367 : E2;
  2368 : 20;
  2369 : 67;
  236A : B8;
  236B : 20;
  236C : 0C;
  236D : BC;
  236E : A9;
  236F : E5;
  2370 : A0;
  2371 : E2;
  2372 : A6;
  2373 : 6E;
  2374 : 20;
  2375 : 07;
  2376 : BB;
  2377 : 20;
  2378 : 0C;
  2379 : BC;
  237A : 20;
  237B : CC;
  237C : BC;
  237D : A9;
  237E : 00;
  237F : 85;
  2380 : 6F;
  2381 : 20;
  2382 : 53;
  2383 : B8;
  2384 : A9;
  2385 : EA;
  2386 : A0;
  2387 : E2;
  2388 : 20;
  2389 : 50;
  238A : B8;
  238B : A5;
  238C : 66;
  238D : 48;
  238E : 10;
  238F : 0D;
  2390 : 20;
  2391 : 49;
  2392 : B8;
  2393 : A5;
  2394 : 66;
  2395 : 30;
  2396 : 09;
  2397 : A5;
  2398 : 12;
  2399 : 49;
  239A : FF;
  239B : 85;
  239C : 12;
  239D : 20;
  239E : B4;
  239F : BF;
  23A0 : A9;
  23A1 : EA;
  23A2 : A0;
  23A3 : E2;
  23A4 : 20;
  23A5 : 67;
  23A6 : B8;
  23A7 : 68;
  23A8 : 10;
  23A9 : 03;
  23AA : 20;
  23AB : B4;
  23AC : BF;
  23AD : A9;
  23AE : EF;
  23AF : A0;
  23B0 : E2;
  23B1 : 4C;
  23B2 : 43;
  23B3 : E0;
  23B4 : 20;
  23B5 : CA;
  23B6 : BB;
  23B7 : A9;
  23B8 : 00;
  23B9 : 85;
  23BA : 12;
  23BB : 20;
  23BC : 6B;
  23BD : E2;
  23BE : A2;
  23BF : 4E;
  23C0 : A0;
  23C1 : 00;
  23C2 : 20;
  23C3 : F6;
  23C4 : E0;
  23C5 : A9;
  23C6 : 57;
  23C7 : A0;
  23C8 : 00;
  23C9 : 20;
  23CA : A2;
  23CB : BB;
  23CC : A9;
  23CD : 00;
  23CE : 85;
  23CF : 66;
  23D0 : A5;
  23D1 : 12;
  23D2 : 20;
  23D3 : DC;
  23D4 : E2;
  23D5 : A9;
  23D6 : 4E;
  23D7 : A0;
  23D8 : 00;
  23D9 : 4C;
  23DA : 0F;
  23DB : BB;
  23DC : 48;
  23DD : 4C;
  23DE : 9D;
  23DF : E2;
  23E0 : 81;
  23E1 : 49;
  23E2 : 0F;
  23E3 : DA;
  23E4 : A2;
  23E5 : 83;
  23E6 : 49;
  23E7 : 0F;
  23E8 : DA;
  23E9 : A2;
  23EA : 7F;
  23EB : 00;
  23EC : 00;
  23ED : 00;
  23EE : 00;
  23EF : 05;
  23F0 : 84;
  23F1 : E6;
  23F2 : 1A;
  23F3 : 2D;
  23F4 : 1B;
  23F5 : 86;
  23F6 : 28;
  23F7 : 07;
  23F8 : FB;
  23F9 : F8;
  23FA : 87;
  23FB : 99;
  23FC : 68;
  23FD : 89;
  23FE : 01;
  23FF : 87;
  2400 : 23;
  2401 : 35;
  2402 : DF;
  2403 : E1;
  2404 : 86;
  2405 : A5;
  2406 : 5D;
  2407 : E7;
  2408 : 28;
  2409 : 83;
  240A : 49;
  240B : 0F;
  240C : DA;
  240D : A2;
  240E : A5;
  240F : 66;
  2410 : 48;
  2411 : 10;
  2412 : 03;
  2413 : 20;
  2414 : B4;
  2415 : BF;
  2416 : A5;
  2417 : 61;
  2418 : 48;
  2419 : C9;
  241A : 81;
  241B : 90;
  241C : 07;
  241D : A9;
  241E : BC;
  241F : A0;
  2420 : B9;
  2421 : 20;
  2422 : 0F;
  2423 : BB;
  2424 : A9;
  2425 : 3E;
  2426 : A0;
  2427 : E3;
  2428 : 20;
  2429 : 43;
  242A : E0;
  242B : 68;
  242C : C9;
  242D : 81;
  242E : 90;
  242F : 07;
  2430 : A9;
  2431 : E0;
  2432 : A0;
  2433 : E2;
  2434 : 20;
  2435 : 50;
  2436 : B8;
  2437 : 68;
  2438 : 10;
  2439 : 03;
  243A : 4C;
  243B : B4;
  243C : BF;
  243D : 60;
  243E : 0B;
  243F : 76;
  2440 : B3;
  2441 : 83;
  2442 : BD;
  2443 : D3;
  2444 : 79;
  2445 : 1E;
  2446 : F4;
  2447 : A6;
  2448 : F5;
  2449 : 7B;
  244A : 83;
  244B : FC;
  244C : B0;
  244D : 10;
  244E : 7C;
  244F : 0C;
  2450 : 1F;
  2451 : 67;
  2452 : CA;
  2453 : 7C;
  2454 : DE;
  2455 : 53;
  2456 : CB;
  2457 : C1;
  2458 : 7D;
  2459 : 14;
  245A : 64;
  245B : 70;
  245C : 4C;
  245D : 7D;
  245E : B7;
  245F : EA;
  2460 : 51;
  2461 : 7A;
  2462 : 7D;
  2463 : 63;
  2464 : 30;
  2465 : 88;
  2466 : 7E;
  2467 : 7E;
  2468 : 92;
  2469 : 44;
  246A : 99;
  246B : 3A;
  246C : 7E;
  246D : 4C;
  246E : CC;
  246F : 91;
  2470 : C7;
  2471 : 7F;
  2472 : AA;
  2473 : AA;
  2474 : AA;
  2475 : 13;
  2476 : 81;
  2477 : 00;
  2478 : 00;
  2479 : 00;
  247A : 00;
  247B : 20;
  247C : CC;
  247D : FF;
  247E : A9;
  247F : 00;
  2480 : 85;
  2481 : 13;
  2482 : 20;
  2483 : 7A;
  2484 : A6;
  2485 : 58;
  2486 : A2;
  2487 : 80;
  2488 : 6C;
  2489 : 00;
  248A : 03;
  248B : 8A;
  248C : 30;
  248D : 03;
  248E : 4C;
  248F : 3A;
  2490 : A4;
  2491 : 4C;
  2492 : 74;
  2493 : A4;
  2494 : 20;
  2495 : 53;
  2496 : E4;
  2497 : 20;
  2498 : BF;
  2499 : E3;
  249A : 20;
  249B : 22;
  249C : E4;
  249D : A2;
  249E : FB;
  249F : 9A;
  24A0 : D0;
  24A1 : E4;
  24A2 : E6;
  24A3 : 7A;
  24A4 : D0;
  24A5 : 02;
  24A6 : E6;
  24A7 : 7B;
  24A8 : AD;
  24A9 : 60;
  24AA : EA;
  24AB : C9;
  24AC : 3A;
  24AD : B0;
  24AE : 0A;
  24AF : C9;
  24B0 : 20;
  24B1 : F0;
  24B2 : EF;
  24B3 : 38;
  24B4 : E9;
  24B5 : 30;
  24B6 : 38;
  24B7 : E9;
  24B8 : D0;
  24B9 : 60;
  24BA : 80;
  24BB : 4F;
  24BC : C7;
  24BD : 52;
  24BE : 58;
  24BF : A9;
  24C0 : 4C;
  24C1 : 85;
  24C2 : 54;
  24C3 : 8D;
  24C4 : 10;
  24C5 : 03;
  24C6 : A9;
  24C7 : 48;
  24C8 : A0;
  24C9 : B2;
  24CA : 8D;
  24CB : 11;
  24CC : 03;
  24CD : 8C;
  24CE : 12;
  24CF : 03;
  24D0 : A9;
  24D1 : 91;
  24D2 : A0;
  24D3 : B3;
  24D4 : 85;
  24D5 : 05;
  24D6 : 84;
  24D7 : 06;
  24D8 : A9;
  24D9 : AA;
  24DA : A0;
  24DB : B1;
  24DC : 85;
  24DD : 03;
  24DE : 84;
  24DF : 04;
  24E0 : A2;
  24E1 : 1C;
  24E2 : BD;
  24E3 : A2;
  24E4 : E3;
  24E5 : 95;
  24E6 : 73;
  24E7 : CA;
  24E8 : 10;
  24E9 : F8;
  24EA : A9;
  24EB : 03;
  24EC : 85;
  24ED : 53;
  24EE : A9;
  24EF : 00;
  24F0 : 85;
  24F1 : 68;
  24F2 : 85;
  24F3 : 13;
  24F4 : 85;
  24F5 : 18;
  24F6 : A2;
  24F7 : 01;
  24F8 : 8E;
  24F9 : FD;
  24FA : 01;
  24FB : 8E;
  24FC : FC;
  24FD : 01;
  24FE : A2;
  24FF : 19;
  2500 : 86;
  2501 : 16;
  2502 : 38;
  2503 : 20;
  2504 : 9C;
  2505 : FF;
  2506 : 86;
  2507 : 2B;
  2508 : 84;
  2509 : 2C;
  250A : 38;
  250B : 20;
  250C : 99;
  250D : FF;
  250E : 86;
  250F : 37;
  2510 : 84;
  2511 : 38;
  2512 : 86;
  2513 : 33;
  2514 : 84;
  2515 : 34;
  2516 : A0;
  2517 : 00;
  2518 : 98;
  2519 : 91;
  251A : 2B;
  251B : E6;
  251C : 2B;
  251D : D0;
  251E : 02;
  251F : E6;
  2520 : 2C;
  2521 : 60;
  2522 : A5;
  2523 : 2B;
  2524 : A4;
  2525 : 2C;
  2526 : 20;
  2527 : 08;
  2528 : A4;
  2529 : A9;
  252A : 73;
  252B : A0;
  252C : E4;
  252D : 20;
  252E : 1E;
  252F : AB;
  2530 : A5;
  2531 : 37;
  2532 : 38;
  2533 : E5;
  2534 : 2B;
  2535 : AA;
  2536 : A5;
  2537 : 38;
  2538 : E5;
  2539 : 2C;
  253A : 20;
  253B : CD;
  253C : BD;
  253D : A9;
  253E : 60;
  253F : A0;
  2540 : E4;
  2541 : 20;
  2542 : 1E;
  2543 : AB;
  2544 : 4C;
  2545 : 44;
  2546 : A6;
  2547 : 8B;
  2548 : E3;
  2549 : 83;
  254A : A4;
  254B : 7C;
  254C : A5;
  254D : 1A;
  254E : A7;
  254F : E4;
  2550 : A7;
  2551 : 86;
  2552 : AE;
  2553 : A2;
  2554 : 0B;
  2555 : BD;
  2556 : 47;
  2557 : E4;
  2558 : 9D;
  2559 : 00;
  255A : 03;
  255B : CA;
  255C : 10;
  255D : F7;
  255E : 60;
  255F : 00;
  2560 : 20;
  2561 : 42;
  2562 : 41;
  2563 : 53;
  2564 : 49;
  2565 : 43;
  2566 : 20;
  2567 : 42;
  2568 : 59;
  2569 : 54;
  256A : 45;
  256B : 53;
  256C : 20;
  256D : 46;
  256E : 52;
  256F : 45;
  2570 : 45;
  2571 : 0D;
  2572 : 00;
  2573 : 93;
  2574 : 0D;
  2575 : 20;
  2576 : 20;
  2577 : 20;
  2578 : 20;
  2579 : 2A;
  257A : 2A;
  257B : 2A;
  257C : 2A;
  257D : 20;
  257E : 43;
  257F : 3D;
  2580 : 36;
  2581 : 34;
  2582 : 20;
  2583 : 53;
  2584 : 43;
  2585 : 50;
  2586 : 55;
  2587 : 36;
  2588 : 34;
  2589 : 20;
  258A : 52;
  258B : 4F;
  258C : 4D;
  258D : 20;
  258E : 56;
  258F : 30;
  2590 : 2E;
  2591 : 30;
  2592 : 37;
  2593 : 20;
  2594 : 2A;
  2595 : 2A;
  2596 : 2A;
  2597 : 2A;
  2598 : 0D;
  2599 : 0D;
  259A : 20;
  259B : 36;
  259C : 34;
  259D : 4B;
  259E : 20;
  259F : 52;
  25A0 : 41;
  25A1 : 4D;
  25A2 : 20;
  25A3 : 53;
  25A4 : 59;
  25A5 : 53;
  25A6 : 54;
  25A7 : 45;
  25A8 : 4D;
  25A9 : 20;
  25AA : 20;
  25AB : 00;
  25AC : 81;
  25AD : 48;
  25AE : 20;
  25AF : C9;
  25B0 : FF;
  25B1 : AA;
  25B2 : 68;
  25B3 : 90;
  25B4 : 01;
  25B5 : 8A;
  25B6 : 60;
  25B7 : AA;
  25B8 : AA;
  25B9 : AA;
  25BA : AA;
  25BB : AA;
  25BC : AA;
  25BD : AA;
  25BE : AA;
  25BF : AA;
  25C0 : AA;
  25C1 : AA;
  25C2 : AA;
  25C3 : AA;
  25C4 : AA;
  25C5 : AA;
  25C6 : AA;
  25C7 : AA;
  25C8 : AA;
  25C9 : AA;
  25CA : AA;
  25CB : AA;
  25CC : AA;
  25CD : AA;
  25CE : AA;
  25CF : AA;
  25D0 : AA;
  25D1 : AA;
  25D2 : AA;
  25D3 : 85;
  25D4 : A9;
  25D5 : A9;
  25D6 : 01;
  25D7 : 85;
  25D8 : AB;
  25D9 : 60;
  25DA : AD;
  25DB : 86;
  25DC : 02;
  25DD : 91;
  25DE : F3;
  25DF : 60;
  25E0 : 69;
  25E1 : 02;
  25E2 : A4;
  25E3 : 91;
  25E4 : C8;
  25E5 : D0;
  25E6 : 04;
  25E7 : C5;
  25E8 : A1;
  25E9 : D0;
  25EA : F7;
  25EB : 60;
  25EC : 19;
  25ED : 26;
  25EE : 44;
  25EF : 19;
  25F0 : 1A;
  25F1 : 11;
  25F2 : E8;
  25F3 : 0D;
  25F4 : 70;
  25F5 : 0C;
  25F6 : 06;
  25F7 : 06;
  25F8 : D1;
  25F9 : 02;
  25FA : 37;
  25FB : 01;
  25FC : AE;
  25FD : 00;
  25FE : 69;
  25FF : 00;
  2600 : A2;
  2601 : 00;
  2602 : A0;
  2603 : DC;
  2604 : 60;
  2605 : A2;
  2606 : 28;
  2607 : A0;
  2608 : 19;
  2609 : 60;
  260A : B0;
  260B : 07;
  260C : 86;
  260D : D6;
  260E : 84;
  260F : D3;
  2610 : 20;
  2611 : 6C;
  2612 : E5;
  2613 : A6;
  2614 : D6;
  2615 : A4;
  2616 : D3;
  2617 : 60;
  2618 : 20;
  2619 : A0;
  261A : E5;
  261B : A9;
  261C : 00;
  261D : 8D;
  261E : 91;
  261F : 02;
  2620 : 85;
  2621 : CF;
  2622 : A9;
  2623 : 48;
  2624 : 8D;
  2625 : 8F;
  2626 : 02;
  2627 : A9;
  2628 : EB;
  2629 : 8D;
  262A : 90;
  262B : 02;
  262C : A9;
  262D : 0A;
  262E : 8D;
  262F : 89;
  2630 : 02;
  2631 : 8D;
  2632 : 8C;
  2633 : 02;
  2634 : A9;
  2635 : 0E;
  2636 : 8D;
  2637 : 86;
  2638 : 02;
  2639 : A9;
  263A : 04;
  263B : 8D;
  263C : 8B;
  263D : 02;
  263E : A9;
  263F : 0C;
  2640 : 85;
  2641 : CD;
  2642 : 85;
  2643 : CC;
  2644 : AD;
  2645 : 88;
  2646 : 02;
  2647 : 09;
  2648 : 80;
  2649 : A8;
  264A : A9;
  264B : 00;
  264C : AA;
  264D : 94;
  264E : D9;
  264F : 18;
  2650 : 69;
  2651 : 28;
  2652 : 90;
  2653 : 01;
  2654 : C8;
  2655 : E8;
  2656 : E0;
  2657 : 1A;
  2658 : D0;
  2659 : F3;
  265A : A9;
  265B : FF;
  265C : 95;
  265D : D9;
  265E : A2;
  265F : 18;
  2660 : 20;
  2661 : FF;
  2662 : E9;
  2663 : CA;
  2664 : 10;
  2665 : FA;
  2666 : A0;
  2667 : 00;
  2668 : 84;
  2669 : D3;
  266A : 84;
  266B : D6;
  266C : A6;
  266D : D6;
  266E : A5;
  266F : D3;
  2670 : B4;
  2671 : D9;
  2672 : 30;
  2673 : 08;
  2674 : 18;
  2675 : 69;
  2676 : 28;
  2677 : 85;
  2678 : D3;
  2679 : CA;
  267A : 10;
  267B : F4;
  267C : 20;
  267D : F0;
  267E : E9;
  267F : A9;
  2680 : 27;
  2681 : E8;
  2682 : B4;
  2683 : D9;
  2684 : 30;
  2685 : 06;
  2686 : 18;
  2687 : 69;
  2688 : 28;
  2689 : E8;
  268A : 10;
  268B : F6;
  268C : 85;
  268D : D5;
  268E : 4C;
  268F : 24;
  2690 : EA;
  2691 : E4;
  2692 : C9;
  2693 : F0;
  2694 : 03;
  2695 : 4C;
  2696 : ED;
  2697 : E6;
  2698 : 60;
  2699 : EA;
  269A : 20;
  269B : A0;
  269C : E5;
  269D : 4C;
  269E : 66;
  269F : E5;
  26A0 : A9;
  26A1 : 03;
  26A2 : 85;
  26A3 : 9A;
  26A4 : A9;
  26A5 : 00;
  26A6 : 85;
  26A7 : 99;
  26A8 : A2;
  26A9 : 2F;
  26AA : BD;
  26AB : B8;
  26AC : EC;
  26AD : 9D;
  26AE : FF;
  26AF : CF;
  26B0 : CA;
  26B1 : D0;
  26B2 : F7;
  26B3 : 60;
  26B4 : AC;
  26B5 : 77;
  26B6 : 02;
  26B7 : A2;
  26B8 : 00;
  26B9 : BD;
  26BA : 78;
  26BB : 02;
  26BC : 9D;
  26BD : 77;
  26BE : 02;
  26BF : E8;
  26C0 : E4;
  26C1 : C6;
  26C2 : D0;
  26C3 : F5;
  26C4 : C6;
  26C5 : C6;
  26C6 : 98;
  26C7 : 58;
  26C8 : 18;
  26C9 : 60;
  26CA : 20;
  26CB : 16;
  26CC : E7;
  26CD : A5;
  26CE : C6;
  26CF : 85;
  26D0 : CC;
  26D1 : 8D;
  26D2 : 92;
  26D3 : 02;
  26D4 : F0;
  26D5 : F7;
  26D6 : 78;
  26D7 : A5;
  26D8 : CF;
  26D9 : F0;
  26DA : 0C;
  26DB : A5;
  26DC : CE;
  26DD : AE;
  26DE : 87;
  26DF : 02;
  26E0 : A0;
  26E1 : 00;
  26E2 : 84;
  26E3 : CF;
  26E4 : 20;
  26E5 : 13;
  26E6 : EA;
  26E7 : 20;
  26E8 : B4;
  26E9 : E5;
  26EA : C9;
  26EB : 83;
  26EC : D0;
  26ED : 10;
  26EE : A2;
  26EF : 09;
  26F0 : 78;
  26F1 : 86;
  26F2 : C6;
  26F3 : BD;
  26F4 : E6;
  26F5 : EC;
  26F6 : 9D;
  26F7 : 76;
  26F8 : 02;
  26F9 : CA;
  26FA : D0;
  26FB : F7;
  26FC : F0;
  26FD : CF;
  26FE : C9;
  26FF : 0D;
  2700 : D0;
  2701 : C8;
  2702 : A4;
  2703 : D5;
  2704 : 84;
  2705 : D0;
  2706 : B1;
  2707 : D1;
  2708 : C9;
  2709 : 20;
  270A : D0;
  270B : 03;
  270C : 88;
  270D : D0;
  270E : F7;
  270F : C8;
  2710 : 84;
  2711 : C8;
  2712 : A0;
  2713 : 00;
  2714 : 8C;
  2715 : 92;
  2716 : 02;
  2717 : 84;
  2718 : D3;
  2719 : 84;
  271A : D4;
  271B : A5;
  271C : C9;
  271D : 30;
  271E : 1B;
  271F : A6;
  2720 : D6;
  2721 : 20;
  2722 : 91;
  2723 : E5;
  2724 : E4;
  2725 : C9;
  2726 : D0;
  2727 : 12;
  2728 : A5;
  2729 : CA;
  272A : 85;
  272B : D3;
  272C : C5;
  272D : C8;
  272E : 90;
  272F : 0A;
  2730 : B0;
  2731 : 2B;
  2732 : 98;
  2733 : 48;
  2734 : 8A;
  2735 : 48;
  2736 : A5;
  2737 : D0;
  2738 : F0;
  2739 : 93;
  273A : A4;
  273B : D3;
  273C : B1;
  273D : D1;
  273E : 85;
  273F : D7;
  2740 : 29;
  2741 : 3F;
  2742 : 06;
  2743 : D7;
  2744 : 24;
  2745 : D7;
  2746 : 10;
  2747 : 02;
  2748 : 09;
  2749 : 80;
  274A : 90;
  274B : 04;
  274C : A6;
  274D : D4;
  274E : D0;
  274F : 04;
  2750 : 70;
  2751 : 02;
  2752 : 09;
  2753 : 40;
  2754 : E6;
  2755 : D3;
  2756 : 20;
  2757 : 84;
  2758 : E6;
  2759 : C4;
  275A : C8;
  275B : D0;
  275C : 17;
  275D : A9;
  275E : 00;
  275F : 85;
  2760 : D0;
  2761 : A9;
  2762 : 0D;
  2763 : A6;
  2764 : 99;
  2765 : E0;
  2766 : 03;
  2767 : F0;
  2768 : 06;
  2769 : A6;
  276A : 9A;
  276B : E0;
  276C : 03;
  276D : F0;
  276E : 03;
  276F : 20;
  2770 : 16;
  2771 : E7;
  2772 : A9;
  2773 : 0D;
  2774 : 85;
  2775 : D7;
  2776 : 68;
  2777 : AA;
  2778 : 68;
  2779 : A8;
  277A : A5;
  277B : D7;
  277C : C9;
  277D : DE;
  277E : D0;
  277F : 02;
  2780 : A9;
  2781 : FF;
  2782 : 18;
  2783 : 60;
  2784 : C9;
  2785 : 22;
  2786 : D0;
  2787 : 08;
  2788 : A5;
  2789 : D4;
  278A : 49;
  278B : 01;
  278C : 85;
  278D : D4;
  278E : A9;
  278F : 22;
  2790 : 60;
  2791 : 09;
  2792 : 40;
  2793 : A6;
  2794 : C7;
  2795 : F0;
  2796 : 02;
  2797 : 09;
  2798 : 80;
  2799 : A6;
  279A : D8;
  279B : F0;
  279C : 02;
  279D : C6;
  279E : D8;
  279F : AE;
  27A0 : 86;
  27A1 : 02;
  27A2 : 20;
  27A3 : 13;
  27A4 : EA;
  27A5 : 20;
  27A6 : B6;
  27A7 : E6;
  27A8 : 68;
  27A9 : A8;
  27AA : A5;
  27AB : D8;
  27AC : F0;
  27AD : 02;
  27AE : 46;
  27AF : D4;
  27B0 : 68;
  27B1 : AA;
  27B2 : 68;
  27B3 : 18;
  27B4 : 58;
  27B5 : 60;
  27B6 : 20;
  27B7 : B3;
  27B8 : E8;
  27B9 : E6;
  27BA : D3;
  27BB : A5;
  27BC : D5;
  27BD : C5;
  27BE : D3;
  27BF : B0;
  27C0 : 3F;
  27C1 : C9;
  27C2 : 4F;
  27C3 : F0;
  27C4 : 32;
  27C5 : AD;
  27C6 : 92;
  27C7 : 02;
  27C8 : F0;
  27C9 : 03;
  27CA : 4C;
  27CB : 67;
  27CC : E9;
  27CD : A6;
  27CE : D6;
  27CF : E0;
  27D0 : 19;
  27D1 : 90;
  27D2 : 07;
  27D3 : 20;
  27D4 : EA;
  27D5 : E8;
  27D6 : C6;
  27D7 : D6;
  27D8 : A6;
  27D9 : D6;
  27DA : 16;
  27DB : D9;
  27DC : 56;
  27DD : D9;
  27DE : E8;
  27DF : B5;
  27E0 : D9;
  27E1 : 09;
  27E2 : 80;
  27E3 : 95;
  27E4 : D9;
  27E5 : CA;
  27E6 : A5;
  27E7 : D5;
  27E8 : 18;
  27E9 : 69;
  27EA : 28;
  27EB : 85;
  27EC : D5;
  27ED : B5;
  27EE : D9;
  27EF : 30;
  27F0 : 03;
  27F1 : CA;
  27F2 : D0;
  27F3 : F9;
  27F4 : 4C;
  27F5 : F0;
  27F6 : E9;
  27F7 : C6;
  27F8 : D6;
  27F9 : 20;
  27FA : 7C;
  27FB : E8;
  27FC : A9;
  27FD : 00;
  27FE : 85;
  27FF : D3;
  2800 : 60;
  2801 : A6;
  2802 : D6;
  2803 : D0;
  2804 : 06;
  2805 : 86;
  2806 : D3;
  2807 : 68;
  2808 : 68;
  2809 : D0;
  280A : 9D;
  280B : CA;
  280C : 86;
  280D : D6;
  280E : 20;
  280F : 6C;
  2810 : E5;
  2811 : A4;
  2812 : D5;
  2813 : 84;
  2814 : D3;
  2815 : 60;
  2816 : 48;
  2817 : 85;
  2818 : D7;
  2819 : 8A;
  281A : 48;
  281B : 98;
  281C : 48;
  281D : A9;
  281E : 00;
  281F : 85;
  2820 : D0;
  2821 : A4;
  2822 : D3;
  2823 : A5;
  2824 : D7;
  2825 : 10;
  2826 : 03;
  2827 : 4C;
  2828 : D4;
  2829 : E7;
  282A : C9;
  282B : 0D;
  282C : D0;
  282D : 03;
  282E : 4C;
  282F : 91;
  2830 : E8;
  2831 : C9;
  2832 : 20;
  2833 : 90;
  2834 : 10;
  2835 : C9;
  2836 : 60;
  2837 : 90;
  2838 : 04;
  2839 : 29;
  283A : DF;
  283B : D0;
  283C : 02;
  283D : 29;
  283E : 3F;
  283F : 20;
  2840 : 84;
  2841 : E6;
  2842 : 4C;
  2843 : 93;
  2844 : E6;
  2845 : A6;
  2846 : D8;
  2847 : F0;
  2848 : 03;
  2849 : 4C;
  284A : 97;
  284B : E6;
  284C : C9;
  284D : 14;
  284E : D0;
  284F : 2E;
  2850 : 98;
  2851 : D0;
  2852 : 06;
  2853 : 20;
  2854 : 01;
  2855 : E7;
  2856 : 4C;
  2857 : 73;
  2858 : E7;
  2859 : 20;
  285A : A1;
  285B : E8;
  285C : 88;
  285D : 84;
  285E : D3;
  285F : 20;
  2860 : 24;
  2861 : EA;
  2862 : C8;
  2863 : B1;
  2864 : D1;
  2865 : 88;
  2866 : 91;
  2867 : D1;
  2868 : C8;
  2869 : B1;
  286A : F3;
  286B : 88;
  286C : 91;
  286D : F3;
  286E : C8;
  286F : C4;
  2870 : D5;
  2871 : D0;
  2872 : EF;
  2873 : A9;
  2874 : 20;
  2875 : 91;
  2876 : D1;
  2877 : AD;
  2878 : 86;
  2879 : 02;
  287A : 91;
  287B : F3;
  287C : 10;
  287D : 4D;
  287E : A6;
  287F : D4;
  2880 : F0;
  2881 : 03;
  2882 : 4C;
  2883 : 97;
  2884 : E6;
  2885 : C9;
  2886 : 12;
  2887 : D0;
  2888 : 02;
  2889 : 85;
  288A : C7;
  288B : C9;
  288C : 13;
  288D : D0;
  288E : 03;
  288F : 20;
  2890 : 66;
  2891 : E5;
  2892 : C9;
  2893 : 1D;
  2894 : D0;
  2895 : 17;
  2896 : C8;
  2897 : 20;
  2898 : B3;
  2899 : E8;
  289A : 84;
  289B : D3;
  289C : 88;
  289D : C4;
  289E : D5;
  289F : 90;
  28A0 : 09;
  28A1 : C6;
  28A2 : D6;
  28A3 : 20;
  28A4 : 7C;
  28A5 : E8;
  28A6 : A0;
  28A7 : 00;
  28A8 : 84;
  28A9 : D3;
  28AA : 4C;
  28AB : A8;
  28AC : E6;
  28AD : C9;
  28AE : 11;
  28AF : D0;
  28B0 : 1D;
  28B1 : 18;
  28B2 : 98;
  28B3 : 69;
  28B4 : 28;
  28B5 : A8;
  28B6 : E6;
  28B7 : D6;
  28B8 : C5;
  28B9 : D5;
  28BA : 90;
  28BB : EC;
  28BC : F0;
  28BD : EA;
  28BE : C6;
  28BF : D6;
  28C0 : E9;
  28C1 : 28;
  28C2 : 90;
  28C3 : 04;
  28C4 : 85;
  28C5 : D3;
  28C6 : D0;
  28C7 : F8;
  28C8 : 20;
  28C9 : 7C;
  28CA : E8;
  28CB : 4C;
  28CC : A8;
  28CD : E6;
  28CE : 20;
  28CF : CB;
  28D0 : E8;
  28D1 : 4C;
  28D2 : 44;
  28D3 : EC;
  28D4 : 29;
  28D5 : 7F;
  28D6 : C9;
  28D7 : 7F;
  28D8 : D0;
  28D9 : 02;
  28DA : A9;
  28DB : 5E;
  28DC : C9;
  28DD : 20;
  28DE : 90;
  28DF : 03;
  28E0 : 4C;
  28E1 : 91;
  28E2 : E6;
  28E3 : C9;
  28E4 : 0D;
  28E5 : D0;
  28E6 : 03;
  28E7 : 4C;
  28E8 : 91;
  28E9 : E8;
  28EA : A6;
  28EB : D4;
  28EC : D0;
  28ED : 3F;
  28EE : C9;
  28EF : 14;
  28F0 : D0;
  28F1 : 37;
  28F2 : A4;
  28F3 : D5;
  28F4 : B1;
  28F5 : D1;
  28F6 : C9;
  28F7 : 20;
  28F8 : D0;
  28F9 : 04;
  28FA : C4;
  28FB : D3;
  28FC : D0;
  28FD : 07;
  28FE : C0;
  28FF : 4F;
  2900 : F0;
  2901 : 24;
  2902 : 20;
  2903 : 65;
  2904 : E9;
  2905 : A4;
  2906 : D5;
  2907 : 20;
  2908 : 24;
  2909 : EA;
  290A : 88;
  290B : B1;
  290C : D1;
  290D : C8;
  290E : 91;
  290F : D1;
  2910 : 88;
  2911 : B1;
  2912 : F3;
  2913 : C8;
  2914 : 91;
  2915 : F3;
  2916 : 88;
  2917 : C4;
  2918 : D3;
  2919 : D0;
  291A : EF;
  291B : A9;
  291C : 20;
  291D : 91;
  291E : D1;
  291F : AD;
  2920 : 86;
  2921 : 02;
  2922 : 91;
  2923 : F3;
  2924 : E6;
  2925 : D8;
  2926 : 4C;
  2927 : A8;
  2928 : E6;
  2929 : A6;
  292A : D8;
  292B : F0;
  292C : 05;
  292D : 09;
  292E : 40;
  292F : 4C;
  2930 : 97;
  2931 : E6;
  2932 : C9;
  2933 : 11;
  2934 : D0;
  2935 : 16;
  2936 : A6;
  2937 : D6;
  2938 : F0;
  2939 : 37;
  293A : C6;
  293B : D6;
  293C : A5;
  293D : D3;
  293E : 38;
  293F : E9;
  2940 : 28;
  2941 : 90;
  2942 : 04;
  2943 : 85;
  2944 : D3;
  2945 : 10;
  2946 : 2A;
  2947 : 20;
  2948 : 6C;
  2949 : E5;
  294A : D0;
  294B : 25;
  294C : C9;
  294D : 12;
  294E : D0;
  294F : 04;
  2950 : A9;
  2951 : 00;
  2952 : 85;
  2953 : C7;
  2954 : C9;
  2955 : 1D;
  2956 : D0;
  2957 : 12;
  2958 : 98;
  2959 : F0;
  295A : 09;
  295B : 20;
  295C : A1;
  295D : E8;
  295E : 88;
  295F : 84;
  2960 : D3;
  2961 : 4C;
  2962 : A8;
  2963 : E6;
  2964 : 20;
  2965 : 01;
  2966 : E7;
  2967 : 4C;
  2968 : A8;
  2969 : E6;
  296A : C9;
  296B : 13;
  296C : D0;
  296D : 06;
  296E : 20;
  296F : 44;
  2970 : E5;
  2971 : 4C;
  2972 : A8;
  2973 : E6;
  2974 : 09;
  2975 : 80;
  2976 : 20;
  2977 : CB;
  2978 : E8;
  2979 : 4C;
  297A : 4F;
  297B : EC;
  297C : 46;
  297D : C9;
  297E : A6;
  297F : D6;
  2980 : E8;
  2981 : E0;
  2982 : 19;
  2983 : D0;
  2984 : 03;
  2985 : 20;
  2986 : EA;
  2987 : E8;
  2988 : B5;
  2989 : D9;
  298A : 10;
  298B : F4;
  298C : 86;
  298D : D6;
  298E : 4C;
  298F : 6C;
  2990 : E5;
  2991 : A2;
  2992 : 00;
  2993 : 86;
  2994 : D8;
  2995 : 86;
  2996 : C7;
  2997 : 86;
  2998 : D4;
  2999 : 86;
  299A : D3;
  299B : 20;
  299C : 7C;
  299D : E8;
  299E : 4C;
  299F : A8;
  29A0 : E6;
  29A1 : A2;
  29A2 : 02;
  29A3 : A9;
  29A4 : 00;
  29A5 : C5;
  29A6 : D3;
  29A7 : F0;
  29A8 : 07;
  29A9 : 18;
  29AA : 69;
  29AB : 28;
  29AC : CA;
  29AD : D0;
  29AE : F6;
  29AF : 60;
  29B0 : C6;
  29B1 : D6;
  29B2 : 60;
  29B3 : A2;
  29B4 : 02;
  29B5 : A9;
  29B6 : 27;
  29B7 : C5;
  29B8 : D3;
  29B9 : F0;
  29BA : 07;
  29BB : 18;
  29BC : 69;
  29BD : 28;
  29BE : CA;
  29BF : D0;
  29C0 : F6;
  29C1 : 60;
  29C2 : A6;
  29C3 : D6;
  29C4 : E0;
  29C5 : 19;
  29C6 : F0;
  29C7 : 02;
  29C8 : E6;
  29C9 : D6;
  29CA : 60;
  29CB : A2;
  29CC : 0F;
  29CD : DD;
  29CE : DA;
  29CF : E8;
  29D0 : F0;
  29D1 : 04;
  29D2 : CA;
  29D3 : 10;
  29D4 : F8;
  29D5 : 60;
  29D6 : 8E;
  29D7 : 86;
  29D8 : 02;
  29D9 : 60;
  29DA : 90;
  29DB : 05;
  29DC : 1C;
  29DD : 9F;
  29DE : 9C;
  29DF : 1E;
  29E0 : 1F;
  29E1 : 9E;
  29E2 : 81;
  29E3 : 95;
  29E4 : 96;
  29E5 : 97;
  29E6 : 98;
  29E7 : 99;
  29E8 : 9A;
  29E9 : 9B;
  29EA : A5;
  29EB : AC;
  29EC : 48;
  29ED : A5;
  29EE : AD;
  29EF : 48;
  29F0 : A5;
  29F1 : AE;
  29F2 : 48;
  29F3 : A5;
  29F4 : AF;
  29F5 : 48;
  29F6 : A2;
  29F7 : FF;
  29F8 : C6;
  29F9 : D6;
  29FA : C6;
  29FB : C9;
  29FC : CE;
  29FD : A5;
  29FE : 02;
  29FF : E8;
  2A00 : 20;
  2A01 : F0;
  2A02 : E9;
  2A03 : E0;
  2A04 : 18;
  2A05 : B0;
  2A06 : 0C;
  2A07 : BD;
  2A08 : F1;
  2A09 : EC;
  2A0A : 85;
  2A0B : AC;
  2A0C : B5;
  2A0D : DA;
  2A0E : 20;
  2A0F : C8;
  2A10 : E9;
  2A11 : 30;
  2A12 : EC;
  2A13 : 20;
  2A14 : FF;
  2A15 : E9;
  2A16 : A2;
  2A17 : 00;
  2A18 : B5;
  2A19 : D9;
  2A1A : 29;
  2A1B : 7F;
  2A1C : B4;
  2A1D : DA;
  2A1E : 10;
  2A1F : 02;
  2A20 : 09;
  2A21 : 80;
  2A22 : 95;
  2A23 : D9;
  2A24 : E8;
  2A25 : E0;
  2A26 : 18;
  2A27 : D0;
  2A28 : EF;
  2A29 : A5;
  2A2A : F1;
  2A2B : 09;
  2A2C : 80;
  2A2D : 85;
  2A2E : F1;
  2A2F : A5;
  2A30 : D9;
  2A31 : 10;
  2A32 : C3;
  2A33 : E6;
  2A34 : D6;
  2A35 : EE;
  2A36 : A5;
  2A37 : 02;
  2A38 : A9;
  2A39 : 7F;
  2A3A : 8D;
  2A3B : 00;
  2A3C : DC;
  2A3D : AD;
  2A3E : 01;
  2A3F : DC;
  2A40 : C9;
  2A41 : FB;
  2A42 : 08;
  2A43 : A9;
  2A44 : 7F;
  2A45 : 8D;
  2A46 : 00;
  2A47 : DC;
  2A48 : 28;
  2A49 : D0;
  2A4A : 0B;
  2A4B : A0;
  2A4C : 00;
  2A4D : EA;
  2A4E : CA;
  2A4F : D0;
  2A50 : FC;
  2A51 : 88;
  2A52 : D0;
  2A53 : F9;
  2A54 : 84;
  2A55 : C6;
  2A56 : A6;
  2A57 : D6;
  2A58 : 68;
  2A59 : 85;
  2A5A : AF;
  2A5B : 68;
  2A5C : 85;
  2A5D : AE;
  2A5E : 68;
  2A5F : 85;
  2A60 : AD;
  2A61 : 68;
  2A62 : 85;
  2A63 : AC;
  2A64 : 60;
  2A65 : A6;
  2A66 : D6;
  2A67 : E8;
  2A68 : B5;
  2A69 : D9;
  2A6A : 10;
  2A6B : FB;
  2A6C : 8E;
  2A6D : A5;
  2A6E : 02;
  2A6F : E0;
  2A70 : 18;
  2A71 : F0;
  2A72 : 0E;
  2A73 : 90;
  2A74 : 0C;
  2A75 : 20;
  2A76 : EA;
  2A77 : E8;
  2A78 : AE;
  2A79 : A5;
  2A7A : 02;
  2A7B : CA;
  2A7C : C6;
  2A7D : D6;
  2A7E : 4C;
  2A7F : DA;
  2A80 : E6;
  2A81 : A5;
  2A82 : AC;
  2A83 : 48;
  2A84 : A5;
  2A85 : AD;
  2A86 : 48;
  2A87 : A5;
  2A88 : AE;
  2A89 : 48;
  2A8A : A5;
  2A8B : AF;
  2A8C : 48;
  2A8D : A2;
  2A8E : 19;
  2A8F : CA;
  2A90 : 20;
  2A91 : F0;
  2A92 : E9;
  2A93 : EC;
  2A94 : A5;
  2A95 : 02;
  2A96 : 90;
  2A97 : 0E;
  2A98 : F0;
  2A99 : 0C;
  2A9A : BD;
  2A9B : EF;
  2A9C : EC;
  2A9D : 85;
  2A9E : AC;
  2A9F : B5;
  2AA0 : D8;
  2AA1 : 20;
  2AA2 : C8;
  2AA3 : E9;
  2AA4 : 30;
  2AA5 : E9;
  2AA6 : 20;
  2AA7 : FF;
  2AA8 : E9;
  2AA9 : A2;
  2AAA : 17;
  2AAB : EC;
  2AAC : A5;
  2AAD : 02;
  2AAE : 90;
  2AAF : 0F;
  2AB0 : B5;
  2AB1 : DA;
  2AB2 : 29;
  2AB3 : 7F;
  2AB4 : B4;
  2AB5 : D9;
  2AB6 : 10;
  2AB7 : 02;
  2AB8 : 09;
  2AB9 : 80;
  2ABA : 95;
  2ABB : DA;
  2ABC : CA;
  2ABD : D0;
  2ABE : EC;
  2ABF : AE;
  2AC0 : A5;
  2AC1 : 02;
  2AC2 : 20;
  2AC3 : DA;
  2AC4 : E6;
  2AC5 : 4C;
  2AC6 : 58;
  2AC7 : E9;
  2AC8 : 29;
  2AC9 : 03;
  2ACA : 0D;
  2ACB : 88;
  2ACC : 02;
  2ACD : 85;
  2ACE : AD;
  2ACF : 20;
  2AD0 : E0;
  2AD1 : E9;
  2AD2 : A0;
  2AD3 : 27;
  2AD4 : B1;
  2AD5 : AC;
  2AD6 : 91;
  2AD7 : D1;
  2AD8 : B1;
  2AD9 : AE;
  2ADA : 91;
  2ADB : F3;
  2ADC : 88;
  2ADD : 10;
  2ADE : F5;
  2ADF : 60;
  2AE0 : 20;
  2AE1 : 24;
  2AE2 : EA;
  2AE3 : A5;
  2AE4 : AC;
  2AE5 : 85;
  2AE6 : AE;
  2AE7 : A5;
  2AE8 : AD;
  2AE9 : 29;
  2AEA : 03;
  2AEB : 09;
  2AEC : D8;
  2AED : 85;
  2AEE : AF;
  2AEF : 60;
  2AF0 : BD;
  2AF1 : F0;
  2AF2 : EC;
  2AF3 : 85;
  2AF4 : D1;
  2AF5 : B5;
  2AF6 : D9;
  2AF7 : 29;
  2AF8 : 03;
  2AF9 : 0D;
  2AFA : 88;
  2AFB : 02;
  2AFC : 85;
  2AFD : D2;
  2AFE : 60;
  2AFF : A0;
  2B00 : 27;
  2B01 : 20;
  2B02 : F0;
  2B03 : E9;
  2B04 : 20;
  2B05 : 24;
  2B06 : EA;
  2B07 : 20;
  2B08 : DA;
  2B09 : E4;
  2B0A : A9;
  2B0B : 20;
  2B0C : 91;
  2B0D : D1;
  2B0E : 88;
  2B0F : 10;
  2B10 : F6;
  2B11 : 60;
  2B12 : EA;
  2B13 : A8;
  2B14 : A9;
  2B15 : 02;
  2B16 : 85;
  2B17 : CD;
  2B18 : 20;
  2B19 : 24;
  2B1A : EA;
  2B1B : 98;
  2B1C : A4;
  2B1D : D3;
  2B1E : 91;
  2B1F : D1;
  2B20 : 8A;
  2B21 : 91;
  2B22 : F3;
  2B23 : 60;
  2B24 : A5;
  2B25 : D1;
  2B26 : 85;
  2B27 : F3;
  2B28 : A5;
  2B29 : D2;
  2B2A : 29;
  2B2B : 03;
  2B2C : 09;
  2B2D : D8;
  2B2E : 85;
  2B2F : F4;
  2B30 : 60;
  2B31 : 20;
  2B32 : EA;
  2B33 : FF;
  2B34 : A5;
  2B35 : CC;
  2B36 : D0;
  2B37 : 29;
  2B38 : C6;
  2B39 : CD;
  2B3A : D0;
  2B3B : 25;
  2B3C : A9;
  2B3D : 14;
  2B3E : 85;
  2B3F : CD;
  2B40 : A4;
  2B41 : D3;
  2B42 : 46;
  2B43 : CF;
  2B44 : AE;
  2B45 : 87;
  2B46 : 02;
  2B47 : B1;
  2B48 : D1;
  2B49 : B0;
  2B4A : 11;
  2B4B : E6;
  2B4C : CF;
  2B4D : 85;
  2B4E : CE;
  2B4F : 20;
  2B50 : 24;
  2B51 : EA;
  2B52 : B1;
  2B53 : F3;
  2B54 : 8D;
  2B55 : 87;
  2B56 : 02;
  2B57 : AE;
  2B58 : 86;
  2B59 : 02;
  2B5A : A5;
  2B5B : CE;
  2B5C : 49;
  2B5D : 80;
  2B5E : 20;
  2B5F : 1C;
  2B60 : EA;
  2B61 : A5;
  2B62 : 01;
  2B63 : 29;
  2B64 : 10;
  2B65 : F0;
  2B66 : 0A;
  2B67 : A0;
  2B68 : 00;
  2B69 : 84;
  2B6A : C0;
  2B6B : A5;
  2B6C : 01;
  2B6D : 09;
  2B6E : 20;
  2B6F : D0;
  2B70 : 08;
  2B71 : A5;
  2B72 : C0;
  2B73 : D0;
  2B74 : 06;
  2B75 : A5;
  2B76 : 01;
  2B77 : 29;
  2B78 : 1F;
  2B79 : 85;
  2B7A : 01;
  2B7B : 20;
  2B7C : 87;
  2B7D : EA;
  2B7E : AD;
  2B7F : 0D;
  2B80 : DC;
  2B81 : 68;
  2B82 : A8;
  2B83 : 68;
  2B84 : AA;
  2B85 : 68;
  2B86 : 40;
  2B87 : A9;
  2B88 : 00;
  2B89 : 8D;
  2B8A : 8D;
  2B8B : 02;
  2B8C : A0;
  2B8D : 40;
  2B8E : 84;
  2B8F : CB;
  2B90 : 8D;
  2B91 : 00;
  2B92 : DC;
  2B93 : AE;
  2B94 : 01;
  2B95 : DC;
  2B96 : E0;
  2B97 : FF;
  2B98 : F0;
  2B99 : 5A;
  2B9A : A8;
  2B9B : A9;
  2B9C : 81;
  2B9D : 85;
  2B9E : F5;
  2B9F : A9;
  2BA0 : EB;
  2BA1 : 85;
  2BA2 : F6;
  2BA3 : A9;
  2BA4 : FE;
  2BA5 : 8D;
  2BA6 : 00;
  2BA7 : DC;
  2BA8 : A2;
  2BA9 : 08;
  2BAA : 48;
  2BAB : AD;
  2BAC : 01;
  2BAD : DC;
  2BAE : CD;
  2BAF : 01;
  2BB0 : DC;
  2BB1 : D0;
  2BB2 : F8;
  2BB3 : 4A;
  2BB4 : B0;
  2BB5 : 16;
  2BB6 : 48;
  2BB7 : B1;
  2BB8 : F5;
  2BB9 : C9;
  2BBA : 05;
  2BBB : B0;
  2BBC : 0C;
  2BBD : C9;
  2BBE : 03;
  2BBF : F0;
  2BC0 : 08;
  2BC1 : 0D;
  2BC2 : 8D;
  2BC3 : 02;
  2BC4 : 8D;
  2BC5 : 8D;
  2BC6 : 02;
  2BC7 : 10;
  2BC8 : 02;
  2BC9 : 84;
  2BCA : CB;
  2BCB : 68;
  2BCC : C8;
  2BCD : C0;
  2BCE : 41;
  2BCF : B0;
  2BD0 : 0B;
  2BD1 : CA;
  2BD2 : D0;
  2BD3 : DF;
  2BD4 : 38;
  2BD5 : 68;
  2BD6 : 2A;
  2BD7 : 8D;
  2BD8 : 00;
  2BD9 : DC;
  2BDA : D0;
  2BDB : CC;
  2BDC : 68;
  2BDD : 6C;
  2BDE : 8F;
  2BDF : 02;
  2BE0 : A4;
  2BE1 : CB;
  2BE2 : B1;
  2BE3 : F5;
  2BE4 : AA;
  2BE5 : C4;
  2BE6 : C5;
  2BE7 : F0;
  2BE8 : 07;
  2BE9 : A0;
  2BEA : 10;
  2BEB : 8C;
  2BEC : 8C;
  2BED : 02;
  2BEE : D0;
  2BEF : 36;
  2BF0 : 29;
  2BF1 : 7F;
  2BF2 : C9;
  2BF3 : 7F;
  2BF4 : F0;
  2BF5 : 30;
  2BF6 : 2C;
  2BF7 : 8A;
  2BF8 : 02;
  2BF9 : 30;
  2BFA : 12;
  2BFB : 70;
  2BFC : 45;
  2BFD : C9;
  2BFE : 14;
  2BFF : F0;
  2C00 : 0C;
  2C01 : C9;
  2C02 : 20;
  2C03 : F0;
  2C04 : 08;
  2C05 : C9;
  2C06 : 1D;
  2C07 : F0;
  2C08 : 04;
  2C09 : C9;
  2C0A : 11;
  2C0B : D0;
  2C0C : 35;
  2C0D : AC;
  2C0E : 8C;
  2C0F : 02;
  2C10 : F0;
  2C11 : 05;
  2C12 : CE;
  2C13 : 8C;
  2C14 : 02;
  2C15 : D0;
  2C16 : 2B;
  2C17 : CE;
  2C18 : 8B;
  2C19 : 02;
  2C1A : D0;
  2C1B : 26;
  2C1C : A0;
  2C1D : 04;
  2C1E : 8C;
  2C1F : 8B;
  2C20 : 02;
  2C21 : A4;
  2C22 : C6;
  2C23 : 88;
  2C24 : 10;
  2C25 : 1C;
  2C26 : A4;
  2C27 : CB;
  2C28 : 84;
  2C29 : C5;
  2C2A : AC;
  2C2B : 8D;
  2C2C : 02;
  2C2D : 8C;
  2C2E : 8E;
  2C2F : 02;
  2C30 : E0;
  2C31 : FF;
  2C32 : F0;
  2C33 : 0E;
  2C34 : 8A;
  2C35 : A6;
  2C36 : C6;
  2C37 : EC;
  2C38 : 89;
  2C39 : 02;
  2C3A : B0;
  2C3B : 06;
  2C3C : 9D;
  2C3D : 77;
  2C3E : 02;
  2C3F : E8;
  2C40 : 86;
  2C41 : C6;
  2C42 : A9;
  2C43 : 7F;
  2C44 : 8D;
  2C45 : 00;
  2C46 : DC;
  2C47 : 60;
  2C48 : AD;
  2C49 : 8D;
  2C4A : 02;
  2C4B : C9;
  2C4C : 03;
  2C4D : D0;
  2C4E : 15;
  2C4F : CD;
  2C50 : 8E;
  2C51 : 02;
  2C52 : F0;
  2C53 : EE;
  2C54 : AD;
  2C55 : 91;
  2C56 : 02;
  2C57 : 30;
  2C58 : 1D;
  2C59 : AD;
  2C5A : 18;
  2C5B : D0;
  2C5C : 49;
  2C5D : 02;
  2C5E : 8D;
  2C5F : 18;
  2C60 : D0;
  2C61 : 4C;
  2C62 : 76;
  2C63 : EB;
  2C64 : 0A;
  2C65 : C9;
  2C66 : 08;
  2C67 : 90;
  2C68 : 02;
  2C69 : A9;
  2C6A : 06;
  2C6B : AA;
  2C6C : BD;
  2C6D : 79;
  2C6E : EB;
  2C6F : 85;
  2C70 : F5;
  2C71 : BD;
  2C72 : 7A;
  2C73 : EB;
  2C74 : 85;
  2C75 : F6;
  2C76 : 4C;
  2C77 : E0;
  2C78 : EA;
  2C79 : 81;
  2C7A : EB;
  2C7B : C2;
  2C7C : EB;
  2C7D : 03;
  2C7E : EC;
  2C7F : 78;
  2C80 : EC;
  2C81 : 14;
  2C82 : 0D;
  2C83 : 1D;
  2C84 : 88;
  2C85 : 85;
  2C86 : 86;
  2C87 : 87;
  2C88 : 11;
  2C89 : 33;
  2C8A : 57;
  2C8B : 41;
  2C8C : 34;
  2C8D : 5A;
  2C8E : 53;
  2C8F : 45;
  2C90 : 01;
  2C91 : 35;
  2C92 : 52;
  2C93 : 44;
  2C94 : 36;
  2C95 : 43;
  2C96 : 46;
  2C97 : 54;
  2C98 : 58;
  2C99 : 37;
  2C9A : 59;
  2C9B : 47;
  2C9C : 38;
  2C9D : 42;
  2C9E : 48;
  2C9F : 55;
  2CA0 : 56;
  2CA1 : 39;
  2CA2 : 49;
  2CA3 : 4A;
  2CA4 : 30;
  2CA5 : 4D;
  2CA6 : 4B;
  2CA7 : 4F;
  2CA8 : 4E;
  2CA9 : 2B;
  2CAA : 50;
  2CAB : 4C;
  2CAC : 2D;
  2CAD : 2E;
  2CAE : 3A;
  2CAF : 40;
  2CB0 : 2C;
  2CB1 : 5C;
  2CB2 : 2A;
  2CB3 : 3B;
  2CB4 : 13;
  2CB5 : 01;
  2CB6 : 3D;
  2CB7 : 5E;
  2CB8 : 2F;
  2CB9 : 31;
  2CBA : 5F;
  2CBB : 04;
  2CBC : 32;
  2CBD : 20;
  2CBE : 02;
  2CBF : 51;
  2CC0 : 03;
  2CC1 : FF;
  2CC2 : 94;
  2CC3 : 8D;
  2CC4 : 9D;
  2CC5 : 8C;
  2CC6 : 89;
  2CC7 : 8A;
  2CC8 : 8B;
  2CC9 : 91;
  2CCA : 23;
  2CCB : D7;
  2CCC : C1;
  2CCD : 24;
  2CCE : DA;
  2CCF : D3;
  2CD0 : C5;
  2CD1 : 01;
  2CD2 : 25;
  2CD3 : D2;
  2CD4 : C4;
  2CD5 : 26;
  2CD6 : C3;
  2CD7 : C6;
  2CD8 : D4;
  2CD9 : D8;
  2CDA : 27;
  2CDB : D9;
  2CDC : C7;
  2CDD : 28;
  2CDE : C2;
  2CDF : C8;
  2CE0 : D5;
  2CE1 : D6;
  2CE2 : 29;
  2CE3 : C9;
  2CE4 : CA;
  2CE5 : 30;
  2CE6 : CD;
  2CE7 : CB;
  2CE8 : CF;
  2CE9 : CE;
  2CEA : DB;
  2CEB : D0;
  2CEC : CC;
  2CED : DD;
  2CEE : 3E;
  2CEF : 5B;
  2CF0 : BA;
  2CF1 : 3C;
  2CF2 : A9;
  2CF3 : C0;
  2CF4 : 5D;
  2CF5 : 93;
  2CF6 : 01;
  2CF7 : 3D;
  2CF8 : DE;
  2CF9 : 3F;
  2CFA : 21;
  2CFB : 5F;
  2CFC : 04;
  2CFD : 22;
  2CFE : A0;
  2CFF : 02;
  2D00 : D1;
  2D01 : 83;
  2D02 : FF;
  2D03 : 94;
  2D04 : 8D;
  2D05 : 9D;
  2D06 : 8C;
  2D07 : 89;
  2D08 : 8A;
  2D09 : 8B;
  2D0A : 91;
  2D0B : 96;
  2D0C : B3;
  2D0D : B0;
  2D0E : 97;
  2D0F : AD;
  2D10 : AE;
  2D11 : B1;
  2D12 : 01;
  2D13 : 98;
  2D14 : B2;
  2D15 : AC;
  2D16 : 99;
  2D17 : BC;
  2D18 : BB;
  2D19 : A3;
  2D1A : BD;
  2D1B : 9A;
  2D1C : B7;
  2D1D : A5;
  2D1E : 9B;
  2D1F : BF;
  2D20 : B4;
  2D21 : B8;
  2D22 : BE;
  2D23 : 29;
  2D24 : A2;
  2D25 : B5;
  2D26 : 30;
  2D27 : A7;
  2D28 : A1;
  2D29 : B9;
  2D2A : AA;
  2D2B : A6;
  2D2C : AF;
  2D2D : B6;
  2D2E : DC;
  2D2F : 3E;
  2D30 : 5B;
  2D31 : A4;
  2D32 : 3C;
  2D33 : A8;
  2D34 : DF;
  2D35 : 5D;
  2D36 : 93;
  2D37 : 01;
  2D38 : 3D;
  2D39 : DE;
  2D3A : 3F;
  2D3B : 81;
  2D3C : 5F;
  2D3D : 04;
  2D3E : 95;
  2D3F : A0;
  2D40 : 02;
  2D41 : AB;
  2D42 : 83;
  2D43 : FF;
  2D44 : C9;
  2D45 : 0E;
  2D46 : D0;
  2D47 : 07;
  2D48 : AD;
  2D49 : 18;
  2D4A : D0;
  2D4B : 09;
  2D4C : 02;
  2D4D : D0;
  2D4E : 09;
  2D4F : C9;
  2D50 : 8E;
  2D51 : D0;
  2D52 : 0B;
  2D53 : AD;
  2D54 : 18;
  2D55 : D0;
  2D56 : 29;
  2D57 : FD;
  2D58 : 8D;
  2D59 : 18;
  2D5A : D0;
  2D5B : 4C;
  2D5C : A8;
  2D5D : E6;
  2D5E : C9;
  2D5F : 08;
  2D60 : D0;
  2D61 : 07;
  2D62 : A9;
  2D63 : 80;
  2D64 : 0D;
  2D65 : 91;
  2D66 : 02;
  2D67 : 30;
  2D68 : 09;
  2D69 : C9;
  2D6A : 09;
  2D6B : D0;
  2D6C : EE;
  2D6D : A9;
  2D6E : 7F;
  2D6F : 2D;
  2D70 : 91;
  2D71 : 02;
  2D72 : 8D;
  2D73 : 91;
  2D74 : 02;
  2D75 : 4C;
  2D76 : A8;
  2D77 : E6;
  2D78 : FF;
  2D79 : FF;
  2D7A : FF;
  2D7B : FF;
  2D7C : FF;
  2D7D : FF;
  2D7E : FF;
  2D7F : FF;
  2D80 : 1C;
  2D81 : 17;
  2D82 : 01;
  2D83 : 9F;
  2D84 : 1A;
  2D85 : 13;
  2D86 : 05;
  2D87 : FF;
  2D88 : 9C;
  2D89 : 12;
  2D8A : 04;
  2D8B : 1E;
  2D8C : 03;
  2D8D : 06;
  2D8E : 14;
  2D8F : 18;
  2D90 : 1F;
  2D91 : 19;
  2D92 : 07;
  2D93 : 9E;
  2D94 : 02;
  2D95 : 08;
  2D96 : 15;
  2D97 : 16;
  2D98 : 12;
  2D99 : 09;
  2D9A : 0A;
  2D9B : 92;
  2D9C : 0D;
  2D9D : 0B;
  2D9E : 0F;
  2D9F : 0E;
  2DA0 : FF;
  2DA1 : 10;
  2DA2 : 0C;
  2DA3 : FF;
  2DA4 : FF;
  2DA5 : 1B;
  2DA6 : 00;
  2DA7 : FF;
  2DA8 : 1C;
  2DA9 : FF;
  2DAA : 1D;
  2DAB : FF;
  2DAC : FF;
  2DAD : 1F;
  2DAE : 1E;
  2DAF : FF;
  2DB0 : 90;
  2DB1 : 06;
  2DB2 : FF;
  2DB3 : 05;
  2DB4 : FF;
  2DB5 : FF;
  2DB6 : 11;
  2DB7 : FF;
  2DB8 : FF;
  2DB9 : 00;
  2DBA : 00;
  2DBB : 00;
  2DBC : 00;
  2DBD : 00;
  2DBE : 00;
  2DBF : 00;
  2DC0 : 00;
  2DC1 : 00;
  2DC2 : 00;
  2DC3 : 00;
  2DC4 : 00;
  2DC5 : 00;
  2DC6 : 00;
  2DC7 : 00;
  2DC8 : 00;
  2DC9 : 00;
  2DCA : 9B;
  2DCB : 37;
  2DCC : 00;
  2DCD : 00;
  2DCE : 00;
  2DCF : 08;
  2DD0 : 00;
  2DD1 : 14;
  2DD2 : 0F;
  2DD3 : 00;
  2DD4 : 00;
  2DD5 : 00;
  2DD6 : 00;
  2DD7 : 00;
  2DD8 : 00;
  2DD9 : 0E;
  2DDA : 06;
  2DDB : 01;
  2DDC : 02;
  2DDD : 03;
  2DDE : 04;
  2DDF : 00;
  2DE0 : 01;
  2DE1 : 02;
  2DE2 : 03;
  2DE3 : 04;
  2DE4 : 05;
  2DE5 : 06;
  2DE6 : 07;
  2DE7 : 4C;
  2DE8 : 4F;
  2DE9 : 41;
  2DEA : 44;
  2DEB : 0D;
  2DEC : 52;
  2DED : 55;
  2DEE : 4E;
  2DEF : 0D;
  2DF0 : 00;
  2DF1 : 28;
  2DF2 : 50;
  2DF3 : 78;
  2DF4 : A0;
  2DF5 : C8;
  2DF6 : F0;
  2DF7 : 18;
  2DF8 : 40;
  2DF9 : 68;
  2DFA : 90;
  2DFB : B8;
  2DFC : E0;
  2DFD : 08;
  2DFE : 30;
  2DFF : 58;
  2E00 : 80;
  2E01 : A8;
  2E02 : D0;
  2E03 : F8;
  2E04 : 20;
  2E05 : 48;
  2E06 : 70;
  2E07 : 98;
  2E08 : C0;
  2E09 : 09;
  2E0A : 40;
  2E0B : 2C;
  2E0C : 09;
  2E0D : 20;
  2E0E : 20;
  2E0F : A4;
  2E10 : F0;
  2E11 : 48;
  2E12 : 24;
  2E13 : 94;
  2E14 : 10;
  2E15 : 0A;
  2E16 : 38;
  2E17 : 66;
  2E18 : A3;
  2E19 : 20;
  2E1A : 40;
  2E1B : ED;
  2E1C : 46;
  2E1D : 94;
  2E1E : 46;
  2E1F : A3;
  2E20 : 68;
  2E21 : 85;
  2E22 : 95;
  2E23 : 78;
  2E24 : 20;
  2E25 : 97;
  2E26 : EE;
  2E27 : C9;
  2E28 : 3F;
  2E29 : D0;
  2E2A : 03;
  2E2B : 20;
  2E2C : 85;
  2E2D : EE;
  2E2E : AD;
  2E2F : 00;
  2E30 : DD;
  2E31 : 09;
  2E32 : 08;
  2E33 : 8D;
  2E34 : 00;
  2E35 : DD;
  2E36 : 78;
  2E37 : 20;
  2E38 : 8E;
  2E39 : EE;
  2E3A : 20;
  2E3B : A4;
  2E3C : F3;
  2E3D : 20;
  2E3E : B3;
  2E3F : EE;
  2E40 : 78;
  2E41 : 20;
  2E42 : 97;
  2E43 : EE;
  2E44 : 20;
  2E45 : AA;
  2E46 : F3;
  2E47 : B0;
  2E48 : 64;
  2E49 : 20;
  2E4A : 85;
  2E4B : EE;
  2E4C : 24;
  2E4D : A3;
  2E4E : 10;
  2E4F : 0A;
  2E50 : 20;
  2E51 : A9;
  2E52 : EE;
  2E53 : 90;
  2E54 : FB;
  2E55 : 20;
  2E56 : A9;
  2E57 : EE;
  2E58 : B0;
  2E59 : FB;
  2E5A : 20;
  2E5B : A9;
  2E5C : EE;
  2E5D : 90;
  2E5E : FB;
  2E5F : 20;
  2E60 : 8E;
  2E61 : EE;
  2E62 : A9;
  2E63 : 08;
  2E64 : 85;
  2E65 : A5;
  2E66 : AD;
  2E67 : 00;
  2E68 : DD;
  2E69 : CD;
  2E6A : 00;
  2E6B : DD;
  2E6C : D0;
  2E6D : F8;
  2E6E : 0A;
  2E6F : 90;
  2E70 : 3F;
  2E71 : 66;
  2E72 : 95;
  2E73 : B0;
  2E74 : 05;
  2E75 : 20;
  2E76 : A0;
  2E77 : EE;
  2E78 : D0;
  2E79 : 03;
  2E7A : 20;
  2E7B : 97;
  2E7C : EE;
  2E7D : 20;
  2E7E : 85;
  2E7F : EE;
  2E80 : EA;
  2E81 : EA;
  2E82 : EA;
  2E83 : EA;
  2E84 : AD;
  2E85 : 00;
  2E86 : DD;
  2E87 : 29;
  2E88 : DF;
  2E89 : 09;
  2E8A : 10;
  2E8B : 8D;
  2E8C : 00;
  2E8D : DD;
  2E8E : C6;
  2E8F : A5;
  2E90 : D0;
  2E91 : D4;
  2E92 : A9;
  2E93 : 04;
  2E94 : 8D;
  2E95 : 07;
  2E96 : DC;
  2E97 : A9;
  2E98 : 19;
  2E99 : 8D;
  2E9A : 0F;
  2E9B : DC;
  2E9C : AD;
  2E9D : 0D;
  2E9E : DC;
  2E9F : AD;
  2EA0 : 0D;
  2EA1 : DC;
  2EA2 : 29;
  2EA3 : 02;
  2EA4 : D0;
  2EA5 : 0A;
  2EA6 : 20;
  2EA7 : A9;
  2EA8 : EE;
  2EA9 : B0;
  2EAA : F4;
  2EAB : 58;
  2EAC : 60;
  2EAD : A9;
  2EAE : 80;
  2EAF : 2C;
  2EB0 : A9;
  2EB1 : 03;
  2EB2 : 20;
  2EB3 : 1C;
  2EB4 : FE;
  2EB5 : 58;
  2EB6 : 18;
  2EB7 : 90;
  2EB8 : 4A;
  2EB9 : 85;
  2EBA : 95;
  2EBB : 20;
  2EBC : 36;
  2EBD : ED;
  2EBE : AD;
  2EBF : 00;
  2EC0 : DD;
  2EC1 : 29;
  2EC2 : F7;
  2EC3 : 8D;
  2EC4 : 00;
  2EC5 : DD;
  2EC6 : 60;
  2EC7 : 85;
  2EC8 : 95;
  2EC9 : 20;
  2ECA : 36;
  2ECB : ED;
  2ECC : 78;
  2ECD : 20;
  2ECE : A0;
  2ECF : EE;
  2ED0 : 20;
  2ED1 : BE;
  2ED2 : ED;
  2ED3 : 20;
  2ED4 : 85;
  2ED5 : EE;
  2ED6 : 20;
  2ED7 : A9;
  2ED8 : EE;
  2ED9 : 30;
  2EDA : FB;
  2EDB : 58;
  2EDC : 60;
  2EDD : 24;
  2EDE : 94;
  2EDF : 30;
  2EE0 : 05;
  2EE1 : 38;
  2EE2 : 66;
  2EE3 : 94;
  2EE4 : D0;
  2EE5 : 05;
  2EE6 : 48;
  2EE7 : 20;
  2EE8 : 40;
  2EE9 : ED;
  2EEA : 68;
  2EEB : 85;
  2EEC : 95;
  2EED : 18;
  2EEE : 60;
  2EEF : 78;
  2EF0 : 20;
  2EF1 : 8E;
  2EF2 : EE;
  2EF3 : AD;
  2EF4 : 00;
  2EF5 : DD;
  2EF6 : 09;
  2EF7 : 08;
  2EF8 : 8D;
  2EF9 : 00;
  2EFA : DD;
  2EFB : A9;
  2EFC : 5F;
  2EFD : 2C;
  2EFE : A9;
  2EFF : 3F;
  2F00 : 20;
  2F01 : 11;
  2F02 : ED;
  2F03 : 20;
  2F04 : BE;
  2F05 : ED;
  2F06 : 20;
  2F07 : B0;
  2F08 : F3;
  2F09 : CA;
  2F0A : D0;
  2F0B : FD;
  2F0C : AA;
  2F0D : 20;
  2F0E : 85;
  2F0F : EE;
  2F10 : 4C;
  2F11 : B7;
  2F12 : F3;
  2F13 : 78;
  2F14 : A9;
  2F15 : 00;
  2F16 : 85;
  2F17 : A5;
  2F18 : 20;
  2F19 : BD;
  2F1A : F3;
  2F1B : 20;
  2F1C : A9;
  2F1D : EE;
  2F1E : 10;
  2F1F : FB;
  2F20 : A9;
  2F21 : 01;
  2F22 : 8D;
  2F23 : 07;
  2F24 : DC;
  2F25 : A9;
  2F26 : 19;
  2F27 : 8D;
  2F28 : 0F;
  2F29 : DC;
  2F2A : 20;
  2F2B : 97;
  2F2C : EE;
  2F2D : AD;
  2F2E : 0D;
  2F2F : DC;
  2F30 : AD;
  2F31 : 0D;
  2F32 : DC;
  2F33 : 29;
  2F34 : 02;
  2F35 : D0;
  2F36 : 07;
  2F37 : 20;
  2F38 : A9;
  2F39 : EE;
  2F3A : 30;
  2F3B : F4;
  2F3C : 10;
  2F3D : 18;
  2F3E : A5;
  2F3F : A5;
  2F40 : F0;
  2F41 : 05;
  2F42 : A9;
  2F43 : 02;
  2F44 : 4C;
  2F45 : B2;
  2F46 : ED;
  2F47 : 20;
  2F48 : A0;
  2F49 : EE;
  2F4A : 20;
  2F4B : 85;
  2F4C : EE;
  2F4D : A9;
  2F4E : 40;
  2F4F : 20;
  2F50 : 1C;
  2F51 : FE;
  2F52 : E6;
  2F53 : A5;
  2F54 : D0;
  2F55 : CA;
  2F56 : A9;
  2F57 : 08;
  2F58 : 85;
  2F59 : A5;
  2F5A : AD;
  2F5B : 00;
  2F5C : DD;
  2F5D : CD;
  2F5E : 00;
  2F5F : DD;
  2F60 : D0;
  2F61 : F8;
  2F62 : 0A;
  2F63 : 10;
  2F64 : F5;
  2F65 : 66;
  2F66 : A4;
  2F67 : AD;
  2F68 : 00;
  2F69 : DD;
  2F6A : CD;
  2F6B : 00;
  2F6C : DD;
  2F6D : D0;
  2F6E : F8;
  2F6F : 0A;
  2F70 : 30;
  2F71 : F5;
  2F72 : C6;
  2F73 : A5;
  2F74 : D0;
  2F75 : E4;
  2F76 : 20;
  2F77 : C3;
  2F78 : F3;
  2F79 : 24;
  2F7A : 90;
  2F7B : 50;
  2F7C : 03;
  2F7D : 20;
  2F7E : 06;
  2F7F : EE;
  2F80 : A5;
  2F81 : A4;
  2F82 : 58;
  2F83 : 18;
  2F84 : 60;
  2F85 : AD;
  2F86 : 00;
  2F87 : DD;
  2F88 : 29;
  2F89 : EF;
  2F8A : 8D;
  2F8B : 00;
  2F8C : DD;
  2F8D : 60;
  2F8E : AD;
  2F8F : 00;
  2F90 : DD;
  2F91 : 09;
  2F92 : 10;
  2F93 : 8D;
  2F94 : 00;
  2F95 : DD;
  2F96 : 60;
  2F97 : AD;
  2F98 : 00;
  2F99 : DD;
  2F9A : 29;
  2F9B : DF;
  2F9C : 8D;
  2F9D : 00;
  2F9E : DD;
  2F9F : 60;
  2FA0 : AD;
  2FA1 : 00;
  2FA2 : DD;
  2FA3 : 09;
  2FA4 : 20;
  2FA5 : 8D;
  2FA6 : 00;
  2FA7 : DD;
  2FA8 : 60;
  2FA9 : AD;
  2FAA : 00;
  2FAB : DD;
  2FAC : CD;
  2FAD : 00;
  2FAE : DD;
  2FAF : D0;
  2FB0 : F8;
  2FB1 : 0A;
  2FB2 : 60;
  2FB3 : 8A;
  2FB4 : A2;
  2FB5 : B8;
  2FB6 : CA;
  2FB7 : D0;
  2FB8 : FD;
  2FB9 : AA;
  2FBA : 60;
  2FBB : A5;
  2FBC : B4;
  2FBD : F0;
  2FBE : 47;
  2FBF : 30;
  2FC0 : 3F;
  2FC1 : 46;
  2FC2 : B6;
  2FC3 : A2;
  2FC4 : 00;
  2FC5 : 90;
  2FC6 : 01;
  2FC7 : CA;
  2FC8 : 8A;
  2FC9 : 45;
  2FCA : BD;
  2FCB : 85;
  2FCC : BD;
  2FCD : C6;
  2FCE : B4;
  2FCF : F0;
  2FD0 : 06;
  2FD1 : 8A;
  2FD2 : 29;
  2FD3 : 04;
  2FD4 : 85;
  2FD5 : B5;
  2FD6 : 60;
  2FD7 : A9;
  2FD8 : 20;
  2FD9 : 2C;
  2FDA : 94;
  2FDB : 02;
  2FDC : F0;
  2FDD : 14;
  2FDE : 30;
  2FDF : 1C;
  2FE0 : 70;
  2FE1 : 14;
  2FE2 : A5;
  2FE3 : BD;
  2FE4 : D0;
  2FE5 : 01;
  2FE6 : CA;
  2FE7 : C6;
  2FE8 : B4;
  2FE9 : AD;
  2FEA : 93;
  2FEB : 02;
  2FEC : 10;
  2FED : E3;
  2FEE : C6;
  2FEF : B4;
  2FF0 : D0;
  2FF1 : DF;
  2FF2 : E6;
  2FF3 : B4;
  2FF4 : D0;
  2FF5 : F0;
  2FF6 : A5;
  2FF7 : BD;
  2FF8 : F0;
  2FF9 : ED;
  2FFA : D0;
  2FFB : EA;
  2FFC : 70;
  2FFD : E9;
  2FFE : 50;
  2FFF : E6;
  3000 : E6;
  3001 : B4;
  3002 : A2;
  3003 : FF;
  3004 : D0;
  3005 : CB;
  3006 : AD;
  3007 : 94;
  3008 : 02;
  3009 : 4A;
  300A : 90;
  300B : 07;
  300C : 2C;
  300D : 01;
  300E : DD;
  300F : 10;
  3010 : 1D;
  3011 : 50;
  3012 : 1E;
  3013 : A9;
  3014 : 00;
  3015 : 85;
  3016 : BD;
  3017 : 85;
  3018 : B5;
  3019 : AE;
  301A : 98;
  301B : 02;
  301C : 86;
  301D : B4;
  301E : AC;
  301F : 9D;
  3020 : 02;
  3021 : CC;
  3022 : 9E;
  3023 : 02;
  3024 : F0;
  3025 : 13;
  3026 : B1;
  3027 : F9;
  3028 : 85;
  3029 : B6;
  302A : EE;
  302B : 9D;
  302C : 02;
  302D : 60;
  302E : A9;
  302F : 40;
  3030 : 2C;
  3031 : A9;
  3032 : 10;
  3033 : 0D;
  3034 : 97;
  3035 : 02;
  3036 : 8D;
  3037 : 97;
  3038 : 02;
  3039 : A9;
  303A : 01;
  303B : 8D;
  303C : 0D;
  303D : DD;
  303E : 4D;
  303F : A1;
  3040 : 02;
  3041 : 09;
  3042 : 80;
  3043 : 8D;
  3044 : A1;
  3045 : 02;
  3046 : 8D;
  3047 : 0D;
  3048 : DD;
  3049 : 60;
  304A : A2;
  304B : 09;
  304C : A9;
  304D : 20;
  304E : 2C;
  304F : 93;
  3050 : 02;
  3051 : F0;
  3052 : 01;
  3053 : CA;
  3054 : 50;
  3055 : 02;
  3056 : CA;
  3057 : CA;
  3058 : 60;
  3059 : A6;
  305A : A9;
  305B : D0;
  305C : 33;
  305D : C6;
  305E : A8;
  305F : F0;
  3060 : 36;
  3061 : 30;
  3062 : 0D;
  3063 : A5;
  3064 : A7;
  3065 : 45;
  3066 : AB;
  3067 : 85;
  3068 : AB;
  3069 : 46;
  306A : A7;
  306B : 66;
  306C : AA;
  306D : 60;
  306E : C6;
  306F : A8;
  3070 : A5;
  3071 : A7;
  3072 : F0;
  3073 : 67;
  3074 : AD;
  3075 : 93;
  3076 : 02;
  3077 : 0A;
  3078 : A9;
  3079 : 01;
  307A : 65;
  307B : A8;
  307C : D0;
  307D : EF;
  307E : A9;
  307F : 90;
  3080 : 8D;
  3081 : 0D;
  3082 : DD;
  3083 : 0D;
  3084 : A1;
  3085 : 02;
  3086 : 8D;
  3087 : A1;
  3088 : 02;
  3089 : 85;
  308A : A9;
  308B : A9;
  308C : 02;
  308D : 4C;
  308E : 3B;
  308F : EF;
  3090 : A5;
  3091 : A7;
  3092 : D0;
  3093 : EA;
  3094 : 4C;
  3095 : D3;
  3096 : E4;
  3097 : AC;
  3098 : 9B;
  3099 : 02;
  309A : C8;
  309B : CC;
  309C : 9C;
  309D : 02;
  309E : F0;
  309F : 2A;
  30A0 : 8C;
  30A1 : 9B;
  30A2 : 02;
  30A3 : 88;
  30A4 : A5;
  30A5 : AA;
  30A6 : AE;
  30A7 : 98;
  30A8 : 02;
  30A9 : E0;
  30AA : 09;
  30AB : F0;
  30AC : 04;
  30AD : 4A;
  30AE : E8;
  30AF : D0;
  30B0 : F8;
  30B1 : 91;
  30B2 : F7;
  30B3 : A9;
  30B4 : 20;
  30B5 : 2C;
  30B6 : 94;
  30B7 : 02;
  30B8 : F0;
  30B9 : B4;
  30BA : 30;
  30BB : B1;
  30BC : A5;
  30BD : A7;
  30BE : 45;
  30BF : AB;
  30C0 : F0;
  30C1 : 03;
  30C2 : 70;
  30C3 : A9;
  30C4 : 2C;
  30C5 : 50;
  30C6 : A6;
  30C7 : A9;
  30C8 : 01;
  30C9 : 2C;
  30CA : A9;
  30CB : 04;
  30CC : 2C;
  30CD : A9;
  30CE : 80;
  30CF : 2C;
  30D0 : A9;
  30D1 : 02;
  30D2 : 0D;
  30D3 : 97;
  30D4 : 02;
  30D5 : 8D;
  30D6 : 97;
  30D7 : 02;
  30D8 : 4C;
  30D9 : 7E;
  30DA : EF;
  30DB : A5;
  30DC : AA;
  30DD : D0;
  30DE : F1;
  30DF : F0;
  30E0 : EC;
  30E1 : 85;
  30E2 : 9A;
  30E3 : AD;
  30E4 : 94;
  30E5 : 02;
  30E6 : 4A;
  30E7 : 90;
  30E8 : 29;
  30E9 : A9;
  30EA : 02;
  30EB : 2C;
  30EC : 01;
  30ED : DD;
  30EE : 10;
  30EF : 1D;
  30F0 : D0;
  30F1 : 20;
  30F2 : AD;
  30F3 : A1;
  30F4 : 02;
  30F5 : 29;
  30F6 : 02;
  30F7 : D0;
  30F8 : F9;
  30F9 : 2C;
  30FA : 01;
  30FB : DD;
  30FC : 70;
  30FD : FB;
  30FE : AD;
  30FF : 01;
  3100 : DD;
  3101 : 09;
  3102 : 02;
  3103 : 8D;
  3104 : 01;
  3105 : DD;
  3106 : 2C;
  3107 : 01;
  3108 : DD;
  3109 : 70;
  310A : 07;
  310B : 30;
  310C : F9;
  310D : A9;
  310E : 40;
  310F : 8D;
  3110 : 97;
  3111 : 02;
  3112 : 18;
  3113 : 60;
  3114 : 20;
  3115 : 28;
  3116 : F0;
  3117 : AC;
  3118 : 9E;
  3119 : 02;
  311A : C8;
  311B : CC;
  311C : 9D;
  311D : 02;
  311E : F0;
  311F : F4;
  3120 : 8C;
  3121 : 9E;
  3122 : 02;
  3123 : 88;
  3124 : A5;
  3125 : 9E;
  3126 : 91;
  3127 : F9;
  3128 : AD;
  3129 : A1;
  312A : 02;
  312B : 4A;
  312C : B0;
  312D : 1E;
  312E : A9;
  312F : 10;
  3130 : 8D;
  3131 : 0E;
  3132 : DD;
  3133 : AD;
  3134 : 99;
  3135 : 02;
  3136 : 8D;
  3137 : 04;
  3138 : DD;
  3139 : AD;
  313A : 9A;
  313B : 02;
  313C : 8D;
  313D : 05;
  313E : DD;
  313F : A9;
  3140 : 81;
  3141 : 20;
  3142 : 3B;
  3143 : EF;
  3144 : 20;
  3145 : 06;
  3146 : EF;
  3147 : A9;
  3148 : 11;
  3149 : 8D;
  314A : 0E;
  314B : DD;
  314C : 60;
  314D : 85;
  314E : 99;
  314F : AD;
  3150 : 94;
  3151 : 02;
  3152 : 4A;
  3153 : 90;
  3154 : 28;
  3155 : 29;
  3156 : 08;
  3157 : F0;
  3158 : 24;
  3159 : A9;
  315A : 02;
  315B : 2C;
  315C : 01;
  315D : DD;
  315E : 10;
  315F : AD;
  3160 : F0;
  3161 : 22;
  3162 : AD;
  3163 : A1;
  3164 : 02;
  3165 : 4A;
  3166 : B0;
  3167 : FA;
  3168 : AD;
  3169 : 01;
  316A : DD;
  316B : 29;
  316C : FD;
  316D : 8D;
  316E : 01;
  316F : DD;
  3170 : AD;
  3171 : 01;
  3172 : DD;
  3173 : 29;
  3174 : 04;
  3175 : F0;
  3176 : F9;
  3177 : A9;
  3178 : 90;
  3179 : 18;
  317A : 4C;
  317B : 3B;
  317C : EF;
  317D : AD;
  317E : A1;
  317F : 02;
  3180 : 29;
  3181 : 12;
  3182 : F0;
  3183 : F3;
  3184 : 18;
  3185 : 60;
  3186 : AD;
  3187 : 97;
  3188 : 02;
  3189 : AC;
  318A : 9C;
  318B : 02;
  318C : CC;
  318D : 9B;
  318E : 02;
  318F : F0;
  3190 : 0B;
  3191 : 29;
  3192 : F7;
  3193 : 8D;
  3194 : 97;
  3195 : 02;
  3196 : B1;
  3197 : F7;
  3198 : EE;
  3199 : 9C;
  319A : 02;
  319B : 60;
  319C : 09;
  319D : 08;
  319E : 8D;
  319F : 97;
  31A0 : 02;
  31A1 : A9;
  31A2 : 00;
  31A3 : 60;
  31A4 : 48;
  31A5 : AD;
  31A6 : A1;
  31A7 : 02;
  31A8 : F0;
  31A9 : 11;
  31AA : AD;
  31AB : A1;
  31AC : 02;
  31AD : 29;
  31AE : 03;
  31AF : D0;
  31B0 : F9;
  31B1 : A9;
  31B2 : 10;
  31B3 : 8D;
  31B4 : 0D;
  31B5 : DD;
  31B6 : A9;
  31B7 : 00;
  31B8 : 8D;
  31B9 : A1;
  31BA : 02;
  31BB : 68;
  31BC : 60;
  31BD : 0D;
  31BE : 49;
  31BF : 2F;
  31C0 : 4F;
  31C1 : 20;
  31C2 : 45;
  31C3 : 52;
  31C4 : 52;
  31C5 : 4F;
  31C6 : 52;
  31C7 : 20;
  31C8 : A3;
  31C9 : 0D;
  31CA : 53;
  31CB : 45;
  31CC : 41;
  31CD : 52;
  31CE : 43;
  31CF : 48;
  31D0 : 49;
  31D1 : 4E;
  31D2 : 47;
  31D3 : A0;
  31D4 : 46;
  31D5 : 4F;
  31D6 : 52;
  31D7 : A0;
  31D8 : 0D;
  31D9 : 50;
  31DA : 52;
  31DB : 45;
  31DC : 53;
  31DD : 53;
  31DE : 20;
  31DF : 50;
  31E0 : 4C;
  31E1 : 41;
  31E2 : 59;
  31E3 : 20;
  31E4 : 4F;
  31E5 : 4E;
  31E6 : 20;
  31E7 : 54;
  31E8 : 41;
  31E9 : 50;
  31EA : C5;
  31EB : 50;
  31EC : 52;
  31ED : 45;
  31EE : 53;
  31EF : 53;
  31F0 : 20;
  31F1 : 52;
  31F2 : 45;
  31F3 : 43;
  31F4 : 4F;
  31F5 : 52;
  31F6 : 44;
  31F7 : 20;
  31F8 : 26;
  31F9 : 20;
  31FA : 50;
  31FB : 4C;
  31FC : 41;
  31FD : 59;
  31FE : 20;
  31FF : 4F;
  3200 : 4E;
  3201 : 20;
  3202 : 54;
  3203 : 41;
  3204 : 50;
  3205 : C5;
  3206 : 0D;
  3207 : 4C;
  3208 : 4F;
  3209 : 41;
  320A : 44;
  320B : 49;
  320C : 4E;
  320D : C7;
  320E : 0D;
  320F : 53;
  3210 : 41;
  3211 : 56;
  3212 : 49;
  3213 : 4E;
  3214 : 47;
  3215 : A0;
  3216 : 0D;
  3217 : 56;
  3218 : 45;
  3219 : 52;
  321A : 49;
  321B : 46;
  321C : 59;
  321D : 49;
  321E : 4E;
  321F : C7;
  3220 : 0D;
  3221 : 46;
  3222 : 4F;
  3223 : 55;
  3224 : 4E;
  3225 : 44;
  3226 : A0;
  3227 : 0D;
  3228 : 4F;
  3229 : 4B;
  322A : 8D;
  322B : 24;
  322C : 9D;
  322D : 10;
  322E : 0D;
  322F : B9;
  3230 : BD;
  3231 : F0;
  3232 : 08;
  3233 : 29;
  3234 : 7F;
  3235 : 20;
  3236 : D2;
  3237 : FF;
  3238 : C8;
  3239 : 28;
  323A : 10;
  323B : F3;
  323C : 18;
  323D : 60;
  323E : A5;
  323F : 99;
  3240 : D0;
  3241 : 08;
  3242 : A5;
  3243 : C6;
  3244 : F0;
  3245 : 0F;
  3246 : 78;
  3247 : 4C;
  3248 : B4;
  3249 : E5;
  324A : C9;
  324B : 02;
  324C : D0;
  324D : 18;
  324E : 84;
  324F : 97;
  3250 : 20;
  3251 : 86;
  3252 : F0;
  3253 : A4;
  3254 : 97;
  3255 : 18;
  3256 : 60;
  3257 : A5;
  3258 : 99;
  3259 : D0;
  325A : 0B;
  325B : A5;
  325C : D3;
  325D : 85;
  325E : CA;
  325F : A5;
  3260 : D6;
  3261 : 85;
  3262 : C9;
  3263 : 4C;
  3264 : 32;
  3265 : E6;
  3266 : C9;
  3267 : 03;
  3268 : D0;
  3269 : 09;
  326A : 85;
  326B : D0;
  326C : A5;
  326D : D5;
  326E : 85;
  326F : C8;
  3270 : 4C;
  3271 : 32;
  3272 : E6;
  3273 : B0;
  3274 : 38;
  3275 : C9;
  3276 : 02;
  3277 : F0;
  3278 : 3F;
  3279 : 68;
  327A : 60;
  327B : 20;
  327C : 99;
  327D : F1;
  327E : B0;
  327F : 16;
  3280 : 48;
  3281 : 20;
  3282 : 99;
  3283 : F1;
  3284 : B0;
  3285 : 0D;
  3286 : D0;
  3287 : 05;
  3288 : A9;
  3289 : 40;
  328A : 20;
  328B : 1C;
  328C : FE;
  328D : C6;
  328E : A6;
  328F : A6;
  3290 : 97;
  3291 : 68;
  3292 : 60;
  3293 : AA;
  3294 : 68;
  3295 : 8A;
  3296 : A6;
  3297 : 97;
  3298 : 60;
  3299 : 20;
  329A : 0D;
  329B : F8;
  329C : D0;
  329D : 0B;
  329E : 20;
  329F : 41;
  32A0 : F8;
  32A1 : B0;
  32A2 : 11;
  32A3 : A9;
  32A4 : 00;
  32A5 : 85;
  32A6 : A6;
  32A7 : F0;
  32A8 : F0;
  32A9 : B1;
  32AA : B2;
  32AB : 18;
  32AC : 60;
  32AD : A5;
  32AE : 90;
  32AF : F0;
  32B0 : 04;
  32B1 : A9;
  32B2 : 0D;
  32B3 : 18;
  32B4 : 60;
  32B5 : 4C;
  32B6 : 13;
  32B7 : EE;
  32B8 : 20;
  32B9 : 4E;
  32BA : F1;
  32BB : B0;
  32BC : F7;
  32BD : C9;
  32BE : 00;
  32BF : D0;
  32C0 : F2;
  32C1 : AD;
  32C2 : 97;
  32C3 : 02;
  32C4 : 29;
  32C5 : 60;
  32C6 : D0;
  32C7 : E9;
  32C8 : F0;
  32C9 : EE;
  32CA : 48;
  32CB : A5;
  32CC : 9A;
  32CD : C9;
  32CE : 03;
  32CF : D0;
  32D0 : 04;
  32D1 : 68;
  32D2 : 4C;
  32D3 : 16;
  32D4 : E7;
  32D5 : 90;
  32D6 : 04;
  32D7 : 68;
  32D8 : 4C;
  32D9 : DD;
  32DA : ED;
  32DB : 4A;
  32DC : 68;
  32DD : 85;
  32DE : 9E;
  32DF : 8A;
  32E0 : 48;
  32E1 : 98;
  32E2 : 48;
  32E3 : 90;
  32E4 : 23;
  32E5 : B0;
  32E6 : 16;
  32E7 : F8;
  32E8 : D0;
  32E9 : 0E;
  32EA : 20;
  32EB : 64;
  32EC : F8;
  32ED : B0;
  32EE : 0E;
  32EF : A9;
  32F0 : 02;
  32F1 : A0;
  32F2 : 00;
  32F3 : 91;
  32F4 : B2;
  32F5 : C8;
  32F6 : 84;
  32F7 : A6;
  32F8 : A5;
  32F9 : 9E;
  32FA : 91;
  32FB : B2;
  32FC : 18;
  32FD : 68;
  32FE : A8;
  32FF : 68;
  3300 : AA;
  3301 : A5;
  3302 : 9E;
  3303 : 90;
  3304 : 02;
  3305 : A9;
  3306 : 00;
  3307 : 60;
  3308 : 20;
  3309 : 17;
  330A : F0;
  330B : 4C;
  330C : FC;
  330D : F1;
  330E : 20;
  330F : 0F;
  3310 : F3;
  3311 : F0;
  3312 : 03;
  3313 : 4C;
  3314 : 01;
  3315 : F7;
  3316 : 20;
  3317 : 1F;
  3318 : F3;
  3319 : A5;
  331A : BA;
  331B : F0;
  331C : 16;
  331D : C9;
  331E : 03;
  331F : F0;
  3320 : 12;
  3321 : B0;
  3322 : 14;
  3323 : C9;
  3324 : 02;
  3325 : F0;
  3326 : 26;
  3327 : 4C;
  3328 : 4D;
  3329 : F0;
  332A : A6;
  332B : B9;
  332C : E0;
  332D : 60;
  332E : F0;
  332F : 03;
  3330 : 4C;
  3331 : 0A;
  3332 : F7;
  3333 : 85;
  3334 : 99;
  3335 : 18;
  3336 : 60;
  3337 : AA;
  3338 : 20;
  3339 : 09;
  333A : ED;
  333B : A5;
  333C : B9;
  333D : 10;
  333E : 06;
  333F : 20;
  3340 : CC;
  3341 : ED;
  3342 : 4C;
  3343 : 48;
  3344 : F2;
  3345 : 20;
  3346 : C7;
  3347 : ED;
  3348 : 8A;
  3349 : 24;
  334A : 90;
  334B : 10;
  334C : E6;
  334D : 4C;
  334E : 07;
  334F : F7;
  3350 : 20;
  3351 : 0F;
  3352 : F3;
  3353 : F0;
  3354 : 03;
  3355 : 4C;
  3356 : 01;
  3357 : F7;
  3358 : 20;
  3359 : 1F;
  335A : F3;
  335B : A5;
  335C : BA;
  335D : D0;
  335E : 03;
  335F : 4C;
  3360 : 0D;
  3361 : F7;
  3362 : C9;
  3363 : 03;
  3364 : F0;
  3365 : 0F;
  3366 : B0;
  3367 : 11;
  3368 : C9;
  3369 : 02;
  336A : F0;
  336B : 22;
  336C : 4C;
  336D : E1;
  336E : EF;
  336F : A6;
  3370 : B9;
  3371 : E0;
  3372 : 60;
  3373 : F0;
  3374 : EA;
  3375 : 85;
  3376 : 9A;
  3377 : 18;
  3378 : 60;
  3379 : AA;
  337A : 20;
  337B : 0C;
  337C : ED;
  337D : A5;
  337E : B9;
  337F : 10;
  3380 : 05;
  3381 : 20;
  3382 : BE;
  3383 : ED;
  3384 : D0;
  3385 : 03;
  3386 : 20;
  3387 : B9;
  3388 : ED;
  3389 : 8A;
  338A : 24;
  338B : 90;
  338C : 10;
  338D : E7;
  338E : 4C;
  338F : 07;
  3390 : F7;
  3391 : 20;
  3392 : 14;
  3393 : F3;
  3394 : F0;
  3395 : 02;
  3396 : 18;
  3397 : 60;
  3398 : 20;
  3399 : 1F;
  339A : F3;
  339B : 8A;
  339C : 48;
  339D : A5;
  339E : BA;
  339F : F0;
  33A0 : 50;
  33A1 : C9;
  33A2 : 03;
  33A3 : F0;
  33A4 : 4C;
  33A5 : B0;
  33A6 : 47;
  33A7 : C9;
  33A8 : 02;
  33A9 : F0;
  33AA : 46;
  33AB : 68;
  33AC : 20;
  33AD : F2;
  33AE : F2;
  33AF : 20;
  33B0 : 83;
  33B1 : F4;
  33B2 : 20;
  33B3 : 27;
  33B4 : FE;
  33B5 : A5;
  33B6 : F8;
  33B7 : F0;
  33B8 : 01;
  33B9 : C8;
  33BA : A5;
  33BB : FA;
  33BC : F0;
  33BD : 01;
  33BE : C8;
  33BF : A9;
  33C0 : 00;
  33C1 : 85;
  33C2 : F8;
  33C3 : 85;
  33C4 : FA;
  33C5 : 4C;
  33C6 : 7D;
  33C7 : F4;
  33C8 : 8D;
  33C9 : 00;
  33CA : DD;
  33CB : 8D;
  33CC : BF;
  33CD : D0;
  33CE : 8D;
  33CF : 7E;
  33D0 : D0;
  33D1 : 8D;
  33D2 : B6;
  33D3 : D0;
  33D4 : 8D;
  33D5 : 77;
  33D6 : D0;
  33D7 : A9;
  33D8 : C1;
  33D9 : 8D;
  33DA : B3;
  33DB : D0;
  33DC : 8D;
  33DD : 73;
  33DE : D0;
  33DF : 8D;
  33E0 : 7F;
  33E1 : D0;
  33E2 : 60;
  33E3 : 62;
  33E4 : D0;
  33E5 : 0B;
  33E6 : A9;
  33E7 : 05;
  33E8 : 20;
  33E9 : 6A;
  33EA : F7;
  33EB : 4C;
  33EC : F1;
  33ED : F2;
  33EE : 20;
  33EF : 42;
  33F0 : F6;
  33F1 : 68;
  33F2 : AA;
  33F3 : C6;
  33F4 : 98;
  33F5 : E4;
  33F6 : 98;
  33F7 : F0;
  33F8 : 14;
  33F9 : A4;
  33FA : 98;
  33FB : B9;
  33FC : 59;
  33FD : 02;
  33FE : 9D;
  33FF : 59;
  3400 : 02;
  3401 : B9;
  3402 : 63;
  3403 : 02;
  3404 : 9D;
  3405 : 63;
  3406 : 02;
  3407 : B9;
  3408 : 6D;
  3409 : 02;
  340A : 9D;
  340B : 6D;
  340C : 02;
  340D : 18;
  340E : 60;
  340F : A9;
  3410 : 00;
  3411 : 85;
  3412 : 90;
  3413 : 8A;
  3414 : A6;
  3415 : 98;
  3416 : CA;
  3417 : 30;
  3418 : 15;
  3419 : DD;
  341A : 59;
  341B : 02;
  341C : D0;
  341D : F8;
  341E : 60;
  341F : BD;
  3420 : 59;
  3421 : 02;
  3422 : 85;
  3423 : B8;
  3424 : BD;
  3425 : 63;
  3426 : 02;
  3427 : 85;
  3428 : BA;
  3429 : BD;
  342A : 6D;
  342B : 02;
  342C : 85;
  342D : B9;
  342E : 60;
  342F : A9;
  3430 : 00;
  3431 : 85;
  3432 : 98;
  3433 : A2;
  3434 : 03;
  3435 : E4;
  3436 : 9A;
  3437 : B0;
  3438 : 03;
  3439 : 20;
  343A : FE;
  343B : ED;
  343C : E4;
  343D : 99;
  343E : B0;
  343F : 03;
  3440 : 20;
  3441 : EF;
  3442 : ED;
  3443 : 86;
  3444 : 9A;
  3445 : A9;
  3446 : 00;
  3447 : 85;
  3448 : 99;
  3449 : 60;
  344A : A6;
  344B : B8;
  344C : D0;
  344D : 03;
  344E : 4C;
  344F : 0A;
  3450 : F7;
  3451 : 20;
  3452 : 0F;
  3453 : F3;
  3454 : D0;
  3455 : 03;
  3456 : 4C;
  3457 : FE;
  3458 : F6;
  3459 : A6;
  345A : 98;
  345B : E0;
  345C : 0A;
  345D : 90;
  345E : 03;
  345F : 4C;
  3460 : FB;
  3461 : F6;
  3462 : E6;
  3463 : 98;
  3464 : A5;
  3465 : B8;
  3466 : 9D;
  3467 : 59;
  3468 : 02;
  3469 : A5;
  346A : B9;
  346B : 09;
  346C : 60;
  346D : 85;
  346E : B9;
  346F : 9D;
  3470 : 6D;
  3471 : 02;
  3472 : A5;
  3473 : BA;
  3474 : 9D;
  3475 : 63;
  3476 : 02;
  3477 : F0;
  3478 : 5A;
  3479 : C9;
  347A : 03;
  347B : F0;
  347C : 56;
  347D : 90;
  347E : 05;
  347F : 20;
  3480 : D5;
  3481 : F3;
  3482 : 90;
  3483 : 4F;
  3484 : C9;
  3485 : 02;
  3486 : D0;
  3487 : 08;
  3488 : 4C;
  3489 : 09;
  348A : F4;
  348B : 08;
  348C : 78;
  348D : A2;
  348E : D0;
  348F : BF;
  3490 : DF;
  3491 : 3C;
  3492 : F8;
  3493 : CA;
  3494 : 9F;
  3495 : E0;
  3496 : 7B;
  3497 : 01;
  3498 : 9F;
  3499 : E0;
  349A : FB;
  349B : 01;
  349C : D0;
  349D : F1;
  349E : 28;
  349F : A2;
  34A0 : 30;
  34A1 : A0;
  34A2 : FD;
  34A3 : 60;
  34A4 : 8D;
  34A5 : 72;
  34A6 : D0;
  34A7 : 4C;
  34A8 : 97;
  34A9 : EE;
  34AA : 8D;
  34AB : 72;
  34AC : D0;
  34AD : 4C;
  34AE : A9;
  34AF : EE;
  34B0 : 8D;
  34B1 : 72;
  34B2 : D0;
  34B3 : 8A;
  34B4 : A2;
  34B5 : 0A;
  34B6 : 60;
  34B7 : 8D;
  34B8 : 73;
  34B9 : D0;
  34BA : 4C;
  34BB : 97;
  34BC : EE;
  34BD : 8D;
  34BE : 72;
  34BF : D0;
  34C0 : 4C;
  34C1 : 85;
  34C2 : EE;
  34C3 : 8D;
  34C4 : 73;
  34C5 : D0;
  34C6 : 4C;
  34C7 : A0;
  34C8 : EE;
  34C9 : 07;
  34CA : A0;
  34CB : 00;
  34CC : A9;
  34CD : 02;
  34CE : 91;
  34CF : B2;
  34D0 : 98;
  34D1 : 85;
  34D2 : A6;
  34D3 : 18;
  34D4 : 60;
  34D5 : A5;
  34D6 : B9;
  34D7 : 30;
  34D8 : FA;
  34D9 : A4;
  34DA : B7;
  34DB : F0;
  34DC : F6;
  34DD : A9;
  34DE : 00;
  34DF : 85;
  34E0 : 90;
  34E1 : A5;
  34E2 : BA;
  34E3 : 20;
  34E4 : 0C;
  34E5 : ED;
  34E6 : A5;
  34E7 : B9;
  34E8 : 09;
  34E9 : F0;
  34EA : 20;
  34EB : B9;
  34EC : ED;
  34ED : A5;
  34EE : 90;
  34EF : 10;
  34F0 : 05;
  34F1 : 68;
  34F2 : 68;
  34F3 : 4C;
  34F4 : 07;
  34F5 : F7;
  34F6 : A5;
  34F7 : B7;
  34F8 : F0;
  34F9 : 0C;
  34FA : A0;
  34FB : 00;
  34FC : B1;
  34FD : BB;
  34FE : 20;
  34FF : DD;
  3500 : ED;
  3501 : C8;
  3502 : C4;
  3503 : B7;
  3504 : D0;
  3505 : F6;
  3506 : 4C;
  3507 : 54;
  3508 : F6;
  3509 : 20;
  350A : 83;
  350B : F4;
  350C : 8C;
  350D : 97;
  350E : 02;
  350F : C4;
  3510 : B7;
  3511 : F0;
  3512 : 0A;
  3513 : B1;
  3514 : BB;
  3515 : 99;
  3516 : 93;
  3517 : 02;
  3518 : C8;
  3519 : C0;
  351A : 04;
  351B : D0;
  351C : F2;
  351D : 20;
  351E : 4A;
  351F : EF;
  3520 : 8E;
  3521 : 98;
  3522 : 02;
  3523 : AD;
  3524 : 93;
  3525 : 02;
  3526 : 29;
  3527 : 0F;
  3528 : F0;
  3529 : 1C;
  352A : 0A;
  352B : AA;
  352C : AD;
  352D : A6;
  352E : 02;
  352F : D0;
  3530 : 09;
  3531 : BC;
  3532 : C1;
  3533 : FE;
  3534 : BD;
  3535 : C0;
  3536 : FE;
  3537 : 4C;
  3538 : 40;
  3539 : F4;
  353A : BC;
  353B : EB;
  353C : E4;
  353D : BD;
  353E : EA;
  353F : E4;
  3540 : 8C;
  3541 : 96;
  3542 : 02;
  3543 : 8D;
  3544 : 95;
  3545 : 02;
  3546 : AD;
  3547 : 95;
  3548 : 02;
  3549 : 0A;
  354A : 20;
  354B : 2E;
  354C : FF;
  354D : AD;
  354E : 94;
  354F : 02;
  3550 : 4A;
  3551 : 90;
  3552 : 09;
  3553 : AD;
  3554 : 01;
  3555 : DD;
  3556 : 0A;
  3557 : B0;
  3558 : 03;
  3559 : 20;
  355A : 0D;
  355B : F0;
  355C : AD;
  355D : 9B;
  355E : 02;
  355F : 8D;
  3560 : 9C;
  3561 : 02;
  3562 : AD;
  3563 : 9E;
  3564 : 02;
  3565 : 8D;
  3566 : 9D;
  3567 : 02;
  3568 : 20;
  3569 : 27;
  356A : FE;
  356B : A5;
  356C : F8;
  356D : D0;
  356E : 05;
  356F : 88;
  3570 : 84;
  3571 : F8;
  3572 : 86;
  3573 : F7;
  3574 : A5;
  3575 : FA;
  3576 : D0;
  3577 : 05;
  3578 : 88;
  3579 : 84;
  357A : FA;
  357B : 86;
  357C : F9;
  357D : 38;
  357E : A9;
  357F : F0;
  3580 : 4C;
  3581 : 2D;
  3582 : FE;
  3583 : A9;
  3584 : 7F;
  3585 : 8D;
  3586 : 0D;
  3587 : DD;
  3588 : A9;
  3589 : 06;
  358A : 8D;
  358B : 03;
  358C : DD;
  358D : 8D;
  358E : 01;
  358F : DD;
  3590 : A9;
  3591 : 04;
  3592 : 0D;
  3593 : 00;
  3594 : DD;
  3595 : 8D;
  3596 : 00;
  3597 : DD;
  3598 : A0;
  3599 : 00;
  359A : 8C;
  359B : A1;
  359C : 02;
  359D : 60;
  359E : 86;
  359F : C3;
  35A0 : 84;
  35A1 : C4;
  35A2 : 6C;
  35A3 : 30;
  35A4 : 03;
  35A5 : 85;
  35A6 : 93;
  35A7 : A9;
  35A8 : 00;
  35A9 : 85;
  35AA : 90;
  35AB : A5;
  35AC : BA;
  35AD : D0;
  35AE : 03;
  35AF : 4C;
  35B0 : 13;
  35B1 : F7;
  35B2 : C9;
  35B3 : 03;
  35B4 : F0;
  35B5 : F9;
  35B6 : 90;
  35B7 : 7B;
  35B8 : A4;
  35B9 : B7;
  35BA : D0;
  35BB : 03;
  35BC : 4C;
  35BD : 10;
  35BE : F7;
  35BF : A6;
  35C0 : B9;
  35C1 : 20;
  35C2 : AF;
  35C3 : F5;
  35C4 : A9;
  35C5 : 60;
  35C6 : 85;
  35C7 : B9;
  35C8 : 20;
  35C9 : D5;
  35CA : F3;
  35CB : A5;
  35CC : BA;
  35CD : 20;
  35CE : 09;
  35CF : ED;
  35D0 : A5;
  35D1 : B9;
  35D2 : 20;
  35D3 : C7;
  35D4 : ED;
  35D5 : 20;
  35D6 : 13;
  35D7 : EE;
  35D8 : 85;
  35D9 : AE;
  35DA : A5;
  35DB : 90;
  35DC : 4A;
  35DD : 4A;
  35DE : B0;
  35DF : 50;
  35E0 : 20;
  35E1 : 13;
  35E2 : EE;
  35E3 : 85;
  35E4 : AF;
  35E5 : 8A;
  35E6 : D0;
  35E7 : 08;
  35E8 : A5;
  35E9 : C3;
  35EA : 85;
  35EB : AE;
  35EC : A5;
  35ED : C4;
  35EE : 85;
  35EF : AF;
  35F0 : 20;
  35F1 : D2;
  35F2 : F5;
  35F3 : A9;
  35F4 : FD;
  35F5 : 25;
  35F6 : 90;
  35F7 : 85;
  35F8 : 90;
  35F9 : 20;
  35FA : E1;
  35FB : FF;
  35FC : D0;
  35FD : 03;
  35FE : 4C;
  35FF : 33;
  3600 : F6;
  3601 : 20;
  3602 : 13;
  3603 : EE;
  3604 : AA;
  3605 : A5;
  3606 : 90;
  3607 : 4A;
  3608 : 4A;
  3609 : B0;
  360A : E8;
  360B : 8A;
  360C : A4;
  360D : 93;
  360E : F0;
  360F : 0C;
  3610 : A0;
  3611 : 00;
  3612 : D1;
  3613 : AE;
  3614 : F0;
  3615 : 08;
  3616 : A9;
  3617 : 10;
  3618 : 20;
  3619 : 1C;
  361A : FE;
  361B : 2C;
  361C : 91;
  361D : AE;
  361E : E6;
  361F : AE;
  3620 : D0;
  3621 : 02;
  3622 : E6;
  3623 : AF;
  3624 : 24;
  3625 : 90;
  3626 : 50;
  3627 : CB;
  3628 : 20;
  3629 : EF;
  362A : ED;
  362B : 20;
  362C : 42;
  362D : F6;
  362E : 90;
  362F : 79;
  3630 : 4C;
  3631 : 04;
  3632 : F7;
  3633 : 4A;
  3634 : B0;
  3635 : 00;
  3636 : 4C;
  3637 : 13;
  3638 : F7;
  3639 : 20;
  363A : D0;
  363B : F7;
  363C : B0;
  363D : 03;
  363E : 4C;
  363F : 13;
  3640 : F7;
  3641 : 20;
  3642 : 17;
  3643 : F8;
  3644 : B0;
  3645 : 68;
  3646 : 20;
  3647 : AF;
  3648 : F5;
  3649 : A5;
  364A : B7;
  364B : F0;
  364C : 09;
  364D : 20;
  364E : EA;
  364F : F7;
  3650 : 90;
  3651 : 0B;
  3652 : F0;
  3653 : 5A;
  3654 : B0;
  3655 : DA;
  3656 : 20;
  3657 : 2C;
  3658 : F7;
  3659 : F0;
  365A : 53;
  365B : B0;
  365C : D3;
  365D : A5;
  365E : 90;
  365F : 29;
  3660 : 10;
  3661 : 38;
  3662 : D0;
  3663 : 4A;
  3664 : E0;
  3665 : 01;
  3666 : F0;
  3667 : 11;
  3668 : E0;
  3669 : 03;
  366A : D0;
  366B : DD;
  366C : A0;
  366D : 01;
  366E : B1;
  366F : B2;
  3670 : 85;
  3671 : C3;
  3672 : C8;
  3673 : B1;
  3674 : B2;
  3675 : 85;
  3676 : C4;
  3677 : B0;
  3678 : 04;
  3679 : A5;
  367A : B9;
  367B : D0;
  367C : EF;
  367D : A0;
  367E : 03;
  367F : B1;
  3680 : B2;
  3681 : A0;
  3682 : 01;
  3683 : F1;
  3684 : B2;
  3685 : AA;
  3686 : A0;
  3687 : 04;
  3688 : B1;
  3689 : B2;
  368A : A0;
  368B : 02;
  368C : F1;
  368D : B2;
  368E : A8;
  368F : 18;
  3690 : 8A;
  3691 : 65;
  3692 : C3;
  3693 : 85;
  3694 : AE;
  3695 : 98;
  3696 : 65;
  3697 : C4;
  3698 : 85;
  3699 : AF;
  369A : A5;
  369B : C3;
  369C : 85;
  369D : C1;
  369E : A5;
  369F : C4;
  36A0 : 85;
  36A1 : C2;
  36A2 : 20;
  36A3 : D2;
  36A4 : F5;
  36A5 : 20;
  36A6 : 4A;
  36A7 : F8;
  36A8 : 24;
  36A9 : 18;
  36AA : A6;
  36AB : AE;
  36AC : A4;
  36AD : AF;
  36AE : 60;
  36AF : A5;
  36B0 : 9D;
  36B1 : 10;
  36B2 : 1E;
  36B3 : A0;
  36B4 : 0C;
  36B5 : 20;
  36B6 : 2F;
  36B7 : F1;
  36B8 : A5;
  36B9 : B7;
  36BA : F0;
  36BB : 15;
  36BC : A0;
  36BD : 17;
  36BE : 20;
  36BF : 2F;
  36C0 : F1;
  36C1 : A4;
  36C2 : B7;
  36C3 : F0;
  36C4 : 0C;
  36C5 : A0;
  36C6 : 00;
  36C7 : B1;
  36C8 : BB;
  36C9 : 20;
  36CA : D2;
  36CB : FF;
  36CC : C8;
  36CD : C4;
  36CE : B7;
  36CF : D0;
  36D0 : F6;
  36D1 : 60;
  36D2 : A0;
  36D3 : 49;
  36D4 : A5;
  36D5 : 93;
  36D6 : F0;
  36D7 : 02;
  36D8 : A0;
  36D9 : 59;
  36DA : 4C;
  36DB : 2B;
  36DC : F1;
  36DD : 86;
  36DE : AE;
  36DF : 84;
  36E0 : AF;
  36E1 : AA;
  36E2 : B5;
  36E3 : 00;
  36E4 : 85;
  36E5 : C1;
  36E6 : B5;
  36E7 : 01;
  36E8 : 85;
  36E9 : C2;
  36EA : 6C;
  36EB : 32;
  36EC : 03;
  36ED : A5;
  36EE : BA;
  36EF : D0;
  36F0 : 03;
  36F1 : 4C;
  36F2 : 13;
  36F3 : F7;
  36F4 : C9;
  36F5 : 03;
  36F6 : F0;
  36F7 : F9;
  36F8 : 90;
  36F9 : 5F;
  36FA : A9;
  36FB : 61;
  36FC : 85;
  36FD : B9;
  36FE : A4;
  36FF : B7;
  3700 : D0;
  3701 : 03;
  3702 : 4C;
  3703 : 10;
  3704 : F7;
  3705 : 20;
  3706 : D5;
  3707 : F3;
  3708 : 20;
  3709 : 8F;
  370A : F6;
  370B : A5;
  370C : BA;
  370D : 20;
  370E : 0C;
  370F : ED;
  3710 : A5;
  3711 : B9;
  3712 : 20;
  3713 : B9;
  3714 : ED;
  3715 : A0;
  3716 : 00;
  3717 : 20;
  3718 : 8E;
  3719 : FB;
  371A : A5;
  371B : AC;
  371C : 20;
  371D : DD;
  371E : ED;
  371F : A5;
  3720 : AD;
  3721 : 20;
  3722 : DD;
  3723 : ED;
  3724 : 20;
  3725 : D1;
  3726 : FC;
  3727 : B0;
  3728 : 16;
  3729 : B1;
  372A : AC;
  372B : 20;
  372C : DD;
  372D : ED;
  372E : 20;
  372F : E1;
  3730 : FF;
  3731 : D0;
  3732 : 07;
  3733 : 20;
  3734 : 42;
  3735 : F6;
  3736 : A9;
  3737 : 00;
  3738 : 38;
  3739 : 60;
  373A : 20;
  373B : DB;
  373C : FC;
  373D : D0;
  373E : E5;
  373F : 20;
  3740 : FE;
  3741 : ED;
  3742 : 24;
  3743 : B9;
  3744 : 30;
  3745 : 11;
  3746 : A5;
  3747 : BA;
  3748 : 20;
  3749 : 0C;
  374A : ED;
  374B : A5;
  374C : B9;
  374D : 29;
  374E : EF;
  374F : 09;
  3750 : E0;
  3751 : 20;
  3752 : B9;
  3753 : ED;
  3754 : 20;
  3755 : FE;
  3756 : ED;
  3757 : 18;
  3758 : 60;
  3759 : 4A;
  375A : B0;
  375B : 00;
  375C : 4C;
  375D : 13;
  375E : F7;
  375F : 20;
  3760 : D0;
  3761 : F7;
  3762 : 90;
  3763 : 8D;
  3764 : 20;
  3765 : 38;
  3766 : F8;
  3767 : B0;
  3768 : 25;
  3769 : 20;
  376A : 8F;
  376B : F6;
  376C : A2;
  376D : 03;
  376E : A5;
  376F : B9;
  3770 : 29;
  3771 : 01;
  3772 : D0;
  3773 : 02;
  3774 : A2;
  3775 : 01;
  3776 : 8A;
  3777 : 20;
  3778 : 6A;
  3779 : F7;
  377A : B0;
  377B : 12;
  377C : 20;
  377D : 67;
  377E : F8;
  377F : B0;
  3780 : 0D;
  3781 : A5;
  3782 : B9;
  3783 : 29;
  3784 : 02;
  3785 : F0;
  3786 : 06;
  3787 : A9;
  3788 : 05;
  3789 : 20;
  378A : 6A;
  378B : F7;
  378C : 24;
  378D : 18;
  378E : 60;
  378F : A5;
  3790 : 9D;
  3791 : 10;
  3792 : FB;
  3793 : A0;
  3794 : 51;
  3795 : 20;
  3796 : 2F;
  3797 : F1;
  3798 : 4C;
  3799 : C1;
  379A : F5;
  379B : A2;
  379C : 00;
  379D : E6;
  379E : A2;
  379F : D0;
  37A0 : 06;
  37A1 : E6;
  37A2 : A1;
  37A3 : D0;
  37A4 : 02;
  37A5 : E6;
  37A6 : A0;
  37A7 : 38;
  37A8 : A5;
  37A9 : A2;
  37AA : E9;
  37AB : 01;
  37AC : A5;
  37AD : A1;
  37AE : E9;
  37AF : 1A;
  37B0 : A5;
  37B1 : A0;
  37B2 : E9;
  37B3 : 4F;
  37B4 : 90;
  37B5 : 06;
  37B6 : 86;
  37B7 : A0;
  37B8 : 86;
  37B9 : A1;
  37BA : 86;
  37BB : A2;
  37BC : AD;
  37BD : 01;
  37BE : DC;
  37BF : CD;
  37C0 : 01;
  37C1 : DC;
  37C2 : D0;
  37C3 : F8;
  37C4 : AA;
  37C5 : 30;
  37C6 : 13;
  37C7 : A2;
  37C8 : BD;
  37C9 : 8E;
  37CA : 00;
  37CB : DC;
  37CC : AE;
  37CD : 01;
  37CE : DC;
  37CF : EC;
  37D0 : 01;
  37D1 : DC;
  37D2 : D0;
  37D3 : F8;
  37D4 : 8D;
  37D5 : 00;
  37D6 : DC;
  37D7 : E8;
  37D8 : D0;
  37D9 : 02;
  37DA : 85;
  37DB : 91;
  37DC : 60;
  37DD : 78;
  37DE : A5;
  37DF : A2;
  37E0 : A6;
  37E1 : A1;
  37E2 : A4;
  37E3 : A0;
  37E4 : 78;
  37E5 : 85;
  37E6 : A2;
  37E7 : 86;
  37E8 : A1;
  37E9 : 84;
  37EA : A0;
  37EB : 58;
  37EC : 60;
  37ED : A5;
  37EE : 91;
  37EF : C9;
  37F0 : 7F;
  37F1 : D0;
  37F2 : 07;
  37F3 : 08;
  37F4 : 20;
  37F5 : CC;
  37F6 : FF;
  37F7 : 85;
  37F8 : C6;
  37F9 : 28;
  37FA : 60;
  37FB : A9;
  37FC : 01;
  37FD : 2C;
  37FE : A9;
  37FF : 02;
  3800 : 2C;
  3801 : A9;
  3802 : 03;
  3803 : 2C;
  3804 : A9;
  3805 : 04;
  3806 : 2C;
  3807 : A9;
  3808 : 05;
  3809 : 2C;
  380A : A9;
  380B : 06;
  380C : 2C;
  380D : A9;
  380E : 07;
  380F : 2C;
  3810 : A9;
  3811 : 08;
  3812 : 2C;
  3813 : A9;
  3814 : 09;
  3815 : 48;
  3816 : 20;
  3817 : CC;
  3818 : FF;
  3819 : A0;
  381A : 00;
  381B : 24;
  381C : 9D;
  381D : 50;
  381E : 0A;
  381F : 20;
  3820 : 2F;
  3821 : F1;
  3822 : 68;
  3823 : 48;
  3824 : 09;
  3825 : 30;
  3826 : 20;
  3827 : D2;
  3828 : FF;
  3829 : 68;
  382A : 38;
  382B : 60;
  382C : A5;
  382D : 93;
  382E : 48;
  382F : 20;
  3830 : 41;
  3831 : F8;
  3832 : 68;
  3833 : 85;
  3834 : 93;
  3835 : B0;
  3836 : 32;
  3837 : A0;
  3838 : 00;
  3839 : B1;
  383A : B2;
  383B : C9;
  383C : 05;
  383D : F0;
  383E : 2A;
  383F : C9;
  3840 : 01;
  3841 : F0;
  3842 : 08;
  3843 : C9;
  3844 : 03;
  3845 : F0;
  3846 : 04;
  3847 : C9;
  3848 : 04;
  3849 : D0;
  384A : E1;
  384B : AA;
  384C : 24;
  384D : 9D;
  384E : 10;
  384F : 17;
  3850 : A0;
  3851 : 63;
  3852 : 20;
  3853 : 2F;
  3854 : F1;
  3855 : A0;
  3856 : 05;
  3857 : B1;
  3858 : B2;
  3859 : 20;
  385A : D2;
  385B : FF;
  385C : C8;
  385D : C0;
  385E : 15;
  385F : D0;
  3860 : F6;
  3861 : A5;
  3862 : A1;
  3863 : 20;
  3864 : E0;
  3865 : E4;
  3866 : EA;
  3867 : 18;
  3868 : 88;
  3869 : 60;
  386A : 85;
  386B : 9E;
  386C : 20;
  386D : D0;
  386E : F7;
  386F : 90;
  3870 : 5E;
  3871 : A5;
  3872 : C2;
  3873 : 48;
  3874 : A5;
  3875 : C1;
  3876 : 48;
  3877 : A5;
  3878 : AF;
  3879 : 48;
  387A : A5;
  387B : AE;
  387C : 48;
  387D : A0;
  387E : BF;
  387F : A9;
  3880 : 20;
  3881 : 91;
  3882 : B2;
  3883 : 88;
  3884 : D0;
  3885 : FB;
  3886 : A5;
  3887 : 9E;
  3888 : 91;
  3889 : B2;
  388A : C8;
  388B : A5;
  388C : C1;
  388D : 91;
  388E : B2;
  388F : C8;
  3890 : A5;
  3891 : C2;
  3892 : 91;
  3893 : B2;
  3894 : C8;
  3895 : A5;
  3896 : AE;
  3897 : 91;
  3898 : B2;
  3899 : C8;
  389A : A5;
  389B : AF;
  389C : 91;
  389D : B2;
  389E : C8;
  389F : 84;
  38A0 : 9F;
  38A1 : A0;
  38A2 : 00;
  38A3 : 84;
  38A4 : 9E;
  38A5 : A4;
  38A6 : 9E;
  38A7 : C4;
  38A8 : B7;
  38A9 : F0;
  38AA : 0C;
  38AB : B1;
  38AC : BB;
  38AD : A4;
  38AE : 9F;
  38AF : 91;
  38B0 : B2;
  38B1 : E6;
  38B2 : 9E;
  38B3 : E6;
  38B4 : 9F;
  38B5 : D0;
  38B6 : EE;
  38B7 : 20;
  38B8 : D7;
  38B9 : F7;
  38BA : A9;
  38BB : 69;
  38BC : 85;
  38BD : AB;
  38BE : 20;
  38BF : 6B;
  38C0 : F8;
  38C1 : A8;
  38C2 : 68;
  38C3 : 85;
  38C4 : AE;
  38C5 : 68;
  38C6 : 85;
  38C7 : AF;
  38C8 : 68;
  38C9 : 85;
  38CA : C1;
  38CB : 68;
  38CC : 85;
  38CD : C2;
  38CE : 98;
  38CF : 60;
  38D0 : A6;
  38D1 : B2;
  38D2 : A4;
  38D3 : B3;
  38D4 : C0;
  38D5 : 02;
  38D6 : 60;
  38D7 : 20;
  38D8 : D0;
  38D9 : F7;
  38DA : 8A;
  38DB : 85;
  38DC : C1;
  38DD : 18;
  38DE : 69;
  38DF : C0;
  38E0 : 85;
  38E1 : AE;
  38E2 : 98;
  38E3 : 85;
  38E4 : C2;
  38E5 : 69;
  38E6 : 00;
  38E7 : 85;
  38E8 : AF;
  38E9 : 60;
  38EA : 20;
  38EB : 2C;
  38EC : F7;
  38ED : B0;
  38EE : 1D;
  38EF : A0;
  38F0 : 05;
  38F1 : 84;
  38F2 : 9F;
  38F3 : A0;
  38F4 : 00;
  38F5 : 84;
  38F6 : 9E;
  38F7 : C4;
  38F8 : B7;
  38F9 : F0;
  38FA : 10;
  38FB : B1;
  38FC : BB;
  38FD : A4;
  38FE : 9F;
  38FF : D1;
  3900 : B2;
  3901 : D0;
  3902 : E7;
  3903 : E6;
  3904 : 9E;
  3905 : E6;
  3906 : 9F;
  3907 : A4;
  3908 : 9E;
  3909 : D0;
  390A : EC;
  390B : 18;
  390C : 60;
  390D : 20;
  390E : D0;
  390F : F7;
  3910 : E6;
  3911 : A6;
  3912 : A4;
  3913 : A6;
  3914 : C0;
  3915 : C0;
  3916 : 60;
  3917 : 20;
  3918 : 2E;
  3919 : F8;
  391A : F0;
  391B : 1A;
  391C : A0;
  391D : 1B;
  391E : 20;
  391F : 2F;
  3920 : F1;
  3921 : 20;
  3922 : D0;
  3923 : F8;
  3924 : 20;
  3925 : 2E;
  3926 : F8;
  3927 : D0;
  3928 : F8;
  3929 : A0;
  392A : 6A;
  392B : 4C;
  392C : 2F;
  392D : F1;
  392E : A9;
  392F : 10;
  3930 : 24;
  3931 : 01;
  3932 : D0;
  3933 : 02;
  3934 : 24;
  3935 : 01;
  3936 : 18;
  3937 : 60;
  3938 : 20;
  3939 : 2E;
  393A : F8;
  393B : F0;
  393C : F9;
  393D : A0;
  393E : 2E;
  393F : D0;
  3940 : DD;
  3941 : A9;
  3942 : 00;
  3943 : 85;
  3944 : 90;
  3945 : 85;
  3946 : 93;
  3947 : 20;
  3948 : D7;
  3949 : F7;
  394A : 20;
  394B : 17;
  394C : F8;
  394D : B0;
  394E : 1F;
  394F : 78;
  3950 : A9;
  3951 : 00;
  3952 : 85;
  3953 : AA;
  3954 : 85;
  3955 : B4;
  3956 : 85;
  3957 : B0;
  3958 : 85;
  3959 : 9E;
  395A : 85;
  395B : 9F;
  395C : 85;
  395D : 9C;
  395E : A9;
  395F : 90;
  3960 : A2;
  3961 : 0E;
  3962 : D0;
  3963 : 11;
  3964 : 20;
  3965 : D7;
  3966 : F7;
  3967 : A9;
  3968 : 14;
  3969 : 85;
  396A : AB;
  396B : 20;
  396C : 38;
  396D : F8;
  396E : B0;
  396F : 6C;
  3970 : 78;
  3971 : A9;
  3972 : 82;
  3973 : A2;
  3974 : 08;
  3975 : A0;
  3976 : 7F;
  3977 : 8C;
  3978 : 0D;
  3979 : DC;
  397A : 8D;
  397B : 0D;
  397C : DC;
  397D : AD;
  397E : 0E;
  397F : DC;
  3980 : 09;
  3981 : 19;
  3982 : 8D;
  3983 : 0F;
  3984 : DC;
  3985 : 29;
  3986 : 91;
  3987 : 8D;
  3988 : A2;
  3989 : 02;
  398A : 20;
  398B : A4;
  398C : F0;
  398D : AD;
  398E : 11;
  398F : D0;
  3990 : 29;
  3991 : EF;
  3992 : 8D;
  3993 : 11;
  3994 : D0;
  3995 : AD;
  3996 : 14;
  3997 : 03;
  3998 : 8D;
  3999 : 9F;
  399A : 02;
  399B : AD;
  399C : 15;
  399D : 03;
  399E : 8D;
  399F : A0;
  39A0 : 02;
  39A1 : 20;
  39A2 : BD;
  39A3 : FC;
  39A4 : A9;
  39A5 : 02;
  39A6 : 85;
  39A7 : BE;
  39A8 : 20;
  39A9 : 97;
  39AA : FB;
  39AB : A5;
  39AC : 01;
  39AD : 29;
  39AE : 1F;
  39AF : 85;
  39B0 : 01;
  39B1 : 85;
  39B2 : C0;
  39B3 : A2;
  39B4 : FF;
  39B5 : A0;
  39B6 : FF;
  39B7 : 88;
  39B8 : D0;
  39B9 : FD;
  39BA : CA;
  39BB : D0;
  39BC : F8;
  39BD : 58;
  39BE : AD;
  39BF : A0;
  39C0 : 02;
  39C1 : CD;
  39C2 : 15;
  39C3 : 03;
  39C4 : 18;
  39C5 : F0;
  39C6 : 15;
  39C7 : 20;
  39C8 : D0;
  39C9 : F8;
  39CA : 20;
  39CB : BC;
  39CC : F6;
  39CD : 4C;
  39CE : BE;
  39CF : F8;
  39D0 : 20;
  39D1 : E1;
  39D2 : FF;
  39D3 : 18;
  39D4 : D0;
  39D5 : 0B;
  39D6 : 20;
  39D7 : 93;
  39D8 : FC;
  39D9 : 38;
  39DA : 68;
  39DB : 68;
  39DC : A9;
  39DD : 00;
  39DE : 8D;
  39DF : A0;
  39E0 : 02;
  39E1 : 60;
  39E2 : 86;
  39E3 : B1;
  39E4 : A5;
  39E5 : B0;
  39E6 : 0A;
  39E7 : 0A;
  39E8 : 18;
  39E9 : 65;
  39EA : B0;
  39EB : 18;
  39EC : 65;
  39ED : B1;
  39EE : 85;
  39EF : B1;
  39F0 : A9;
  39F1 : 00;
  39F2 : 24;
  39F3 : B0;
  39F4 : 30;
  39F5 : 01;
  39F6 : 2A;
  39F7 : 06;
  39F8 : B1;
  39F9 : 2A;
  39FA : 06;
  39FB : B1;
  39FC : 2A;
  39FD : AA;
  39FE : AD;
  39FF : 06;
  3A00 : DC;
  3A01 : C9;
  3A02 : 16;
  3A03 : 90;
  3A04 : F9;
  3A05 : 65;
  3A06 : B1;
  3A07 : 8D;
  3A08 : 04;
  3A09 : DC;
  3A0A : 8A;
  3A0B : 6D;
  3A0C : 07;
  3A0D : DC;
  3A0E : 8D;
  3A0F : 05;
  3A10 : DC;
  3A11 : AD;
  3A12 : A2;
  3A13 : 02;
  3A14 : 8D;
  3A15 : 0E;
  3A16 : DC;
  3A17 : 8D;
  3A18 : A4;
  3A19 : 02;
  3A1A : AD;
  3A1B : 0D;
  3A1C : DC;
  3A1D : 29;
  3A1E : 10;
  3A1F : F0;
  3A20 : 09;
  3A21 : A9;
  3A22 : F9;
  3A23 : 48;
  3A24 : A9;
  3A25 : 2A;
  3A26 : 48;
  3A27 : 4C;
  3A28 : 43;
  3A29 : FF;
  3A2A : 58;
  3A2B : 60;
  3A2C : AE;
  3A2D : 07;
  3A2E : DC;
  3A2F : A0;
  3A30 : FF;
  3A31 : 98;
  3A32 : ED;
  3A33 : 06;
  3A34 : DC;
  3A35 : EC;
  3A36 : 07;
  3A37 : DC;
  3A38 : D0;
  3A39 : F2;
  3A3A : 86;
  3A3B : B1;
  3A3C : AA;
  3A3D : 8C;
  3A3E : 06;
  3A3F : DC;
  3A40 : 8C;
  3A41 : 07;
  3A42 : DC;
  3A43 : A9;
  3A44 : 19;
  3A45 : 8D;
  3A46 : 0F;
  3A47 : DC;
  3A48 : AD;
  3A49 : 0D;
  3A4A : DC;
  3A4B : 8D;
  3A4C : A3;
  3A4D : 02;
  3A4E : 98;
  3A4F : E5;
  3A50 : B1;
  3A51 : 86;
  3A52 : B1;
  3A53 : 4A;
  3A54 : 66;
  3A55 : B1;
  3A56 : 4A;
  3A57 : 66;
  3A58 : B1;
  3A59 : A5;
  3A5A : B0;
  3A5B : 18;
  3A5C : 69;
  3A5D : 3C;
  3A5E : C5;
  3A5F : B1;
  3A60 : B0;
  3A61 : 4A;
  3A62 : A6;
  3A63 : 9C;
  3A64 : F0;
  3A65 : 03;
  3A66 : 4C;
  3A67 : 60;
  3A68 : FA;
  3A69 : A6;
  3A6A : A3;
  3A6B : 30;
  3A6C : 1B;
  3A6D : A2;
  3A6E : 00;
  3A6F : 69;
  3A70 : 30;
  3A71 : 65;
  3A72 : B0;
  3A73 : C5;
  3A74 : B1;
  3A75 : B0;
  3A76 : 1C;
  3A77 : E8;
  3A78 : 69;
  3A79 : 26;
  3A7A : 65;
  3A7B : B0;
  3A7C : C5;
  3A7D : B1;
  3A7E : B0;
  3A7F : 17;
  3A80 : 69;
  3A81 : 2C;
  3A82 : 65;
  3A83 : B0;
  3A84 : C5;
  3A85 : B1;
  3A86 : 90;
  3A87 : 03;
  3A88 : 4C;
  3A89 : 10;
  3A8A : FA;
  3A8B : A5;
  3A8C : B4;
  3A8D : F0;
  3A8E : 1D;
  3A8F : 85;
  3A90 : A8;
  3A91 : D0;
  3A92 : 19;
  3A93 : E6;
  3A94 : A9;
  3A95 : B0;
  3A96 : 02;
  3A97 : C6;
  3A98 : A9;
  3A99 : 38;
  3A9A : E9;
  3A9B : 13;
  3A9C : E5;
  3A9D : B1;
  3A9E : 65;
  3A9F : 92;
  3AA0 : 85;
  3AA1 : 92;
  3AA2 : A5;
  3AA3 : A4;
  3AA4 : 49;
  3AA5 : 01;
  3AA6 : 85;
  3AA7 : A4;
  3AA8 : F0;
  3AA9 : 2B;
  3AAA : 86;
  3AAB : D7;
  3AAC : A5;
  3AAD : B4;
  3AAE : F0;
  3AAF : 22;
  3AB0 : AD;
  3AB1 : A3;
  3AB2 : 02;
  3AB3 : 29;
  3AB4 : 01;
  3AB5 : D0;
  3AB6 : 05;
  3AB7 : AD;
  3AB8 : A4;
  3AB9 : 02;
  3ABA : D0;
  3ABB : 16;
  3ABC : A9;
  3ABD : 00;
  3ABE : 85;
  3ABF : A4;
  3AC0 : 8D;
  3AC1 : A4;
  3AC2 : 02;
  3AC3 : A5;
  3AC4 : A3;
  3AC5 : 10;
  3AC6 : 30;
  3AC7 : 30;
  3AC8 : BF;
  3AC9 : A2;
  3ACA : A6;
  3ACB : 20;
  3ACC : E2;
  3ACD : F8;
  3ACE : A5;
  3ACF : 9B;
  3AD0 : D0;
  3AD1 : B9;
  3AD2 : 4C;
  3AD3 : BC;
  3AD4 : FE;
  3AD5 : A5;
  3AD6 : 92;
  3AD7 : F0;
  3AD8 : 07;
  3AD9 : 30;
  3ADA : 03;
  3ADB : C6;
  3ADC : B0;
  3ADD : 2C;
  3ADE : E6;
  3ADF : B0;
  3AE0 : A9;
  3AE1 : 00;
  3AE2 : 85;
  3AE3 : 92;
  3AE4 : E4;
  3AE5 : D7;
  3AE6 : D0;
  3AE7 : 0F;
  3AE8 : 8A;
  3AE9 : D0;
  3AEA : A0;
  3AEB : A5;
  3AEC : A9;
  3AED : 30;
  3AEE : BD;
  3AEF : C9;
  3AF0 : 10;
  3AF1 : 90;
  3AF2 : B9;
  3AF3 : 85;
  3AF4 : 96;
  3AF5 : B0;
  3AF6 : B5;
  3AF7 : 8A;
  3AF8 : 45;
  3AF9 : 9B;
  3AFA : 85;
  3AFB : 9B;
  3AFC : A5;
  3AFD : B4;
  3AFE : F0;
  3AFF : D2;
  3B00 : C6;
  3B01 : A3;
  3B02 : 30;
  3B03 : C5;
  3B04 : 46;
  3B05 : D7;
  3B06 : 66;
  3B07 : BF;
  3B08 : A2;
  3B09 : DA;
  3B0A : 20;
  3B0B : E2;
  3B0C : F8;
  3B0D : 4C;
  3B0E : BC;
  3B0F : FE;
  3B10 : A5;
  3B11 : 96;
  3B12 : F0;
  3B13 : 04;
  3B14 : A5;
  3B15 : B4;
  3B16 : F0;
  3B17 : 07;
  3B18 : A5;
  3B19 : A3;
  3B1A : 30;
  3B1B : 03;
  3B1C : 4C;
  3B1D : 97;
  3B1E : F9;
  3B1F : 46;
  3B20 : B1;
  3B21 : A9;
  3B22 : 93;
  3B23 : 38;
  3B24 : E5;
  3B25 : B1;
  3B26 : 65;
  3B27 : B0;
  3B28 : 0A;
  3B29 : AA;
  3B2A : 20;
  3B2B : E2;
  3B2C : F8;
  3B2D : E6;
  3B2E : 9C;
  3B2F : A5;
  3B30 : B4;
  3B31 : D0;
  3B32 : 11;
  3B33 : A5;
  3B34 : 96;
  3B35 : F0;
  3B36 : 26;
  3B37 : 85;
  3B38 : A8;
  3B39 : A9;
  3B3A : 00;
  3B3B : 85;
  3B3C : 96;
  3B3D : A9;
  3B3E : 81;
  3B3F : 8D;
  3B40 : 0D;
  3B41 : DC;
  3B42 : 85;
  3B43 : B4;
  3B44 : A5;
  3B45 : 96;
  3B46 : 85;
  3B47 : B5;
  3B48 : F0;
  3B49 : 09;
  3B4A : A9;
  3B4B : 00;
  3B4C : 85;
  3B4D : B4;
  3B4E : A9;
  3B4F : 01;
  3B50 : 8D;
  3B51 : 0D;
  3B52 : DC;
  3B53 : A5;
  3B54 : BF;
  3B55 : 85;
  3B56 : BD;
  3B57 : A5;
  3B58 : A8;
  3B59 : 05;
  3B5A : A9;
  3B5B : 85;
  3B5C : B6;
  3B5D : 4C;
  3B5E : BC;
  3B5F : FE;
  3B60 : 20;
  3B61 : 97;
  3B62 : FB;
  3B63 : 85;
  3B64 : 9C;
  3B65 : A2;
  3B66 : DA;
  3B67 : 20;
  3B68 : E2;
  3B69 : F8;
  3B6A : A5;
  3B6B : BE;
  3B6C : F0;
  3B6D : 02;
  3B6E : 85;
  3B6F : A7;
  3B70 : A9;
  3B71 : 0F;
  3B72 : 24;
  3B73 : AA;
  3B74 : 10;
  3B75 : 17;
  3B76 : A5;
  3B77 : B5;
  3B78 : D0;
  3B79 : 0C;
  3B7A : A6;
  3B7B : BE;
  3B7C : CA;
  3B7D : D0;
  3B7E : 0B;
  3B7F : A9;
  3B80 : 08;
  3B81 : 20;
  3B82 : 1C;
  3B83 : FE;
  3B84 : D0;
  3B85 : 04;
  3B86 : A9;
  3B87 : 00;
  3B88 : 85;
  3B89 : AA;
  3B8A : 4C;
  3B8B : BC;
  3B8C : FE;
  3B8D : 70;
  3B8E : 31;
  3B8F : D0;
  3B90 : 18;
  3B91 : A5;
  3B92 : B5;
  3B93 : D0;
  3B94 : F5;
  3B95 : A5;
  3B96 : B6;
  3B97 : D0;
  3B98 : F1;
  3B99 : A5;
  3B9A : A7;
  3B9B : 4A;
  3B9C : A5;
  3B9D : BD;
  3B9E : 30;
  3B9F : 03;
  3BA0 : 90;
  3BA1 : 18;
  3BA2 : 18;
  3BA3 : B0;
  3BA4 : 15;
  3BA5 : 29;
  3BA6 : 0F;
  3BA7 : 85;
  3BA8 : AA;
  3BA9 : C6;
  3BAA : AA;
  3BAB : D0;
  3BAC : DD;
  3BAD : A9;
  3BAE : 40;
  3BAF : 85;
  3BB0 : AA;
  3BB1 : 20;
  3BB2 : 8E;
  3BB3 : FB;
  3BB4 : A9;
  3BB5 : 00;
  3BB6 : 85;
  3BB7 : AB;
  3BB8 : F0;
  3BB9 : D0;
  3BBA : A9;
  3BBB : 80;
  3BBC : 85;
  3BBD : AA;
  3BBE : D0;
  3BBF : CA;
  3BC0 : A5;
  3BC1 : B5;
  3BC2 : F0;
  3BC3 : 0A;
  3BC4 : A9;
  3BC5 : 04;
  3BC6 : 20;
  3BC7 : 1C;
  3BC8 : FE;
  3BC9 : A9;
  3BCA : 00;
  3BCB : 4C;
  3BCC : 4A;
  3BCD : FB;
  3BCE : 20;
  3BCF : D1;
  3BD0 : FC;
  3BD1 : 90;
  3BD2 : 03;
  3BD3 : 4C;
  3BD4 : 48;
  3BD5 : FB;
  3BD6 : A6;
  3BD7 : A7;
  3BD8 : CA;
  3BD9 : F0;
  3BDA : 2D;
  3BDB : A5;
  3BDC : 93;
  3BDD : F0;
  3BDE : 0C;
  3BDF : A0;
  3BE0 : 00;
  3BE1 : A5;
  3BE2 : BD;
  3BE3 : D1;
  3BE4 : AC;
  3BE5 : F0;
  3BE6 : 04;
  3BE7 : A9;
  3BE8 : 01;
  3BE9 : 85;
  3BEA : B6;
  3BEB : A5;
  3BEC : B6;
  3BED : F0;
  3BEE : 4B;
  3BEF : A2;
  3BF0 : 3D;
  3BF1 : E4;
  3BF2 : 9E;
  3BF3 : 90;
  3BF4 : 3E;
  3BF5 : A6;
  3BF6 : 9E;
  3BF7 : A5;
  3BF8 : AD;
  3BF9 : 9D;
  3BFA : 01;
  3BFB : 01;
  3BFC : A5;
  3BFD : AC;
  3BFE : 9D;
  3BFF : 00;
  3C00 : 01;
  3C01 : E8;
  3C02 : E8;
  3C03 : 86;
  3C04 : 9E;
  3C05 : 4C;
  3C06 : 3A;
  3C07 : FB;
  3C08 : A6;
  3C09 : 9F;
  3C0A : E4;
  3C0B : 9E;
  3C0C : F0;
  3C0D : 35;
  3C0E : A5;
  3C0F : AC;
  3C10 : DD;
  3C11 : 00;
  3C12 : 01;
  3C13 : D0;
  3C14 : 2E;
  3C15 : A5;
  3C16 : AD;
  3C17 : DD;
  3C18 : 01;
  3C19 : 01;
  3C1A : D0;
  3C1B : 27;
  3C1C : E6;
  3C1D : 9F;
  3C1E : E6;
  3C1F : 9F;
  3C20 : A5;
  3C21 : 93;
  3C22 : F0;
  3C23 : 0B;
  3C24 : A5;
  3C25 : BD;
  3C26 : A0;
  3C27 : 00;
  3C28 : D1;
  3C29 : AC;
  3C2A : F0;
  3C2B : 17;
  3C2C : C8;
  3C2D : 84;
  3C2E : B6;
  3C2F : A5;
  3C30 : B6;
  3C31 : F0;
  3C32 : 07;
  3C33 : A9;
  3C34 : 10;
  3C35 : 20;
  3C36 : 1C;
  3C37 : FE;
  3C38 : D0;
  3C39 : 09;
  3C3A : A5;
  3C3B : 93;
  3C3C : D0;
  3C3D : 05;
  3C3E : A8;
  3C3F : A5;
  3C40 : BD;
  3C41 : 91;
  3C42 : AC;
  3C43 : 20;
  3C44 : DB;
  3C45 : FC;
  3C46 : D0;
  3C47 : 43;
  3C48 : A9;
  3C49 : 80;
  3C4A : 85;
  3C4B : AA;
  3C4C : 78;
  3C4D : A2;
  3C4E : 01;
  3C4F : 8E;
  3C50 : 0D;
  3C51 : DC;
  3C52 : AE;
  3C53 : 0D;
  3C54 : DC;
  3C55 : A6;
  3C56 : BE;
  3C57 : CA;
  3C58 : 30;
  3C59 : 02;
  3C5A : 86;
  3C5B : BE;
  3C5C : C6;
  3C5D : A7;
  3C5E : F0;
  3C5F : 08;
  3C60 : A5;
  3C61 : 9E;
  3C62 : D0;
  3C63 : 27;
  3C64 : 85;
  3C65 : BE;
  3C66 : F0;
  3C67 : 23;
  3C68 : 20;
  3C69 : 93;
  3C6A : FC;
  3C6B : 20;
  3C6C : 8E;
  3C6D : FB;
  3C6E : A0;
  3C6F : 00;
  3C70 : 84;
  3C71 : AB;
  3C72 : B1;
  3C73 : AC;
  3C74 : 45;
  3C75 : AB;
  3C76 : 85;
  3C77 : AB;
  3C78 : 20;
  3C79 : DB;
  3C7A : FC;
  3C7B : 20;
  3C7C : D1;
  3C7D : FC;
  3C7E : 90;
  3C7F : F2;
  3C80 : A5;
  3C81 : AB;
  3C82 : 45;
  3C83 : BD;
  3C84 : F0;
  3C85 : 05;
  3C86 : A9;
  3C87 : 20;
  3C88 : 20;
  3C89 : 1C;
  3C8A : FE;
  3C8B : 4C;
  3C8C : BC;
  3C8D : FE;
  3C8E : A5;
  3C8F : C2;
  3C90 : 85;
  3C91 : AD;
  3C92 : A5;
  3C93 : C1;
  3C94 : 85;
  3C95 : AC;
  3C96 : 60;
  3C97 : A9;
  3C98 : 08;
  3C99 : 85;
  3C9A : A3;
  3C9B : A9;
  3C9C : 00;
  3C9D : 85;
  3C9E : A4;
  3C9F : 85;
  3CA0 : A8;
  3CA1 : 85;
  3CA2 : 9B;
  3CA3 : 85;
  3CA4 : A9;
  3CA5 : 60;
  3CA6 : A5;
  3CA7 : BD;
  3CA8 : 4A;
  3CA9 : A9;
  3CAA : 60;
  3CAB : 90;
  3CAC : 02;
  3CAD : A9;
  3CAE : B0;
  3CAF : A2;
  3CB0 : 00;
  3CB1 : 8D;
  3CB2 : 06;
  3CB3 : DC;
  3CB4 : 8E;
  3CB5 : 07;
  3CB6 : DC;
  3CB7 : AD;
  3CB8 : 0D;
  3CB9 : DC;
  3CBA : A9;
  3CBB : 19;
  3CBC : 8D;
  3CBD : 0F;
  3CBE : DC;
  3CBF : A5;
  3CC0 : 01;
  3CC1 : 49;
  3CC2 : 08;
  3CC3 : 85;
  3CC4 : 01;
  3CC5 : 29;
  3CC6 : 08;
  3CC7 : 60;
  3CC8 : 38;
  3CC9 : 66;
  3CCA : B6;
  3CCB : 30;
  3CCC : 3C;
  3CCD : A5;
  3CCE : A8;
  3CCF : D0;
  3CD0 : 12;
  3CD1 : A9;
  3CD2 : 10;
  3CD3 : A2;
  3CD4 : 01;
  3CD5 : 20;
  3CD6 : B1;
  3CD7 : FB;
  3CD8 : D0;
  3CD9 : 2F;
  3CDA : E6;
  3CDB : A8;
  3CDC : A5;
  3CDD : B6;
  3CDE : 10;
  3CDF : 29;
  3CE0 : C2;
  3CE1 : 31;
  3CE2 : 48;
  3CE3 : 5A;
  3CE4 : A0;
  3CE5 : 34;
  3CE6 : 00;
  3CE7 : 80;
  3CE8 : 0A;
  3CE9 : 38;
  3CEA : 90;
  3CEB : 18;
  3CEC : C2;
  3CED : 30;
  3CEE : 48;
  3CEF : 5A;
  3CF0 : A0;
  3CF1 : 24;
  3CF2 : 00;
  3CF3 : DA;
  3CF4 : 3B;
  3CF5 : 49;
  3CF6 : 00;
  3CF7 : 01;
  3CF8 : 89;
  3CF9 : 00;
  3CFA : FF;
  3CFB : F0;
  3CFC : 04;
  3CFD : A2;
  3CFE : FB;
  3CFF : 01;
  3D00 : 9A;
  3D01 : 49;
  3D02 : 00;
  3D03 : 01;
  3D04 : 48;
  3D05 : 2A;
  3D06 : 38;
  3D07 : FB;
  3D08 : 4A;
  3D09 : F4;
  3D0A : 58;
  3D0B : FC;
  3D0C : 5A;
  3D0D : 80;
  3D0E : 03;
  3D0F : 38;
  3D10 : 90;
  3D11 : 18;
  3D12 : 48;
  3D13 : A9;
  3D14 : 00;
  3D15 : EB;
  3D16 : 48;
  3D17 : 0B;
  3D18 : A9;
  3D19 : 00;
  3D1A : 5B;
  3D1B : 8B;
  3D1C : 48;
  3D1D : AB;
  3D1E : AD;
  3D1F : B2;
  3D20 : D0;
  3D21 : 8D;
  3D22 : 73;
  3D23 : D0;
  3D24 : 48;
  3D25 : AD;
  3D26 : BC;
  3D27 : D0;
  3D28 : 8D;
  3D29 : BF;
  3D2A : D0;
  3D2B : 48;
  3D2C : F4;
  3D2D : 47;
  3D2E : FC;
  3D2F : A3;
  3D30 : 0A;
  3D31 : 48;
  3D32 : 09;
  3D33 : 04;
  3D34 : 48;
  3D35 : 8D;
  3D36 : 7F;
  3D37 : D0;
  3D38 : A3;
  3D39 : 0A;
  3D3A : EB;
  3D3B : A3;
  3D3C : 0B;
  3D3D : B0;
  3D3E : 04;
  3D3F : 28;
  3D40 : 4C;
  3D41 : 48;
  3D42 : FF;
  3D43 : 28;
  3D44 : 6C;
  3D45 : 18;
  3D46 : 03;
  3D47 : 8D;
  3D48 : 7E;
  3D49 : D0;
  3D4A : 68;
  3D4B : 8D;
  3D4C : BC;
  3D4D : D0;
  3D4E : 68;
  3D4F : 8D;
  3D50 : B2;
  3D51 : D0;
  3D52 : AB;
  3D53 : 2B;
  3D54 : 68;
  3D55 : EB;
  3D56 : 68;
  3D57 : 40;
  3D58 : 18;
  3D59 : FB;
  3D5A : C2;
  3D5B : 30;
  3D5C : 68;
  3D5D : 1B;
  3D5E : FA;
  3D5F : 7A;
  3D60 : 68;
  3D61 : 40;
  3D62 : A2;
  3D63 : 08;
  3D64 : 78;
  3D65 : 20;
  3D66 : BD;
  3D67 : FC;
  3D68 : D0;
  3D69 : EA;
  3D6A : A9;
  3D6B : 78;
  3D6C : 20;
  3D6D : AF;
  3D6E : FB;
  3D6F : D0;
  3D70 : E3;
  3D71 : C6;
  3D72 : A7;
  3D73 : D0;
  3D74 : DF;
  3D75 : 20;
  3D76 : 97;
  3D77 : FB;
  3D78 : C6;
  3D79 : AB;
  3D7A : 10;
  3D7B : D8;
  3D7C : A2;
  3D7D : 0A;
  3D7E : 20;
  3D7F : BD;
  3D80 : 5C;
  3D81 : 11;
  3D82 : FC;
  3D83 : 00;
  3D84 : 5C;
  3D85 : 11;
  3D86 : FC;
  3D87 : 00;
  3D88 : 5C;
  3D89 : 57;
  3D8A : FC;
  3D8B : 00;
  3D8C : 5C;
  3D8D : 0F;
  3D8E : FC;
  3D8F : 00;
  3D90 : 5C;
  3D91 : FC;
  3D92 : 00;
  3D93 : F8;
  3D94 : 5C;
  3D95 : 11;
  3D96 : FC;
  3D97 : 00;
  3D98 : 5C;
  3D99 : E0;
  3D9A : FB;
  3D9B : 00;
  3D9C : 5C;
  3D9D : E0;
  3D9E : FB;
  3D9F : 00;
  3DA0 : 5C;
  3DA1 : 61;
  3DA2 : FC;
  3DA3 : 00;
  3DA4 : 5C;
  3DA5 : E9;
  3DA6 : FB;
  3DA7 : 00;
  3DA8 : 5C;
  3DA9 : FC;
  3DAA : 00;
  3DAB : F8;
  3DAC : 5C;
  3DAD : EB;
  3DAE : FB;
  3DAF : 00;
  3DB0 : AD;
  3DB1 : 9F;
  3DB2 : 02;
  3DB3 : 8D;
  3DB4 : 14;
  3DB5 : 03;
  3DB6 : 28;
  3DB7 : 60;
  3DB8 : 20;
  3DB9 : 93;
  3DBA : FC;
  3DBB : F0;
  3DBC : 97;
  3DBD : BD;
  3DBE : 93;
  3DBF : FD;
  3DC0 : 8D;
  3DC1 : 14;
  3DC2 : 03;
  3DC3 : BD;
  3DC4 : 94;
  3DC5 : FD;
  3DC6 : 8D;
  3DC7 : 15;
  3DC8 : 03;
  3DC9 : 60;
  3DCA : A5;
  3DCB : 01;
  3DCC : 09;
  3DCD : 20;
  3DCE : 85;
  3DCF : 01;
  3DD0 : 60;
  3DD1 : 38;
  3DD2 : A5;
  3DD3 : AC;
  3DD4 : E5;
  3DD5 : AE;
  3DD6 : A5;
  3DD7 : AD;
  3DD8 : E5;
  3DD9 : AF;
  3DDA : 60;
  3DDB : E6;
  3DDC : AC;
  3DDD : D0;
  3DDE : 02;
  3DDF : E6;
  3DE0 : AD;
  3DE1 : 60;
  3DE2 : A2;
  3DE3 : FF;
  3DE4 : 78;
  3DE5 : 9A;
  3DE6 : D8;
  3DE7 : 20;
  3DE8 : 02;
  3DE9 : FD;
  3DEA : D0;
  3DEB : 03;
  3DEC : 6C;
  3DED : 00;
  3DEE : 80;
  3DEF : 8E;
  3DF0 : 16;
  3DF1 : D0;
  3DF2 : 20;
  3DF3 : A3;
  3DF4 : FD;
  3DF5 : 20;
  3DF6 : 50;
  3DF7 : FD;
  3DF8 : 20;
  3DF9 : 15;
  3DFA : FD;
  3DFB : 20;
  3DFC : 5B;
  3DFD : FF;
  3DFE : 58;
  3DFF : 6C;
  3E00 : 00;
  3E01 : A0;
  3E02 : A2;
  3E03 : 05;
  3E04 : BD;
  3E05 : 0F;
  3E06 : FD;
  3E07 : DD;
  3E08 : 03;
  3E09 : 80;
  3E0A : D0;
  3E0B : 03;
  3E0C : CA;
  3E0D : D0;
  3E0E : F5;
  3E0F : 60;
  3E10 : C3;
  3E11 : C2;
  3E12 : CD;
  3E13 : 38;
  3E14 : 30;
  3E15 : 20;
  3E16 : 8B;
  3E17 : F3;
  3E18 : EA;
  3E19 : 18;
  3E1A : 86;
  3E1B : C3;
  3E1C : 84;
  3E1D : C4;
  3E1E : A0;
  3E1F : 1F;
  3E20 : B1;
  3E21 : C3;
  3E22 : 90;
  3E23 : 05;
  3E24 : B9;
  3E25 : 14;
  3E26 : 03;
  3E27 : 91;
  3E28 : C3;
  3E29 : 99;
  3E2A : 14;
  3E2B : 03;
  3E2C : 88;
  3E2D : 10;
  3E2E : F1;
  3E2F : 60;
  3E30 : 31;
  3E31 : EA;
  3E32 : 66;
  3E33 : FE;
  3E34 : 47;
  3E35 : FE;
  3E36 : 4A;
  3E37 : F3;
  3E38 : 91;
  3E39 : F2;
  3E3A : 0E;
  3E3B : F2;
  3E3C : 50;
  3E3D : F2;
  3E3E : 33;
  3E3F : F3;
  3E40 : 57;
  3E41 : F1;
  3E42 : CA;
  3E43 : F1;
  3E44 : ED;
  3E45 : F6;
  3E46 : 3E;
  3E47 : F1;
  3E48 : 2F;
  3E49 : F3;
  3E4A : 66;
  3E4B : FE;
  3E4C : A5;
  3E4D : F4;
  3E4E : ED;
  3E4F : F5;
  3E50 : A9;
  3E51 : 00;
  3E52 : A8;
  3E53 : 99;
  3E54 : 02;
  3E55 : 00;
  3E56 : 99;
  3E57 : 00;
  3E58 : 02;
  3E59 : 99;
  3E5A : 00;
  3E5B : 03;
  3E5C : C8;
  3E5D : D0;
  3E5E : F4;
  3E5F : A2;
  3E60 : 3C;
  3E61 : A0;
  3E62 : 03;
  3E63 : 86;
  3E64 : B2;
  3E65 : 84;
  3E66 : B3;
  3E67 : A8;
  3E68 : A9;
  3E69 : 03;
  3E6A : 85;
  3E6B : C2;
  3E6C : E6;
  3E6D : C2;
  3E6E : B1;
  3E6F : C1;
  3E70 : AA;
  3E71 : A9;
  3E72 : 55;
  3E73 : 91;
  3E74 : C1;
  3E75 : D1;
  3E76 : C1;
  3E77 : D0;
  3E78 : 0F;
  3E79 : 2A;
  3E7A : 91;
  3E7B : C1;
  3E7C : D1;
  3E7D : C1;
  3E7E : D0;
  3E7F : 08;
  3E80 : 8A;
  3E81 : 91;
  3E82 : C1;
  3E83 : 98;
  3E84 : D0;
  3E85 : E8;
  3E86 : F0;
  3E87 : E4;
  3E88 : 98;
  3E89 : AA;
  3E8A : A4;
  3E8B : C2;
  3E8C : 18;
  3E8D : 20;
  3E8E : 2D;
  3E8F : FE;
  3E90 : A9;
  3E91 : 08;
  3E92 : 8D;
  3E93 : 82;
  3E94 : 02;
  3E95 : A9;
  3E96 : 04;
  3E97 : 8D;
  3E98 : 88;
  3E99 : 02;
  3E9A : 60;
  3E9B : 6A;
  3E9C : FC;
  3E9D : CD;
  3E9E : FB;
  3E9F : 31;
  3EA0 : EA;
  3EA1 : 2C;
  3EA2 : F9;
  3EA3 : A9;
  3EA4 : 7F;
  3EA5 : 8D;
  3EA6 : 0D;
  3EA7 : DC;
  3EA8 : 8D;
  3EA9 : 0D;
  3EAA : DD;
  3EAB : 8D;
  3EAC : 00;
  3EAD : DC;
  3EAE : A9;
  3EAF : 08;
  3EB0 : 8D;
  3EB1 : 0E;
  3EB2 : DC;
  3EB3 : 8D;
  3EB4 : 0E;
  3EB5 : DD;
  3EB6 : 8D;
  3EB7 : 0F;
  3EB8 : DC;
  3EB9 : 8D;
  3EBA : 0F;
  3EBB : DD;
  3EBC : A2;
  3EBD : 00;
  3EBE : 8E;
  3EBF : 03;
  3EC0 : DC;
  3EC1 : 8E;
  3EC2 : 03;
  3EC3 : DD;
  3EC4 : 8E;
  3EC5 : 18;
  3EC6 : D4;
  3EC7 : CA;
  3EC8 : 8E;
  3EC9 : 02;
  3ECA : DC;
  3ECB : A9;
  3ECC : 07;
  3ECD : 20;
  3ECE : C8;
  3ECF : F2;
  3ED0 : A9;
  3ED1 : 3F;
  3ED2 : 8D;
  3ED3 : 02;
  3ED4 : DD;
  3ED5 : A9;
  3ED6 : E7;
  3ED7 : 85;
  3ED8 : 01;
  3ED9 : A9;
  3EDA : 2F;
  3EDB : 85;
  3EDC : 00;
  3EDD : AD;
  3EDE : A6;
  3EDF : 02;
  3EE0 : F0;
  3EE1 : 0A;
  3EE2 : A9;
  3EE3 : 25;
  3EE4 : 8D;
  3EE5 : 04;
  3EE6 : DC;
  3EE7 : A9;
  3EE8 : 40;
  3EE9 : 4C;
  3EEA : F3;
  3EEB : FD;
  3EEC : A9;
  3EED : 95;
  3EEE : 8D;
  3EEF : 04;
  3EF0 : DC;
  3EF1 : A9;
  3EF2 : 42;
  3EF3 : 8D;
  3EF4 : 05;
  3EF5 : DC;
  3EF6 : 4C;
  3EF7 : 6E;
  3EF8 : FF;
  3EF9 : 85;
  3EFA : B7;
  3EFB : 86;
  3EFC : BB;
  3EFD : 84;
  3EFE : BC;
  3EFF : 60;
  3F00 : 85;
  3F01 : B8;
  3F02 : 86;
  3F03 : BA;
  3F04 : 84;
  3F05 : B9;
  3F06 : 60;
  3F07 : A5;
  3F08 : BA;
  3F09 : C9;
  3F0A : 02;
  3F0B : D0;
  3F0C : 0D;
  3F0D : AD;
  3F0E : 97;
  3F0F : 02;
  3F10 : 48;
  3F11 : A9;
  3F12 : 00;
  3F13 : 8D;
  3F14 : 97;
  3F15 : 02;
  3F16 : 68;
  3F17 : 60;
  3F18 : 85;
  3F19 : 9D;
  3F1A : A5;
  3F1B : 90;
  3F1C : 05;
  3F1D : 90;
  3F1E : 85;
  3F1F : 90;
  3F20 : 60;
  3F21 : 8D;
  3F22 : 85;
  3F23 : 02;
  3F24 : 60;
  3F25 : 90;
  3F26 : 06;
  3F27 : AE;
  3F28 : 83;
  3F29 : 02;
  3F2A : AC;
  3F2B : 84;
  3F2C : 02;
  3F2D : 8E;
  3F2E : 83;
  3F2F : 02;
  3F30 : 8C;
  3F31 : 84;
  3F32 : 02;
  3F33 : 60;
  3F34 : 90;
  3F35 : 06;
  3F36 : AE;
  3F37 : 81;
  3F38 : 02;
  3F39 : AC;
  3F3A : 82;
  3F3B : 02;
  3F3C : 8E;
  3F3D : 81;
  3F3E : 02;
  3F3F : 8C;
  3F40 : 82;
  3F41 : 02;
  3F42 : 60;
  3F43 : 78;
  3F44 : 6C;
  3F45 : 18;
  3F46 : 03;
  3F47 : 48;
  3F48 : 8A;
  3F49 : 48;
  3F4A : 98;
  3F4B : 48;
  3F4C : A9;
  3F4D : 7F;
  3F4E : 8D;
  3F4F : 0D;
  3F50 : DD;
  3F51 : AC;
  3F52 : 0D;
  3F53 : DD;
  3F54 : 30;
  3F55 : 1C;
  3F56 : 20;
  3F57 : 02;
  3F58 : FD;
  3F59 : D0;
  3F5A : 03;
  3F5B : 6C;
  3F5C : 02;
  3F5D : 80;
  3F5E : 20;
  3F5F : BC;
  3F60 : F6;
  3F61 : 20;
  3F62 : E1;
  3F63 : FF;
  3F64 : D0;
  3F65 : 0C;
  3F66 : 20;
  3F67 : 15;
  3F68 : FD;
  3F69 : 20;
  3F6A : A3;
  3F6B : FD;
  3F6C : 20;
  3F6D : 18;
  3F6E : E5;
  3F6F : 6C;
  3F70 : 02;
  3F71 : A0;
  3F72 : 98;
  3F73 : 2D;
  3F74 : A1;
  3F75 : 02;
  3F76 : AA;
  3F77 : 29;
  3F78 : 01;
  3F79 : F0;
  3F7A : 28;
  3F7B : AD;
  3F7C : 00;
  3F7D : DD;
  3F7E : 29;
  3F7F : FB;
  3F80 : 05;
  3F81 : B5;
  3F82 : 8D;
  3F83 : 00;
  3F84 : DD;
  3F85 : AD;
  3F86 : A1;
  3F87 : 02;
  3F88 : 8D;
  3F89 : 0D;
  3F8A : DD;
  3F8B : 8A;
  3F8C : 29;
  3F8D : 12;
  3F8E : F0;
  3F8F : 0D;
  3F90 : 29;
  3F91 : 02;
  3F92 : F0;
  3F93 : 06;
  3F94 : 20;
  3F95 : D6;
  3F96 : FE;
  3F97 : 4C;
  3F98 : 9D;
  3F99 : FE;
  3F9A : 20;
  3F9B : 07;
  3F9C : FF;
  3F9D : 20;
  3F9E : BB;
  3F9F : EE;
  3FA0 : 4C;
  3FA1 : B6;
  3FA2 : FE;
  3FA3 : 8A;
  3FA4 : 29;
  3FA5 : 02;
  3FA6 : F0;
  3FA7 : 06;
  3FA8 : 20;
  3FA9 : D6;
  3FAA : FE;
  3FAB : 4C;
  3FAC : B6;
  3FAD : FE;
  3FAE : 8A;
  3FAF : 29;
  3FB0 : 10;
  3FB1 : F0;
  3FB2 : 03;
  3FB3 : 20;
  3FB4 : 07;
  3FB5 : FF;
  3FB6 : AD;
  3FB7 : A1;
  3FB8 : 02;
  3FB9 : 8D;
  3FBA : 0D;
  3FBB : DD;
  3FBC : 68;
  3FBD : A8;
  3FBE : 68;
  3FBF : AA;
  3FC0 : 68;
  3FC1 : 40;
  3FC2 : C1;
  3FC3 : 27;
  3FC4 : 3E;
  3FC5 : 1A;
  3FC6 : C5;
  3FC7 : 11;
  3FC8 : 74;
  3FC9 : 0E;
  3FCA : ED;
  3FCB : 0C;
  3FCC : 45;
  3FCD : 06;
  3FCE : F0;
  3FCF : 02;
  3FD0 : 46;
  3FD1 : 01;
  3FD2 : B8;
  3FD3 : 00;
  3FD4 : 71;
  3FD5 : 00;
  3FD6 : AD;
  3FD7 : 01;
  3FD8 : DD;
  3FD9 : 29;
  3FDA : 01;
  3FDB : 85;
  3FDC : A7;
  3FDD : AD;
  3FDE : 06;
  3FDF : DD;
  3FE0 : E9;
  3FE1 : 1C;
  3FE2 : 6D;
  3FE3 : 99;
  3FE4 : 02;
  3FE5 : 8D;
  3FE6 : 06;
  3FE7 : DD;
  3FE8 : AD;
  3FE9 : 07;
  3FEA : DD;
  3FEB : 6D;
  3FEC : 9A;
  3FED : 02;
  3FEE : 8D;
  3FEF : 07;
  3FF0 : DD;
  3FF1 : A9;
  3FF2 : 11;
  3FF3 : 8D;
  3FF4 : 0F;
  3FF5 : DD;
  3FF6 : AD;
  3FF7 : A1;
  3FF8 : 02;
  3FF9 : 8D;
  3FFA : 0D;
  3FFB : DD;
  3FFC : A9;
  3FFD : FF;
  3FFE : 8D;
  3FFF : 06;
  4000 : DD;
  4001 : 8D;
  4002 : 07;
  4003 : DD;
  4004 : 4C;
  4005 : 59;
  4006 : EF;
  4007 : AD;
  4008 : 95;
  4009 : 02;
  400A : 8D;
  400B : 06;
  400C : DD;
  400D : AD;
  400E : 96;
  400F : 02;
  4010 : 8D;
  4011 : 07;
  4012 : DD;
  4013 : A9;
  4014 : 11;
  4015 : 8D;
  4016 : 0F;
  4017 : DD;
  4018 : A9;
  4019 : 12;
  401A : 4D;
  401B : A1;
  401C : 02;
  401D : 8D;
  401E : A1;
  401F : 02;
  4020 : A9;
  4021 : FF;
  4022 : 8D;
  4023 : 06;
  4024 : DD;
  4025 : 8D;
  4026 : 07;
  4027 : DD;
  4028 : AE;
  4029 : 98;
  402A : 02;
  402B : 86;
  402C : A8;
  402D : 60;
  402E : AA;
  402F : AD;
  4030 : 96;
  4031 : 02;
  4032 : 2A;
  4033 : A8;
  4034 : 8A;
  4035 : 69;
  4036 : C8;
  4037 : 8D;
  4038 : 99;
  4039 : 02;
  403A : 98;
  403B : 69;
  403C : 00;
  403D : 8D;
  403E : 9A;
  403F : 02;
  4040 : 60;
  4041 : EA;
  4042 : EA;
  4043 : 08;
  4044 : 68;
  4045 : 29;
  4046 : EF;
  4047 : 48;
  4048 : 48;
  4049 : 8A;
  404A : 48;
  404B : 98;
  404C : 48;
  404D : BA;
  404E : BD;
  404F : 04;
  4050 : 01;
  4051 : 29;
  4052 : 10;
  4053 : F0;
  4054 : 03;
  4055 : 6C;
  4056 : 16;
  4057 : 03;
  4058 : 6C;
  4059 : 14;
  405A : 03;
  405B : 20;
  405C : 18;
  405D : E5;
  405E : AD;
  405F : 12;
  4060 : D0;
  4061 : D0;
  4062 : FB;
  4063 : AD;
  4064 : 19;
  4065 : D0;
  4066 : 29;
  4067 : 01;
  4068 : 8D;
  4069 : A6;
  406A : 02;
  406B : 4C;
  406C : DD;
  406D : FD;
  406E : A9;
  406F : 81;
  4070 : 8D;
  4071 : 0D;
  4072 : DC;
  4073 : AD;
  4074 : 0E;
  4075 : DC;
  4076 : 29;
  4077 : 80;
  4078 : 09;
  4079 : 11;
  407A : 8D;
  407B : 0E;
  407C : DC;
  407D : 4C;
  407E : 8E;
  407F : EE;
  4080 : 03;
  4081 : 4C;
  4082 : 5B;
  4083 : FF;
  4084 : 4C;
  4085 : A3;
  4086 : FD;
  4087 : 4C;
  4088 : 50;
  4089 : FD;
  408A : 4C;
  408B : 15;
  408C : FD;
  408D : 4C;
  408E : 1A;
  408F : FD;
  4090 : 4C;
  4091 : 18;
  4092 : FE;
  4093 : 4C;
  4094 : B9;
  4095 : ED;
  4096 : 4C;
  4097 : C7;
  4098 : ED;
  4099 : 4C;
  409A : 25;
  409B : FE;
  409C : 4C;
  409D : 34;
  409E : FE;
  409F : 4C;
  40A0 : 87;
  40A1 : EA;
  40A2 : 4C;
  40A3 : 21;
  40A4 : FE;
  40A5 : 4C;
  40A6 : 13;
  40A7 : EE;
  40A8 : 4C;
  40A9 : DD;
  40AA : ED;
  40AB : 4C;
  40AC : EF;
  40AD : ED;
  40AE : 4C;
  40AF : FE;
  40B0 : ED;
  40B1 : 4C;
  40B2 : 0C;
  40B3 : ED;
  40B4 : 4C;
  40B5 : 09;
  40B6 : ED;
  40B7 : 4C;
  40B8 : 07;
  40B9 : FE;
  40BA : 4C;
  40BB : 00;
  40BC : FE;
  40BD : 4C;
  40BE : F9;
  40BF : FD;
  40C0 : 6C;
  40C1 : 1A;
  40C2 : 03;
  40C3 : 6C;
  40C4 : 1C;
  40C5 : 03;
  40C6 : 6C;
  40C7 : 1E;
  40C8 : 03;
  40C9 : 6C;
  40CA : 20;
  40CB : 03;
  40CC : 6C;
  40CD : 22;
  40CE : 03;
  40CF : 6C;
  40D0 : 24;
  40D1 : 03;
  40D2 : 6C;
  40D3 : 26;
  40D4 : 03;
  40D5 : 4C;
  40D6 : 9E;
  40D7 : F4;
  40D8 : 4C;
  40D9 : DD;
  40DA : F5;
  40DB : 4C;
  40DC : E4;
  40DD : F6;
  40DE : 4C;
  40DF : DD;
  40E0 : F6;
  40E1 : 6C;
  40E2 : 28;
  40E3 : 03;
  40E4 : 6C;
  40E5 : 2A;
  40E6 : 03;
  40E7 : 6C;
  40E8 : 2C;
  40E9 : 03;
  40EA : 4C;
  40EB : 9B;
  40EC : F6;
  40ED : 4C;
  40EE : 05;
  40EF : E5;
  40F0 : 4C;
  40F1 : 0A;
  40F2 : E5;
  40F3 : 4C;
  40F4 : 00;
  40F5 : E5;
  40F6 : 52;
  40F7 : 52;
  40F8 : 42;
  40F9 : 59;
  40FA : 43;
  40FB : FE;
  40FC : E2;
  40FD : FC;
  40FE : 48;
  40FF : FF;
  4100 : 85;
  4101 : 56;
  4102 : 20;
  4103 : 0F;
  4104 : BC;
  4105 : A5;
  4106 : 61;
  4107 : C9;
  4108 : 88;
  4109 : 90;
  410A : 03;
  410B : 20;
  410C : D4;
  410D : BA;
  410E : 20;
  410F : CC;
  4110 : BC;
  4111 : A5;
  4112 : 07;
  4113 : 18;
  4114 : 69;
  4115 : 81;
  4116 : F0;
  4117 : F3;
  4118 : 38;
  4119 : E9;
  411A : 01;
  411B : 48;
  411C : A2;
  411D : 05;
  411E : B5;
  411F : 69;
  4120 : B4;
  4121 : 61;
  4122 : 95;
  4123 : 61;
  4124 : 94;
  4125 : 69;
  4126 : CA;
  4127 : 10;
  4128 : F5;
  4129 : A5;
  412A : 56;
  412B : 85;
  412C : 70;
  412D : 20;
  412E : 53;
  412F : B8;
  4130 : 20;
  4131 : B4;
  4132 : BF;
  4133 : A9;
  4134 : C4;
  4135 : A0;
  4136 : BF;
  4137 : 20;
  4138 : 59;
  4139 : E0;
  413A : A9;
  413B : 00;
  413C : 85;
  413D : 6F;
  413E : 68;
  413F : 20;
  4140 : B9;
  4141 : BA;
  4142 : 60;
  4143 : 85;
  4144 : 71;
  4145 : 84;
  4146 : 72;
  4147 : 20;
  4148 : CA;
  4149 : BB;
  414A : A9;
  414B : 57;
  414C : 20;
  414D : 28;
  414E : BA;
  414F : 20;
  4150 : 5D;
  4151 : E0;
  4152 : A9;
  4153 : 57;
  4154 : A0;
  4155 : 00;
  4156 : 4C;
  4157 : 28;
  4158 : BA;
  4159 : 85;
  415A : 71;
  415B : 84;
  415C : 72;
  415D : 20;
  415E : C7;
  415F : BB;
  4160 : B1;
  4161 : 71;
  4162 : 85;
  4163 : 67;
  4164 : A4;
  4165 : 71;
  4166 : C8;
  4167 : 98;
  4168 : D0;
  4169 : 02;
  416A : E6;
  416B : 72;
  416C : 85;
  416D : 71;
  416E : A4;
  416F : 72;
  4170 : 20;
  4171 : 28;
  4172 : BA;
  4173 : A5;
  4174 : 71;
  4175 : A4;
  4176 : 72;
  4177 : 18;
  4178 : 69;
  4179 : 05;
  417A : 90;
  417B : 01;
  417C : C8;
  417D : 85;
  417E : 71;
  417F : 84;
  4180 : 72;
  4181 : 20;
  4182 : 67;
  4183 : B8;
  4184 : A9;
  4185 : 5C;
  4186 : A0;
  4187 : 00;
  4188 : C6;
  4189 : 67;
  418A : D0;
  418B : E4;
  418C : 60;
  418D : 98;
  418E : 35;
  418F : 44;
  4190 : 7A;
  4191 : 00;
  4192 : 68;
  4193 : 28;
  4194 : B1;
  4195 : 46;
  4196 : 00;
  4197 : 20;
  4198 : 2B;
  4199 : BC;
  419A : 30;
  419B : 37;
  419C : D0;
  419D : 20;
  419E : 20;
  419F : F3;
  41A0 : FF;
  41A1 : 86;
  41A2 : 22;
  41A3 : 84;
  41A4 : 23;
  41A5 : A0;
  41A6 : 04;
  41A7 : B1;
  41A8 : 22;
  41A9 : 85;
  41AA : 62;
  41AB : C8;
  41AC : B1;
  41AD : 22;
  41AE : 85;
  41AF : 64;
  41B0 : A0;
  41B1 : 08;
  41B2 : B1;
  41B3 : 22;
  41B4 : 85;
  41B5 : 63;
  41B6 : C8;
  41B7 : B1;
  41B8 : 22;
  41B9 : 85;
  41BA : 65;
  41BB : 4C;
  41BC : E3;
  41BD : E0;
  41BE : A9;
  41BF : 8B;
  41C0 : A0;
  41C1 : 00;
  41C2 : 20;
  41C3 : A2;
  41C4 : BB;
  41C5 : A9;
  41C6 : 8D;
  41C7 : A0;
  41C8 : E0;
  41C9 : 20;
  41CA : 28;
  41CB : BA;
  41CC : A9;
  41CD : 92;
  41CE : A0;
  41CF : E0;
  41D0 : 20;
  41D1 : 67;
  41D2 : B8;
  41D3 : A6;
  41D4 : 65;
  41D5 : A5;
  41D6 : 62;
  41D7 : 85;
  41D8 : 65;
  41D9 : 86;
  41DA : 62;
  41DB : A6;
  41DC : 63;
  41DD : A5;
  41DE : 64;
  41DF : 85;
  41E0 : 63;
  41E1 : 86;
  41E2 : 64;
  41E3 : A9;
  41E4 : 00;
  41E5 : 85;
  41E6 : 66;
  41E7 : A5;
  41E8 : 61;
  41E9 : 85;
  41EA : 70;
  41EB : A9;
  41EC : 80;
  41ED : 85;
  41EE : 61;
  41EF : 20;
  41F0 : D7;
  41F1 : B8;
  41F2 : A2;
  41F3 : 8B;
  41F4 : A0;
  41F5 : 00;
  41F6 : 4C;
  41F7 : D4;
  41F8 : BB;
  41F9 : C9;
  41FA : F0;
  41FB : D0;
  41FC : 07;
  41FD : 84;
  41FE : 38;
  41FF : 86;
  4200 : 37;
  4201 : 4C;
  4202 : 63;
  4203 : A6;
  4204 : AA;
  4205 : D0;
  4206 : 02;
  4207 : A2;
  4208 : 1E;
  4209 : 4C;
  420A : 37;
  420B : A4;
  420C : 20;
  420D : D2;
  420E : FF;
  420F : B0;
  4210 : E8;
  4211 : 60;
  4212 : 20;
  4213 : CF;
  4214 : FF;
  4215 : B0;
  4216 : E2;
  4217 : 60;
  4218 : 20;
  4219 : AD;
  421A : E4;
  421B : B0;
  421C : DC;
  421D : 60;
  421E : 20;
  421F : C6;
  4220 : FF;
  4221 : B0;
  4222 : D6;
  4223 : 60;
  4224 : 20;
  4225 : E4;
  4226 : FF;
  4227 : B0;
  4228 : D0;
  4229 : 60;
  422A : 20;
  422B : 8A;
  422C : AD;
  422D : 20;
  422E : F7;
  422F : B7;
  4230 : A9;
  4231 : E1;
  4232 : 48;
  4233 : A9;
  4234 : 46;
  4235 : 48;
  4236 : AD;
  4237 : 0F;
  4238 : 03;
  4239 : 48;
  423A : AD;
  423B : 0C;
  423C : 03;
  423D : AE;
  423E : 0D;
  423F : 03;
  4240 : AC;
  4241 : 0E;
  4242 : 03;
  4243 : 28;
  4244 : 6C;
  4245 : 14;
  4246 : 00;
  4247 : 08;
  4248 : 8D;
  4249 : 0C;
  424A : 03;
  424B : 8E;
  424C : 0D;
  424D : 03;
  424E : 8C;
  424F : 0E;
  4250 : 03;
  4251 : 68;
  4252 : 8D;
  4253 : 0F;
  4254 : 03;
  4255 : 60;
  4256 : 20;
  4257 : D4;
  4258 : E1;
  4259 : A6;
  425A : 2D;
  425B : A4;
  425C : 2E;
  425D : A9;
  425E : 2B;
  425F : 20;
  4260 : D8;
  4261 : FF;
  4262 : B0;
  4263 : 95;
  4264 : 60;
  4265 : A9;
  4266 : 01;
  4267 : 2C;
  4268 : A9;
  4269 : 00;
  426A : 85;
  426B : 0A;
  426C : 20;
  426D : D4;
  426E : E1;
  426F : A5;
  4270 : 0A;
  4271 : A6;
  4272 : 2B;
  4273 : A4;
  4274 : 2C;
  4275 : 20;
  4276 : D5;
  4277 : FF;
  4278 : B0;
  4279 : 57;
  427A : A5;
  427B : 0A;
  427C : F0;
  427D : 17;
  427E : A2;
  427F : 1C;
  4280 : 20;
  4281 : B7;
  4282 : FF;
  4283 : 29;
  4284 : 10;
  4285 : D0;
  4286 : 17;
  4287 : A5;
  4288 : 7A;
  4289 : C9;
  428A : 02;
  428B : F0;
  428C : 07;
  428D : A9;
  428E : 64;
  428F : A0;
  4290 : A3;
  4291 : 4C;
  4292 : 1E;
  4293 : AB;
  4294 : 60;
  4295 : 20;
  4296 : B7;
  4297 : FF;
  4298 : 29;
  4299 : BF;
  429A : F0;
  429B : 05;
  429C : A2;
  429D : 1D;
  429E : 4C;
  429F : 37;
  42A0 : A4;
  42A1 : A5;
  42A2 : 7B;
  42A3 : C9;
  42A4 : 02;
  42A5 : D0;
  42A6 : 0E;
  42A7 : 86;
  42A8 : 2D;
  42A9 : 84;
  42AA : 2E;
  42AB : A9;
  42AC : 76;
  42AD : A0;
  42AE : A3;
  42AF : 20;
  42B0 : 1E;
  42B1 : AB;
  42B2 : 4C;
  42B3 : 2A;
  42B4 : A5;
  42B5 : 20;
  42B6 : 8E;
  42B7 : A6;
  42B8 : 20;
  42B9 : 33;
  42BA : A5;
  42BB : 4C;
  42BC : 77;
  42BD : A6;
  42BE : 20;
  42BF : 19;
  42C0 : E2;
  42C1 : 20;
  42C2 : C0;
  42C3 : FF;
  42C4 : B0;
  42C5 : 0B;
  42C6 : 60;
  42C7 : 20;
  42C8 : 19;
  42C9 : E2;
  42CA : A5;
  42CB : 49;
  42CC : 20;
  42CD : C3;
  42CE : FF;
  42CF : 90;
  42D0 : C3;
  42D1 : 4C;
  42D2 : F9;
  42D3 : E0;
  42D4 : A9;
  42D5 : 00;
  42D6 : 20;
  42D7 : BD;
  42D8 : FF;
  42D9 : A2;
  42DA : 01;
  42DB : A0;
  42DC : 00;
  42DD : 20;
  42DE : BA;
  42DF : FF;
  42E0 : 20;
  42E1 : 06;
  42E2 : E2;
  42E3 : 20;
  42E4 : 57;
  42E5 : E2;
  42E6 : 20;
  42E7 : 06;
  42E8 : E2;
  42E9 : 20;
  42EA : 00;
  42EB : E2;
  42EC : A0;
  42ED : 00;
  42EE : 86;
  42EF : 49;
  42F0 : 20;
  42F1 : BA;
  42F2 : FF;
  42F3 : 20;
  42F4 : 06;
  42F5 : E2;
  42F6 : 20;
  42F7 : 00;
  42F8 : E2;
  42F9 : 8A;
  42FA : A8;
  42FB : A6;
  42FC : 49;
  42FD : 4C;
  42FE : BA;
  42FF : FF;
  4300 : 20;
  4301 : 0E;
  4302 : E2;
  4303 : 4C;
  4304 : 9E;
  4305 : B7;
  4306 : 20;
  4307 : 79;
  4308 : 00;
  4309 : D0;
  430A : 02;
  430B : 68;
  430C : 68;
  430D : 60;
  430E : 20;
  430F : FD;
  4310 : AE;
  4311 : 20;
  4312 : 79;
  4313 : 00;
  4314 : D0;
  4315 : F7;
  4316 : 4C;
  4317 : 08;
  4318 : AF;
  4319 : A9;
  431A : 00;
  431B : 20;
  431C : BD;
  431D : FF;
  431E : 20;
  431F : 11;
  4320 : E2;
  4321 : 20;
  4322 : 9E;
  4323 : B7;
  4324 : 86;
  4325 : 49;
  4326 : 8A;
  4327 : A2;
  4328 : 01;
  4329 : A0;
  432A : 00;
  432B : 20;
  432C : BA;
  432D : FF;
  432E : 20;
  432F : 06;
  4330 : E2;
  4331 : 20;
  4332 : 00;
  4333 : E2;
  4334 : 86;
  4335 : 4A;
  4336 : A0;
  4337 : 00;
  4338 : A5;
  4339 : 49;
  433A : E0;
  433B : 03;
  433C : 90;
  433D : 01;
  433E : 88;
  433F : 20;
  4340 : BA;
  4341 : FF;
  4342 : 20;
  4343 : 06;
  4344 : E2;
  4345 : 20;
  4346 : 00;
  4347 : E2;
  4348 : 8A;
  4349 : A8;
  434A : A6;
  434B : 4A;
  434C : A5;
  434D : 49;
  434E : 20;
  434F : BA;
  4350 : FF;
  4351 : 20;
  4352 : 06;
  4353 : E2;
  4354 : 20;
  4355 : 0E;
  4356 : E2;
  4357 : 20;
  4358 : 9E;
  4359 : AD;
  435A : 20;
  435B : A3;
  435C : B6;
  435D : A6;
  435E : 22;
  435F : A4;
  4360 : 23;
  4361 : 4C;
  4362 : BD;
  4363 : FF;
  4364 : A9;
  4365 : E0;
  4366 : A0;
  4367 : E2;
  4368 : 20;
  4369 : 67;
  436A : B8;
  436B : 20;
  436C : 0C;
  436D : BC;
  436E : A9;
  436F : E5;
  4370 : A0;
  4371 : E2;
  4372 : A6;
  4373 : 6E;
  4374 : 20;
  4375 : 07;
  4376 : BB;
  4377 : 20;
  4378 : 0C;
  4379 : BC;
  437A : 20;
  437B : CC;
  437C : BC;
  437D : A9;
  437E : 00;
  437F : 85;
  4380 : 6F;
  4381 : 20;
  4382 : 53;
  4383 : B8;
  4384 : A9;
  4385 : EA;
  4386 : A0;
  4387 : E2;
  4388 : 20;
  4389 : 50;
  438A : B8;
  438B : A5;
  438C : 66;
  438D : 48;
  438E : 10;
  438F : 0D;
  4390 : 20;
  4391 : 49;
  4392 : B8;
  4393 : A5;
  4394 : 66;
  4395 : 30;
  4396 : 09;
  4397 : A5;
  4398 : 12;
  4399 : 49;
  439A : FF;
  439B : 85;
  439C : 12;
  439D : 20;
  439E : B4;
  439F : BF;
  43A0 : A9;
  43A1 : EA;
  43A2 : A0;
  43A3 : E2;
  43A4 : 20;
  43A5 : 67;
  43A6 : B8;
  43A7 : 68;
  43A8 : 10;
  43A9 : 03;
  43AA : 20;
  43AB : B4;
  43AC : BF;
  43AD : A9;
  43AE : EF;
  43AF : A0;
  43B0 : E2;
  43B1 : 4C;
  43B2 : 43;
  43B3 : E0;
  43B4 : 20;
  43B5 : CA;
  43B6 : BB;
  43B7 : A9;
  43B8 : 00;
  43B9 : 85;
  43BA : 12;
  43BB : 20;
  43BC : 6B;
  43BD : E2;
  43BE : A2;
  43BF : 4E;
  43C0 : A0;
  43C1 : 00;
  43C2 : 20;
  43C3 : F6;
  43C4 : E0;
  43C5 : A9;
  43C6 : 57;
  43C7 : A0;
  43C8 : 00;
  43C9 : 20;
  43CA : A2;
  43CB : BB;
  43CC : A9;
  43CD : 00;
  43CE : 85;
  43CF : 66;
  43D0 : A5;
  43D1 : 12;
  43D2 : 20;
  43D3 : DC;
  43D4 : E2;
  43D5 : A9;
  43D6 : 4E;
  43D7 : A0;
  43D8 : 00;
  43D9 : 4C;
  43DA : 0F;
  43DB : BB;
  43DC : 48;
  43DD : 4C;
  43DE : 9D;
  43DF : E2;
  43E0 : 81;
  43E1 : 49;
  43E2 : 0F;
  43E3 : DA;
  43E4 : A2;
  43E5 : 83;
  43E6 : 49;
  43E7 : 0F;
  43E8 : DA;
  43E9 : A2;
  43EA : 7F;
  43EB : 00;
  43EC : 00;
  43ED : 00;
  43EE : 00;
  43EF : 05;
  43F0 : 84;
  43F1 : E6;
  43F2 : 1A;
  43F3 : 2D;
  43F4 : 1B;
  43F5 : 86;
  43F6 : 28;
  43F7 : 07;
  43F8 : FB;
  43F9 : F8;
  43FA : 87;
  43FB : 99;
  43FC : 68;
  43FD : 89;
  43FE : 01;
  43FF : 87;
  4400 : 23;
  4401 : 35;
  4402 : DF;
  4403 : E1;
  4404 : 86;
  4405 : A5;
  4406 : 5D;
  4407 : E7;
  4408 : 28;
  4409 : 83;
  440A : 49;
  440B : 0F;
  440C : DA;
  440D : A2;
  440E : A5;
  440F : 66;
  4410 : 48;
  4411 : 10;
  4412 : 03;
  4413 : 20;
  4414 : B4;
  4415 : BF;
  4416 : A5;
  4417 : 61;
  4418 : 48;
  4419 : C9;
  441A : 81;
  441B : 90;
  441C : 07;
  441D : A9;
  441E : BC;
  441F : A0;
  4420 : B9;
  4421 : 20;
  4422 : 0F;
  4423 : BB;
  4424 : A9;
  4425 : 3E;
  4426 : A0;
  4427 : E3;
  4428 : 20;
  4429 : 43;
  442A : E0;
  442B : 68;
  442C : C9;
  442D : 81;
  442E : 90;
  442F : 07;
  4430 : A9;
  4431 : E0;
  4432 : A0;
  4433 : E2;
  4434 : 20;
  4435 : 50;
  4436 : B8;
  4437 : 68;
  4438 : 10;
  4439 : 03;
  443A : 4C;
  443B : B4;
  443C : BF;
  443D : 60;
  443E : 0B;
  443F : 76;
  4440 : B3;
  4441 : 83;
  4442 : BD;
  4443 : D3;
  4444 : 79;
  4445 : 1E;
  4446 : F4;
  4447 : A6;
  4448 : F5;
  4449 : 7B;
  444A : 83;
  444B : FC;
  444C : B0;
  444D : 10;
  444E : 7C;
  444F : 0C;
  4450 : 1F;
  4451 : 67;
  4452 : CA;
  4453 : 7C;
  4454 : DE;
  4455 : 53;
  4456 : CB;
  4457 : C1;
  4458 : 7D;
  4459 : 14;
  445A : 64;
  445B : 70;
  445C : 4C;
  445D : 7D;
  445E : B7;
  445F : EA;
  4460 : 51;
  4461 : 7A;
  4462 : 7D;
  4463 : 63;
  4464 : 30;
  4465 : 88;
  4466 : 7E;
  4467 : 7E;
  4468 : 92;
  4469 : 44;
  446A : 99;
  446B : 3A;
  446C : 7E;
  446D : 4C;
  446E : CC;
  446F : 91;
  4470 : C7;
  4471 : 7F;
  4472 : AA;
  4473 : AA;
  4474 : AA;
  4475 : 13;
  4476 : 81;
  4477 : 00;
  4478 : 00;
  4479 : 00;
  447A : 00;
  447B : 20;
  447C : CC;
  447D : FF;
  447E : A9;
  447F : 00;
  4480 : 85;
  4481 : 13;
  4482 : 20;
  4483 : 7A;
  4484 : A6;
  4485 : 58;
  4486 : A2;
  4487 : 80;
  4488 : 6C;
  4489 : 00;
  448A : 03;
  448B : 8A;
  448C : 30;
  448D : 03;
  448E : 4C;
  448F : 3A;
  4490 : A4;
  4491 : 4C;
  4492 : 74;
  4493 : A4;
  4494 : 20;
  4495 : 53;
  4496 : E4;
  4497 : 20;
  4498 : BF;
  4499 : E3;
  449A : 20;
  449B : 22;
  449C : E4;
  449D : A2;
  449E : FB;
  449F : 9A;
  44A0 : D0;
  44A1 : E4;
  44A2 : E6;
  44A3 : 7A;
  44A4 : D0;
  44A5 : 02;
  44A6 : E6;
  44A7 : 7B;
  44A8 : AD;
  44A9 : 60;
  44AA : EA;
  44AB : C9;
  44AC : 3A;
  44AD : B0;
  44AE : 0A;
  44AF : C9;
  44B0 : 20;
  44B1 : F0;
  44B2 : EF;
  44B3 : 38;
  44B4 : E9;
  44B5 : 30;
  44B6 : 38;
  44B7 : E9;
  44B8 : D0;
  44B9 : 60;
  44BA : 80;
  44BB : 4F;
  44BC : C7;
  44BD : 52;
  44BE : 58;
  44BF : A9;
  44C0 : 4C;
  44C1 : 85;
  44C2 : 54;
  44C3 : 8D;
  44C4 : 10;
  44C5 : 03;
  44C6 : A9;
  44C7 : 48;
  44C8 : A0;
  44C9 : B2;
  44CA : 8D;
  44CB : 11;
  44CC : 03;
  44CD : 8C;
  44CE : 12;
  44CF : 03;
  44D0 : A9;
  44D1 : 91;
  44D2 : A0;
  44D3 : B3;
  44D4 : 85;
  44D5 : 05;
  44D6 : 84;
  44D7 : 06;
  44D8 : A9;
  44D9 : AA;
  44DA : A0;
  44DB : B1;
  44DC : 85;
  44DD : 03;
  44DE : 84;
  44DF : 04;
  44E0 : A2;
  44E1 : 1C;
  44E2 : BD;
  44E3 : A2;
  44E4 : E3;
  44E5 : 95;
  44E6 : 73;
  44E7 : CA;
  44E8 : 10;
  44E9 : F8;
  44EA : A9;
  44EB : 03;
  44EC : 85;
  44ED : 53;
  44EE : A9;
  44EF : 00;
  44F0 : 85;
  44F1 : 68;
  44F2 : 85;
  44F3 : 13;
  44F4 : 85;
  44F5 : 18;
  44F6 : A2;
  44F7 : 01;
  44F8 : 8E;
  44F9 : FD;
  44FA : 01;
  44FB : 8E;
  44FC : FC;
  44FD : 01;
  44FE : A2;
  44FF : 19;
  4500 : 86;
  4501 : 16;
  4502 : 38;
  4503 : 20;
  4504 : 9C;
  4505 : FF;
  4506 : 86;
  4507 : 2B;
  4508 : 84;
  4509 : 2C;
  450A : 38;
  450B : 20;
  450C : 99;
  450D : FF;
  450E : 86;
  450F : 37;
  4510 : 84;
  4511 : 38;
  4512 : 86;
  4513 : 33;
  4514 : 84;
  4515 : 34;
  4516 : A0;
  4517 : 00;
  4518 : 98;
  4519 : 91;
  451A : 2B;
  451B : E6;
  451C : 2B;
  451D : D0;
  451E : 02;
  451F : E6;
  4520 : 2C;
  4521 : 60;
  4522 : A5;
  4523 : 2B;
  4524 : A4;
  4525 : 2C;
  4526 : 20;
  4527 : 08;
  4528 : A4;
  4529 : A9;
  452A : 73;
  452B : A0;
  452C : E4;
  452D : 20;
  452E : 1E;
  452F : AB;
  4530 : A5;
  4531 : 37;
  4532 : 38;
  4533 : E5;
  4534 : 2B;
  4535 : AA;
  4536 : A5;
  4537 : 38;
  4538 : E5;
  4539 : 2C;
  453A : 20;
  453B : CD;
  453C : BD;
  453D : A9;
  453E : 60;
  453F : A0;
  4540 : E4;
  4541 : 20;
  4542 : 1E;
  4543 : AB;
  4544 : 4C;
  4545 : 44;
  4546 : A6;
  4547 : 8B;
  4548 : E3;
  4549 : 83;
  454A : A4;
  454B : 7C;
  454C : A5;
  454D : 1A;
  454E : A7;
  454F : E4;
  4550 : A7;
  4551 : 86;
  4552 : AE;
  4553 : A2;
  4554 : 0B;
  4555 : BD;
  4556 : 47;
  4557 : E4;
  4558 : 9D;
  4559 : 00;
  455A : 03;
  455B : CA;
  455C : 10;
  455D : F7;
  455E : 60;
  455F : 00;
  4560 : 20;
  4561 : 42;
  4562 : 41;
  4563 : 53;
  4564 : 49;
  4565 : 43;
  4566 : 20;
  4567 : 42;
  4568 : 59;
  4569 : 54;
  456A : 45;
  456B : 53;
  456C : 20;
  456D : 46;
  456E : 52;
  456F : 45;
  4570 : 45;
  4571 : 0D;
  4572 : 00;
  4573 : 93;
  4574 : 0D;
  4575 : 20;
  4576 : 20;
  4577 : 20;
  4578 : 20;
  4579 : 2A;
  457A : 2A;
  457B : 2A;
  457C : 2A;
  457D : 20;
  457E : 43;
  457F : 3D;
  4580 : 36;
  4581 : 34;
  4582 : 20;
  4583 : 53;
  4584 : 43;
  4585 : 50;
  4586 : 55;
  4587 : 36;
  4588 : 34;
  4589 : 20;
  458A : 52;
  458B : 4F;
  458C : 4D;
  458D : 20;
  458E : 56;
  458F : 30;
  4590 : 2E;
  4591 : 30;
  4592 : 37;
  4593 : 20;
  4594 : 2A;
  4595 : 2A;
  4596 : 2A;
  4597 : 2A;
  4598 : 0D;
  4599 : 0D;
  459A : 20;
  459B : 36;
  459C : 34;
  459D : 4B;
  459E : 20;
  459F : 52;
  45A0 : 41;
  45A1 : 4D;
  45A2 : 20;
  45A3 : 53;
  45A4 : 59;
  45A5 : 53;
  45A6 : 54;
  45A7 : 45;
  45A8 : 4D;
  45A9 : 20;
  45AA : 20;
  45AB : 00;
  45AC : 81;
  45AD : 48;
  45AE : 20;
  45AF : C9;
  45B0 : FF;
  45B1 : AA;
  45B2 : 68;
  45B3 : 90;
  45B4 : 01;
  45B5 : 8A;
  45B6 : 60;
  45B7 : AA;
  45B8 : AA;
  45B9 : AA;
  45BA : AA;
  45BB : AA;
  45BC : AA;
  45BD : AA;
  45BE : AA;
  45BF : AA;
  45C0 : AA;
  45C1 : AA;
  45C2 : AA;
  45C3 : AA;
  45C4 : AA;
  45C5 : AA;
  45C6 : AA;
  45C7 : AA;
  45C8 : AA;
  45C9 : AA;
  45CA : AA;
  45CB : AA;
  45CC : AA;
  45CD : AA;
  45CE : AA;
  45CF : AA;
  45D0 : AA;
  45D1 : AA;
  45D2 : AA;
  45D3 : 85;
  45D4 : A9;
  45D5 : A9;
  45D6 : 01;
  45D7 : 85;
  45D8 : AB;
  45D9 : 60;
  45DA : AD;
  45DB : 86;
  45DC : 02;
  45DD : 91;
  45DE : F3;
  45DF : 60;
  45E0 : 69;
  45E1 : 02;
  45E2 : A4;
  45E3 : 91;
  45E4 : C8;
  45E5 : D0;
  45E6 : 04;
  45E7 : C5;
  45E8 : A1;
  45E9 : D0;
  45EA : F7;
  45EB : 60;
  45EC : 19;
  45ED : 26;
  45EE : 44;
  45EF : 19;
  45F0 : 1A;
  45F1 : 11;
  45F2 : E8;
  45F3 : 0D;
  45F4 : 70;
  45F5 : 0C;
  45F6 : 06;
  45F7 : 06;
  45F8 : D1;
  45F9 : 02;
  45FA : 37;
  45FB : 01;
  45FC : AE;
  45FD : 00;
  45FE : 69;
  45FF : 00;
  4600 : A2;
  4601 : 00;
  4602 : A0;
  4603 : DC;
  4604 : 60;
  4605 : A2;
  4606 : 28;
  4607 : A0;
  4608 : 19;
  4609 : 60;
  460A : B0;
  460B : 07;
  460C : 86;
  460D : D6;
  460E : 84;
  460F : D3;
  4610 : 20;
  4611 : 6C;
  4612 : E5;
  4613 : A6;
  4614 : D6;
  4615 : A4;
  4616 : D3;
  4617 : 60;
  4618 : 20;
  4619 : A0;
  461A : E5;
  461B : A9;
  461C : 00;
  461D : 8D;
  461E : 91;
  461F : 02;
  4620 : 85;
  4621 : CF;
  4622 : A9;
  4623 : 48;
  4624 : 8D;
  4625 : 8F;
  4626 : 02;
  4627 : A9;
  4628 : EB;
  4629 : 8D;
  462A : 90;
  462B : 02;
  462C : A9;
  462D : 0A;
  462E : 8D;
  462F : 89;
  4630 : 02;
  4631 : 8D;
  4632 : 8C;
  4633 : 02;
  4634 : A9;
  4635 : 0E;
  4636 : 8D;
  4637 : 86;
  4638 : 02;
  4639 : A9;
  463A : 04;
  463B : 8D;
  463C : 8B;
  463D : 02;
  463E : A9;
  463F : 0C;
  4640 : 85;
  4641 : CD;
  4642 : 85;
  4643 : CC;
  4644 : AD;
  4645 : 88;
  4646 : 02;
  4647 : 09;
  4648 : 80;
  4649 : A8;
  464A : A9;
  464B : 00;
  464C : AA;
  464D : 94;
  464E : D9;
  464F : 18;
  4650 : 69;
  4651 : 28;
  4652 : 90;
  4653 : 01;
  4654 : C8;
  4655 : E8;
  4656 : E0;
  4657 : 1A;
  4658 : D0;
  4659 : F3;
  465A : A9;
  465B : FF;
  465C : 95;
  465D : D9;
  465E : A2;
  465F : 18;
  4660 : 20;
  4661 : FF;
  4662 : E9;
  4663 : CA;
  4664 : 10;
  4665 : FA;
  4666 : A0;
  4667 : 00;
  4668 : 84;
  4669 : D3;
  466A : 84;
  466B : D6;
  466C : A6;
  466D : D6;
  466E : A5;
  466F : D3;
  4670 : B4;
  4671 : D9;
  4672 : 30;
  4673 : 08;
  4674 : 18;
  4675 : 69;
  4676 : 28;
  4677 : 85;
  4678 : D3;
  4679 : CA;
  467A : 10;
  467B : F4;
  467C : 20;
  467D : F0;
  467E : E9;
  467F : A9;
  4680 : 27;
  4681 : E8;
  4682 : B4;
  4683 : D9;
  4684 : 30;
  4685 : 06;
  4686 : 18;
  4687 : 69;
  4688 : 28;
  4689 : E8;
  468A : 10;
  468B : F6;
  468C : 85;
  468D : D5;
  468E : 4C;
  468F : 24;
  4690 : EA;
  4691 : E4;
  4692 : C9;
  4693 : F0;
  4694 : 03;
  4695 : 4C;
  4696 : ED;
  4697 : E6;
  4698 : 60;
  4699 : EA;
  469A : 20;
  469B : A0;
  469C : E5;
  469D : 4C;
  469E : 66;
  469F : E5;
  46A0 : A9;
  46A1 : 03;
  46A2 : 85;
  46A3 : 9A;
  46A4 : A9;
  46A5 : 00;
  46A6 : 85;
  46A7 : 99;
  46A8 : A2;
  46A9 : 2F;
  46AA : BD;
  46AB : B8;
  46AC : EC;
  46AD : 9D;
  46AE : FF;
  46AF : CF;
  46B0 : CA;
  46B1 : D0;
  46B2 : F7;
  46B3 : 60;
  46B4 : AC;
  46B5 : 77;
  46B6 : 02;
  46B7 : A2;
  46B8 : 00;
  46B9 : BD;
  46BA : 78;
  46BB : 02;
  46BC : 9D;
  46BD : 77;
  46BE : 02;
  46BF : E8;
  46C0 : E4;
  46C1 : C6;
  46C2 : D0;
  46C3 : F5;
  46C4 : C6;
  46C5 : C6;
  46C6 : 98;
  46C7 : 58;
  46C8 : 18;
  46C9 : 60;
  46CA : 20;
  46CB : 16;
  46CC : E7;
  46CD : A5;
  46CE : C6;
  46CF : 85;
  46D0 : CC;
  46D1 : 8D;
  46D2 : 92;
  46D3 : 02;
  46D4 : F0;
  46D5 : F7;
  46D6 : 78;
  46D7 : A5;
  46D8 : CF;
  46D9 : F0;
  46DA : 0C;
  46DB : A5;
  46DC : CE;
  46DD : AE;
  46DE : 87;
  46DF : 02;
  46E0 : A0;
  46E1 : 00;
  46E2 : 84;
  46E3 : CF;
  46E4 : 20;
  46E5 : 13;
  46E6 : EA;
  46E7 : 20;
  46E8 : B4;
  46E9 : E5;
  46EA : C9;
  46EB : 83;
  46EC : D0;
  46ED : 10;
  46EE : A2;
  46EF : 09;
  46F0 : 78;
  46F1 : 86;
  46F2 : C6;
  46F3 : BD;
  46F4 : E6;
  46F5 : EC;
  46F6 : 9D;
  46F7 : 76;
  46F8 : 02;
  46F9 : CA;
  46FA : D0;
  46FB : F7;
  46FC : F0;
  46FD : CF;
  46FE : C9;
  46FF : 0D;
  4700 : D0;
  4701 : C8;
  4702 : A4;
  4703 : D5;
  4704 : 84;
  4705 : D0;
  4706 : B1;
  4707 : D1;
  4708 : C9;
  4709 : 20;
  470A : D0;
  470B : 03;
  470C : 88;
  470D : D0;
  470E : F7;
  470F : C8;
  4710 : 84;
  4711 : C8;
  4712 : A0;
  4713 : 00;
  4714 : 8C;
  4715 : 92;
  4716 : 02;
  4717 : 84;
  4718 : D3;
  4719 : 84;
  471A : D4;
  471B : A5;
  471C : C9;
  471D : 30;
  471E : 1B;
  471F : A6;
  4720 : D6;
  4721 : 20;
  4722 : 91;
  4723 : E5;
  4724 : E4;
  4725 : C9;
  4726 : D0;
  4727 : 12;
  4728 : A5;
  4729 : CA;
  472A : 85;
  472B : D3;
  472C : C5;
  472D : C8;
  472E : 90;
  472F : 0A;
  4730 : B0;
  4731 : 2B;
  4732 : 98;
  4733 : 48;
  4734 : 8A;
  4735 : 48;
  4736 : A5;
  4737 : D0;
  4738 : F0;
  4739 : 93;
  473A : A4;
  473B : D3;
  473C : B1;
  473D : D1;
  473E : 85;
  473F : D7;
  4740 : 29;
  4741 : 3F;
  4742 : 06;
  4743 : D7;
  4744 : 24;
  4745 : D7;
  4746 : 10;
  4747 : 02;
  4748 : 09;
  4749 : 80;
  474A : 90;
  474B : 04;
  474C : A6;
  474D : D4;
  474E : D0;
  474F : 04;
  4750 : 70;
  4751 : 02;
  4752 : 09;
  4753 : 40;
  4754 : E6;
  4755 : D3;
  4756 : 20;
  4757 : 84;
  4758 : E6;
  4759 : C4;
  475A : C8;
  475B : D0;
  475C : 17;
  475D : A9;
  475E : 00;
  475F : 85;
  4760 : D0;
  4761 : A9;
  4762 : 0D;
  4763 : A6;
  4764 : 99;
  4765 : E0;
  4766 : 03;
  4767 : F0;
  4768 : 06;
  4769 : A6;
  476A : 9A;
  476B : E0;
  476C : 03;
  476D : F0;
  476E : 03;
  476F : 20;
  4770 : 16;
  4771 : E7;
  4772 : A9;
  4773 : 0D;
  4774 : 85;
  4775 : D7;
  4776 : 68;
  4777 : AA;
  4778 : 68;
  4779 : A8;
  477A : A5;
  477B : D7;
  477C : C9;
  477D : DE;
  477E : D0;
  477F : 02;
  4780 : A9;
  4781 : FF;
  4782 : 18;
  4783 : 60;
  4784 : C9;
  4785 : 22;
  4786 : D0;
  4787 : 08;
  4788 : A5;
  4789 : D4;
  478A : 49;
  478B : 01;
  478C : 85;
  478D : D4;
  478E : A9;
  478F : 22;
  4790 : 60;
  4791 : 09;
  4792 : 40;
  4793 : A6;
  4794 : C7;
  4795 : F0;
  4796 : 02;
  4797 : 09;
  4798 : 80;
  4799 : A6;
  479A : D8;
  479B : F0;
  479C : 02;
  479D : C6;
  479E : D8;
  479F : AE;
  47A0 : 86;
  47A1 : 02;
  47A2 : 20;
  47A3 : 13;
  47A4 : EA;
  47A5 : 20;
  47A6 : B6;
  47A7 : E6;
  47A8 : 68;
  47A9 : A8;
  47AA : A5;
  47AB : D8;
  47AC : F0;
  47AD : 02;
  47AE : 46;
  47AF : D4;
  47B0 : 68;
  47B1 : AA;
  47B2 : 68;
  47B3 : 18;
  47B4 : 58;
  47B5 : 60;
  47B6 : 20;
  47B7 : B3;
  47B8 : E8;
  47B9 : E6;
  47BA : D3;
  47BB : A5;
  47BC : D5;
  47BD : C5;
  47BE : D3;
  47BF : B0;
  47C0 : 3F;
  47C1 : C9;
  47C2 : 4F;
  47C3 : F0;
  47C4 : 32;
  47C5 : AD;
  47C6 : 92;
  47C7 : 02;
  47C8 : F0;
  47C9 : 03;
  47CA : 4C;
  47CB : 67;
  47CC : E9;
  47CD : A6;
  47CE : D6;
  47CF : E0;
  47D0 : 19;
  47D1 : 90;
  47D2 : 07;
  47D3 : 20;
  47D4 : EA;
  47D5 : E8;
  47D6 : C6;
  47D7 : D6;
  47D8 : A6;
  47D9 : D6;
  47DA : 16;
  47DB : D9;
  47DC : 56;
  47DD : D9;
  47DE : E8;
  47DF : B5;
  47E0 : D9;
  47E1 : 09;
  47E2 : 80;
  47E3 : 95;
  47E4 : D9;
  47E5 : CA;
  47E6 : A5;
  47E7 : D5;
  47E8 : 18;
  47E9 : 69;
  47EA : 28;
  47EB : 85;
  47EC : D5;
  47ED : B5;
  47EE : D9;
  47EF : 30;
  47F0 : 03;
  47F1 : CA;
  47F2 : D0;
  47F3 : F9;
  47F4 : 4C;
  47F5 : F0;
  47F6 : E9;
  47F7 : C6;
  47F8 : D6;
  47F9 : 20;
  47FA : 7C;
  47FB : E8;
  47FC : A9;
  47FD : 00;
  47FE : 85;
  47FF : D3;
  4800 : 60;
  4801 : A6;
  4802 : D6;
  4803 : D0;
  4804 : 06;
  4805 : 86;
  4806 : D3;
  4807 : 68;
  4808 : 68;
  4809 : D0;
  480A : 9D;
  480B : CA;
  480C : 86;
  480D : D6;
  480E : 20;
  480F : 6C;
  4810 : E5;
  4811 : A4;
  4812 : D5;
  4813 : 84;
  4814 : D3;
  4815 : 60;
  4816 : 48;
  4817 : 85;
  4818 : D7;
  4819 : 8A;
  481A : 48;
  481B : 98;
  481C : 48;
  481D : A9;
  481E : 00;
  481F : 85;
  4820 : D0;
  4821 : A4;
  4822 : D3;
  4823 : A5;
  4824 : D7;
  4825 : 10;
  4826 : 03;
  4827 : 4C;
  4828 : D4;
  4829 : E7;
  482A : C9;
  482B : 0D;
  482C : D0;
  482D : 03;
  482E : 4C;
  482F : 91;
  4830 : E8;
  4831 : C9;
  4832 : 20;
  4833 : 90;
  4834 : 10;
  4835 : C9;
  4836 : 60;
  4837 : 90;
  4838 : 04;
  4839 : 29;
  483A : DF;
  483B : D0;
  483C : 02;
  483D : 29;
  483E : 3F;
  483F : 20;
  4840 : 84;
  4841 : E6;
  4842 : 4C;
  4843 : 93;
  4844 : E6;
  4845 : A6;
  4846 : D8;
  4847 : F0;
  4848 : 03;
  4849 : 4C;
  484A : 97;
  484B : E6;
  484C : C9;
  484D : 14;
  484E : D0;
  484F : 2E;
  4850 : 98;
  4851 : D0;
  4852 : 06;
  4853 : 20;
  4854 : 01;
  4855 : E7;
  4856 : 4C;
  4857 : 73;
  4858 : E7;
  4859 : 20;
  485A : A1;
  485B : E8;
  485C : 88;
  485D : 84;
  485E : D3;
  485F : 20;
  4860 : 24;
  4861 : EA;
  4862 : C8;
  4863 : B1;
  4864 : D1;
  4865 : 88;
  4866 : 91;
  4867 : D1;
  4868 : C8;
  4869 : B1;
  486A : F3;
  486B : 88;
  486C : 91;
  486D : F3;
  486E : C8;
  486F : C4;
  4870 : D5;
  4871 : D0;
  4872 : EF;
  4873 : A9;
  4874 : 20;
  4875 : 91;
  4876 : D1;
  4877 : AD;
  4878 : 86;
  4879 : 02;
  487A : 91;
  487B : F3;
  487C : 10;
  487D : 4D;
  487E : A6;
  487F : D4;
  4880 : F0;
  4881 : 03;
  4882 : 4C;
  4883 : 97;
  4884 : E6;
  4885 : C9;
  4886 : 12;
  4887 : D0;
  4888 : 02;
  4889 : 85;
  488A : C7;
  488B : C9;
  488C : 13;
  488D : D0;
  488E : 03;
  488F : 20;
  4890 : 66;
  4891 : E5;
  4892 : C9;
  4893 : 1D;
  4894 : D0;
  4895 : 17;
  4896 : C8;
  4897 : 20;
  4898 : B3;
  4899 : E8;
  489A : 84;
  489B : D3;
  489C : 88;
  489D : C4;
  489E : D5;
  489F : 90;
  48A0 : 09;
  48A1 : C6;
  48A2 : D6;
  48A3 : 20;
  48A4 : 7C;
  48A5 : E8;
  48A6 : A0;
  48A7 : 00;
  48A8 : 84;
  48A9 : D3;
  48AA : 4C;
  48AB : A8;
  48AC : E6;
  48AD : C9;
  48AE : 11;
  48AF : D0;
  48B0 : 1D;
  48B1 : 18;
  48B2 : 98;
  48B3 : 69;
  48B4 : 28;
  48B5 : A8;
  48B6 : E6;
  48B7 : D6;
  48B8 : C5;
  48B9 : D5;
  48BA : 90;
  48BB : EC;
  48BC : F0;
  48BD : EA;
  48BE : C6;
  48BF : D6;
  48C0 : E9;
  48C1 : 28;
  48C2 : 90;
  48C3 : 04;
  48C4 : 85;
  48C5 : D3;
  48C6 : D0;
  48C7 : F8;
  48C8 : 20;
  48C9 : 7C;
  48CA : E8;
  48CB : 4C;
  48CC : A8;
  48CD : E6;
  48CE : 20;
  48CF : CB;
  48D0 : E8;
  48D1 : 4C;
  48D2 : 44;
  48D3 : EC;
  48D4 : 29;
  48D5 : 7F;
  48D6 : C9;
  48D7 : 7F;
  48D8 : D0;
  48D9 : 02;
  48DA : A9;
  48DB : 5E;
  48DC : C9;
  48DD : 20;
  48DE : 90;
  48DF : 03;
  48E0 : 4C;
  48E1 : 91;
  48E2 : E6;
  48E3 : C9;
  48E4 : 0D;
  48E5 : D0;
  48E6 : 03;
  48E7 : 4C;
  48E8 : 91;
  48E9 : E8;
  48EA : A6;
  48EB : D4;
  48EC : D0;
  48ED : 3F;
  48EE : C9;
  48EF : 14;
  48F0 : D0;
  48F1 : 37;
  48F2 : A4;
  48F3 : D5;
  48F4 : B1;
  48F5 : D1;
  48F6 : C9;
  48F7 : 20;
  48F8 : D0;
  48F9 : 04;
  48FA : C4;
  48FB : D3;
  48FC : D0;
  48FD : 07;
  48FE : C0;
  48FF : 4F;
  4900 : F0;
  4901 : 24;
  4902 : 20;
  4903 : 65;
  4904 : E9;
  4905 : A4;
  4906 : D5;
  4907 : 20;
  4908 : 24;
  4909 : EA;
  490A : 88;
  490B : B1;
  490C : D1;
  490D : C8;
  490E : 91;
  490F : D1;
  4910 : 88;
  4911 : B1;
  4912 : F3;
  4913 : C8;
  4914 : 91;
  4915 : F3;
  4916 : 88;
  4917 : C4;
  4918 : D3;
  4919 : D0;
  491A : EF;
  491B : A9;
  491C : 20;
  491D : 91;
  491E : D1;
  491F : AD;
  4920 : 86;
  4921 : 02;
  4922 : 91;
  4923 : F3;
  4924 : E6;
  4925 : D8;
  4926 : 4C;
  4927 : A8;
  4928 : E6;
  4929 : A6;
  492A : D8;
  492B : F0;
  492C : 05;
  492D : 09;
  492E : 40;
  492F : 4C;
  4930 : 97;
  4931 : E6;
  4932 : C9;
  4933 : 11;
  4934 : D0;
  4935 : 16;
  4936 : A6;
  4937 : D6;
  4938 : F0;
  4939 : 37;
  493A : C6;
  493B : D6;
  493C : A5;
  493D : D3;
  493E : 38;
  493F : E9;
  4940 : 28;
  4941 : 90;
  4942 : 04;
  4943 : 85;
  4944 : D3;
  4945 : 10;
  4946 : 2A;
  4947 : 20;
  4948 : 6C;
  4949 : E5;
  494A : D0;
  494B : 25;
  494C : C9;
  494D : 12;
  494E : D0;
  494F : 04;
  4950 : A9;
  4951 : 00;
  4952 : 85;
  4953 : C7;
  4954 : C9;
  4955 : 1D;
  4956 : D0;
  4957 : 12;
  4958 : 98;
  4959 : F0;
  495A : 09;
  495B : 20;
  495C : A1;
  495D : E8;
  495E : 88;
  495F : 84;
  4960 : D3;
  4961 : 4C;
  4962 : A8;
  4963 : E6;
  4964 : 20;
  4965 : 01;
  4966 : E7;
  4967 : 4C;
  4968 : A8;
  4969 : E6;
  496A : C9;
  496B : 13;
  496C : D0;
  496D : 06;
  496E : 20;
  496F : 44;
  4970 : E5;
  4971 : 4C;
  4972 : A8;
  4973 : E6;
  4974 : 09;
  4975 : 80;
  4976 : 20;
  4977 : CB;
  4978 : E8;
  4979 : 4C;
  497A : 4F;
  497B : EC;
  497C : 46;
  497D : C9;
  497E : A6;
  497F : D6;
  4980 : E8;
  4981 : E0;
  4982 : 19;
  4983 : D0;
  4984 : 03;
  4985 : 20;
  4986 : EA;
  4987 : E8;
  4988 : B5;
  4989 : D9;
  498A : 10;
  498B : F4;
  498C : 86;
  498D : D6;
  498E : 4C;
  498F : 6C;
  4990 : E5;
  4991 : A2;
  4992 : 00;
  4993 : 86;
  4994 : D8;
  4995 : 86;
  4996 : C7;
  4997 : 86;
  4998 : D4;
  4999 : 86;
  499A : D3;
  499B : 20;
  499C : 7C;
  499D : E8;
  499E : 4C;
  499F : A8;
  49A0 : E6;
  49A1 : A2;
  49A2 : 02;
  49A3 : A9;
  49A4 : 00;
  49A5 : C5;
  49A6 : D3;
  49A7 : F0;
  49A8 : 07;
  49A9 : 18;
  49AA : 69;
  49AB : 28;
  49AC : CA;
  49AD : D0;
  49AE : F6;
  49AF : 60;
  49B0 : C6;
  49B1 : D6;
  49B2 : 60;
  49B3 : A2;
  49B4 : 02;
  49B5 : A9;
  49B6 : 27;
  49B7 : C5;
  49B8 : D3;
  49B9 : F0;
  49BA : 07;
  49BB : 18;
  49BC : 69;
  49BD : 28;
  49BE : CA;
  49BF : D0;
  49C0 : F6;
  49C1 : 60;
  49C2 : A6;
  49C3 : D6;
  49C4 : E0;
  49C5 : 19;
  49C6 : F0;
  49C7 : 02;
  49C8 : E6;
  49C9 : D6;
  49CA : 60;
  49CB : A2;
  49CC : 0F;
  49CD : DD;
  49CE : DA;
  49CF : E8;
  49D0 : F0;
  49D1 : 04;
  49D2 : CA;
  49D3 : 10;
  49D4 : F8;
  49D5 : 60;
  49D6 : 8E;
  49D7 : 86;
  49D8 : 02;
  49D9 : 60;
  49DA : 90;
  49DB : 05;
  49DC : 1C;
  49DD : 9F;
  49DE : 9C;
  49DF : 1E;
  49E0 : 1F;
  49E1 : 9E;
  49E2 : 81;
  49E3 : 95;
  49E4 : 96;
  49E5 : 97;
  49E6 : 98;
  49E7 : 99;
  49E8 : 9A;
  49E9 : 9B;
  49EA : A5;
  49EB : AC;
  49EC : 48;
  49ED : A5;
  49EE : AD;
  49EF : 48;
  49F0 : A5;
  49F1 : AE;
  49F2 : 48;
  49F3 : A5;
  49F4 : AF;
  49F5 : 48;
  49F6 : A2;
  49F7 : FF;
  49F8 : C6;
  49F9 : D6;
  49FA : C6;
  49FB : C9;
  49FC : CE;
  49FD : A5;
  49FE : 02;
  49FF : E8;
  4A00 : 20;
  4A01 : F0;
  4A02 : E9;
  4A03 : E0;
  4A04 : 18;
  4A05 : B0;
  4A06 : 0C;
  4A07 : BD;
  4A08 : F1;
  4A09 : EC;
  4A0A : 85;
  4A0B : AC;
  4A0C : B5;
  4A0D : DA;
  4A0E : 20;
  4A0F : C8;
  4A10 : E9;
  4A11 : 30;
  4A12 : EC;
  4A13 : 20;
  4A14 : FF;
  4A15 : E9;
  4A16 : A2;
  4A17 : 00;
  4A18 : B5;
  4A19 : D9;
  4A1A : 29;
  4A1B : 7F;
  4A1C : B4;
  4A1D : DA;
  4A1E : 10;
  4A1F : 02;
  4A20 : 09;
  4A21 : 80;
  4A22 : 95;
  4A23 : D9;
  4A24 : E8;
  4A25 : E0;
  4A26 : 18;
  4A27 : D0;
  4A28 : EF;
  4A29 : A5;
  4A2A : F1;
  4A2B : 09;
  4A2C : 80;
  4A2D : 85;
  4A2E : F1;
  4A2F : A5;
  4A30 : D9;
  4A31 : 10;
  4A32 : C3;
  4A33 : E6;
  4A34 : D6;
  4A35 : EE;
  4A36 : A5;
  4A37 : 02;
  4A38 : A9;
  4A39 : 7F;
  4A3A : 8D;
  4A3B : 00;
  4A3C : DC;
  4A3D : AD;
  4A3E : 01;
  4A3F : DC;
  4A40 : C9;
  4A41 : FB;
  4A42 : 08;
  4A43 : A9;
  4A44 : 7F;
  4A45 : 8D;
  4A46 : 00;
  4A47 : DC;
  4A48 : 28;
  4A49 : D0;
  4A4A : 0B;
  4A4B : A0;
  4A4C : 00;
  4A4D : EA;
  4A4E : CA;
  4A4F : D0;
  4A50 : FC;
  4A51 : 88;
  4A52 : D0;
  4A53 : F9;
  4A54 : 84;
  4A55 : C6;
  4A56 : A6;
  4A57 : D6;
  4A58 : 68;
  4A59 : 85;
  4A5A : AF;
  4A5B : 68;
  4A5C : 85;
  4A5D : AE;
  4A5E : 68;
  4A5F : 85;
  4A60 : AD;
  4A61 : 68;
  4A62 : 85;
  4A63 : AC;
  4A64 : 60;
  4A65 : A6;
  4A66 : D6;
  4A67 : E8;
  4A68 : B5;
  4A69 : D9;
  4A6A : 10;
  4A6B : FB;
  4A6C : 8E;
  4A6D : A5;
  4A6E : 02;
  4A6F : E0;
  4A70 : 18;
  4A71 : F0;
  4A72 : 0E;
  4A73 : 90;
  4A74 : 0C;
  4A75 : 20;
  4A76 : EA;
  4A77 : E8;
  4A78 : AE;
  4A79 : A5;
  4A7A : 02;
  4A7B : CA;
  4A7C : C6;
  4A7D : D6;
  4A7E : 4C;
  4A7F : DA;
  4A80 : E6;
  4A81 : A5;
  4A82 : AC;
  4A83 : 48;
  4A84 : A5;
  4A85 : AD;
  4A86 : 48;
  4A87 : A5;
  4A88 : AE;
  4A89 : 48;
  4A8A : A5;
  4A8B : AF;
  4A8C : 48;
  4A8D : A2;
  4A8E : 19;
  4A8F : CA;
  4A90 : 20;
  4A91 : F0;
  4A92 : E9;
  4A93 : EC;
  4A94 : A5;
  4A95 : 02;
  4A96 : 90;
  4A97 : 0E;
  4A98 : F0;
  4A99 : 0C;
  4A9A : BD;
  4A9B : EF;
  4A9C : EC;
  4A9D : 85;
  4A9E : AC;
  4A9F : B5;
  4AA0 : D8;
  4AA1 : 20;
  4AA2 : C8;
  4AA3 : E9;
  4AA4 : 30;
  4AA5 : E9;
  4AA6 : 20;
  4AA7 : FF;
  4AA8 : E9;
  4AA9 : A2;
  4AAA : 17;
  4AAB : EC;
  4AAC : A5;
  4AAD : 02;
  4AAE : 90;
  4AAF : 0F;
  4AB0 : B5;
  4AB1 : DA;
  4AB2 : 29;
  4AB3 : 7F;
  4AB4 : B4;
  4AB5 : D9;
  4AB6 : 10;
  4AB7 : 02;
  4AB8 : 09;
  4AB9 : 80;
  4ABA : 95;
  4ABB : DA;
  4ABC : CA;
  4ABD : D0;
  4ABE : EC;
  4ABF : AE;
  4AC0 : A5;
  4AC1 : 02;
  4AC2 : 20;
  4AC3 : DA;
  4AC4 : E6;
  4AC5 : 4C;
  4AC6 : 58;
  4AC7 : E9;
  4AC8 : 29;
  4AC9 : 03;
  4ACA : 0D;
  4ACB : 88;
  4ACC : 02;
  4ACD : 85;
  4ACE : AD;
  4ACF : 20;
  4AD0 : E0;
  4AD1 : E9;
  4AD2 : A0;
  4AD3 : 27;
  4AD4 : B1;
  4AD5 : AC;
  4AD6 : 91;
  4AD7 : D1;
  4AD8 : B1;
  4AD9 : AE;
  4ADA : 91;
  4ADB : F3;
  4ADC : 88;
  4ADD : 10;
  4ADE : F5;
  4ADF : 60;
  4AE0 : 20;
  4AE1 : 24;
  4AE2 : EA;
  4AE3 : A5;
  4AE4 : AC;
  4AE5 : 85;
  4AE6 : AE;
  4AE7 : A5;
  4AE8 : AD;
  4AE9 : 29;
  4AEA : 03;
  4AEB : 09;
  4AEC : D8;
  4AED : 85;
  4AEE : AF;
  4AEF : 60;
  4AF0 : BD;
  4AF1 : F0;
  4AF2 : EC;
  4AF3 : 85;
  4AF4 : D1;
  4AF5 : B5;
  4AF6 : D9;
  4AF7 : 29;
  4AF8 : 03;
  4AF9 : 0D;
  4AFA : 88;
  4AFB : 02;
  4AFC : 85;
  4AFD : D2;
  4AFE : 60;
  4AFF : A0;
  4B00 : 27;
  4B01 : 20;
  4B02 : F0;
  4B03 : E9;
  4B04 : 20;
  4B05 : 24;
  4B06 : EA;
  4B07 : 20;
  4B08 : DA;
  4B09 : E4;
  4B0A : A9;
  4B0B : 20;
  4B0C : 91;
  4B0D : D1;
  4B0E : 88;
  4B0F : 10;
  4B10 : F6;
  4B11 : 60;
  4B12 : EA;
  4B13 : A8;
  4B14 : A9;
  4B15 : 02;
  4B16 : 85;
  4B17 : CD;
  4B18 : 20;
  4B19 : 24;
  4B1A : EA;
  4B1B : 98;
  4B1C : A4;
  4B1D : D3;
  4B1E : 91;
  4B1F : D1;
  4B20 : 8A;
  4B21 : 91;
  4B22 : F3;
  4B23 : 60;
  4B24 : A5;
  4B25 : D1;
  4B26 : 85;
  4B27 : F3;
  4B28 : A5;
  4B29 : D2;
  4B2A : 29;
  4B2B : 03;
  4B2C : 09;
  4B2D : D8;
  4B2E : 85;
  4B2F : F4;
  4B30 : 60;
  4B31 : 20;
  4B32 : EA;
  4B33 : FF;
  4B34 : A5;
  4B35 : CC;
  4B36 : D0;
  4B37 : 29;
  4B38 : C6;
  4B39 : CD;
  4B3A : D0;
  4B3B : 25;
  4B3C : A9;
  4B3D : 14;
  4B3E : 85;
  4B3F : CD;
  4B40 : A4;
  4B41 : D3;
  4B42 : 46;
  4B43 : CF;
  4B44 : AE;
  4B45 : 87;
  4B46 : 02;
  4B47 : B1;
  4B48 : D1;
  4B49 : B0;
  4B4A : 11;
  4B4B : E6;
  4B4C : CF;
  4B4D : 85;
  4B4E : CE;
  4B4F : 20;
  4B50 : 24;
  4B51 : EA;
  4B52 : B1;
  4B53 : F3;
  4B54 : 8D;
  4B55 : 87;
  4B56 : 02;
  4B57 : AE;
  4B58 : 86;
  4B59 : 02;
  4B5A : A5;
  4B5B : CE;
  4B5C : 49;
  4B5D : 80;
  4B5E : 20;
  4B5F : 1C;
  4B60 : EA;
  4B61 : A5;
  4B62 : 01;
  4B63 : 29;
  4B64 : 10;
  4B65 : F0;
  4B66 : 0A;
  4B67 : A0;
  4B68 : 00;
  4B69 : 84;
  4B6A : C0;
  4B6B : A5;
  4B6C : 01;
  4B6D : 09;
  4B6E : 20;
  4B6F : D0;
  4B70 : 08;
  4B71 : A5;
  4B72 : C0;
  4B73 : D0;
  4B74 : 06;
  4B75 : A5;
  4B76 : 01;
  4B77 : 29;
  4B78 : 1F;
  4B79 : 85;
  4B7A : 01;
  4B7B : 20;
  4B7C : 87;
  4B7D : EA;
  4B7E : AD;
  4B7F : 0D;
  4B80 : DC;
  4B81 : 68;
  4B82 : A8;
  4B83 : 68;
  4B84 : AA;
  4B85 : 68;
  4B86 : 40;
  4B87 : A9;
  4B88 : 00;
  4B89 : 8D;
  4B8A : 8D;
  4B8B : 02;
  4B8C : A0;
  4B8D : 40;
  4B8E : 84;
  4B8F : CB;
  4B90 : 8D;
  4B91 : 00;
  4B92 : DC;
  4B93 : AE;
  4B94 : 01;
  4B95 : DC;
  4B96 : E0;
  4B97 : FF;
  4B98 : F0;
  4B99 : 5A;
  4B9A : A8;
  4B9B : A9;
  4B9C : 81;
  4B9D : 85;
  4B9E : F5;
  4B9F : A9;
  4BA0 : EB;
  4BA1 : 85;
  4BA2 : F6;
  4BA3 : A9;
  4BA4 : FE;
  4BA5 : 8D;
  4BA6 : 00;
  4BA7 : DC;
  4BA8 : A2;
  4BA9 : 08;
  4BAA : 48;
  4BAB : AD;
  4BAC : 01;
  4BAD : DC;
  4BAE : CD;
  4BAF : 01;
  4BB0 : DC;
  4BB1 : D0;
  4BB2 : F8;
  4BB3 : 4A;
  4BB4 : B0;
  4BB5 : 16;
  4BB6 : 48;
  4BB7 : B1;
  4BB8 : F5;
  4BB9 : C9;
  4BBA : 05;
  4BBB : B0;
  4BBC : 0C;
  4BBD : C9;
  4BBE : 03;
  4BBF : F0;
  4BC0 : 08;
  4BC1 : 0D;
  4BC2 : 8D;
  4BC3 : 02;
  4BC4 : 8D;
  4BC5 : 8D;
  4BC6 : 02;
  4BC7 : 10;
  4BC8 : 02;
  4BC9 : 84;
  4BCA : CB;
  4BCB : 68;
  4BCC : C8;
  4BCD : C0;
  4BCE : 41;
  4BCF : B0;
  4BD0 : 0B;
  4BD1 : CA;
  4BD2 : D0;
  4BD3 : DF;
  4BD4 : 38;
  4BD5 : 68;
  4BD6 : 2A;
  4BD7 : 8D;
  4BD8 : 00;
  4BD9 : DC;
  4BDA : D0;
  4BDB : CC;
  4BDC : 68;
  4BDD : 6C;
  4BDE : 8F;
  4BDF : 02;
  4BE0 : A4;
  4BE1 : CB;
  4BE2 : B1;
  4BE3 : F5;
  4BE4 : AA;
  4BE5 : C4;
  4BE6 : C5;
  4BE7 : F0;
  4BE8 : 07;
  4BE9 : A0;
  4BEA : 10;
  4BEB : 8C;
  4BEC : 8C;
  4BED : 02;
  4BEE : D0;
  4BEF : 36;
  4BF0 : 29;
  4BF1 : 7F;
  4BF2 : C9;
  4BF3 : 7F;
  4BF4 : F0;
  4BF5 : 30;
  4BF6 : 2C;
  4BF7 : 8A;
  4BF8 : 02;
  4BF9 : 30;
  4BFA : 12;
  4BFB : 70;
  4BFC : 45;
  4BFD : C9;
  4BFE : 14;
  4BFF : F0;
  4C00 : 0C;
  4C01 : C9;
  4C02 : 20;
  4C03 : F0;
  4C04 : 08;
  4C05 : C9;
  4C06 : 1D;
  4C07 : F0;
  4C08 : 04;
  4C09 : C9;
  4C0A : 11;
  4C0B : D0;
  4C0C : 35;
  4C0D : AC;
  4C0E : 8C;
  4C0F : 02;
  4C10 : F0;
  4C11 : 05;
  4C12 : CE;
  4C13 : 8C;
  4C14 : 02;
  4C15 : D0;
  4C16 : 2B;
  4C17 : CE;
  4C18 : 8B;
  4C19 : 02;
  4C1A : D0;
  4C1B : 26;
  4C1C : A0;
  4C1D : 04;
  4C1E : 8C;
  4C1F : 8B;
  4C20 : 02;
  4C21 : A4;
  4C22 : C6;
  4C23 : 88;
  4C24 : 10;
  4C25 : 1C;
  4C26 : A4;
  4C27 : CB;
  4C28 : 84;
  4C29 : C5;
  4C2A : AC;
  4C2B : 8D;
  4C2C : 02;
  4C2D : 8C;
  4C2E : 8E;
  4C2F : 02;
  4C30 : E0;
  4C31 : FF;
  4C32 : F0;
  4C33 : 0E;
  4C34 : 8A;
  4C35 : A6;
  4C36 : C6;
  4C37 : EC;
  4C38 : 89;
  4C39 : 02;
  4C3A : B0;
  4C3B : 06;
  4C3C : 9D;
  4C3D : 77;
  4C3E : 02;
  4C3F : E8;
  4C40 : 86;
  4C41 : C6;
  4C42 : A9;
  4C43 : 7F;
  4C44 : 8D;
  4C45 : 00;
  4C46 : DC;
  4C47 : 60;
  4C48 : AD;
  4C49 : 8D;
  4C4A : 02;
  4C4B : C9;
  4C4C : 03;
  4C4D : D0;
  4C4E : 15;
  4C4F : CD;
  4C50 : 8E;
  4C51 : 02;
  4C52 : F0;
  4C53 : EE;
  4C54 : AD;
  4C55 : 91;
  4C56 : 02;
  4C57 : 30;
  4C58 : 1D;
  4C59 : AD;
  4C5A : 18;
  4C5B : D0;
  4C5C : 49;
  4C5D : 02;
  4C5E : 8D;
  4C5F : 18;
  4C60 : D0;
  4C61 : 4C;
  4C62 : 76;
  4C63 : EB;
  4C64 : 0A;
  4C65 : C9;
  4C66 : 08;
  4C67 : 90;
  4C68 : 02;
  4C69 : A9;
  4C6A : 06;
  4C6B : AA;
  4C6C : BD;
  4C6D : 79;
  4C6E : EB;
  4C6F : 85;
  4C70 : F5;
  4C71 : BD;
  4C72 : 7A;
  4C73 : EB;
  4C74 : 85;
  4C75 : F6;
  4C76 : 4C;
  4C77 : E0;
  4C78 : EA;
  4C79 : 81;
  4C7A : EB;
  4C7B : C2;
  4C7C : EB;
  4C7D : 03;
  4C7E : EC;
  4C7F : 78;
  4C80 : EC;
  4C81 : 14;
  4C82 : 0D;
  4C83 : 1D;
  4C84 : 88;
  4C85 : 85;
  4C86 : 86;
  4C87 : 87;
  4C88 : 11;
  4C89 : 33;
  4C8A : 57;
  4C8B : 41;
  4C8C : 34;
  4C8D : 5A;
  4C8E : 53;
  4C8F : 45;
  4C90 : 01;
  4C91 : 35;
  4C92 : 52;
  4C93 : 44;
  4C94 : 36;
  4C95 : 43;
  4C96 : 46;
  4C97 : 54;
  4C98 : 58;
  4C99 : 37;
  4C9A : 59;
  4C9B : 47;
  4C9C : 38;
  4C9D : 42;
  4C9E : 48;
  4C9F : 55;
  4CA0 : 56;
  4CA1 : 39;
  4CA2 : 49;
  4CA3 : 4A;
  4CA4 : 30;
  4CA5 : 4D;
  4CA6 : 4B;
  4CA7 : 4F;
  4CA8 : 4E;
  4CA9 : 2B;
  4CAA : 50;
  4CAB : 4C;
  4CAC : 2D;
  4CAD : 2E;
  4CAE : 3A;
  4CAF : 40;
  4CB0 : 2C;
  4CB1 : 5C;
  4CB2 : 2A;
  4CB3 : 3B;
  4CB4 : 13;
  4CB5 : 01;
  4CB6 : 3D;
  4CB7 : 5E;
  4CB8 : 2F;
  4CB9 : 31;
  4CBA : 5F;
  4CBB : 04;
  4CBC : 32;
  4CBD : 20;
  4CBE : 02;
  4CBF : 51;
  4CC0 : 03;
  4CC1 : FF;
  4CC2 : 94;
  4CC3 : 8D;
  4CC4 : 9D;
  4CC5 : 8C;
  4CC6 : 89;
  4CC7 : 8A;
  4CC8 : 8B;
  4CC9 : 91;
  4CCA : 23;
  4CCB : D7;
  4CCC : C1;
  4CCD : 24;
  4CCE : DA;
  4CCF : D3;
  4CD0 : C5;
  4CD1 : 01;
  4CD2 : 25;
  4CD3 : D2;
  4CD4 : C4;
  4CD5 : 26;
  4CD6 : C3;
  4CD7 : C6;
  4CD8 : D4;
  4CD9 : D8;
  4CDA : 27;
  4CDB : D9;
  4CDC : C7;
  4CDD : 28;
  4CDE : C2;
  4CDF : C8;
  4CE0 : D5;
  4CE1 : D6;
  4CE2 : 29;
  4CE3 : C9;
  4CE4 : CA;
  4CE5 : 30;
  4CE6 : CD;
  4CE7 : CB;
  4CE8 : CF;
  4CE9 : CE;
  4CEA : DB;
  4CEB : D0;
  4CEC : CC;
  4CED : DD;
  4CEE : 3E;
  4CEF : 5B;
  4CF0 : BA;
  4CF1 : 3C;
  4CF2 : A9;
  4CF3 : C0;
  4CF4 : 5D;
  4CF5 : 93;
  4CF6 : 01;
  4CF7 : 3D;
  4CF8 : DE;
  4CF9 : 3F;
  4CFA : 21;
  4CFB : 5F;
  4CFC : 04;
  4CFD : 22;
  4CFE : A0;
  4CFF : 02;
  4D00 : D1;
  4D01 : 83;
  4D02 : FF;
  4D03 : 94;
  4D04 : 8D;
  4D05 : 9D;
  4D06 : 8C;
  4D07 : 89;
  4D08 : 8A;
  4D09 : 8B;
  4D0A : 91;
  4D0B : 96;
  4D0C : B3;
  4D0D : B0;
  4D0E : 97;
  4D0F : AD;
  4D10 : AE;
  4D11 : B1;
  4D12 : 01;
  4D13 : 98;
  4D14 : B2;
  4D15 : AC;
  4D16 : 99;
  4D17 : BC;
  4D18 : BB;
  4D19 : A3;
  4D1A : BD;
  4D1B : 9A;
  4D1C : B7;
  4D1D : A5;
  4D1E : 9B;
  4D1F : BF;
  4D20 : B4;
  4D21 : B8;
  4D22 : BE;
  4D23 : 29;
  4D24 : A2;
  4D25 : B5;
  4D26 : 30;
  4D27 : A7;
  4D28 : A1;
  4D29 : B9;
  4D2A : AA;
  4D2B : A6;
  4D2C : AF;
  4D2D : B6;
  4D2E : DC;
  4D2F : 3E;
  4D30 : 5B;
  4D31 : A4;
  4D32 : 3C;
  4D33 : A8;
  4D34 : DF;
  4D35 : 5D;
  4D36 : 93;
  4D37 : 01;
  4D38 : 3D;
  4D39 : DE;
  4D3A : 3F;
  4D3B : 81;
  4D3C : 5F;
  4D3D : 04;
  4D3E : 95;
  4D3F : A0;
  4D40 : 02;
  4D41 : AB;
  4D42 : 83;
  4D43 : FF;
  4D44 : C9;
  4D45 : 0E;
  4D46 : D0;
  4D47 : 07;
  4D48 : AD;
  4D49 : 18;
  4D4A : D0;
  4D4B : 09;
  4D4C : 02;
  4D4D : D0;
  4D4E : 09;
  4D4F : C9;
  4D50 : 8E;
  4D51 : D0;
  4D52 : 0B;
  4D53 : AD;
  4D54 : 18;
  4D55 : D0;
  4D56 : 29;
  4D57 : FD;
  4D58 : 8D;
  4D59 : 18;
  4D5A : D0;
  4D5B : 4C;
  4D5C : A8;
  4D5D : E6;
  4D5E : C9;
  4D5F : 08;
  4D60 : D0;
  4D61 : 07;
  4D62 : A9;
  4D63 : 80;
  4D64 : 0D;
  4D65 : 91;
  4D66 : 02;
  4D67 : 30;
  4D68 : 09;
  4D69 : C9;
  4D6A : 09;
  4D6B : D0;
  4D6C : EE;
  4D6D : A9;
  4D6E : 7F;
  4D6F : 2D;
  4D70 : 91;
  4D71 : 02;
  4D72 : 8D;
  4D73 : 91;
  4D74 : 02;
  4D75 : 4C;
  4D76 : A8;
  4D77 : E6;
  4D78 : FF;
  4D79 : FF;
  4D7A : FF;
  4D7B : FF;
  4D7C : FF;
  4D7D : FF;
  4D7E : FF;
  4D7F : FF;
  4D80 : 1C;
  4D81 : 17;
  4D82 : 01;
  4D83 : 9F;
  4D84 : 1A;
  4D85 : 13;
  4D86 : 05;
  4D87 : FF;
  4D88 : 9C;
  4D89 : 12;
  4D8A : 04;
  4D8B : 1E;
  4D8C : 03;
  4D8D : 06;
  4D8E : 14;
  4D8F : 18;
  4D90 : 1F;
  4D91 : 19;
  4D92 : 07;
  4D93 : 9E;
  4D94 : 02;
  4D95 : 08;
  4D96 : 15;
  4D97 : 16;
  4D98 : 12;
  4D99 : 09;
  4D9A : 0A;
  4D9B : 92;
  4D9C : 0D;
  4D9D : 0B;
  4D9E : 0F;
  4D9F : 0E;
  4DA0 : FF;
  4DA1 : 10;
  4DA2 : 0C;
  4DA3 : FF;
  4DA4 : FF;
  4DA5 : 1B;
  4DA6 : 00;
  4DA7 : FF;
  4DA8 : 1C;
  4DA9 : FF;
  4DAA : 1D;
  4DAB : FF;
  4DAC : FF;
  4DAD : 1F;
  4DAE : 1E;
  4DAF : FF;
  4DB0 : 90;
  4DB1 : 06;
  4DB2 : FF;
  4DB3 : 05;
  4DB4 : FF;
  4DB5 : FF;
  4DB6 : 11;
  4DB7 : FF;
  4DB8 : FF;
  4DB9 : 00;
  4DBA : 00;
  4DBB : 00;
  4DBC : 00;
  4DBD : 00;
  4DBE : 00;
  4DBF : 00;
  4DC0 : 00;
  4DC1 : 00;
  4DC2 : 00;
  4DC3 : 00;
  4DC4 : 00;
  4DC5 : 00;
  4DC6 : 00;
  4DC7 : 00;
  4DC8 : 00;
  4DC9 : 00;
  4DCA : 9B;
  4DCB : 37;
  4DCC : 00;
  4DCD : 00;
  4DCE : 00;
  4DCF : 08;
  4DD0 : 00;
  4DD1 : 14;
  4DD2 : 0F;
  4DD3 : 00;
  4DD4 : 00;
  4DD5 : 00;
  4DD6 : 00;
  4DD7 : 00;
  4DD8 : 00;
  4DD9 : 0E;
  4DDA : 06;
  4DDB : 01;
  4DDC : 02;
  4DDD : 03;
  4DDE : 04;
  4DDF : 00;
  4DE0 : 01;
  4DE1 : 02;
  4DE2 : 03;
  4DE3 : 04;
  4DE4 : 05;
  4DE5 : 06;
  4DE6 : 07;
  4DE7 : 4C;
  4DE8 : 4F;
  4DE9 : 41;
  4DEA : 44;
  4DEB : 0D;
  4DEC : 52;
  4DED : 55;
  4DEE : 4E;
  4DEF : 0D;
  4DF0 : 00;
  4DF1 : 28;
  4DF2 : 50;
  4DF3 : 78;
  4DF4 : A0;
  4DF5 : C8;
  4DF6 : F0;
  4DF7 : 18;
  4DF8 : 40;
  4DF9 : 68;
  4DFA : 90;
  4DFB : B8;
  4DFC : E0;
  4DFD : 08;
  4DFE : 30;
  4DFF : 58;
  4E00 : 80;
  4E01 : A8;
  4E02 : D0;
  4E03 : F8;
  4E04 : 20;
  4E05 : 48;
  4E06 : 70;
  4E07 : 98;
  4E08 : C0;
  4E09 : 09;
  4E0A : 40;
  4E0B : 2C;
  4E0C : 09;
  4E0D : 20;
  4E0E : 20;
  4E0F : A4;
  4E10 : F0;
  4E11 : 48;
  4E12 : 24;
  4E13 : 94;
  4E14 : 10;
  4E15 : 0A;
  4E16 : 38;
  4E17 : 66;
  4E18 : A3;
  4E19 : 20;
  4E1A : 40;
  4E1B : ED;
  4E1C : 46;
  4E1D : 94;
  4E1E : 46;
  4E1F : A3;
  4E20 : 68;
  4E21 : 85;
  4E22 : 95;
  4E23 : 78;
  4E24 : 20;
  4E25 : 97;
  4E26 : EE;
  4E27 : C9;
  4E28 : 3F;
  4E29 : D0;
  4E2A : 03;
  4E2B : 20;
  4E2C : 85;
  4E2D : EE;
  4E2E : AD;
  4E2F : 00;
  4E30 : DD;
  4E31 : 09;
  4E32 : 08;
  4E33 : 8D;
  4E34 : 00;
  4E35 : DD;
  4E36 : 78;
  4E37 : 20;
  4E38 : 8E;
  4E39 : EE;
  4E3A : 20;
  4E3B : A4;
  4E3C : F3;
  4E3D : 20;
  4E3E : B3;
  4E3F : EE;
  4E40 : 78;
  4E41 : 20;
  4E42 : 97;
  4E43 : EE;
  4E44 : 20;
  4E45 : AA;
  4E46 : F3;
  4E47 : B0;
  4E48 : 64;
  4E49 : 20;
  4E4A : 85;
  4E4B : EE;
  4E4C : 24;
  4E4D : A3;
  4E4E : 10;
  4E4F : 0A;
  4E50 : 20;
  4E51 : A9;
  4E52 : EE;
  4E53 : 90;
  4E54 : FB;
  4E55 : 20;
  4E56 : A9;
  4E57 : EE;
  4E58 : B0;
  4E59 : FB;
  4E5A : 20;
  4E5B : A9;
  4E5C : EE;
  4E5D : 90;
  4E5E : FB;
  4E5F : 20;
  4E60 : 8E;
  4E61 : EE;
  4E62 : A9;
  4E63 : 08;
  4E64 : 85;
  4E65 : A5;
  4E66 : AD;
  4E67 : 00;
  4E68 : DD;
  4E69 : CD;
  4E6A : 00;
  4E6B : DD;
  4E6C : D0;
  4E6D : F8;
  4E6E : 0A;
  4E6F : 90;
  4E70 : 3F;
  4E71 : 66;
  4E72 : 95;
  4E73 : B0;
  4E74 : 05;
  4E75 : 20;
  4E76 : A0;
  4E77 : EE;
  4E78 : D0;
  4E79 : 03;
  4E7A : 20;
  4E7B : 97;
  4E7C : EE;
  4E7D : 20;
  4E7E : 85;
  4E7F : EE;
  4E80 : EA;
  4E81 : EA;
  4E82 : EA;
  4E83 : EA;
  4E84 : AD;
  4E85 : 00;
  4E86 : DD;
  4E87 : 29;
  4E88 : DF;
  4E89 : 09;
  4E8A : 10;
  4E8B : 8D;
  4E8C : 00;
  4E8D : DD;
  4E8E : C6;
  4E8F : A5;
  4E90 : D0;
  4E91 : D4;
  4E92 : A9;
  4E93 : 04;
  4E94 : 8D;
  4E95 : 07;
  4E96 : DC;
  4E97 : A9;
  4E98 : 19;
  4E99 : 8D;
  4E9A : 0F;
  4E9B : DC;
  4E9C : AD;
  4E9D : 0D;
  4E9E : DC;
  4E9F : AD;
  4EA0 : 0D;
  4EA1 : DC;
  4EA2 : 29;
  4EA3 : 02;
  4EA4 : D0;
  4EA5 : 0A;
  4EA6 : 20;
  4EA7 : A9;
  4EA8 : EE;
  4EA9 : B0;
  4EAA : F4;
  4EAB : 58;
  4EAC : 60;
  4EAD : A9;
  4EAE : 80;
  4EAF : 2C;
  4EB0 : A9;
  4EB1 : 03;
  4EB2 : 20;
  4EB3 : 1C;
  4EB4 : FE;
  4EB5 : 58;
  4EB6 : 18;
  4EB7 : 90;
  4EB8 : 4A;
  4EB9 : 85;
  4EBA : 95;
  4EBB : 20;
  4EBC : 36;
  4EBD : ED;
  4EBE : AD;
  4EBF : 00;
  4EC0 : DD;
  4EC1 : 29;
  4EC2 : F7;
  4EC3 : 8D;
  4EC4 : 00;
  4EC5 : DD;
  4EC6 : 60;
  4EC7 : 85;
  4EC8 : 95;
  4EC9 : 20;
  4ECA : 36;
  4ECB : ED;
  4ECC : 78;
  4ECD : 20;
  4ECE : A0;
  4ECF : EE;
  4ED0 : 20;
  4ED1 : BE;
  4ED2 : ED;
  4ED3 : 20;
  4ED4 : 85;
  4ED5 : EE;
  4ED6 : 20;
  4ED7 : A9;
  4ED8 : EE;
  4ED9 : 30;
  4EDA : FB;
  4EDB : 58;
  4EDC : 60;
  4EDD : 24;
  4EDE : 94;
  4EDF : 30;
  4EE0 : 05;
  4EE1 : 38;
  4EE2 : 66;
  4EE3 : 94;
  4EE4 : D0;
  4EE5 : 05;
  4EE6 : 48;
  4EE7 : 20;
  4EE8 : 40;
  4EE9 : ED;
  4EEA : 68;
  4EEB : 85;
  4EEC : 95;
  4EED : 18;
  4EEE : 60;
  4EEF : 78;
  4EF0 : 20;
  4EF1 : 8E;
  4EF2 : EE;
  4EF3 : AD;
  4EF4 : 00;
  4EF5 : DD;
  4EF6 : 09;
  4EF7 : 08;
  4EF8 : 8D;
  4EF9 : 00;
  4EFA : DD;
  4EFB : A9;
  4EFC : 5F;
  4EFD : 2C;
  4EFE : A9;
  4EFF : 3F;
  4F00 : 20;
  4F01 : 11;
  4F02 : ED;
  4F03 : 20;
  4F04 : BE;
  4F05 : ED;
  4F06 : 20;
  4F07 : B0;
  4F08 : F3;
  4F09 : CA;
  4F0A : D0;
  4F0B : FD;
  4F0C : AA;
  4F0D : 20;
  4F0E : 85;
  4F0F : EE;
  4F10 : 4C;
  4F11 : B7;
  4F12 : F3;
  4F13 : 78;
  4F14 : A9;
  4F15 : 00;
  4F16 : 85;
  4F17 : A5;
  4F18 : 20;
  4F19 : BD;
  4F1A : F3;
  4F1B : 20;
  4F1C : A9;
  4F1D : EE;
  4F1E : 10;
  4F1F : FB;
  4F20 : A9;
  4F21 : 01;
  4F22 : 8D;
  4F23 : 07;
  4F24 : DC;
  4F25 : A9;
  4F26 : 19;
  4F27 : 8D;
  4F28 : 0F;
  4F29 : DC;
  4F2A : 20;
  4F2B : 97;
  4F2C : EE;
  4F2D : AD;
  4F2E : 0D;
  4F2F : DC;
  4F30 : AD;
  4F31 : 0D;
  4F32 : DC;
  4F33 : 29;
  4F34 : 02;
  4F35 : D0;
  4F36 : 07;
  4F37 : 20;
  4F38 : A9;
  4F39 : EE;
  4F3A : 30;
  4F3B : F4;
  4F3C : 10;
  4F3D : 18;
  4F3E : A5;
  4F3F : A5;
  4F40 : F0;
  4F41 : 05;
  4F42 : A9;
  4F43 : 02;
  4F44 : 4C;
  4F45 : B2;
  4F46 : ED;
  4F47 : 20;
  4F48 : A0;
  4F49 : EE;
  4F4A : 20;
  4F4B : 85;
  4F4C : EE;
  4F4D : A9;
  4F4E : 40;
  4F4F : 20;
  4F50 : 1C;
  4F51 : FE;
  4F52 : E6;
  4F53 : A5;
  4F54 : D0;
  4F55 : CA;
  4F56 : A9;
  4F57 : 08;
  4F58 : 85;
  4F59 : A5;
  4F5A : AD;
  4F5B : 00;
  4F5C : DD;
  4F5D : CD;
  4F5E : 00;
  4F5F : DD;
  4F60 : D0;
  4F61 : F8;
  4F62 : 0A;
  4F63 : 10;
  4F64 : F5;
  4F65 : 66;
  4F66 : A4;
  4F67 : AD;
  4F68 : 00;
  4F69 : DD;
  4F6A : CD;
  4F6B : 00;
  4F6C : DD;
  4F6D : D0;
  4F6E : F8;
  4F6F : 0A;
  4F70 : 30;
  4F71 : F5;
  4F72 : C6;
  4F73 : A5;
  4F74 : D0;
  4F75 : E4;
  4F76 : 20;
  4F77 : C3;
  4F78 : F3;
  4F79 : 24;
  4F7A : 90;
  4F7B : 50;
  4F7C : 03;
  4F7D : 20;
  4F7E : 06;
  4F7F : EE;
  4F80 : A5;
  4F81 : A4;
  4F82 : 58;
  4F83 : 18;
  4F84 : 60;
  4F85 : AD;
  4F86 : 00;
  4F87 : DD;
  4F88 : 29;
  4F89 : EF;
  4F8A : 8D;
  4F8B : 00;
  4F8C : DD;
  4F8D : 60;
  4F8E : AD;
  4F8F : 00;
  4F90 : DD;
  4F91 : 09;
  4F92 : 10;
  4F93 : 8D;
  4F94 : 00;
  4F95 : DD;
  4F96 : 60;
  4F97 : AD;
  4F98 : 00;
  4F99 : DD;
  4F9A : 29;
  4F9B : DF;
  4F9C : 8D;
  4F9D : 00;
  4F9E : DD;
  4F9F : 60;
  4FA0 : AD;
  4FA1 : 00;
  4FA2 : DD;
  4FA3 : 09;
  4FA4 : 20;
  4FA5 : 8D;
  4FA6 : 00;
  4FA7 : DD;
  4FA8 : 60;
  4FA9 : AD;
  4FAA : 00;
  4FAB : DD;
  4FAC : CD;
  4FAD : 00;
  4FAE : DD;
  4FAF : D0;
  4FB0 : F8;
  4FB1 : 0A;
  4FB2 : 60;
  4FB3 : 8A;
  4FB4 : A2;
  4FB5 : B8;
  4FB6 : CA;
  4FB7 : D0;
  4FB8 : FD;
  4FB9 : AA;
  4FBA : 60;
  4FBB : A5;
  4FBC : B4;
  4FBD : F0;
  4FBE : 47;
  4FBF : 30;
  4FC0 : 3F;
  4FC1 : 46;
  4FC2 : B6;
  4FC3 : A2;
  4FC4 : 00;
  4FC5 : 90;
  4FC6 : 01;
  4FC7 : CA;
  4FC8 : 8A;
  4FC9 : 45;
  4FCA : BD;
  4FCB : 85;
  4FCC : BD;
  4FCD : C6;
  4FCE : B4;
  4FCF : F0;
  4FD0 : 06;
  4FD1 : 8A;
  4FD2 : 29;
  4FD3 : 04;
  4FD4 : 85;
  4FD5 : B5;
  4FD6 : 60;
  4FD7 : A9;
  4FD8 : 20;
  4FD9 : 2C;
  4FDA : 94;
  4FDB : 02;
  4FDC : F0;
  4FDD : 14;
  4FDE : 30;
  4FDF : 1C;
  4FE0 : 70;
  4FE1 : 14;
  4FE2 : A5;
  4FE3 : BD;
  4FE4 : D0;
  4FE5 : 01;
  4FE6 : CA;
  4FE7 : C6;
  4FE8 : B4;
  4FE9 : AD;
  4FEA : 93;
  4FEB : 02;
  4FEC : 10;
  4FED : E3;
  4FEE : C6;
  4FEF : B4;
  4FF0 : D0;
  4FF1 : DF;
  4FF2 : E6;
  4FF3 : B4;
  4FF4 : D0;
  4FF5 : F0;
  4FF6 : A5;
  4FF7 : BD;
  4FF8 : F0;
  4FF9 : ED;
  4FFA : D0;
  4FFB : EA;
  4FFC : 70;
  4FFD : E9;
  4FFE : 50;
  4FFF : E6;
  5000 : E6;
  5001 : B4;
  5002 : A2;
  5003 : FF;
  5004 : D0;
  5005 : CB;
  5006 : AD;
  5007 : 94;
  5008 : 02;
  5009 : 4A;
  500A : 90;
  500B : 07;
  500C : 2C;
  500D : 01;
  500E : DD;
  500F : 10;
  5010 : 1D;
  5011 : 50;
  5012 : 1E;
  5013 : A9;
  5014 : 00;
  5015 : 85;
  5016 : BD;
  5017 : 85;
  5018 : B5;
  5019 : AE;
  501A : 98;
  501B : 02;
  501C : 86;
  501D : B4;
  501E : AC;
  501F : 9D;
  5020 : 02;
  5021 : CC;
  5022 : 9E;
  5023 : 02;
  5024 : F0;
  5025 : 13;
  5026 : B1;
  5027 : F9;
  5028 : 85;
  5029 : B6;
  502A : EE;
  502B : 9D;
  502C : 02;
  502D : 60;
  502E : A9;
  502F : 40;
  5030 : 2C;
  5031 : A9;
  5032 : 10;
  5033 : 0D;
  5034 : 97;
  5035 : 02;
  5036 : 8D;
  5037 : 97;
  5038 : 02;
  5039 : A9;
  503A : 01;
  503B : 8D;
  503C : 0D;
  503D : DD;
  503E : 4D;
  503F : A1;
  5040 : 02;
  5041 : 09;
  5042 : 80;
  5043 : 8D;
  5044 : A1;
  5045 : 02;
  5046 : 8D;
  5047 : 0D;
  5048 : DD;
  5049 : 60;
  504A : A2;
  504B : 09;
  504C : A9;
  504D : 20;
  504E : 2C;
  504F : 93;
  5050 : 02;
  5051 : F0;
  5052 : 01;
  5053 : CA;
  5054 : 50;
  5055 : 02;
  5056 : CA;
  5057 : CA;
  5058 : 60;
  5059 : A6;
  505A : A9;
  505B : D0;
  505C : 33;
  505D : C6;
  505E : A8;
  505F : F0;
  5060 : 36;
  5061 : 30;
  5062 : 0D;
  5063 : A5;
  5064 : A7;
  5065 : 45;
  5066 : AB;
  5067 : 85;
  5068 : AB;
  5069 : 46;
  506A : A7;
  506B : 66;
  506C : AA;
  506D : 60;
  506E : C6;
  506F : A8;
  5070 : A5;
  5071 : A7;
  5072 : F0;
  5073 : 67;
  5074 : AD;
  5075 : 93;
  5076 : 02;
  5077 : 0A;
  5078 : A9;
  5079 : 01;
  507A : 65;
  507B : A8;
  507C : D0;
  507D : EF;
  507E : A9;
  507F : 90;
  5080 : 8D;
  5081 : 0D;
  5082 : DD;
  5083 : 0D;
  5084 : A1;
  5085 : 02;
  5086 : 8D;
  5087 : A1;
  5088 : 02;
  5089 : 85;
  508A : A9;
  508B : A9;
  508C : 02;
  508D : 4C;
  508E : 3B;
  508F : EF;
  5090 : A5;
  5091 : A7;
  5092 : D0;
  5093 : EA;
  5094 : 4C;
  5095 : D3;
  5096 : E4;
  5097 : AC;
  5098 : 9B;
  5099 : 02;
  509A : C8;
  509B : CC;
  509C : 9C;
  509D : 02;
  509E : F0;
  509F : 2A;
  50A0 : 8C;
  50A1 : 9B;
  50A2 : 02;
  50A3 : 88;
  50A4 : A5;
  50A5 : AA;
  50A6 : AE;
  50A7 : 98;
  50A8 : 02;
  50A9 : E0;
  50AA : 09;
  50AB : F0;
  50AC : 04;
  50AD : 4A;
  50AE : E8;
  50AF : D0;
  50B0 : F8;
  50B1 : 91;
  50B2 : F7;
  50B3 : A9;
  50B4 : 20;
  50B5 : 2C;
  50B6 : 94;
  50B7 : 02;
  50B8 : F0;
  50B9 : B4;
  50BA : 30;
  50BB : B1;
  50BC : A5;
  50BD : A7;
  50BE : 45;
  50BF : AB;
  50C0 : F0;
  50C1 : 03;
  50C2 : 70;
  50C3 : A9;
  50C4 : 2C;
  50C5 : 50;
  50C6 : A6;
  50C7 : A9;
  50C8 : 01;
  50C9 : 2C;
  50CA : A9;
  50CB : 04;
  50CC : 2C;
  50CD : A9;
  50CE : 80;
  50CF : 2C;
  50D0 : A9;
  50D1 : 02;
  50D2 : 0D;
  50D3 : 97;
  50D4 : 02;
  50D5 : 8D;
  50D6 : 97;
  50D7 : 02;
  50D8 : 4C;
  50D9 : 7E;
  50DA : EF;
  50DB : A5;
  50DC : AA;
  50DD : D0;
  50DE : F1;
  50DF : F0;
  50E0 : EC;
  50E1 : 85;
  50E2 : 9A;
  50E3 : AD;
  50E4 : 94;
  50E5 : 02;
  50E6 : 4A;
  50E7 : 90;
  50E8 : 29;
  50E9 : A9;
  50EA : 02;
  50EB : 2C;
  50EC : 01;
  50ED : DD;
  50EE : 10;
  50EF : 1D;
  50F0 : D0;
  50F1 : 20;
  50F2 : AD;
  50F3 : A1;
  50F4 : 02;
  50F5 : 29;
  50F6 : 02;
  50F7 : D0;
  50F8 : F9;
  50F9 : 2C;
  50FA : 01;
  50FB : DD;
  50FC : 70;
  50FD : FB;
  50FE : AD;
  50FF : 01;
  5100 : DD;
  5101 : 09;
  5102 : 02;
  5103 : 8D;
  5104 : 01;
  5105 : DD;
  5106 : 2C;
  5107 : 01;
  5108 : DD;
  5109 : 70;
  510A : 07;
  510B : 30;
  510C : F9;
  510D : A9;
  510E : 40;
  510F : 8D;
  5110 : 97;
  5111 : 02;
  5112 : 18;
  5113 : 60;
  5114 : 20;
  5115 : 28;
  5116 : F0;
  5117 : AC;
  5118 : 9E;
  5119 : 02;
  511A : C8;
  511B : CC;
  511C : 9D;
  511D : 02;
  511E : F0;
  511F : F4;
  5120 : 8C;
  5121 : 9E;
  5122 : 02;
  5123 : 88;
  5124 : A5;
  5125 : 9E;
  5126 : 91;
  5127 : F9;
  5128 : AD;
  5129 : A1;
  512A : 02;
  512B : 4A;
  512C : B0;
  512D : 1E;
  512E : A9;
  512F : 10;
  5130 : 8D;
  5131 : 0E;
  5132 : DD;
  5133 : AD;
  5134 : 99;
  5135 : 02;
  5136 : 8D;
  5137 : 04;
  5138 : DD;
  5139 : AD;
  513A : 9A;
  513B : 02;
  513C : 8D;
  513D : 05;
  513E : DD;
  513F : A9;
  5140 : 81;
  5141 : 20;
  5142 : 3B;
  5143 : EF;
  5144 : 20;
  5145 : 06;
  5146 : EF;
  5147 : A9;
  5148 : 11;
  5149 : 8D;
  514A : 0E;
  514B : DD;
  514C : 60;
  514D : 85;
  514E : 99;
  514F : AD;
  5150 : 94;
  5151 : 02;
  5152 : 4A;
  5153 : 90;
  5154 : 28;
  5155 : 29;
  5156 : 08;
  5157 : F0;
  5158 : 24;
  5159 : A9;
  515A : 02;
  515B : 2C;
  515C : 01;
  515D : DD;
  515E : 10;
  515F : AD;
  5160 : F0;
  5161 : 22;
  5162 : AD;
  5163 : A1;
  5164 : 02;
  5165 : 4A;
  5166 : B0;
  5167 : FA;
  5168 : AD;
  5169 : 01;
  516A : DD;
  516B : 29;
  516C : FD;
  516D : 8D;
  516E : 01;
  516F : DD;
  5170 : AD;
  5171 : 01;
  5172 : DD;
  5173 : 29;
  5174 : 04;
  5175 : F0;
  5176 : F9;
  5177 : A9;
  5178 : 90;
  5179 : 18;
  517A : 4C;
  517B : 3B;
  517C : EF;
  517D : AD;
  517E : A1;
  517F : 02;
  5180 : 29;
  5181 : 12;
  5182 : F0;
  5183 : F3;
  5184 : 18;
  5185 : 60;
  5186 : AD;
  5187 : 97;
  5188 : 02;
  5189 : AC;
  518A : 9C;
  518B : 02;
  518C : CC;
  518D : 9B;
  518E : 02;
  518F : F0;
  5190 : 0B;
  5191 : 29;
  5192 : F7;
  5193 : 8D;
  5194 : 97;
  5195 : 02;
  5196 : B1;
  5197 : F7;
  5198 : EE;
  5199 : 9C;
  519A : 02;
  519B : 60;
  519C : 09;
  519D : 08;
  519E : 8D;
  519F : 97;
  51A0 : 02;
  51A1 : A9;
  51A2 : 00;
  51A3 : 60;
  51A4 : 48;
  51A5 : AD;
  51A6 : A1;
  51A7 : 02;
  51A8 : F0;
  51A9 : 11;
  51AA : AD;
  51AB : A1;
  51AC : 02;
  51AD : 29;
  51AE : 03;
  51AF : D0;
  51B0 : F9;
  51B1 : A9;
  51B2 : 10;
  51B3 : 8D;
  51B4 : 0D;
  51B5 : DD;
  51B6 : A9;
  51B7 : 00;
  51B8 : 8D;
  51B9 : A1;
  51BA : 02;
  51BB : 68;
  51BC : 60;
  51BD : 0D;
  51BE : 49;
  51BF : 2F;
  51C0 : 4F;
  51C1 : 20;
  51C2 : 45;
  51C3 : 52;
  51C4 : 52;
  51C5 : 4F;
  51C6 : 52;
  51C7 : 20;
  51C8 : A3;
  51C9 : 0D;
  51CA : 53;
  51CB : 45;
  51CC : 41;
  51CD : 52;
  51CE : 43;
  51CF : 48;
  51D0 : 49;
  51D1 : 4E;
  51D2 : 47;
  51D3 : A0;
  51D4 : 46;
  51D5 : 4F;
  51D6 : 52;
  51D7 : A0;
  51D8 : 0D;
  51D9 : 50;
  51DA : 52;
  51DB : 45;
  51DC : 53;
  51DD : 53;
  51DE : 20;
  51DF : 50;
  51E0 : 4C;
  51E1 : 41;
  51E2 : 59;
  51E3 : 20;
  51E4 : 4F;
  51E5 : 4E;
  51E6 : 20;
  51E7 : 54;
  51E8 : 41;
  51E9 : 50;
  51EA : C5;
  51EB : 50;
  51EC : 52;
  51ED : 45;
  51EE : 53;
  51EF : 53;
  51F0 : 20;
  51F1 : 52;
  51F2 : 45;
  51F3 : 43;
  51F4 : 4F;
  51F5 : 52;
  51F6 : 44;
  51F7 : 20;
  51F8 : 26;
  51F9 : 20;
  51FA : 50;
  51FB : 4C;
  51FC : 41;
  51FD : 59;
  51FE : 20;
  51FF : 4F;
  5200 : 4E;
  5201 : 20;
  5202 : 54;
  5203 : 41;
  5204 : 50;
  5205 : C5;
  5206 : 0D;
  5207 : 4C;
  5208 : 4F;
  5209 : 41;
  520A : 44;
  520B : 49;
  520C : 4E;
  520D : C7;
  520E : 0D;
  520F : 53;
  5210 : 41;
  5211 : 56;
  5212 : 49;
  5213 : 4E;
  5214 : 47;
  5215 : A0;
  5216 : 0D;
  5217 : 56;
  5218 : 45;
  5219 : 52;
  521A : 49;
  521B : 46;
  521C : 59;
  521D : 49;
  521E : 4E;
  521F : C7;
  5220 : 0D;
  5221 : 46;
  5222 : 4F;
  5223 : 55;
  5224 : 4E;
  5225 : 44;
  5226 : A0;
  5227 : 0D;
  5228 : 4F;
  5229 : 4B;
  522A : 8D;
  522B : 24;
  522C : 9D;
  522D : 10;
  522E : 0D;
  522F : B9;
  5230 : BD;
  5231 : F0;
  5232 : 08;
  5233 : 29;
  5234 : 7F;
  5235 : 20;
  5236 : D2;
  5237 : FF;
  5238 : C8;
  5239 : 28;
  523A : 10;
  523B : F3;
  523C : 18;
  523D : 60;
  523E : A5;
  523F : 99;
  5240 : D0;
  5241 : 08;
  5242 : A5;
  5243 : C6;
  5244 : F0;
  5245 : 0F;
  5246 : 78;
  5247 : 4C;
  5248 : B4;
  5249 : E5;
  524A : C9;
  524B : 02;
  524C : D0;
  524D : 18;
  524E : 84;
  524F : 97;
  5250 : 20;
  5251 : 86;
  5252 : F0;
  5253 : A4;
  5254 : 97;
  5255 : 18;
  5256 : 60;
  5257 : A5;
  5258 : 99;
  5259 : D0;
  525A : 0B;
  525B : A5;
  525C : D3;
  525D : 85;
  525E : CA;
  525F : A5;
  5260 : D6;
  5261 : 85;
  5262 : C9;
  5263 : 4C;
  5264 : 32;
  5265 : E6;
  5266 : C9;
  5267 : 03;
  5268 : D0;
  5269 : 09;
  526A : 85;
  526B : D0;
  526C : A5;
  526D : D5;
  526E : 85;
  526F : C8;
  5270 : 4C;
  5271 : 32;
  5272 : E6;
  5273 : B0;
  5274 : 38;
  5275 : C9;
  5276 : 02;
  5277 : F0;
  5278 : 3F;
  5279 : 68;
  527A : 60;
  527B : 20;
  527C : 99;
  527D : F1;
  527E : B0;
  527F : 16;
  5280 : 48;
  5281 : 20;
  5282 : 99;
  5283 : F1;
  5284 : B0;
  5285 : 0D;
  5286 : D0;
  5287 : 05;
  5288 : A9;
  5289 : 40;
  528A : 20;
  528B : 1C;
  528C : FE;
  528D : C6;
  528E : A6;
  528F : A6;
  5290 : 97;
  5291 : 68;
  5292 : 60;
  5293 : AA;
  5294 : 68;
  5295 : 8A;
  5296 : A6;
  5297 : 97;
  5298 : 60;
  5299 : 20;
  529A : 0D;
  529B : F8;
  529C : D0;
  529D : 0B;
  529E : 20;
  529F : 41;
  52A0 : F8;
  52A1 : B0;
  52A2 : 11;
  52A3 : A9;
  52A4 : 00;
  52A5 : 85;
  52A6 : A6;
  52A7 : F0;
  52A8 : F0;
  52A9 : B1;
  52AA : B2;
  52AB : 18;
  52AC : 60;
  52AD : A5;
  52AE : 90;
  52AF : F0;
  52B0 : 04;
  52B1 : A9;
  52B2 : 0D;
  52B3 : 18;
  52B4 : 60;
  52B5 : 4C;
  52B6 : 13;
  52B7 : EE;
  52B8 : 20;
  52B9 : 4E;
  52BA : F1;
  52BB : B0;
  52BC : F7;
  52BD : C9;
  52BE : 00;
  52BF : D0;
  52C0 : F2;
  52C1 : AD;
  52C2 : 97;
  52C3 : 02;
  52C4 : 29;
  52C5 : 60;
  52C6 : D0;
  52C7 : E9;
  52C8 : F0;
  52C9 : EE;
  52CA : 48;
  52CB : A5;
  52CC : 9A;
  52CD : C9;
  52CE : 03;
  52CF : D0;
  52D0 : 04;
  52D1 : 68;
  52D2 : 4C;
  52D3 : 16;
  52D4 : E7;
  52D5 : 90;
  52D6 : 04;
  52D7 : 68;
  52D8 : 4C;
  52D9 : DD;
  52DA : ED;
  52DB : 4A;
  52DC : 68;
  52DD : 85;
  52DE : 9E;
  52DF : 8A;
  52E0 : 48;
  52E1 : 98;
  52E2 : 48;
  52E3 : 90;
  52E4 : 23;
  52E5 : B0;
  52E6 : 16;
  52E7 : F8;
  52E8 : D0;
  52E9 : 0E;
  52EA : 20;
  52EB : 64;
  52EC : F8;
  52ED : B0;
  52EE : 0E;
  52EF : A9;
  52F0 : 02;
  52F1 : A0;
  52F2 : 00;
  52F3 : 91;
  52F4 : B2;
  52F5 : C8;
  52F6 : 84;
  52F7 : A6;
  52F8 : A5;
  52F9 : 9E;
  52FA : 91;
  52FB : B2;
  52FC : 18;
  52FD : 68;
  52FE : A8;
  52FF : 68;
  5300 : AA;
  5301 : A5;
  5302 : 9E;
  5303 : 90;
  5304 : 02;
  5305 : A9;
  5306 : 00;
  5307 : 60;
  5308 : 20;
  5309 : 17;
  530A : F0;
  530B : 4C;
  530C : FC;
  530D : F1;
  530E : 20;
  530F : 0F;
  5310 : F3;
  5311 : F0;
  5312 : 03;
  5313 : 4C;
  5314 : 01;
  5315 : F7;
  5316 : 20;
  5317 : 1F;
  5318 : F3;
  5319 : A5;
  531A : BA;
  531B : F0;
  531C : 16;
  531D : C9;
  531E : 03;
  531F : F0;
  5320 : 12;
  5321 : B0;
  5322 : 14;
  5323 : C9;
  5324 : 02;
  5325 : F0;
  5326 : 26;
  5327 : 4C;
  5328 : 4D;
  5329 : F0;
  532A : A6;
  532B : B9;
  532C : E0;
  532D : 60;
  532E : F0;
  532F : 03;
  5330 : 4C;
  5331 : 0A;
  5332 : F7;
  5333 : 85;
  5334 : 99;
  5335 : 18;
  5336 : 60;
  5337 : AA;
  5338 : 20;
  5339 : 09;
  533A : ED;
  533B : A5;
  533C : B9;
  533D : 10;
  533E : 06;
  533F : 20;
  5340 : CC;
  5341 : ED;
  5342 : 4C;
  5343 : 48;
  5344 : F2;
  5345 : 20;
  5346 : C7;
  5347 : ED;
  5348 : 8A;
  5349 : 24;
  534A : 90;
  534B : 10;
  534C : E6;
  534D : 4C;
  534E : 07;
  534F : F7;
  5350 : 20;
  5351 : 0F;
  5352 : F3;
  5353 : F0;
  5354 : 03;
  5355 : 4C;
  5356 : 01;
  5357 : F7;
  5358 : 20;
  5359 : 1F;
  535A : F3;
  535B : A5;
  535C : BA;
  535D : D0;
  535E : 03;
  535F : 4C;
  5360 : 0D;
  5361 : F7;
  5362 : C9;
  5363 : 03;
  5364 : F0;
  5365 : 0F;
  5366 : B0;
  5367 : 11;
  5368 : C9;
  5369 : 02;
  536A : F0;
  536B : 22;
  536C : 4C;
  536D : E1;
  536E : EF;
  536F : A6;
  5370 : B9;
  5371 : E0;
  5372 : 60;
  5373 : F0;
  5374 : EA;
  5375 : 85;
  5376 : 9A;
  5377 : 18;
  5378 : 60;
  5379 : AA;
  537A : 20;
  537B : 0C;
  537C : ED;
  537D : A5;
  537E : B9;
  537F : 10;
  5380 : 05;
  5381 : 20;
  5382 : BE;
  5383 : ED;
  5384 : D0;
  5385 : 03;
  5386 : 20;
  5387 : B9;
  5388 : ED;
  5389 : 8A;
  538A : 24;
  538B : 90;
  538C : 10;
  538D : E7;
  538E : 4C;
  538F : 07;
  5390 : F7;
  5391 : 20;
  5392 : 14;
  5393 : F3;
  5394 : F0;
  5395 : 02;
  5396 : 18;
  5397 : 60;
  5398 : 20;
  5399 : 1F;
  539A : F3;
  539B : 8A;
  539C : 48;
  539D : A5;
  539E : BA;
  539F : F0;
  53A0 : 50;
  53A1 : C9;
  53A2 : 03;
  53A3 : F0;
  53A4 : 4C;
  53A5 : B0;
  53A6 : 47;
  53A7 : C9;
  53A8 : 02;
  53A9 : F0;
  53AA : 46;
  53AB : 68;
  53AC : 20;
  53AD : F2;
  53AE : F2;
  53AF : 20;
  53B0 : 83;
  53B1 : F4;
  53B2 : 20;
  53B3 : 27;
  53B4 : FE;
  53B5 : A5;
  53B6 : F8;
  53B7 : F0;
  53B8 : 01;
  53B9 : C8;
  53BA : A5;
  53BB : FA;
  53BC : F0;
  53BD : 01;
  53BE : C8;
  53BF : A9;
  53C0 : 00;
  53C1 : 85;
  53C2 : F8;
  53C3 : 85;
  53C4 : FA;
  53C5 : 4C;
  53C6 : 7D;
  53C7 : F4;
  53C8 : 8D;
  53C9 : 00;
  53CA : DD;
  53CB : 8D;
  53CC : BF;
  53CD : D0;
  53CE : 8D;
  53CF : 7E;
  53D0 : D0;
  53D1 : 8D;
  53D2 : B6;
  53D3 : D0;
  53D4 : 8D;
  53D5 : 77;
  53D6 : D0;
  53D7 : A9;
  53D8 : C1;
  53D9 : 8D;
  53DA : B3;
  53DB : D0;
  53DC : 8D;
  53DD : 73;
  53DE : D0;
  53DF : 8D;
  53E0 : 7F;
  53E1 : D0;
  53E2 : 60;
  53E3 : 62;
  53E4 : D0;
  53E5 : 0B;
  53E6 : A9;
  53E7 : 05;
  53E8 : 20;
  53E9 : 6A;
  53EA : F7;
  53EB : 4C;
  53EC : F1;
  53ED : F2;
  53EE : 20;
  53EF : 42;
  53F0 : F6;
  53F1 : 68;
  53F2 : AA;
  53F3 : C6;
  53F4 : 98;
  53F5 : E4;
  53F6 : 98;
  53F7 : F0;
  53F8 : 14;
  53F9 : A4;
  53FA : 98;
  53FB : B9;
  53FC : 59;
  53FD : 02;
  53FE : 9D;
  53FF : 59;
  5400 : 02;
  5401 : B9;
  5402 : 63;
  5403 : 02;
  5404 : 9D;
  5405 : 63;
  5406 : 02;
  5407 : B9;
  5408 : 6D;
  5409 : 02;
  540A : 9D;
  540B : 6D;
  540C : 02;
  540D : 18;
  540E : 60;
  540F : A9;
  5410 : 00;
  5411 : 85;
  5412 : 90;
  5413 : 8A;
  5414 : A6;
  5415 : 98;
  5416 : CA;
  5417 : 30;
  5418 : 15;
  5419 : DD;
  541A : 59;
  541B : 02;
  541C : D0;
  541D : F8;
  541E : 60;
  541F : BD;
  5420 : 59;
  5421 : 02;
  5422 : 85;
  5423 : B8;
  5424 : BD;
  5425 : 63;
  5426 : 02;
  5427 : 85;
  5428 : BA;
  5429 : BD;
  542A : 6D;
  542B : 02;
  542C : 85;
  542D : B9;
  542E : 60;
  542F : A9;
  5430 : 00;
  5431 : 85;
  5432 : 98;
  5433 : A2;
  5434 : 03;
  5435 : E4;
  5436 : 9A;
  5437 : B0;
  5438 : 03;
  5439 : 20;
  543A : FE;
  543B : ED;
  543C : E4;
  543D : 99;
  543E : B0;
  543F : 03;
  5440 : 20;
  5441 : EF;
  5442 : ED;
  5443 : 86;
  5444 : 9A;
  5445 : A9;
  5446 : 00;
  5447 : 85;
  5448 : 99;
  5449 : 60;
  544A : A6;
  544B : B8;
  544C : D0;
  544D : 03;
  544E : 4C;
  544F : 0A;
  5450 : F7;
  5451 : 20;
  5452 : 0F;
  5453 : F3;
  5454 : D0;
  5455 : 03;
  5456 : 4C;
  5457 : FE;
  5458 : F6;
  5459 : A6;
  545A : 98;
  545B : E0;
  545C : 0A;
  545D : 90;
  545E : 03;
  545F : 4C;
  5460 : FB;
  5461 : F6;
  5462 : E6;
  5463 : 98;
  5464 : A5;
  5465 : B8;
  5466 : 9D;
  5467 : 59;
  5468 : 02;
  5469 : A5;
  546A : B9;
  546B : 09;
  546C : 60;
  546D : 85;
  546E : B9;
  546F : 9D;
  5470 : 6D;
  5471 : 02;
  5472 : A5;
  5473 : BA;
  5474 : 9D;
  5475 : 63;
  5476 : 02;
  5477 : F0;
  5478 : 5A;
  5479 : C9;
  547A : 03;
  547B : F0;
  547C : 56;
  547D : 90;
  547E : 05;
  547F : 20;
  5480 : D5;
  5481 : F3;
  5482 : 90;
  5483 : 4F;
  5484 : C9;
  5485 : 02;
  5486 : D0;
  5487 : 08;
  5488 : 4C;
  5489 : 09;
  548A : F4;
  548B : 08;
  548C : 78;
  548D : A2;
  548E : D0;
  548F : BF;
  5490 : DF;
  5491 : 3C;
  5492 : F8;
  5493 : CA;
  5494 : 9F;
  5495 : E0;
  5496 : 7B;
  5497 : 01;
  5498 : 9F;
  5499 : E0;
  549A : FB;
  549B : 01;
  549C : D0;
  549D : F1;
  549E : 28;
  549F : A2;
  54A0 : 30;
  54A1 : A0;
  54A2 : FD;
  54A3 : 60;
  54A4 : 8D;
  54A5 : 72;
  54A6 : D0;
  54A7 : 4C;
  54A8 : 97;
  54A9 : EE;
  54AA : 8D;
  54AB : 72;
  54AC : D0;
  54AD : 4C;
  54AE : A9;
  54AF : EE;
  54B0 : 8D;
  54B1 : 72;
  54B2 : D0;
  54B3 : 8A;
  54B4 : A2;
  54B5 : 0A;
  54B6 : 60;
  54B7 : 8D;
  54B8 : 73;
  54B9 : D0;
  54BA : 4C;
  54BB : 97;
  54BC : EE;
  54BD : 8D;
  54BE : 72;
  54BF : D0;
  54C0 : 4C;
  54C1 : 85;
  54C2 : EE;
  54C3 : 8D;
  54C4 : 73;
  54C5 : D0;
  54C6 : 4C;
  54C7 : A0;
  54C8 : EE;
  54C9 : 07;
  54CA : A0;
  54CB : 00;
  54CC : A9;
  54CD : 02;
  54CE : 91;
  54CF : B2;
  54D0 : 98;
  54D1 : 85;
  54D2 : A6;
  54D3 : 18;
  54D4 : 60;
  54D5 : A5;
  54D6 : B9;
  54D7 : 30;
  54D8 : FA;
  54D9 : A4;
  54DA : B7;
  54DB : F0;
  54DC : F6;
  54DD : A9;
  54DE : 00;
  54DF : 85;
  54E0 : 90;
  54E1 : A5;
  54E2 : BA;
  54E3 : 20;
  54E4 : 0C;
  54E5 : ED;
  54E6 : A5;
  54E7 : B9;
  54E8 : 09;
  54E9 : F0;
  54EA : 20;
  54EB : B9;
  54EC : ED;
  54ED : A5;
  54EE : 90;
  54EF : 10;
  54F0 : 05;
  54F1 : 68;
  54F2 : 68;
  54F3 : 4C;
  54F4 : 07;
  54F5 : F7;
  54F6 : A5;
  54F7 : B7;
  54F8 : F0;
  54F9 : 0C;
  54FA : A0;
  54FB : 00;
  54FC : B1;
  54FD : BB;
  54FE : 20;
  54FF : DD;
  5500 : ED;
  5501 : C8;
  5502 : C4;
  5503 : B7;
  5504 : D0;
  5505 : F6;
  5506 : 4C;
  5507 : 54;
  5508 : F6;
  5509 : 20;
  550A : 83;
  550B : F4;
  550C : 8C;
  550D : 97;
  550E : 02;
  550F : C4;
  5510 : B7;
  5511 : F0;
  5512 : 0A;
  5513 : B1;
  5514 : BB;
  5515 : 99;
  5516 : 93;
  5517 : 02;
  5518 : C8;
  5519 : C0;
  551A : 04;
  551B : D0;
  551C : F2;
  551D : 20;
  551E : 4A;
  551F : EF;
  5520 : 8E;
  5521 : 98;
  5522 : 02;
  5523 : AD;
  5524 : 93;
  5525 : 02;
  5526 : 29;
  5527 : 0F;
  5528 : F0;
  5529 : 1C;
  552A : 0A;
  552B : AA;
  552C : AD;
  552D : A6;
  552E : 02;
  552F : D0;
  5530 : 09;
  5531 : BC;
  5532 : C1;
  5533 : FE;
  5534 : BD;
  5535 : C0;
  5536 : FE;
  5537 : 4C;
  5538 : 40;
  5539 : F4;
  553A : BC;
  553B : EB;
  553C : E4;
  553D : BD;
  553E : EA;
  553F : E4;
  5540 : 8C;
  5541 : 96;
  5542 : 02;
  5543 : 8D;
  5544 : 95;
  5545 : 02;
  5546 : AD;
  5547 : 95;
  5548 : 02;
  5549 : 0A;
  554A : 20;
  554B : 2E;
  554C : FF;
  554D : AD;
  554E : 94;
  554F : 02;
  5550 : 4A;
  5551 : 90;
  5552 : 09;
  5553 : AD;
  5554 : 01;
  5555 : DD;
  5556 : 0A;
  5557 : B0;
  5558 : 03;
  5559 : 20;
  555A : 0D;
  555B : F0;
  555C : AD;
  555D : 9B;
  555E : 02;
  555F : 8D;
  5560 : 9C;
  5561 : 02;
  5562 : AD;
  5563 : 9E;
  5564 : 02;
  5565 : 8D;
  5566 : 9D;
  5567 : 02;
  5568 : 20;
  5569 : 27;
  556A : FE;
  556B : A5;
  556C : F8;
  556D : D0;
  556E : 05;
  556F : 88;
  5570 : 84;
  5571 : F8;
  5572 : 86;
  5573 : F7;
  5574 : A5;
  5575 : FA;
  5576 : D0;
  5577 : 05;
  5578 : 88;
  5579 : 84;
  557A : FA;
  557B : 86;
  557C : F9;
  557D : 38;
  557E : A9;
  557F : F0;
  5580 : 4C;
  5581 : 2D;
  5582 : FE;
  5583 : A9;
  5584 : 7F;
  5585 : 8D;
  5586 : 0D;
  5587 : DD;
  5588 : A9;
  5589 : 06;
  558A : 8D;
  558B : 03;
  558C : DD;
  558D : 8D;
  558E : 01;
  558F : DD;
  5590 : A9;
  5591 : 04;
  5592 : 0D;
  5593 : 00;
  5594 : DD;
  5595 : 8D;
  5596 : 00;
  5597 : DD;
  5598 : A0;
  5599 : 00;
  559A : 8C;
  559B : A1;
  559C : 02;
  559D : 60;
  559E : 86;
  559F : C3;
  55A0 : 84;
  55A1 : C4;
  55A2 : 6C;
  55A3 : 30;
  55A4 : 03;
  55A5 : 85;
  55A6 : 93;
  55A7 : A9;
  55A8 : 00;
  55A9 : 85;
  55AA : 90;
  55AB : A5;
  55AC : BA;
  55AD : D0;
  55AE : 03;
  55AF : 4C;
  55B0 : 13;
  55B1 : F7;
  55B2 : C9;
  55B3 : 03;
  55B4 : F0;
  55B5 : F9;
  55B6 : 90;
  55B7 : 7B;
  55B8 : A4;
  55B9 : B7;
  55BA : D0;
  55BB : 03;
  55BC : 4C;
  55BD : 10;
  55BE : F7;
  55BF : A6;
  55C0 : B9;
  55C1 : 20;
  55C2 : AF;
  55C3 : F5;
  55C4 : A9;
  55C5 : 60;
  55C6 : 85;
  55C7 : B9;
  55C8 : 20;
  55C9 : D5;
  55CA : F3;
  55CB : A5;
  55CC : BA;
  55CD : 20;
  55CE : 09;
  55CF : ED;
  55D0 : A5;
  55D1 : B9;
  55D2 : 20;
  55D3 : C7;
  55D4 : ED;
  55D5 : 20;
  55D6 : 13;
  55D7 : EE;
  55D8 : 85;
  55D9 : AE;
  55DA : A5;
  55DB : 90;
  55DC : 4A;
  55DD : 4A;
  55DE : B0;
  55DF : 50;
  55E0 : 20;
  55E1 : 13;
  55E2 : EE;
  55E3 : 85;
  55E4 : AF;
  55E5 : 8A;
  55E6 : D0;
  55E7 : 08;
  55E8 : A5;
  55E9 : C3;
  55EA : 85;
  55EB : AE;
  55EC : A5;
  55ED : C4;
  55EE : 85;
  55EF : AF;
  55F0 : 20;
  55F1 : D2;
  55F2 : F5;
  55F3 : A9;
  55F4 : FD;
  55F5 : 25;
  55F6 : 90;
  55F7 : 85;
  55F8 : 90;
  55F9 : 20;
  55FA : E1;
  55FB : FF;
  55FC : D0;
  55FD : 03;
  55FE : 4C;
  55FF : 33;
  5600 : F6;
  5601 : 20;
  5602 : 13;
  5603 : EE;
  5604 : AA;
  5605 : A5;
  5606 : 90;
  5607 : 4A;
  5608 : 4A;
  5609 : B0;
  560A : E8;
  560B : 8A;
  560C : A4;
  560D : 93;
  560E : F0;
  560F : 0C;
  5610 : A0;
  5611 : 00;
  5612 : D1;
  5613 : AE;
  5614 : F0;
  5615 : 08;
  5616 : A9;
  5617 : 10;
  5618 : 20;
  5619 : 1C;
  561A : FE;
  561B : 2C;
  561C : 91;
  561D : AE;
  561E : E6;
  561F : AE;
  5620 : D0;
  5621 : 02;
  5622 : E6;
  5623 : AF;
  5624 : 24;
  5625 : 90;
  5626 : 50;
  5627 : CB;
  5628 : 20;
  5629 : EF;
  562A : ED;
  562B : 20;
  562C : 42;
  562D : F6;
  562E : 90;
  562F : 79;
  5630 : 4C;
  5631 : 04;
  5632 : F7;
  5633 : 4A;
  5634 : B0;
  5635 : 00;
  5636 : 4C;
  5637 : 13;
  5638 : F7;
  5639 : 20;
  563A : D0;
  563B : F7;
  563C : B0;
  563D : 03;
  563E : 4C;
  563F : 13;
  5640 : F7;
  5641 : 20;
  5642 : 17;
  5643 : F8;
  5644 : B0;
  5645 : 68;
  5646 : 20;
  5647 : AF;
  5648 : F5;
  5649 : A5;
  564A : B7;
  564B : F0;
  564C : 09;
  564D : 20;
  564E : EA;
  564F : F7;
  5650 : 90;
  5651 : 0B;
  5652 : F0;
  5653 : 5A;
  5654 : B0;
  5655 : DA;
  5656 : 20;
  5657 : 2C;
  5658 : F7;
  5659 : F0;
  565A : 53;
  565B : B0;
  565C : D3;
  565D : A5;
  565E : 90;
  565F : 29;
  5660 : 10;
  5661 : 38;
  5662 : D0;
  5663 : 4A;
  5664 : E0;
  5665 : 01;
  5666 : F0;
  5667 : 11;
  5668 : E0;
  5669 : 03;
  566A : D0;
  566B : DD;
  566C : A0;
  566D : 01;
  566E : B1;
  566F : B2;
  5670 : 85;
  5671 : C3;
  5672 : C8;
  5673 : B1;
  5674 : B2;
  5675 : 85;
  5676 : C4;
  5677 : B0;
  5678 : 04;
  5679 : A5;
  567A : B9;
  567B : D0;
  567C : EF;
  567D : A0;
  567E : 03;
  567F : B1;
  5680 : B2;
  5681 : A0;
  5682 : 01;
  5683 : F1;
  5684 : B2;
  5685 : AA;
  5686 : A0;
  5687 : 04;
  5688 : B1;
  5689 : B2;
  568A : A0;
  568B : 02;
  568C : F1;
  568D : B2;
  568E : A8;
  568F : 18;
  5690 : 8A;
  5691 : 65;
  5692 : C3;
  5693 : 85;
  5694 : AE;
  5695 : 98;
  5696 : 65;
  5697 : C4;
  5698 : 85;
  5699 : AF;
  569A : A5;
  569B : C3;
  569C : 85;
  569D : C1;
  569E : A5;
  569F : C4;
  56A0 : 85;
  56A1 : C2;
  56A2 : 20;
  56A3 : D2;
  56A4 : F5;
  56A5 : 20;
  56A6 : 4A;
  56A7 : F8;
  56A8 : 24;
  56A9 : 18;
  56AA : A6;
  56AB : AE;
  56AC : A4;
  56AD : AF;
  56AE : 60;
  56AF : A5;
  56B0 : 9D;
  56B1 : 10;
  56B2 : 1E;
  56B3 : A0;
  56B4 : 0C;
  56B5 : 20;
  56B6 : 2F;
  56B7 : F1;
  56B8 : A5;
  56B9 : B7;
  56BA : F0;
  56BB : 15;
  56BC : A0;
  56BD : 17;
  56BE : 20;
  56BF : 2F;
  56C0 : F1;
  56C1 : A4;
  56C2 : B7;
  56C3 : F0;
  56C4 : 0C;
  56C5 : A0;
  56C6 : 00;
  56C7 : B1;
  56C8 : BB;
  56C9 : 20;
  56CA : D2;
  56CB : FF;
  56CC : C8;
  56CD : C4;
  56CE : B7;
  56CF : D0;
  56D0 : F6;
  56D1 : 60;
  56D2 : A0;
  56D3 : 49;
  56D4 : A5;
  56D5 : 93;
  56D6 : F0;
  56D7 : 02;
  56D8 : A0;
  56D9 : 59;
  56DA : 4C;
  56DB : 2B;
  56DC : F1;
  56DD : 86;
  56DE : AE;
  56DF : 84;
  56E0 : AF;
  56E1 : AA;
  56E2 : B5;
  56E3 : 00;
  56E4 : 85;
  56E5 : C1;
  56E6 : B5;
  56E7 : 01;
  56E8 : 85;
  56E9 : C2;
  56EA : 6C;
  56EB : 32;
  56EC : 03;
  56ED : A5;
  56EE : BA;
  56EF : D0;
  56F0 : 03;
  56F1 : 4C;
  56F2 : 13;
  56F3 : F7;
  56F4 : C9;
  56F5 : 03;
  56F6 : F0;
  56F7 : F9;
  56F8 : 90;
  56F9 : 5F;
  56FA : A9;
  56FB : 61;
  56FC : 85;
  56FD : B9;
  56FE : A4;
  56FF : B7;
  5700 : D0;
  5701 : 03;
  5702 : 4C;
  5703 : 10;
  5704 : F7;
  5705 : 20;
  5706 : D5;
  5707 : F3;
  5708 : 20;
  5709 : 8F;
  570A : F6;
  570B : A5;
  570C : BA;
  570D : 20;
  570E : 0C;
  570F : ED;
  5710 : A5;
  5711 : B9;
  5712 : 20;
  5713 : B9;
  5714 : ED;
  5715 : A0;
  5716 : 00;
  5717 : 20;
  5718 : 8E;
  5719 : FB;
  571A : A5;
  571B : AC;
  571C : 20;
  571D : DD;
  571E : ED;
  571F : A5;
  5720 : AD;
  5721 : 20;
  5722 : DD;
  5723 : ED;
  5724 : 20;
  5725 : D1;
  5726 : FC;
  5727 : B0;
  5728 : 16;
  5729 : B1;
  572A : AC;
  572B : 20;
  572C : DD;
  572D : ED;
  572E : 20;
  572F : E1;
  5730 : FF;
  5731 : D0;
  5732 : 07;
  5733 : 20;
  5734 : 42;
  5735 : F6;
  5736 : A9;
  5737 : 00;
  5738 : 38;
  5739 : 60;
  573A : 20;
  573B : DB;
  573C : FC;
  573D : D0;
  573E : E5;
  573F : 20;
  5740 : FE;
  5741 : ED;
  5742 : 24;
  5743 : B9;
  5744 : 30;
  5745 : 11;
  5746 : A5;
  5747 : BA;
  5748 : 20;
  5749 : 0C;
  574A : ED;
  574B : A5;
  574C : B9;
  574D : 29;
  574E : EF;
  574F : 09;
  5750 : E0;
  5751 : 20;
  5752 : B9;
  5753 : ED;
  5754 : 20;
  5755 : FE;
  5756 : ED;
  5757 : 18;
  5758 : 60;
  5759 : 4A;
  575A : B0;
  575B : 00;
  575C : 4C;
  575D : 13;
  575E : F7;
  575F : 20;
  5760 : D0;
  5761 : F7;
  5762 : 90;
  5763 : 8D;
  5764 : 20;
  5765 : 38;
  5766 : F8;
  5767 : B0;
  5768 : 25;
  5769 : 20;
  576A : 8F;
  576B : F6;
  576C : A2;
  576D : 03;
  576E : A5;
  576F : B9;
  5770 : 29;
  5771 : 01;
  5772 : D0;
  5773 : 02;
  5774 : A2;
  5775 : 01;
  5776 : 8A;
  5777 : 20;
  5778 : 6A;
  5779 : F7;
  577A : B0;
  577B : 12;
  577C : 20;
  577D : 67;
  577E : F8;
  577F : B0;
  5780 : 0D;
  5781 : A5;
  5782 : B9;
  5783 : 29;
  5784 : 02;
  5785 : F0;
  5786 : 06;
  5787 : A9;
  5788 : 05;
  5789 : 20;
  578A : 6A;
  578B : F7;
  578C : 24;
  578D : 18;
  578E : 60;
  578F : A5;
  5790 : 9D;
  5791 : 10;
  5792 : FB;
  5793 : A0;
  5794 : 51;
  5795 : 20;
  5796 : 2F;
  5797 : F1;
  5798 : 4C;
  5799 : C1;
  579A : F5;
  579B : A2;
  579C : 00;
  579D : E6;
  579E : A2;
  579F : D0;
  57A0 : 06;
  57A1 : E6;
  57A2 : A1;
  57A3 : D0;
  57A4 : 02;
  57A5 : E6;
  57A6 : A0;
  57A7 : 38;
  57A8 : A5;
  57A9 : A2;
  57AA : E9;
  57AB : 01;
  57AC : A5;
  57AD : A1;
  57AE : E9;
  57AF : 1A;
  57B0 : A5;
  57B1 : A0;
  57B2 : E9;
  57B3 : 4F;
  57B4 : 90;
  57B5 : 06;
  57B6 : 86;
  57B7 : A0;
  57B8 : 86;
  57B9 : A1;
  57BA : 86;
  57BB : A2;
  57BC : AD;
  57BD : 01;
  57BE : DC;
  57BF : CD;
  57C0 : 01;
  57C1 : DC;
  57C2 : D0;
  57C3 : F8;
  57C4 : AA;
  57C5 : 30;
  57C6 : 13;
  57C7 : A2;
  57C8 : BD;
  57C9 : 8E;
  57CA : 00;
  57CB : DC;
  57CC : AE;
  57CD : 01;
  57CE : DC;
  57CF : EC;
  57D0 : 01;
  57D1 : DC;
  57D2 : D0;
  57D3 : F8;
  57D4 : 8D;
  57D5 : 00;
  57D6 : DC;
  57D7 : E8;
  57D8 : D0;
  57D9 : 02;
  57DA : 85;
  57DB : 91;
  57DC : 60;
  57DD : 78;
  57DE : A5;
  57DF : A2;
  57E0 : A6;
  57E1 : A1;
  57E2 : A4;
  57E3 : A0;
  57E4 : 78;
  57E5 : 85;
  57E6 : A2;
  57E7 : 86;
  57E8 : A1;
  57E9 : 84;
  57EA : A0;
  57EB : 58;
  57EC : 60;
  57ED : A5;
  57EE : 91;
  57EF : C9;
  57F0 : 7F;
  57F1 : D0;
  57F2 : 07;
  57F3 : 08;
  57F4 : 20;
  57F5 : CC;
  57F6 : FF;
  57F7 : 85;
  57F8 : C6;
  57F9 : 28;
  57FA : 60;
  57FB : A9;
  57FC : 01;
  57FD : 2C;
  57FE : A9;
  57FF : 02;
  5800 : 2C;
  5801 : A9;
  5802 : 03;
  5803 : 2C;
  5804 : A9;
  5805 : 04;
  5806 : 2C;
  5807 : A9;
  5808 : 05;
  5809 : 2C;
  580A : A9;
  580B : 06;
  580C : 2C;
  580D : A9;
  580E : 07;
  580F : 2C;
  5810 : A9;
  5811 : 08;
  5812 : 2C;
  5813 : A9;
  5814 : 09;
  5815 : 48;
  5816 : 20;
  5817 : CC;
  5818 : FF;
  5819 : A0;
  581A : 00;
  581B : 24;
  581C : 9D;
  581D : 50;
  581E : 0A;
  581F : 20;
  5820 : 2F;
  5821 : F1;
  5822 : 68;
  5823 : 48;
  5824 : 09;
  5825 : 30;
  5826 : 20;
  5827 : D2;
  5828 : FF;
  5829 : 68;
  582A : 38;
  582B : 60;
  582C : A5;
  582D : 93;
  582E : 48;
  582F : 20;
  5830 : 41;
  5831 : F8;
  5832 : 68;
  5833 : 85;
  5834 : 93;
  5835 : B0;
  5836 : 32;
  5837 : A0;
  5838 : 00;
  5839 : B1;
  583A : B2;
  583B : C9;
  583C : 05;
  583D : F0;
  583E : 2A;
  583F : C9;
  5840 : 01;
  5841 : F0;
  5842 : 08;
  5843 : C9;
  5844 : 03;
  5845 : F0;
  5846 : 04;
  5847 : C9;
  5848 : 04;
  5849 : D0;
  584A : E1;
  584B : AA;
  584C : 24;
  584D : 9D;
  584E : 10;
  584F : 17;
  5850 : A0;
  5851 : 63;
  5852 : 20;
  5853 : 2F;
  5854 : F1;
  5855 : A0;
  5856 : 05;
  5857 : B1;
  5858 : B2;
  5859 : 20;
  585A : D2;
  585B : FF;
  585C : C8;
  585D : C0;
  585E : 15;
  585F : D0;
  5860 : F6;
  5861 : A5;
  5862 : A1;
  5863 : 20;
  5864 : E0;
  5865 : E4;
  5866 : EA;
  5867 : 18;
  5868 : 88;
  5869 : 60;
  586A : 85;
  586B : 9E;
  586C : 20;
  586D : D0;
  586E : F7;
  586F : 90;
  5870 : 5E;
  5871 : A5;
  5872 : C2;
  5873 : 48;
  5874 : A5;
  5875 : C1;
  5876 : 48;
  5877 : A5;
  5878 : AF;
  5879 : 48;
  587A : A5;
  587B : AE;
  587C : 48;
  587D : A0;
  587E : BF;
  587F : A9;
  5880 : 20;
  5881 : 91;
  5882 : B2;
  5883 : 88;
  5884 : D0;
  5885 : FB;
  5886 : A5;
  5887 : 9E;
  5888 : 91;
  5889 : B2;
  588A : C8;
  588B : A5;
  588C : C1;
  588D : 91;
  588E : B2;
  588F : C8;
  5890 : A5;
  5891 : C2;
  5892 : 91;
  5893 : B2;
  5894 : C8;
  5895 : A5;
  5896 : AE;
  5897 : 91;
  5898 : B2;
  5899 : C8;
  589A : A5;
  589B : AF;
  589C : 91;
  589D : B2;
  589E : C8;
  589F : 84;
  58A0 : 9F;
  58A1 : A0;
  58A2 : 00;
  58A3 : 84;
  58A4 : 9E;
  58A5 : A4;
  58A6 : 9E;
  58A7 : C4;
  58A8 : B7;
  58A9 : F0;
  58AA : 0C;
  58AB : B1;
  58AC : BB;
  58AD : A4;
  58AE : 9F;
  58AF : 91;
  58B0 : B2;
  58B1 : E6;
  58B2 : 9E;
  58B3 : E6;
  58B4 : 9F;
  58B5 : D0;
  58B6 : EE;
  58B7 : 20;
  58B8 : D7;
  58B9 : F7;
  58BA : A9;
  58BB : 69;
  58BC : 85;
  58BD : AB;
  58BE : 20;
  58BF : 6B;
  58C0 : F8;
  58C1 : A8;
  58C2 : 68;
  58C3 : 85;
  58C4 : AE;
  58C5 : 68;
  58C6 : 85;
  58C7 : AF;
  58C8 : 68;
  58C9 : 85;
  58CA : C1;
  58CB : 68;
  58CC : 85;
  58CD : C2;
  58CE : 98;
  58CF : 60;
  58D0 : A6;
  58D1 : B2;
  58D2 : A4;
  58D3 : B3;
  58D4 : C0;
  58D5 : 02;
  58D6 : 60;
  58D7 : 20;
  58D8 : D0;
  58D9 : F7;
  58DA : 8A;
  58DB : 85;
  58DC : C1;
  58DD : 18;
  58DE : 69;
  58DF : C0;
  58E0 : 85;
  58E1 : AE;
  58E2 : 98;
  58E3 : 85;
  58E4 : C2;
  58E5 : 69;
  58E6 : 00;
  58E7 : 85;
  58E8 : AF;
  58E9 : 60;
  58EA : 20;
  58EB : 2C;
  58EC : F7;
  58ED : B0;
  58EE : 1D;
  58EF : A0;
  58F0 : 05;
  58F1 : 84;
  58F2 : 9F;
  58F3 : A0;
  58F4 : 00;
  58F5 : 84;
  58F6 : 9E;
  58F7 : C4;
  58F8 : B7;
  58F9 : F0;
  58FA : 10;
  58FB : B1;
  58FC : BB;
  58FD : A4;
  58FE : 9F;
  58FF : D1;
  5900 : B2;
  5901 : D0;
  5902 : E7;
  5903 : E6;
  5904 : 9E;
  5905 : E6;
  5906 : 9F;
  5907 : A4;
  5908 : 9E;
  5909 : D0;
  590A : EC;
  590B : 18;
  590C : 60;
  590D : 20;
  590E : D0;
  590F : F7;
  5910 : E6;
  5911 : A6;
  5912 : A4;
  5913 : A6;
  5914 : C0;
  5915 : C0;
  5916 : 60;
  5917 : 20;
  5918 : 2E;
  5919 : F8;
  591A : F0;
  591B : 1A;
  591C : A0;
  591D : 1B;
  591E : 20;
  591F : 2F;
  5920 : F1;
  5921 : 20;
  5922 : D0;
  5923 : F8;
  5924 : 20;
  5925 : 2E;
  5926 : F8;
  5927 : D0;
  5928 : F8;
  5929 : A0;
  592A : 6A;
  592B : 4C;
  592C : 2F;
  592D : F1;
  592E : A9;
  592F : 10;
  5930 : 24;
  5931 : 01;
  5932 : D0;
  5933 : 02;
  5934 : 24;
  5935 : 01;
  5936 : 18;
  5937 : 60;
  5938 : 20;
  5939 : 2E;
  593A : F8;
  593B : F0;
  593C : F9;
  593D : A0;
  593E : 2E;
  593F : D0;
  5940 : DD;
  5941 : A9;
  5942 : 00;
  5943 : 85;
  5944 : 90;
  5945 : 85;
  5946 : 93;
  5947 : 20;
  5948 : D7;
  5949 : F7;
  594A : 20;
  594B : 17;
  594C : F8;
  594D : B0;
  594E : 1F;
  594F : 78;
  5950 : A9;
  5951 : 00;
  5952 : 85;
  5953 : AA;
  5954 : 85;
  5955 : B4;
  5956 : 85;
  5957 : B0;
  5958 : 85;
  5959 : 9E;
  595A : 85;
  595B : 9F;
  595C : 85;
  595D : 9C;
  595E : A9;
  595F : 90;
  5960 : A2;
  5961 : 0E;
  5962 : D0;
  5963 : 11;
  5964 : 20;
  5965 : D7;
  5966 : F7;
  5967 : A9;
  5968 : 14;
  5969 : 85;
  596A : AB;
  596B : 20;
  596C : 38;
  596D : F8;
  596E : B0;
  596F : 6C;
  5970 : 78;
  5971 : A9;
  5972 : 82;
  5973 : A2;
  5974 : 08;
  5975 : A0;
  5976 : 7F;
  5977 : 8C;
  5978 : 0D;
  5979 : DC;
  597A : 8D;
  597B : 0D;
  597C : DC;
  597D : AD;
  597E : 0E;
  597F : DC;
  5980 : 09;
  5981 : 19;
  5982 : 8D;
  5983 : 0F;
  5984 : DC;
  5985 : 29;
  5986 : 91;
  5987 : 8D;
  5988 : A2;
  5989 : 02;
  598A : 20;
  598B : A4;
  598C : F0;
  598D : AD;
  598E : 11;
  598F : D0;
  5990 : 29;
  5991 : EF;
  5992 : 8D;
  5993 : 11;
  5994 : D0;
  5995 : AD;
  5996 : 14;
  5997 : 03;
  5998 : 8D;
  5999 : 9F;
  599A : 02;
  599B : AD;
  599C : 15;
  599D : 03;
  599E : 8D;
  599F : A0;
  59A0 : 02;
  59A1 : 20;
  59A2 : BD;
  59A3 : FC;
  59A4 : A9;
  59A5 : 02;
  59A6 : 85;
  59A7 : BE;
  59A8 : 20;
  59A9 : 97;
  59AA : FB;
  59AB : A5;
  59AC : 01;
  59AD : 29;
  59AE : 1F;
  59AF : 85;
  59B0 : 01;
  59B1 : 85;
  59B2 : C0;
  59B3 : A2;
  59B4 : FF;
  59B5 : A0;
  59B6 : FF;
  59B7 : 88;
  59B8 : D0;
  59B9 : FD;
  59BA : CA;
  59BB : D0;
  59BC : F8;
  59BD : 58;
  59BE : AD;
  59BF : A0;
  59C0 : 02;
  59C1 : CD;
  59C2 : 15;
  59C3 : 03;
  59C4 : 18;
  59C5 : F0;
  59C6 : 15;
  59C7 : 20;
  59C8 : D0;
  59C9 : F8;
  59CA : 20;
  59CB : BC;
  59CC : F6;
  59CD : 4C;
  59CE : BE;
  59CF : F8;
  59D0 : 20;
  59D1 : E1;
  59D2 : FF;
  59D3 : 18;
  59D4 : D0;
  59D5 : 0B;
  59D6 : 20;
  59D7 : 93;
  59D8 : FC;
  59D9 : 38;
  59DA : 68;
  59DB : 68;
  59DC : A9;
  59DD : 00;
  59DE : 8D;
  59DF : A0;
  59E0 : 02;
  59E1 : 60;
  59E2 : 86;
  59E3 : B1;
  59E4 : A5;
  59E5 : B0;
  59E6 : 0A;
  59E7 : 0A;
  59E8 : 18;
  59E9 : 65;
  59EA : B0;
  59EB : 18;
  59EC : 65;
  59ED : B1;
  59EE : 85;
  59EF : B1;
  59F0 : A9;
  59F1 : 00;
  59F2 : 24;
  59F3 : B0;
  59F4 : 30;
  59F5 : 01;
  59F6 : 2A;
  59F7 : 06;
  59F8 : B1;
  59F9 : 2A;
  59FA : 06;
  59FB : B1;
  59FC : 2A;
  59FD : AA;
  59FE : AD;
  59FF : 06;
  5A00 : DC;
  5A01 : C9;
  5A02 : 16;
  5A03 : 90;
  5A04 : F9;
  5A05 : 65;
  5A06 : B1;
  5A07 : 8D;
  5A08 : 04;
  5A09 : DC;
  5A0A : 8A;
  5A0B : 6D;
  5A0C : 07;
  5A0D : DC;
  5A0E : 8D;
  5A0F : 05;
  5A10 : DC;
  5A11 : AD;
  5A12 : A2;
  5A13 : 02;
  5A14 : 8D;
  5A15 : 0E;
  5A16 : DC;
  5A17 : 8D;
  5A18 : A4;
  5A19 : 02;
  5A1A : AD;
  5A1B : 0D;
  5A1C : DC;
  5A1D : 29;
  5A1E : 10;
  5A1F : F0;
  5A20 : 09;
  5A21 : A9;
  5A22 : F9;
  5A23 : 48;
  5A24 : A9;
  5A25 : 2A;
  5A26 : 48;
  5A27 : 4C;
  5A28 : 43;
  5A29 : FF;
  5A2A : 58;
  5A2B : 60;
  5A2C : AE;
  5A2D : 07;
  5A2E : DC;
  5A2F : A0;
  5A30 : FF;
  5A31 : 98;
  5A32 : ED;
  5A33 : 06;
  5A34 : DC;
  5A35 : EC;
  5A36 : 07;
  5A37 : DC;
  5A38 : D0;
  5A39 : F2;
  5A3A : 86;
  5A3B : B1;
  5A3C : AA;
  5A3D : 8C;
  5A3E : 06;
  5A3F : DC;
  5A40 : 8C;
  5A41 : 07;
  5A42 : DC;
  5A43 : A9;
  5A44 : 19;
  5A45 : 8D;
  5A46 : 0F;
  5A47 : DC;
  5A48 : AD;
  5A49 : 0D;
  5A4A : DC;
  5A4B : 8D;
  5A4C : A3;
  5A4D : 02;
  5A4E : 98;
  5A4F : E5;
  5A50 : B1;
  5A51 : 86;
  5A52 : B1;
  5A53 : 4A;
  5A54 : 66;
  5A55 : B1;
  5A56 : 4A;
  5A57 : 66;
  5A58 : B1;
  5A59 : A5;
  5A5A : B0;
  5A5B : 18;
  5A5C : 69;
  5A5D : 3C;
  5A5E : C5;
  5A5F : B1;
  5A60 : B0;
  5A61 : 4A;
  5A62 : A6;
  5A63 : 9C;
  5A64 : F0;
  5A65 : 03;
  5A66 : 4C;
  5A67 : 60;
  5A68 : FA;
  5A69 : A6;
  5A6A : A3;
  5A6B : 30;
  5A6C : 1B;
  5A6D : A2;
  5A6E : 00;
  5A6F : 69;
  5A70 : 30;
  5A71 : 65;
  5A72 : B0;
  5A73 : C5;
  5A74 : B1;
  5A75 : B0;
  5A76 : 1C;
  5A77 : E8;
  5A78 : 69;
  5A79 : 26;
  5A7A : 65;
  5A7B : B0;
  5A7C : C5;
  5A7D : B1;
  5A7E : B0;
  5A7F : 17;
  5A80 : 69;
  5A81 : 2C;
  5A82 : 65;
  5A83 : B0;
  5A84 : C5;
  5A85 : B1;
  5A86 : 90;
  5A87 : 03;
  5A88 : 4C;
  5A89 : 10;
  5A8A : FA;
  5A8B : A5;
  5A8C : B4;
  5A8D : F0;
  5A8E : 1D;
  5A8F : 85;
  5A90 : A8;
  5A91 : D0;
  5A92 : 19;
  5A93 : E6;
  5A94 : A9;
  5A95 : B0;
  5A96 : 02;
  5A97 : C6;
  5A98 : A9;
  5A99 : 38;
  5A9A : E9;
  5A9B : 13;
  5A9C : E5;
  5A9D : B1;
  5A9E : 65;
  5A9F : 92;
  5AA0 : 85;
  5AA1 : 92;
  5AA2 : A5;
  5AA3 : A4;
  5AA4 : 49;
  5AA5 : 01;
  5AA6 : 85;
  5AA7 : A4;
  5AA8 : F0;
  5AA9 : 2B;
  5AAA : 86;
  5AAB : D7;
  5AAC : A5;
  5AAD : B4;
  5AAE : F0;
  5AAF : 22;
  5AB0 : AD;
  5AB1 : A3;
  5AB2 : 02;
  5AB3 : 29;
  5AB4 : 01;
  5AB5 : D0;
  5AB6 : 05;
  5AB7 : AD;
  5AB8 : A4;
  5AB9 : 02;
  5ABA : D0;
  5ABB : 16;
  5ABC : A9;
  5ABD : 00;
  5ABE : 85;
  5ABF : A4;
  5AC0 : 8D;
  5AC1 : A4;
  5AC2 : 02;
  5AC3 : A5;
  5AC4 : A3;
  5AC5 : 10;
  5AC6 : 30;
  5AC7 : 30;
  5AC8 : BF;
  5AC9 : A2;
  5ACA : A6;
  5ACB : 20;
  5ACC : E2;
  5ACD : F8;
  5ACE : A5;
  5ACF : 9B;
  5AD0 : D0;
  5AD1 : B9;
  5AD2 : 4C;
  5AD3 : BC;
  5AD4 : FE;
  5AD5 : A5;
  5AD6 : 92;
  5AD7 : F0;
  5AD8 : 07;
  5AD9 : 30;
  5ADA : 03;
  5ADB : C6;
  5ADC : B0;
  5ADD : 2C;
  5ADE : E6;
  5ADF : B0;
  5AE0 : A9;
  5AE1 : 00;
  5AE2 : 85;
  5AE3 : 92;
  5AE4 : E4;
  5AE5 : D7;
  5AE6 : D0;
  5AE7 : 0F;
  5AE8 : 8A;
  5AE9 : D0;
  5AEA : A0;
  5AEB : A5;
  5AEC : A9;
  5AED : 30;
  5AEE : BD;
  5AEF : C9;
  5AF0 : 10;
  5AF1 : 90;
  5AF2 : B9;
  5AF3 : 85;
  5AF4 : 96;
  5AF5 : B0;
  5AF6 : B5;
  5AF7 : 8A;
  5AF8 : 45;
  5AF9 : 9B;
  5AFA : 85;
  5AFB : 9B;
  5AFC : A5;
  5AFD : B4;
  5AFE : F0;
  5AFF : D2;
  5B00 : C6;
  5B01 : A3;
  5B02 : 30;
  5B03 : C5;
  5B04 : 46;
  5B05 : D7;
  5B06 : 66;
  5B07 : BF;
  5B08 : A2;
  5B09 : DA;
  5B0A : 20;
  5B0B : E2;
  5B0C : F8;
  5B0D : 4C;
  5B0E : BC;
  5B0F : FE;
  5B10 : A5;
  5B11 : 96;
  5B12 : F0;
  5B13 : 04;
  5B14 : A5;
  5B15 : B4;
  5B16 : F0;
  5B17 : 07;
  5B18 : A5;
  5B19 : A3;
  5B1A : 30;
  5B1B : 03;
  5B1C : 4C;
  5B1D : 97;
  5B1E : F9;
  5B1F : 46;
  5B20 : B1;
  5B21 : A9;
  5B22 : 93;
  5B23 : 38;
  5B24 : E5;
  5B25 : B1;
  5B26 : 65;
  5B27 : B0;
  5B28 : 0A;
  5B29 : AA;
  5B2A : 20;
  5B2B : E2;
  5B2C : F8;
  5B2D : E6;
  5B2E : 9C;
  5B2F : A5;
  5B30 : B4;
  5B31 : D0;
  5B32 : 11;
  5B33 : A5;
  5B34 : 96;
  5B35 : F0;
  5B36 : 26;
  5B37 : 85;
  5B38 : A8;
  5B39 : A9;
  5B3A : 00;
  5B3B : 85;
  5B3C : 96;
  5B3D : A9;
  5B3E : 81;
  5B3F : 8D;
  5B40 : 0D;
  5B41 : DC;
  5B42 : 85;
  5B43 : B4;
  5B44 : A5;
  5B45 : 96;
  5B46 : 85;
  5B47 : B5;
  5B48 : F0;
  5B49 : 09;
  5B4A : A9;
  5B4B : 00;
  5B4C : 85;
  5B4D : B4;
  5B4E : A9;
  5B4F : 01;
  5B50 : 8D;
  5B51 : 0D;
  5B52 : DC;
  5B53 : A5;
  5B54 : BF;
  5B55 : 85;
  5B56 : BD;
  5B57 : A5;
  5B58 : A8;
  5B59 : 05;
  5B5A : A9;
  5B5B : 85;
  5B5C : B6;
  5B5D : 4C;
  5B5E : BC;
  5B5F : FE;
  5B60 : 20;
  5B61 : 97;
  5B62 : FB;
  5B63 : 85;
  5B64 : 9C;
  5B65 : A2;
  5B66 : DA;
  5B67 : 20;
  5B68 : E2;
  5B69 : F8;
  5B6A : A5;
  5B6B : BE;
  5B6C : F0;
  5B6D : 02;
  5B6E : 85;
  5B6F : A7;
  5B70 : A9;
  5B71 : 0F;
  5B72 : 24;
  5B73 : AA;
  5B74 : 10;
  5B75 : 17;
  5B76 : A5;
  5B77 : B5;
  5B78 : D0;
  5B79 : 0C;
  5B7A : A6;
  5B7B : BE;
  5B7C : CA;
  5B7D : D0;
  5B7E : 0B;
  5B7F : A9;
  5B80 : 08;
  5B81 : 20;
  5B82 : 1C;
  5B83 : FE;
  5B84 : D0;
  5B85 : 04;
  5B86 : A9;
  5B87 : 00;
  5B88 : 85;
  5B89 : AA;
  5B8A : 4C;
  5B8B : BC;
  5B8C : FE;
  5B8D : 70;
  5B8E : 31;
  5B8F : D0;
  5B90 : 18;
  5B91 : A5;
  5B92 : B5;
  5B93 : D0;
  5B94 : F5;
  5B95 : A5;
  5B96 : B6;
  5B97 : D0;
  5B98 : F1;
  5B99 : A5;
  5B9A : A7;
  5B9B : 4A;
  5B9C : A5;
  5B9D : BD;
  5B9E : 30;
  5B9F : 03;
  5BA0 : 90;
  5BA1 : 18;
  5BA2 : 18;
  5BA3 : B0;
  5BA4 : 15;
  5BA5 : 29;
  5BA6 : 0F;
  5BA7 : 85;
  5BA8 : AA;
  5BA9 : C6;
  5BAA : AA;
  5BAB : D0;
  5BAC : DD;
  5BAD : A9;
  5BAE : 40;
  5BAF : 85;
  5BB0 : AA;
  5BB1 : 20;
  5BB2 : 8E;
  5BB3 : FB;
  5BB4 : A9;
  5BB5 : 00;
  5BB6 : 85;
  5BB7 : AB;
  5BB8 : F0;
  5BB9 : D0;
  5BBA : A9;
  5BBB : 80;
  5BBC : 85;
  5BBD : AA;
  5BBE : D0;
  5BBF : CA;
  5BC0 : A5;
  5BC1 : B5;
  5BC2 : F0;
  5BC3 : 0A;
  5BC4 : A9;
  5BC5 : 04;
  5BC6 : 20;
  5BC7 : 1C;
  5BC8 : FE;
  5BC9 : A9;
  5BCA : 00;
  5BCB : 4C;
  5BCC : 4A;
  5BCD : FB;
  5BCE : 20;
  5BCF : D1;
  5BD0 : FC;
  5BD1 : 90;
  5BD2 : 03;
  5BD3 : 4C;
  5BD4 : 48;
  5BD5 : FB;
  5BD6 : A6;
  5BD7 : A7;
  5BD8 : CA;
  5BD9 : F0;
  5BDA : 2D;
  5BDB : A5;
  5BDC : 93;
  5BDD : F0;
  5BDE : 0C;
  5BDF : A0;
  5BE0 : 00;
  5BE1 : A5;
  5BE2 : BD;
  5BE3 : D1;
  5BE4 : AC;
  5BE5 : F0;
  5BE6 : 04;
  5BE7 : A9;
  5BE8 : 01;
  5BE9 : 85;
  5BEA : B6;
  5BEB : A5;
  5BEC : B6;
  5BED : F0;
  5BEE : 4B;
  5BEF : A2;
  5BF0 : 3D;
  5BF1 : E4;
  5BF2 : 9E;
  5BF3 : 90;
  5BF4 : 3E;
  5BF5 : A6;
  5BF6 : 9E;
  5BF7 : A5;
  5BF8 : AD;
  5BF9 : 9D;
  5BFA : 01;
  5BFB : 01;
  5BFC : A5;
  5BFD : AC;
  5BFE : 9D;
  5BFF : 00;
  5C00 : 01;
  5C01 : E8;
  5C02 : E8;
  5C03 : 86;
  5C04 : 9E;
  5C05 : 4C;
  5C06 : 3A;
  5C07 : FB;
  5C08 : A6;
  5C09 : 9F;
  5C0A : E4;
  5C0B : 9E;
  5C0C : F0;
  5C0D : 35;
  5C0E : A5;
  5C0F : AC;
  5C10 : DD;
  5C11 : 00;
  5C12 : 01;
  5C13 : D0;
  5C14 : 2E;
  5C15 : A5;
  5C16 : AD;
  5C17 : DD;
  5C18 : 01;
  5C19 : 01;
  5C1A : D0;
  5C1B : 27;
  5C1C : E6;
  5C1D : 9F;
  5C1E : E6;
  5C1F : 9F;
  5C20 : A5;
  5C21 : 93;
  5C22 : F0;
  5C23 : 0B;
  5C24 : A5;
  5C25 : BD;
  5C26 : A0;
  5C27 : 00;
  5C28 : D1;
  5C29 : AC;
  5C2A : F0;
  5C2B : 17;
  5C2C : C8;
  5C2D : 84;
  5C2E : B6;
  5C2F : A5;
  5C30 : B6;
  5C31 : F0;
  5C32 : 07;
  5C33 : A9;
  5C34 : 10;
  5C35 : 20;
  5C36 : 1C;
  5C37 : FE;
  5C38 : D0;
  5C39 : 09;
  5C3A : A5;
  5C3B : 93;
  5C3C : D0;
  5C3D : 05;
  5C3E : A8;
  5C3F : A5;
  5C40 : BD;
  5C41 : 91;
  5C42 : AC;
  5C43 : 20;
  5C44 : DB;
  5C45 : FC;
  5C46 : D0;
  5C47 : 43;
  5C48 : A9;
  5C49 : 80;
  5C4A : 85;
  5C4B : AA;
  5C4C : 78;
  5C4D : A2;
  5C4E : 01;
  5C4F : 8E;
  5C50 : 0D;
  5C51 : DC;
  5C52 : AE;
  5C53 : 0D;
  5C54 : DC;
  5C55 : A6;
  5C56 : BE;
  5C57 : CA;
  5C58 : 30;
  5C59 : 02;
  5C5A : 86;
  5C5B : BE;
  5C5C : C6;
  5C5D : A7;
  5C5E : F0;
  5C5F : 08;
  5C60 : A5;
  5C61 : 9E;
  5C62 : D0;
  5C63 : 27;
  5C64 : 85;
  5C65 : BE;
  5C66 : F0;
  5C67 : 23;
  5C68 : 20;
  5C69 : 93;
  5C6A : FC;
  5C6B : 20;
  5C6C : 8E;
  5C6D : FB;
  5C6E : A0;
  5C6F : 00;
  5C70 : 84;
  5C71 : AB;
  5C72 : B1;
  5C73 : AC;
  5C74 : 45;
  5C75 : AB;
  5C76 : 85;
  5C77 : AB;
  5C78 : 20;
  5C79 : DB;
  5C7A : FC;
  5C7B : 20;
  5C7C : D1;
  5C7D : FC;
  5C7E : 90;
  5C7F : F2;
  5C80 : A5;
  5C81 : AB;
  5C82 : 45;
  5C83 : BD;
  5C84 : F0;
  5C85 : 05;
  5C86 : A9;
  5C87 : 20;
  5C88 : 20;
  5C89 : 1C;
  5C8A : FE;
  5C8B : 4C;
  5C8C : BC;
  5C8D : FE;
  5C8E : A5;
  5C8F : C2;
  5C90 : 85;
  5C91 : AD;
  5C92 : A5;
  5C93 : C1;
  5C94 : 85;
  5C95 : AC;
  5C96 : 60;
  5C97 : A9;
  5C98 : 08;
  5C99 : 85;
  5C9A : A3;
  5C9B : A9;
  5C9C : 00;
  5C9D : 85;
  5C9E : A4;
  5C9F : 85;
  5CA0 : A8;
  5CA1 : 85;
  5CA2 : 9B;
  5CA3 : 85;
  5CA4 : A9;
  5CA5 : 60;
  5CA6 : A5;
  5CA7 : BD;
  5CA8 : 4A;
  5CA9 : A9;
  5CAA : 60;
  5CAB : 90;
  5CAC : 02;
  5CAD : A9;
  5CAE : B0;
  5CAF : A2;
  5CB0 : 00;
  5CB1 : 8D;
  5CB2 : 06;
  5CB3 : DC;
  5CB4 : 8E;
  5CB5 : 07;
  5CB6 : DC;
  5CB7 : AD;
  5CB8 : 0D;
  5CB9 : DC;
  5CBA : A9;
  5CBB : 19;
  5CBC : 8D;
  5CBD : 0F;
  5CBE : DC;
  5CBF : A5;
  5CC0 : 01;
  5CC1 : 49;
  5CC2 : 08;
  5CC3 : 85;
  5CC4 : 01;
  5CC5 : 29;
  5CC6 : 08;
  5CC7 : 60;
  5CC8 : 38;
  5CC9 : 66;
  5CCA : B6;
  5CCB : 30;
  5CCC : 3C;
  5CCD : A5;
  5CCE : A8;
  5CCF : D0;
  5CD0 : 12;
  5CD1 : A9;
  5CD2 : 10;
  5CD3 : A2;
  5CD4 : 01;
  5CD5 : 20;
  5CD6 : B1;
  5CD7 : FB;
  5CD8 : D0;
  5CD9 : 2F;
  5CDA : E6;
  5CDB : A8;
  5CDC : A5;
  5CDD : B6;
  5CDE : 10;
  5CDF : 29;
  5CE0 : C2;
  5CE1 : 31;
  5CE2 : 48;
  5CE3 : 5A;
  5CE4 : A0;
  5CE5 : 34;
  5CE6 : 00;
  5CE7 : 80;
  5CE8 : 0A;
  5CE9 : 38;
  5CEA : 90;
  5CEB : 18;
  5CEC : C2;
  5CED : 30;
  5CEE : 48;
  5CEF : 5A;
  5CF0 : A0;
  5CF1 : 24;
  5CF2 : 00;
  5CF3 : DA;
  5CF4 : 3B;
  5CF5 : 49;
  5CF6 : 00;
  5CF7 : 01;
  5CF8 : 89;
  5CF9 : 00;
  5CFA : FF;
  5CFB : F0;
  5CFC : 04;
  5CFD : A2;
  5CFE : FB;
  5CFF : 01;
  5D00 : 9A;
  5D01 : 49;
  5D02 : 00;
  5D03 : 01;
  5D04 : 48;
  5D05 : 2A;
  5D06 : 38;
  5D07 : FB;
  5D08 : 4A;
  5D09 : F4;
  5D0A : 58;
  5D0B : FC;
  5D0C : 5A;
  5D0D : 80;
  5D0E : 03;
  5D0F : 38;
  5D10 : 90;
  5D11 : 18;
  5D12 : 48;
  5D13 : A9;
  5D14 : 00;
  5D15 : EB;
  5D16 : 48;
  5D17 : 0B;
  5D18 : A9;
  5D19 : 00;
  5D1A : 5B;
  5D1B : 8B;
  5D1C : 48;
  5D1D : AB;
  5D1E : AD;
  5D1F : B2;
  5D20 : D0;
  5D21 : 8D;
  5D22 : 73;
  5D23 : D0;
  5D24 : 48;
  5D25 : AD;
  5D26 : BC;
  5D27 : D0;
  5D28 : 8D;
  5D29 : BF;
  5D2A : D0;
  5D2B : 48;
  5D2C : F4;
  5D2D : 47;
  5D2E : FC;
  5D2F : A3;
  5D30 : 0A;
  5D31 : 48;
  5D32 : 09;
  5D33 : 04;
  5D34 : 48;
  5D35 : 8D;
  5D36 : 7F;
  5D37 : D0;
  5D38 : A3;
  5D39 : 0A;
  5D3A : EB;
  5D3B : A3;
  5D3C : 0B;
  5D3D : B0;
  5D3E : 04;
  5D3F : 28;
  5D40 : 4C;
  5D41 : 48;
  5D42 : FF;
  5D43 : 28;
  5D44 : 6C;
  5D45 : 18;
  5D46 : 03;
  5D47 : 8D;
  5D48 : 7E;
  5D49 : D0;
  5D4A : 68;
  5D4B : 8D;
  5D4C : BC;
  5D4D : D0;
  5D4E : 68;
  5D4F : 8D;
  5D50 : B2;
  5D51 : D0;
  5D52 : AB;
  5D53 : 2B;
  5D54 : 68;
  5D55 : EB;
  5D56 : 68;
  5D57 : 40;
  5D58 : 18;
  5D59 : FB;
  5D5A : C2;
  5D5B : 30;
  5D5C : 68;
  5D5D : 1B;
  5D5E : FA;
  5D5F : 7A;
  5D60 : 68;
  5D61 : 40;
  5D62 : A2;
  5D63 : 08;
  5D64 : 78;
  5D65 : 20;
  5D66 : BD;
  5D67 : FC;
  5D68 : D0;
  5D69 : EA;
  5D6A : A9;
  5D6B : 78;
  5D6C : 20;
  5D6D : AF;
  5D6E : FB;
  5D6F : D0;
  5D70 : E3;
  5D71 : C6;
  5D72 : A7;
  5D73 : D0;
  5D74 : DF;
  5D75 : 20;
  5D76 : 97;
  5D77 : FB;
  5D78 : C6;
  5D79 : AB;
  5D7A : 10;
  5D7B : D8;
  5D7C : A2;
  5D7D : 0A;
  5D7E : 20;
  5D7F : BD;
  5D80 : 5C;
  5D81 : 11;
  5D82 : FC;
  5D83 : 00;
  5D84 : 5C;
  5D85 : 11;
  5D86 : FC;
  5D87 : 00;
  5D88 : 5C;
  5D89 : 57;
  5D8A : FC;
  5D8B : 00;
  5D8C : 5C;
  5D8D : 0F;
  5D8E : FC;
  5D8F : 00;
  5D90 : 5C;
  5D91 : FC;
  5D92 : 00;
  5D93 : F8;
  5D94 : 5C;
  5D95 : 11;
  5D96 : FC;
  5D97 : 00;
  5D98 : 5C;
  5D99 : E0;
  5D9A : FB;
  5D9B : 00;
  5D9C : 5C;
  5D9D : E0;
  5D9E : FB;
  5D9F : 00;
  5DA0 : 5C;
  5DA1 : 61;
  5DA2 : FC;
  5DA3 : 00;
  5DA4 : 5C;
  5DA5 : E9;
  5DA6 : FB;
  5DA7 : 00;
  5DA8 : 5C;
  5DA9 : FC;
  5DAA : 00;
  5DAB : F8;
  5DAC : 5C;
  5DAD : EB;
  5DAE : FB;
  5DAF : 00;
  5DB0 : AD;
  5DB1 : 9F;
  5DB2 : 02;
  5DB3 : 8D;
  5DB4 : 14;
  5DB5 : 03;
  5DB6 : 28;
  5DB7 : 60;
  5DB8 : 20;
  5DB9 : 93;
  5DBA : FC;
  5DBB : F0;
  5DBC : 97;
  5DBD : BD;
  5DBE : 93;
  5DBF : FD;
  5DC0 : 8D;
  5DC1 : 14;
  5DC2 : 03;
  5DC3 : BD;
  5DC4 : 94;
  5DC5 : FD;
  5DC6 : 8D;
  5DC7 : 15;
  5DC8 : 03;
  5DC9 : 60;
  5DCA : A5;
  5DCB : 01;
  5DCC : 09;
  5DCD : 20;
  5DCE : 85;
  5DCF : 01;
  5DD0 : 60;
  5DD1 : 38;
  5DD2 : A5;
  5DD3 : AC;
  5DD4 : E5;
  5DD5 : AE;
  5DD6 : A5;
  5DD7 : AD;
  5DD8 : E5;
  5DD9 : AF;
  5DDA : 60;
  5DDB : E6;
  5DDC : AC;
  5DDD : D0;
  5DDE : 02;
  5DDF : E6;
  5DE0 : AD;
  5DE1 : 60;
  5DE2 : A2;
  5DE3 : FF;
  5DE4 : 78;
  5DE5 : 9A;
  5DE6 : D8;
  5DE7 : 20;
  5DE8 : 02;
  5DE9 : FD;
  5DEA : D0;
  5DEB : 03;
  5DEC : 6C;
  5DED : 00;
  5DEE : 80;
  5DEF : 8E;
  5DF0 : 16;
  5DF1 : D0;
  5DF2 : 20;
  5DF3 : A3;
  5DF4 : FD;
  5DF5 : 20;
  5DF6 : 50;
  5DF7 : FD;
  5DF8 : 20;
  5DF9 : 15;
  5DFA : FD;
  5DFB : 20;
  5DFC : 5B;
  5DFD : FF;
  5DFE : 58;
  5DFF : 6C;
  5E00 : 00;
  5E01 : A0;
  5E02 : A2;
  5E03 : 05;
  5E04 : BD;
  5E05 : 0F;
  5E06 : FD;
  5E07 : DD;
  5E08 : 03;
  5E09 : 80;
  5E0A : D0;
  5E0B : 03;
  5E0C : CA;
  5E0D : D0;
  5E0E : F5;
  5E0F : 60;
  5E10 : C3;
  5E11 : C2;
  5E12 : CD;
  5E13 : 38;
  5E14 : 30;
  5E15 : 20;
  5E16 : 8B;
  5E17 : F3;
  5E18 : EA;
  5E19 : 18;
  5E1A : 86;
  5E1B : C3;
  5E1C : 84;
  5E1D : C4;
  5E1E : A0;
  5E1F : 1F;
  5E20 : B1;
  5E21 : C3;
  5E22 : 90;
  5E23 : 05;
  5E24 : B9;
  5E25 : 14;
  5E26 : 03;
  5E27 : 91;
  5E28 : C3;
  5E29 : 99;
  5E2A : 14;
  5E2B : 03;
  5E2C : 88;
  5E2D : 10;
  5E2E : F1;
  5E2F : 60;
  5E30 : 31;
  5E31 : EA;
  5E32 : 66;
  5E33 : FE;
  5E34 : 47;
  5E35 : FE;
  5E36 : 4A;
  5E37 : F3;
  5E38 : 91;
  5E39 : F2;
  5E3A : 0E;
  5E3B : F2;
  5E3C : 50;
  5E3D : F2;
  5E3E : 33;
  5E3F : F3;
  5E40 : 57;
  5E41 : F1;
  5E42 : CA;
  5E43 : F1;
  5E44 : ED;
  5E45 : F6;
  5E46 : 3E;
  5E47 : F1;
  5E48 : 2F;
  5E49 : F3;
  5E4A : 66;
  5E4B : FE;
  5E4C : A5;
  5E4D : F4;
  5E4E : ED;
  5E4F : F5;
  5E50 : A9;
  5E51 : 00;
  5E52 : A8;
  5E53 : 99;
  5E54 : 02;
  5E55 : 00;
  5E56 : 99;
  5E57 : 00;
  5E58 : 02;
  5E59 : 99;
  5E5A : 00;
  5E5B : 03;
  5E5C : C8;
  5E5D : D0;
  5E5E : F4;
  5E5F : A2;
  5E60 : 3C;
  5E61 : A0;
  5E62 : 03;
  5E63 : 86;
  5E64 : B2;
  5E65 : 84;
  5E66 : B3;
  5E67 : A8;
  5E68 : A9;
  5E69 : 03;
  5E6A : 85;
  5E6B : C2;
  5E6C : E6;
  5E6D : C2;
  5E6E : B1;
  5E6F : C1;
  5E70 : AA;
  5E71 : A9;
  5E72 : 55;
  5E73 : 91;
  5E74 : C1;
  5E75 : D1;
  5E76 : C1;
  5E77 : D0;
  5E78 : 0F;
  5E79 : 2A;
  5E7A : 91;
  5E7B : C1;
  5E7C : D1;
  5E7D : C1;
  5E7E : D0;
  5E7F : 08;
  5E80 : 8A;
  5E81 : 91;
  5E82 : C1;
  5E83 : 98;
  5E84 : D0;
  5E85 : E8;
  5E86 : F0;
  5E87 : E4;
  5E88 : 98;
  5E89 : AA;
  5E8A : A4;
  5E8B : C2;
  5E8C : 18;
  5E8D : 20;
  5E8E : 2D;
  5E8F : FE;
  5E90 : A9;
  5E91 : 08;
  5E92 : 8D;
  5E93 : 82;
  5E94 : 02;
  5E95 : A9;
  5E96 : 04;
  5E97 : 8D;
  5E98 : 88;
  5E99 : 02;
  5E9A : 60;
  5E9B : 6A;
  5E9C : FC;
  5E9D : CD;
  5E9E : FB;
  5E9F : 31;
  5EA0 : EA;
  5EA1 : 2C;
  5EA2 : F9;
  5EA3 : A9;
  5EA4 : 7F;
  5EA5 : 8D;
  5EA6 : 0D;
  5EA7 : DC;
  5EA8 : 8D;
  5EA9 : 0D;
  5EAA : DD;
  5EAB : 8D;
  5EAC : 00;
  5EAD : DC;
  5EAE : A9;
  5EAF : 08;
  5EB0 : 8D;
  5EB1 : 0E;
  5EB2 : DC;
  5EB3 : 8D;
  5EB4 : 0E;
  5EB5 : DD;
  5EB6 : 8D;
  5EB7 : 0F;
  5EB8 : DC;
  5EB9 : 8D;
  5EBA : 0F;
  5EBB : DD;
  5EBC : A2;
  5EBD : 00;
  5EBE : 8E;
  5EBF : 03;
  5EC0 : DC;
  5EC1 : 8E;
  5EC2 : 03;
  5EC3 : DD;
  5EC4 : 8E;
  5EC5 : 18;
  5EC6 : D4;
  5EC7 : CA;
  5EC8 : 8E;
  5EC9 : 02;
  5ECA : DC;
  5ECB : A9;
  5ECC : 07;
  5ECD : 20;
  5ECE : C8;
  5ECF : F2;
  5ED0 : A9;
  5ED1 : 3F;
  5ED2 : 8D;
  5ED3 : 02;
  5ED4 : DD;
  5ED5 : A9;
  5ED6 : E7;
  5ED7 : 85;
  5ED8 : 01;
  5ED9 : A9;
  5EDA : 2F;
  5EDB : 85;
  5EDC : 00;
  5EDD : AD;
  5EDE : A6;
  5EDF : 02;
  5EE0 : F0;
  5EE1 : 0A;
  5EE2 : A9;
  5EE3 : 25;
  5EE4 : 8D;
  5EE5 : 04;
  5EE6 : DC;
  5EE7 : A9;
  5EE8 : 40;
  5EE9 : 4C;
  5EEA : F3;
  5EEB : FD;
  5EEC : A9;
  5EED : 95;
  5EEE : 8D;
  5EEF : 04;
  5EF0 : DC;
  5EF1 : A9;
  5EF2 : 42;
  5EF3 : 8D;
  5EF4 : 05;
  5EF5 : DC;
  5EF6 : 4C;
  5EF7 : 6E;
  5EF8 : FF;
  5EF9 : 85;
  5EFA : B7;
  5EFB : 86;
  5EFC : 8D;
  5EFD : 7F;
  5EFE : D0;
  5EFF : 60;
  5F00 : 85;
  5F01 : B8;
  5F02 : 86;
  5F03 : BA;
  5F04 : 84;
  5F05 : B9;
  5F06 : 60;
  5F07 : A5;
  5F08 : BA;
  5F09 : C9;
  5F0A : 02;
  5F0B : D0;
  5F0C : 0D;
  5F0D : AD;
  5F0E : 97;
  5F0F : 02;
  5F10 : 48;
  5F11 : A9;
  5F12 : 00;
  5F13 : 8D;
  5F14 : 97;
  5F15 : 02;
  5F16 : 68;
  5F17 : 60;
  5F18 : 85;
  5F19 : 9D;
  5F1A : A5;
  5F1B : 90;
  5F1C : 05;
  5F1D : 90;
  5F1E : 85;
  5F1F : 90;
  5F20 : 60;
  5F21 : 8D;
  5F22 : 85;
  5F23 : 02;
  5F24 : 60;
  5F25 : 90;
  5F26 : 06;
  5F27 : AE;
  5F28 : 83;
  5F29 : 02;
  5F2A : AC;
  5F2B : 84;
  5F2C : 02;
  5F2D : 8E;
  5F2E : 83;
  5F2F : 02;
  5F30 : 8C;
  5F31 : 84;
  5F32 : 02;
  5F33 : 60;
  5F34 : 90;
  5F35 : 06;
  5F36 : AE;
  5F37 : 81;
  5F38 : 02;
  5F39 : AC;
  5F3A : 82;
  5F3B : 02;
  5F3C : 8E;
  5F3D : 81;
  5F3E : 02;
  5F3F : 8C;
  5F40 : 82;
  5F41 : 02;
  5F42 : 60;
  5F43 : 78;
  5F44 : 6C;
  5F45 : 18;
  5F46 : 03;
  5F47 : 48;
  5F48 : 8A;
  5F49 : 48;
  5F4A : 98;
  5F4B : 48;
  5F4C : A9;
  5F4D : 7F;
  5F4E : 8D;
  5F4F : 0D;
  5F50 : DD;
  5F51 : AC;
  5F52 : 0D;
  5F53 : DD;
  5F54 : 30;
  5F55 : 1C;
  5F56 : 20;
  5F57 : 02;
  5F58 : FD;
  5F59 : D0;
  5F5A : 03;
  5F5B : 6C;
  5F5C : 02;
  5F5D : 80;
  5F5E : 20;
  5F5F : BC;
  5F60 : F6;
  5F61 : 20;
  5F62 : E1;
  5F63 : FF;
  5F64 : D0;
  5F65 : 0C;
  5F66 : 20;
  5F67 : 15;
  5F68 : FD;
  5F69 : 20;
  5F6A : A3;
  5F6B : FD;
  5F6C : 20;
  5F6D : 18;
  5F6E : E5;
  5F6F : 6C;
  5F70 : 02;
  5F71 : A0;
  5F72 : 98;
  5F73 : 2D;
  5F74 : A1;
  5F75 : 02;
  5F76 : AA;
  5F77 : 29;
  5F78 : 01;
  5F79 : F0;
  5F7A : 28;
  5F7B : AD;
  5F7C : 00;
  5F7D : DD;
  5F7E : 29;
  5F7F : FB;
  5F80 : 05;
  5F81 : B5;
  5F82 : 8D;
  5F83 : 00;
  5F84 : DD;
  5F85 : AD;
  5F86 : A1;
  5F87 : 02;
  5F88 : 8D;
  5F89 : 0D;
  5F8A : DD;
  5F8B : 8A;
  5F8C : 29;
  5F8D : 12;
  5F8E : F0;
  5F8F : 0D;
  5F90 : 29;
  5F91 : 02;
  5F92 : F0;
  5F93 : 06;
  5F94 : 20;
  5F95 : D6;
  5F96 : FE;
  5F97 : 4C;
  5F98 : 9D;
  5F99 : FE;
  5F9A : 20;
  5F9B : 07;
  5F9C : FF;
  5F9D : 20;
  5F9E : BB;
  5F9F : EE;
  5FA0 : 4C;
  5FA1 : B6;
  5FA2 : FE;
  5FA3 : 8A;
  5FA4 : 29;
  5FA5 : 02;
  5FA6 : F0;
  5FA7 : 06;
  5FA8 : 20;
  5FA9 : D6;
  5FAA : FE;
  5FAB : 4C;
  5FAC : B6;
  5FAD : FE;
  5FAE : 8A;
  5FAF : 29;
  5FB0 : 10;
  5FB1 : F0;
  5FB2 : 03;
  5FB3 : 20;
  5FB4 : 07;
  5FB5 : FF;
  5FB6 : AD;
  5FB7 : A1;
  5FB8 : 02;
  5FB9 : 8D;
  5FBA : 0D;
  5FBB : DD;
  5FBC : 68;
  5FBD : A8;
  5FBE : 68;
  5FBF : AA;
  5FC0 : 68;
  5FC1 : 40;
  5FC2 : C1;
  5FC3 : 27;
  5FC4 : 3E;
  5FC5 : 1A;
  5FC6 : C5;
  5FC7 : 11;
  5FC8 : 74;
  5FC9 : 0E;
  5FCA : ED;
  5FCB : 0C;
  5FCC : 45;
  5FCD : 06;
  5FCE : F0;
  5FCF : 02;
  5FD0 : 46;
  5FD1 : 01;
  5FD2 : B8;
  5FD3 : 00;
  5FD4 : 71;
  5FD5 : 00;
  5FD6 : AD;
  5FD7 : 01;
  5FD8 : DD;
  5FD9 : 29;
  5FDA : 01;
  5FDB : 85;
  5FDC : A7;
  5FDD : AD;
  5FDE : 06;
  5FDF : DD;
  5FE0 : E9;
  5FE1 : 1C;
  5FE2 : 6D;
  5FE3 : 99;
  5FE4 : 02;
  5FE5 : 8D;
  5FE6 : 06;
  5FE7 : DD;
  5FE8 : AD;
  5FE9 : 07;
  5FEA : DD;
  5FEB : 6D;
  5FEC : 9A;
  5FED : 02;
  5FEE : 8D;
  5FEF : 07;
  5FF0 : DD;
  5FF1 : A9;
  5FF2 : 11;
  5FF3 : 8D;
  5FF4 : 0F;
  5FF5 : DD;
  5FF6 : AD;
  5FF7 : A1;
  5FF8 : 02;
  5FF9 : 8D;
  5FFA : 0D;
  5FFB : DD;
  5FFC : A9;
  5FFD : FF;
  5FFE : 8D;
  5FFF : 06;
  6000 : DD;
  6001 : 8D;
  6002 : 07;
  6003 : DD;
  6004 : 4C;
  6005 : 59;
  6006 : EF;
  6007 : AD;
  6008 : 95;
  6009 : 02;
  600A : 8D;
  600B : 06;
  600C : DD;
  600D : AD;
  600E : 96;
  600F : 02;
  6010 : 8D;
  6011 : 07;
  6012 : DD;
  6013 : A9;
  6014 : 11;
  6015 : 8D;
  6016 : 0F;
  6017 : DD;
  6018 : A9;
  6019 : 12;
  601A : 4D;
  601B : A1;
  601C : 02;
  601D : 8D;
  601E : A1;
  601F : 02;
  6020 : A9;
  6021 : FF;
  6022 : 8D;
  6023 : 06;
  6024 : DD;
  6025 : 8D;
  6026 : 07;
  6027 : DD;
  6028 : AE;
  6029 : 98;
  602A : 02;
  602B : 86;
  602C : A8;
  602D : 60;
  602E : AA;
  602F : AD;
  6030 : 96;
  6031 : 02;
  6032 : 2A;
  6033 : A8;
  6034 : 8A;
  6035 : 69;
  6036 : C8;
  6037 : 8D;
  6038 : 99;
  6039 : 02;
  603A : 98;
  603B : 69;
  603C : 00;
  603D : 8D;
  603E : 9A;
  603F : 02;
  6040 : 60;
  6041 : EA;
  6042 : EA;
  6043 : 08;
  6044 : 68;
  6045 : 29;
  6046 : EF;
  6047 : 48;
  6048 : 48;
  6049 : 8A;
  604A : 48;
  604B : 98;
  604C : 48;
  604D : BA;
  604E : BD;
  604F : 04;
  6050 : 01;
  6051 : 29;
  6052 : 10;
  6053 : F0;
  6054 : 03;
  6055 : 6C;
  6056 : 16;
  6057 : 03;
  6058 : 6C;
  6059 : 14;
  605A : 03;
  605B : 20;
  605C : 18;
  605D : E5;
  605E : AD;
  605F : 12;
  6060 : D0;
  6061 : D0;
  6062 : FB;
  6063 : AD;
  6064 : 19;
  6065 : D0;
  6066 : 29;
  6067 : 01;
  6068 : 8D;
  6069 : A6;
  606A : 02;
  606B : 4C;
  606C : DD;
  606D : FD;
  606E : A9;
  606F : 81;
  6070 : 8D;
  6071 : 0D;
  6072 : DC;
  6073 : AD;
  6074 : 0E;
  6075 : DC;
  6076 : 29;
  6077 : 80;
  6078 : 09;
  6079 : 11;
  607A : 8D;
  607B : 0E;
  607C : DC;
  607D : 4C;
  607E : 8E;
  607F : EE;
  6080 : 03;
  6081 : 4C;
  6082 : 5B;
  6083 : FF;
  6084 : 4C;
  6085 : A3;
  6086 : FD;
  6087 : 4C;
  6088 : 50;
  6089 : FD;
  608A : 4C;
  608B : 15;
  608C : FD;
  608D : 4C;
  608E : 1A;
  608F : FD;
  6090 : 4C;
  6091 : 18;
  6092 : FE;
  6093 : 4C;
  6094 : B9;
  6095 : ED;
  6096 : 4C;
  6097 : C7;
  6098 : ED;
  6099 : 4C;
  609A : 25;
  609B : FE;
  609C : 4C;
  609D : 34;
  609E : FE;
  609F : 4C;
  60A0 : 87;
  60A1 : EA;
  60A2 : 4C;
  60A3 : 21;
  60A4 : FE;
  60A5 : 4C;
  60A6 : 13;
  60A7 : EE;
  60A8 : 4C;
  60A9 : DD;
  60AA : ED;
  60AB : 4C;
  60AC : EF;
  60AD : ED;
  60AE : 4C;
  60AF : FE;
  60B0 : ED;
  60B1 : 4C;
  60B2 : 0C;
  60B3 : ED;
  60B4 : 4C;
  60B5 : 09;
  60B6 : ED;
  60B7 : 4C;
  60B8 : 07;
  60B9 : FE;
  60BA : 4C;
  60BB : 00;
  60BC : FE;
  60BD : 4C;
  60BE : F9;
  60BF : FD;
  60C0 : 6C;
  60C1 : 1A;
  60C2 : 03;
  60C3 : 6C;
  60C4 : 1C;
  60C5 : 03;
  60C6 : 6C;
  60C7 : 1E;
  60C8 : 03;
  60C9 : 6C;
  60CA : 20;
  60CB : 03;
  60CC : 6C;
  60CD : 22;
  60CE : 03;
  60CF : 6C;
  60D0 : 24;
  60D1 : 03;
  60D2 : 6C;
  60D3 : 26;
  60D4 : 03;
  60D5 : 4C;
  60D6 : 9E;
  60D7 : F4;
  60D8 : 4C;
  60D9 : DD;
  60DA : F5;
  60DB : 4C;
  60DC : E4;
  60DD : F6;
  60DE : 4C;
  60DF : DD;
  60E0 : F6;
  60E1 : 6C;
  60E2 : 28;
  60E3 : 03;
  60E4 : 6C;
  60E5 : 2A;
  60E6 : 03;
  60E7 : 6C;
  60E8 : 2C;
  60E9 : 03;
  60EA : 4C;
  60EB : 9B;
  60EC : F6;
  60ED : 4C;
  60EE : 05;
  60EF : E5;
  60F0 : 4C;
  60F1 : 0A;
  60F2 : E5;
  60F3 : 4C;
  60F4 : 00;
  60F5 : E5;
  60F6 : 52;
  60F7 : 52;
  60F8 : 42;
  60F9 : 59;
  60FA : 43;
  60FB : FE;
  60FC : E2;
  60FD : FC;
  60FE : 48;
  60FF : FF;
  6100 : FF;
  6101 : FF;
  6102 : FF;
  6103 : FF;
  6104 : FF;
  6105 : FF;
  6106 : FF;
  6107 : FF;
  6108 : FF;
  6109 : FF;
  610A : FF;
  610B : FF;
  610C : FF;
  610D : FF;
  610E : FF;
  610F : FF;
  6110 : FF;
  6111 : FF;
  6112 : FF;
  6113 : FF;
  6114 : FF;
  6115 : FF;
  6116 : FF;
  6117 : FF;
  6118 : FF;
  6119 : FF;
  611A : FF;
  611B : FF;
  611C : FF;
  611D : FF;
  611E : FF;
  611F : FF;
  6120 : FF;
  6121 : FF;
  6122 : FF;
  6123 : FF;
  6124 : FF;
  6125 : FF;
  6126 : FF;
  6127 : FF;
  6128 : FF;
  6129 : FF;
  612A : FF;
  612B : FF;
  612C : FF;
  612D : FF;
  612E : FF;
  612F : FF;
  6130 : FF;
  6131 : FF;
  6132 : FF;
  6133 : FF;
  6134 : FF;
  6135 : FF;
  6136 : FF;
  6137 : FF;
  6138 : FF;
  6139 : FF;
  613A : FF;
  613B : FF;
  613C : FF;
  613D : FF;
  613E : FF;
  613F : FF;
  6140 : FF;
  6141 : FF;
  6142 : FF;
  6143 : FF;
  6144 : FF;
  6145 : FF;
  6146 : FF;
  6147 : FF;
  6148 : FF;
  6149 : FF;
  614A : FF;
  614B : FF;
  614C : FF;
  614D : FF;
  614E : FF;
  614F : FF;
  6150 : FF;
  6151 : FF;
  6152 : FF;
  6153 : FF;
  6154 : FF;
  6155 : FF;
  6156 : FF;
  6157 : FF;
  6158 : FF;
  6159 : FF;
  615A : FF;
  615B : FF;
  615C : FF;
  615D : FF;
  615E : FF;
  615F : FF;
  6160 : FF;
  6161 : FF;
  6162 : FF;
  6163 : FF;
  6164 : FF;
  6165 : FF;
  6166 : FF;
  6167 : FF;
  6168 : FF;
  6169 : FF;
  616A : FF;
  616B : FF;
  616C : FF;
  616D : FF;
  616E : FF;
  616F : FF;
  6170 : FF;
  6171 : FF;
  6172 : FF;
  6173 : FF;
  6174 : FF;
  6175 : FF;
  6176 : FF;
  6177 : FF;
  6178 : FF;
  6179 : FF;
  617A : FF;
  617B : FF;
  617C : FF;
  617D : FF;
  617E : FF;
  617F : FF;
  6180 : FF;
  6181 : FF;
  6182 : FF;
  6183 : FF;
  6184 : FF;
  6185 : FF;
  6186 : FF;
  6187 : FF;
  6188 : FF;
  6189 : FF;
  618A : FF;
  618B : FF;
  618C : FF;
  618D : FF;
  618E : FF;
  618F : FF;
  6190 : FF;
  6191 : FF;
  6192 : FF;
  6193 : FF;
  6194 : FF;
  6195 : FF;
  6196 : FF;
  6197 : FF;
  6198 : FF;
  6199 : FF;
  619A : FF;
  619B : FF;
  619C : FF;
  619D : FF;
  619E : FF;
  619F : FF;
  61A0 : FF;
  61A1 : FF;
  61A2 : FF;
  61A3 : FF;
  61A4 : FF;
  61A5 : FF;
  61A6 : FF;
  61A7 : FF;
  61A8 : FF;
  61A9 : FF;
  61AA : FF;
  61AB : FF;
  61AC : FF;
  61AD : FF;
  61AE : FF;
  61AF : FF;
  61B0 : FF;
  61B1 : FF;
  61B2 : FF;
  61B3 : FF;
  61B4 : FF;
  61B5 : FF;
  61B6 : FF;
  61B7 : FF;
  61B8 : FF;
  61B9 : FF;
  61BA : FF;
  61BB : FF;
  61BC : FF;
  61BD : FF;
  61BE : FF;
  61BF : FF;
  61C0 : FF;
  61C1 : FF;
  61C2 : FF;
  61C3 : FF;
  61C4 : FF;
  61C5 : FF;
  61C6 : FF;
  61C7 : FF;
  61C8 : FF;
  61C9 : FF;
  61CA : FF;
  61CB : FF;
  61CC : FF;
  61CD : FF;
  61CE : FF;
  61CF : FF;
  61D0 : FF;
  61D1 : FF;
  61D2 : FF;
  61D3 : FF;
  61D4 : FF;
  61D5 : FF;
  61D6 : FF;
  61D7 : FF;
  61D8 : FF;
  61D9 : FF;
  61DA : FF;
  61DB : FF;
  61DC : FF;
  61DD : FF;
  61DE : FF;
  61DF : FF;
  61E0 : FF;
  61E1 : FF;
  61E2 : FF;
  61E3 : FF;
  61E4 : FF;
  61E5 : FF;
  61E6 : FF;
  61E7 : FF;
  61E8 : FF;
  61E9 : FF;
  61EA : FF;
  61EB : FF;
  61EC : FF;
  61ED : FF;
  61EE : FF;
  61EF : FF;
  61F0 : FF;
  61F1 : FF;
  61F2 : FF;
  61F3 : FF;
  61F4 : FF;
  61F5 : FF;
  61F6 : FF;
  61F7 : FF;
  61F8 : FF;
  61F9 : FF;
  61FA : FF;
  61FB : FF;
  61FC : FF;
  61FD : FF;
  61FE : FF;
  61FF : FF;
  6200 : FF;
  6201 : FF;
  6202 : FF;
  6203 : FF;
  6204 : FF;
  6205 : FF;
  6206 : FF;
  6207 : FF;
  6208 : FF;
  6209 : FF;
  620A : FF;
  620B : FF;
  620C : FF;
  620D : FF;
  620E : FF;
  620F : FF;
  6210 : FF;
  6211 : FF;
  6212 : FF;
  6213 : FF;
  6214 : FF;
  6215 : FF;
  6216 : FF;
  6217 : FF;
  6218 : FF;
  6219 : FF;
  621A : FF;
  621B : FF;
  621C : FF;
  621D : FF;
  621E : FF;
  621F : FF;
  6220 : FF;
  6221 : FF;
  6222 : FF;
  6223 : FF;
  6224 : FF;
  6225 : FF;
  6226 : FF;
  6227 : FF;
  6228 : FF;
  6229 : FF;
  622A : FF;
  622B : FF;
  622C : FF;
  622D : FF;
  622E : FF;
  622F : FF;
  6230 : FF;
  6231 : FF;
  6232 : FF;
  6233 : FF;
  6234 : FF;
  6235 : FF;
  6236 : FF;
  6237 : FF;
  6238 : FF;
  6239 : FF;
  623A : FF;
  623B : FF;
  623C : FF;
  623D : FF;
  623E : FF;
  623F : FF;
  6240 : FF;
  6241 : FF;
  6242 : FF;
  6243 : FF;
  6244 : FF;
  6245 : FF;
  6246 : FF;
  6247 : FF;
  6248 : FF;
  6249 : FF;
  624A : FF;
  624B : FF;
  624C : FF;
  624D : FF;
  624E : FF;
  624F : FF;
  6250 : FF;
  6251 : FF;
  6252 : FF;
  6253 : FF;
  6254 : FF;
  6255 : FF;
  6256 : FF;
  6257 : FF;
  6258 : FF;
  6259 : FF;
  625A : FF;
  625B : FF;
  625C : FF;
  625D : FF;
  625E : FF;
  625F : FF;
  6260 : FF;
  6261 : FF;
  6262 : FF;
  6263 : FF;
  6264 : FF;
  6265 : FF;
  6266 : FF;
  6267 : FF;
  6268 : FF;
  6269 : FF;
  626A : FF;
  626B : FF;
  626C : FF;
  626D : FF;
  626E : FF;
  626F : FF;
  6270 : FF;
  6271 : FF;
  6272 : FF;
  6273 : FF;
  6274 : FF;
  6275 : FF;
  6276 : FF;
  6277 : FF;
  6278 : FF;
  6279 : FF;
  627A : FF;
  627B : FF;
  627C : FF;
  627D : FF;
  627E : FF;
  627F : FF;
  6280 : FF;
  6281 : FF;
  6282 : FF;
  6283 : FF;
  6284 : FF;
  6285 : FF;
  6286 : FF;
  6287 : FF;
  6288 : FF;
  6289 : FF;
  628A : FF;
  628B : FF;
  628C : FF;
  628D : FF;
  628E : FF;
  628F : FF;
  6290 : FF;
  6291 : FF;
  6292 : FF;
  6293 : FF;
  6294 : FF;
  6295 : FF;
  6296 : FF;
  6297 : FF;
  6298 : FF;
  6299 : FF;
  629A : FF;
  629B : FF;
  629C : FF;
  629D : FF;
  629E : FF;
  629F : FF;
  62A0 : FF;
  62A1 : FF;
  62A2 : FF;
  62A3 : FF;
  62A4 : FF;
  62A5 : FF;
  62A6 : FF;
  62A7 : FF;
  62A8 : FF;
  62A9 : FF;
  62AA : FF;
  62AB : FF;
  62AC : FF;
  62AD : FF;
  62AE : FF;
  62AF : FF;
  62B0 : FF;
  62B1 : FF;
  62B2 : FF;
  62B3 : FF;
  62B4 : FF;
  62B5 : FF;
  62B6 : FF;
  62B7 : FF;
  62B8 : FF;
  62B9 : FF;
  62BA : FF;
  62BB : FF;
  62BC : FF;
  62BD : FF;
  62BE : FF;
  62BF : FF;
  62C0 : FF;
  62C1 : FF;
  62C2 : FF;
  62C3 : FF;
  62C4 : FF;
  62C5 : FF;
  62C6 : FF;
  62C7 : FF;
  62C8 : FF;
  62C9 : FF;
  62CA : FF;
  62CB : FF;
  62CC : FF;
  62CD : FF;
  62CE : FF;
  62CF : FF;
  62D0 : FF;
  62D1 : FF;
  62D2 : FF;
  62D3 : FF;
  62D4 : FF;
  62D5 : FF;
  62D6 : FF;
  62D7 : FF;
  62D8 : FF;
  62D9 : FF;
  62DA : FF;
  62DB : FF;
  62DC : FF;
  62DD : FF;
  62DE : FF;
  62DF : FF;
  62E0 : FF;
  62E1 : FF;
  62E2 : FF;
  62E3 : FF;
  62E4 : FF;
  62E5 : FF;
  62E6 : FF;
  62E7 : FF;
  62E8 : FF;
  62E9 : FF;
  62EA : FF;
  62EB : FF;
  62EC : FF;
  62ED : FF;
  62EE : FF;
  62EF : FF;
  62F0 : FF;
  62F1 : FF;
  62F2 : FF;
  62F3 : FF;
  62F4 : FF;
  62F5 : FF;
  62F6 : FF;
  62F7 : FF;
  62F8 : FF;
  62F9 : FF;
  62FA : FF;
  62FB : FF;
  62FC : FF;
  62FD : FF;
  62FE : FF;
  62FF : FF;
  6300 : FF;
  6301 : FF;
  6302 : FF;
  6303 : FF;
  6304 : FF;
  6305 : FF;
  6306 : FF;
  6307 : FF;
  6308 : FF;
  6309 : FF;
  630A : FF;
  630B : FF;
  630C : FF;
  630D : FF;
  630E : FF;
  630F : FF;
  6310 : FF;
  6311 : FF;
  6312 : FF;
  6313 : FF;
  6314 : FF;
  6315 : FF;
  6316 : FF;
  6317 : FF;
  6318 : FF;
  6319 : FF;
  631A : FF;
  631B : FF;
  631C : FF;
  631D : FF;
  631E : FF;
  631F : FF;
  6320 : FF;
  6321 : FF;
  6322 : FF;
  6323 : FF;
  6324 : FF;
  6325 : FF;
  6326 : FF;
  6327 : FF;
  6328 : FF;
  6329 : FF;
  632A : FF;
  632B : FF;
  632C : FF;
  632D : FF;
  632E : FF;
  632F : FF;
  6330 : FF;
  6331 : FF;
  6332 : FF;
  6333 : FF;
  6334 : FF;
  6335 : FF;
  6336 : FF;
  6337 : FF;
  6338 : FF;
  6339 : FF;
  633A : FF;
  633B : FF;
  633C : FF;
  633D : FF;
  633E : FF;
  633F : FF;
  6340 : FF;
  6341 : FF;
  6342 : FF;
  6343 : FF;
  6344 : FF;
  6345 : FF;
  6346 : FF;
  6347 : FF;
  6348 : FF;
  6349 : FF;
  634A : FF;
  634B : FF;
  634C : FF;
  634D : FF;
  634E : FF;
  634F : FF;
  6350 : FF;
  6351 : FF;
  6352 : FF;
  6353 : FF;
  6354 : FF;
  6355 : FF;
  6356 : FF;
  6357 : FF;
  6358 : FF;
  6359 : FF;
  635A : FF;
  635B : FF;
  635C : FF;
  635D : FF;
  635E : FF;
  635F : FF;
  6360 : FF;
  6361 : FF;
  6362 : FF;
  6363 : FF;
  6364 : FF;
  6365 : FF;
  6366 : FF;
  6367 : FF;
  6368 : FF;
  6369 : FF;
  636A : FF;
  636B : FF;
  636C : FF;
  636D : FF;
  636E : FF;
  636F : FF;
  6370 : FF;
  6371 : FF;
  6372 : FF;
  6373 : FF;
  6374 : FF;
  6375 : FF;
  6376 : FF;
  6377 : FF;
  6378 : FF;
  6379 : FF;
  637A : FF;
  637B : FF;
  637C : FF;
  637D : FF;
  637E : FF;
  637F : FF;
  6380 : FF;
  6381 : FF;
  6382 : FF;
  6383 : FF;
  6384 : FF;
  6385 : FF;
  6386 : FF;
  6387 : FF;
  6388 : FF;
  6389 : FF;
  638A : FF;
  638B : FF;
  638C : FF;
  638D : FF;
  638E : FF;
  638F : FF;
  6390 : FF;
  6391 : FF;
  6392 : FF;
  6393 : FF;
  6394 : FF;
  6395 : FF;
  6396 : FF;
  6397 : FF;
  6398 : FF;
  6399 : FF;
  639A : FF;
  639B : FF;
  639C : FF;
  639D : FF;
  639E : FF;
  639F : FF;
  63A0 : FF;
  63A1 : FF;
  63A2 : FF;
  63A3 : FF;
  63A4 : FF;
  63A5 : FF;
  63A6 : FF;
  63A7 : FF;
  63A8 : FF;
  63A9 : FF;
  63AA : FF;
  63AB : FF;
  63AC : FF;
  63AD : FF;
  63AE : FF;
  63AF : FF;
  63B0 : FF;
  63B1 : FF;
  63B2 : FF;
  63B3 : FF;
  63B4 : FF;
  63B5 : FF;
  63B6 : FF;
  63B7 : FF;
  63B8 : FF;
  63B9 : FF;
  63BA : FF;
  63BB : FF;
  63BC : FF;
  63BD : FF;
  63BE : FF;
  63BF : FF;
  63C0 : FF;
  63C1 : FF;
  63C2 : FF;
  63C3 : FF;
  63C4 : FF;
  63C5 : FF;
  63C6 : FF;
  63C7 : FF;
  63C8 : FF;
  63C9 : FF;
  63CA : FF;
  63CB : FF;
  63CC : FF;
  63CD : FF;
  63CE : FF;
  63CF : FF;
  63D0 : FF;
  63D1 : FF;
  63D2 : FF;
  63D3 : FF;
  63D4 : FF;
  63D5 : FF;
  63D6 : FF;
  63D7 : FF;
  63D8 : FF;
  63D9 : FF;
  63DA : FF;
  63DB : FF;
  63DC : FF;
  63DD : FF;
  63DE : FF;
  63DF : FF;
  63E0 : FF;
  63E1 : FF;
  63E2 : FF;
  63E3 : FF;
  63E4 : FF;
  63E5 : FF;
  63E6 : FF;
  63E7 : FF;
  63E8 : FF;
  63E9 : FF;
  63EA : FF;
  63EB : FF;
  63EC : FF;
  63ED : FF;
  63EE : FF;
  63EF : FF;
  63F0 : FF;
  63F1 : FF;
  63F2 : FF;
  63F3 : FF;
  63F4 : FF;
  63F5 : FF;
  63F6 : FF;
  63F7 : FF;
  63F8 : FF;
  63F9 : FF;
  63FA : FF;
  63FB : FF;
  63FC : FF;
  63FD : FF;
  63FE : FF;
  63FF : FF;
  6400 : FF;
  6401 : FF;
  6402 : FF;
  6403 : FF;
  6404 : FF;
  6405 : FF;
  6406 : FF;
  6407 : FF;
  6408 : FF;
  6409 : FF;
  640A : FF;
  640B : FF;
  640C : FF;
  640D : FF;
  640E : FF;
  640F : FF;
  6410 : FF;
  6411 : FF;
  6412 : FF;
  6413 : FF;
  6414 : FF;
  6415 : FF;
  6416 : FF;
  6417 : FF;
  6418 : FF;
  6419 : FF;
  641A : FF;
  641B : FF;
  641C : FF;
  641D : FF;
  641E : FF;
  641F : FF;
  6420 : FF;
  6421 : FF;
  6422 : FF;
  6423 : FF;
  6424 : FF;
  6425 : FF;
  6426 : FF;
  6427 : FF;
  6428 : FF;
  6429 : FF;
  642A : FF;
  642B : FF;
  642C : FF;
  642D : FF;
  642E : FF;
  642F : FF;
  6430 : FF;
  6431 : FF;
  6432 : FF;
  6433 : FF;
  6434 : FF;
  6435 : FF;
  6436 : FF;
  6437 : FF;
  6438 : FF;
  6439 : FF;
  643A : FF;
  643B : FF;
  643C : FF;
  643D : FF;
  643E : FF;
  643F : FF;
  6440 : FF;
  6441 : FF;
  6442 : FF;
  6443 : FF;
  6444 : FF;
  6445 : FF;
  6446 : FF;
  6447 : FF;
  6448 : FF;
  6449 : FF;
  644A : FF;
  644B : FF;
  644C : FF;
  644D : FF;
  644E : FF;
  644F : FF;
  6450 : FF;
  6451 : FF;
  6452 : FF;
  6453 : FF;
  6454 : FF;
  6455 : FF;
  6456 : FF;
  6457 : FF;
  6458 : FF;
  6459 : FF;
  645A : FF;
  645B : FF;
  645C : FF;
  645D : FF;
  645E : FF;
  645F : FF;
  6460 : FF;
  6461 : FF;
  6462 : FF;
  6463 : FF;
  6464 : FF;
  6465 : FF;
  6466 : FF;
  6467 : FF;
  6468 : FF;
  6469 : FF;
  646A : FF;
  646B : FF;
  646C : FF;
  646D : FF;
  646E : FF;
  646F : FF;
  6470 : FF;
  6471 : FF;
  6472 : FF;
  6473 : FF;
  6474 : FF;
  6475 : FF;
  6476 : FF;
  6477 : FF;
  6478 : FF;
  6479 : FF;
  647A : FF;
  647B : FF;
  647C : FF;
  647D : FF;
  647E : FF;
  647F : FF;
  6480 : FF;
  6481 : FF;
  6482 : FF;
  6483 : FF;
  6484 : FF;
  6485 : FF;
  6486 : FF;
  6487 : FF;
  6488 : FF;
  6489 : FF;
  648A : FF;
  648B : FF;
  648C : FF;
  648D : FF;
  648E : FF;
  648F : FF;
  6490 : FF;
  6491 : FF;
  6492 : FF;
  6493 : FF;
  6494 : FF;
  6495 : FF;
  6496 : FF;
  6497 : FF;
  6498 : FF;
  6499 : FF;
  649A : FF;
  649B : FF;
  649C : FF;
  649D : FF;
  649E : FF;
  649F : FF;
  64A0 : FF;
  64A1 : FF;
  64A2 : FF;
  64A3 : FF;
  64A4 : FF;
  64A5 : FF;
  64A6 : FF;
  64A7 : FF;
  64A8 : FF;
  64A9 : FF;
  64AA : FF;
  64AB : FF;
  64AC : FF;
  64AD : FF;
  64AE : FF;
  64AF : FF;
  64B0 : FF;
  64B1 : FF;
  64B2 : FF;
  64B3 : FF;
  64B4 : FF;
  64B5 : FF;
  64B6 : FF;
  64B7 : FF;
  64B8 : FF;
  64B9 : FF;
  64BA : FF;
  64BB : FF;
  64BC : FF;
  64BD : FF;
  64BE : FF;
  64BF : FF;
  64C0 : FF;
  64C1 : FF;
  64C2 : FF;
  64C3 : FF;
  64C4 : FF;
  64C5 : FF;
  64C6 : FF;
  64C7 : FF;
  64C8 : FF;
  64C9 : FF;
  64CA : FF;
  64CB : FF;
  64CC : FF;
  64CD : FF;
  64CE : FF;
  64CF : FF;
  64D0 : FF;
  64D1 : FF;
  64D2 : FF;
  64D3 : FF;
  64D4 : FF;
  64D5 : FF;
  64D6 : FF;
  64D7 : FF;
  64D8 : FF;
  64D9 : FF;
  64DA : FF;
  64DB : FF;
  64DC : FF;
  64DD : FF;
  64DE : FF;
  64DF : FF;
  64E0 : FF;
  64E1 : FF;
  64E2 : FF;
  64E3 : FF;
  64E4 : FF;
  64E5 : FF;
  64E6 : FF;
  64E7 : FF;
  64E8 : FF;
  64E9 : FF;
  64EA : FF;
  64EB : FF;
  64EC : FF;
  64ED : FF;
  64EE : FF;
  64EF : FF;
  64F0 : FF;
  64F1 : FF;
  64F2 : FF;
  64F3 : FF;
  64F4 : FF;
  64F5 : FF;
  64F6 : FF;
  64F7 : FF;
  64F8 : FF;
  64F9 : FF;
  64FA : FF;
  64FB : FF;
  64FC : FF;
  64FD : FF;
  64FE : FF;
  64FF : FF;
  6500 : FF;
  6501 : FF;
  6502 : FF;
  6503 : FF;
  6504 : FF;
  6505 : FF;
  6506 : FF;
  6507 : FF;
  6508 : FF;
  6509 : FF;
  650A : FF;
  650B : FF;
  650C : FF;
  650D : FF;
  650E : FF;
  650F : FF;
  6510 : FF;
  6511 : FF;
  6512 : FF;
  6513 : FF;
  6514 : FF;
  6515 : FF;
  6516 : FF;
  6517 : FF;
  6518 : FF;
  6519 : FF;
  651A : FF;
  651B : FF;
  651C : FF;
  651D : FF;
  651E : FF;
  651F : FF;
  6520 : FF;
  6521 : FF;
  6522 : FF;
  6523 : FF;
  6524 : FF;
  6525 : FF;
  6526 : FF;
  6527 : FF;
  6528 : FF;
  6529 : FF;
  652A : FF;
  652B : FF;
  652C : FF;
  652D : FF;
  652E : FF;
  652F : FF;
  6530 : FF;
  6531 : FF;
  6532 : FF;
  6533 : FF;
  6534 : FF;
  6535 : FF;
  6536 : FF;
  6537 : FF;
  6538 : FF;
  6539 : FF;
  653A : FF;
  653B : FF;
  653C : FF;
  653D : FF;
  653E : FF;
  653F : FF;
  6540 : FF;
  6541 : FF;
  6542 : FF;
  6543 : FF;
  6544 : FF;
  6545 : FF;
  6546 : FF;
  6547 : FF;
  6548 : FF;
  6549 : FF;
  654A : FF;
  654B : FF;
  654C : FF;
  654D : FF;
  654E : FF;
  654F : FF;
  6550 : FF;
  6551 : FF;
  6552 : FF;
  6553 : FF;
  6554 : FF;
  6555 : FF;
  6556 : FF;
  6557 : FF;
  6558 : FF;
  6559 : FF;
  655A : FF;
  655B : FF;
  655C : FF;
  655D : FF;
  655E : FF;
  655F : FF;
  6560 : FF;
  6561 : FF;
  6562 : FF;
  6563 : FF;
  6564 : FF;
  6565 : FF;
  6566 : FF;
  6567 : FF;
  6568 : FF;
  6569 : FF;
  656A : FF;
  656B : FF;
  656C : FF;
  656D : FF;
  656E : FF;
  656F : FF;
  6570 : FF;
  6571 : FF;
  6572 : FF;
  6573 : FF;
  6574 : FF;
  6575 : FF;
  6576 : FF;
  6577 : FF;
  6578 : FF;
  6579 : FF;
  657A : FF;
  657B : FF;
  657C : FF;
  657D : FF;
  657E : FF;
  657F : FF;
  6580 : FF;
  6581 : FF;
  6582 : FF;
  6583 : FF;
  6584 : FF;
  6585 : FF;
  6586 : FF;
  6587 : FF;
  6588 : FF;
  6589 : FF;
  658A : FF;
  658B : FF;
  658C : FF;
  658D : FF;
  658E : FF;
  658F : FF;
  6590 : FF;
  6591 : FF;
  6592 : FF;
  6593 : FF;
  6594 : FF;
  6595 : FF;
  6596 : FF;
  6597 : FF;
  6598 : FF;
  6599 : FF;
  659A : FF;
  659B : FF;
  659C : FF;
  659D : FF;
  659E : FF;
  659F : FF;
  65A0 : FF;
  65A1 : FF;
  65A2 : FF;
  65A3 : FF;
  65A4 : FF;
  65A5 : FF;
  65A6 : FF;
  65A7 : FF;
  65A8 : FF;
  65A9 : FF;
  65AA : FF;
  65AB : FF;
  65AC : FF;
  65AD : FF;
  65AE : FF;
  65AF : FF;
  65B0 : FF;
  65B1 : FF;
  65B2 : FF;
  65B3 : FF;
  65B4 : FF;
  65B5 : FF;
  65B6 : FF;
  65B7 : FF;
  65B8 : FF;
  65B9 : FF;
  65BA : FF;
  65BB : FF;
  65BC : FF;
  65BD : FF;
  65BE : FF;
  65BF : FF;
  65C0 : FF;
  65C1 : FF;
  65C2 : FF;
  65C3 : FF;
  65C4 : FF;
  65C5 : FF;
  65C6 : FF;
  65C7 : FF;
  65C8 : FF;
  65C9 : FF;
  65CA : FF;
  65CB : FF;
  65CC : FF;
  65CD : FF;
  65CE : FF;
  65CF : FF;
  65D0 : FF;
  65D1 : FF;
  65D2 : FF;
  65D3 : FF;
  65D4 : FF;
  65D5 : FF;
  65D6 : FF;
  65D7 : FF;
  65D8 : FF;
  65D9 : FF;
  65DA : FF;
  65DB : FF;
  65DC : FF;
  65DD : FF;
  65DE : FF;
  65DF : FF;
  65E0 : FF;
  65E1 : FF;
  65E2 : FF;
  65E3 : FF;
  65E4 : FF;
  65E5 : FF;
  65E6 : FF;
  65E7 : FF;
  65E8 : FF;
  65E9 : FF;
  65EA : FF;
  65EB : FF;
  65EC : FF;
  65ED : FF;
  65EE : FF;
  65EF : FF;
  65F0 : FF;
  65F1 : FF;
  65F2 : FF;
  65F3 : FF;
  65F4 : FF;
  65F5 : FF;
  65F6 : FF;
  65F7 : FF;
  65F8 : FF;
  65F9 : FF;
  65FA : FF;
  65FB : FF;
  65FC : FF;
  65FD : FF;
  65FE : FF;
  65FF : FF;
  6600 : FF;
  6601 : FF;
  6602 : FF;
  6603 : FF;
  6604 : FF;
  6605 : FF;
  6606 : FF;
  6607 : FF;
  6608 : FF;
  6609 : FF;
  660A : FF;
  660B : FF;
  660C : FF;
  660D : FF;
  660E : FF;
  660F : FF;
  6610 : FF;
  6611 : FF;
  6612 : FF;
  6613 : FF;
  6614 : FF;
  6615 : FF;
  6616 : FF;
  6617 : FF;
  6618 : FF;
  6619 : FF;
  661A : FF;
  661B : FF;
  661C : FF;
  661D : FF;
  661E : FF;
  661F : FF;
  6620 : FF;
  6621 : FF;
  6622 : FF;
  6623 : FF;
  6624 : FF;
  6625 : FF;
  6626 : FF;
  6627 : FF;
  6628 : FF;
  6629 : FF;
  662A : FF;
  662B : FF;
  662C : FF;
  662D : FF;
  662E : FF;
  662F : FF;
  6630 : FF;
  6631 : FF;
  6632 : FF;
  6633 : FF;
  6634 : FF;
  6635 : FF;
  6636 : FF;
  6637 : FF;
  6638 : FF;
  6639 : FF;
  663A : FF;
  663B : FF;
  663C : FF;
  663D : FF;
  663E : FF;
  663F : FF;
  6640 : FF;
  6641 : FF;
  6642 : FF;
  6643 : FF;
  6644 : FF;
  6645 : FF;
  6646 : FF;
  6647 : FF;
  6648 : FF;
  6649 : FF;
  664A : FF;
  664B : FF;
  664C : FF;
  664D : FF;
  664E : FF;
  664F : FF;
  6650 : FF;
  6651 : FF;
  6652 : FF;
  6653 : FF;
  6654 : FF;
  6655 : FF;
  6656 : FF;
  6657 : FF;
  6658 : FF;
  6659 : FF;
  665A : FF;
  665B : FF;
  665C : FF;
  665D : FF;
  665E : FF;
  665F : FF;
  6660 : FF;
  6661 : FF;
  6662 : FF;
  6663 : FF;
  6664 : FF;
  6665 : FF;
  6666 : FF;
  6667 : FF;
  6668 : FF;
  6669 : FF;
  666A : FF;
  666B : FF;
  666C : FF;
  666D : FF;
  666E : FF;
  666F : FF;
  6670 : FF;
  6671 : FF;
  6672 : FF;
  6673 : FF;
  6674 : FF;
  6675 : FF;
  6676 : FF;
  6677 : FF;
  6678 : FF;
  6679 : FF;
  667A : FF;
  667B : FF;
  667C : FF;
  667D : FF;
  667E : FF;
  667F : FF;
  6680 : FF;
  6681 : FF;
  6682 : FF;
  6683 : FF;
  6684 : FF;
  6685 : FF;
  6686 : FF;
  6687 : FF;
  6688 : FF;
  6689 : FF;
  668A : FF;
  668B : FF;
  668C : FF;
  668D : FF;
  668E : FF;
  668F : FF;
  6690 : FF;
  6691 : FF;
  6692 : FF;
  6693 : FF;
  6694 : FF;
  6695 : FF;
  6696 : FF;
  6697 : FF;
  6698 : FF;
  6699 : FF;
  669A : FF;
  669B : FF;
  669C : FF;
  669D : FF;
  669E : FF;
  669F : FF;
  66A0 : FF;
  66A1 : FF;
  66A2 : FF;
  66A3 : FF;
  66A4 : FF;
  66A5 : FF;
  66A6 : FF;
  66A7 : FF;
  66A8 : FF;
  66A9 : FF;
  66AA : FF;
  66AB : FF;
  66AC : FF;
  66AD : FF;
  66AE : FF;
  66AF : FF;
  66B0 : FF;
  66B1 : FF;
  66B2 : FF;
  66B3 : FF;
  66B4 : FF;
  66B5 : FF;
  66B6 : FF;
  66B7 : FF;
  66B8 : FF;
  66B9 : FF;
  66BA : FF;
  66BB : FF;
  66BC : FF;
  66BD : FF;
  66BE : FF;
  66BF : FF;
  66C0 : FF;
  66C1 : FF;
  66C2 : FF;
  66C3 : FF;
  66C4 : FF;
  66C5 : FF;
  66C6 : FF;
  66C7 : FF;
  66C8 : FF;
  66C9 : FF;
  66CA : FF;
  66CB : FF;
  66CC : FF;
  66CD : FF;
  66CE : FF;
  66CF : FF;
  66D0 : FF;
  66D1 : FF;
  66D2 : FF;
  66D3 : FF;
  66D4 : FF;
  66D5 : FF;
  66D6 : FF;
  66D7 : FF;
  66D8 : FF;
  66D9 : FF;
  66DA : FF;
  66DB : FF;
  66DC : FF;
  66DD : FF;
  66DE : FF;
  66DF : FF;
  66E0 : FF;
  66E1 : FF;
  66E2 : FF;
  66E3 : FF;
  66E4 : FF;
  66E5 : FF;
  66E6 : FF;
  66E7 : FF;
  66E8 : FF;
  66E9 : FF;
  66EA : FF;
  66EB : FF;
  66EC : FF;
  66ED : FF;
  66EE : FF;
  66EF : FF;
  66F0 : FF;
  66F1 : FF;
  66F2 : FF;
  66F3 : FF;
  66F4 : FF;
  66F5 : FF;
  66F6 : FF;
  66F7 : FF;
  66F8 : FF;
  66F9 : FF;
  66FA : FF;
  66FB : FF;
  66FC : FF;
  66FD : FF;
  66FE : FF;
  66FF : FF;
  6700 : FF;
  6701 : FF;
  6702 : FF;
  6703 : FF;
  6704 : FF;
  6705 : FF;
  6706 : FF;
  6707 : FF;
  6708 : FF;
  6709 : FF;
  670A : FF;
  670B : FF;
  670C : FF;
  670D : FF;
  670E : FF;
  670F : FF;
  6710 : FF;
  6711 : FF;
  6712 : FF;
  6713 : FF;
  6714 : FF;
  6715 : FF;
  6716 : FF;
  6717 : FF;
  6718 : FF;
  6719 : FF;
  671A : FF;
  671B : FF;
  671C : FF;
  671D : FF;
  671E : FF;
  671F : FF;
  6720 : FF;
  6721 : FF;
  6722 : FF;
  6723 : FF;
  6724 : FF;
  6725 : FF;
  6726 : FF;
  6727 : FF;
  6728 : FF;
  6729 : FF;
  672A : FF;
  672B : FF;
  672C : FF;
  672D : FF;
  672E : FF;
  672F : FF;
  6730 : FF;
  6731 : FF;
  6732 : FF;
  6733 : FF;
  6734 : FF;
  6735 : FF;
  6736 : FF;
  6737 : FF;
  6738 : FF;
  6739 : FF;
  673A : FF;
  673B : FF;
  673C : FF;
  673D : FF;
  673E : FF;
  673F : FF;
  6740 : FF;
  6741 : FF;
  6742 : FF;
  6743 : FF;
  6744 : FF;
  6745 : FF;
  6746 : FF;
  6747 : FF;
  6748 : FF;
  6749 : FF;
  674A : FF;
  674B : FF;
  674C : FF;
  674D : FF;
  674E : FF;
  674F : FF;
  6750 : FF;
  6751 : FF;
  6752 : FF;
  6753 : FF;
  6754 : FF;
  6755 : FF;
  6756 : FF;
  6757 : FF;
  6758 : FF;
  6759 : FF;
  675A : FF;
  675B : FF;
  675C : FF;
  675D : FF;
  675E : FF;
  675F : FF;
  6760 : FF;
  6761 : FF;
  6762 : FF;
  6763 : FF;
  6764 : FF;
  6765 : FF;
  6766 : FF;
  6767 : FF;
  6768 : FF;
  6769 : FF;
  676A : FF;
  676B : FF;
  676C : FF;
  676D : FF;
  676E : FF;
  676F : FF;
  6770 : FF;
  6771 : FF;
  6772 : FF;
  6773 : FF;
  6774 : FF;
  6775 : FF;
  6776 : FF;
  6777 : FF;
  6778 : FF;
  6779 : FF;
  677A : FF;
  677B : FF;
  677C : FF;
  677D : FF;
  677E : FF;
  677F : FF;
  6780 : FF;
  6781 : FF;
  6782 : FF;
  6783 : FF;
  6784 : FF;
  6785 : FF;
  6786 : FF;
  6787 : FF;
  6788 : FF;
  6789 : FF;
  678A : FF;
  678B : FF;
  678C : FF;
  678D : FF;
  678E : FF;
  678F : FF;
  6790 : FF;
  6791 : FF;
  6792 : FF;
  6793 : FF;
  6794 : FF;
  6795 : FF;
  6796 : FF;
  6797 : FF;
  6798 : FF;
  6799 : FF;
  679A : FF;
  679B : FF;
  679C : FF;
  679D : FF;
  679E : FF;
  679F : FF;
  67A0 : FF;
  67A1 : FF;
  67A2 : FF;
  67A3 : FF;
  67A4 : FF;
  67A5 : FF;
  67A6 : FF;
  67A7 : FF;
  67A8 : FF;
  67A9 : FF;
  67AA : FF;
  67AB : FF;
  67AC : FF;
  67AD : FF;
  67AE : FF;
  67AF : FF;
  67B0 : FF;
  67B1 : FF;
  67B2 : FF;
  67B3 : FF;
  67B4 : FF;
  67B5 : FF;
  67B6 : FF;
  67B7 : FF;
  67B8 : FF;
  67B9 : FF;
  67BA : FF;
  67BB : FF;
  67BC : FF;
  67BD : FF;
  67BE : FF;
  67BF : FF;
  67C0 : FF;
  67C1 : FF;
  67C2 : FF;
  67C3 : FF;
  67C4 : FF;
  67C5 : FF;
  67C6 : FF;
  67C7 : FF;
  67C8 : FF;
  67C9 : FF;
  67CA : FF;
  67CB : FF;
  67CC : FF;
  67CD : FF;
  67CE : FF;
  67CF : FF;
  67D0 : FF;
  67D1 : FF;
  67D2 : FF;
  67D3 : FF;
  67D4 : FF;
  67D5 : FF;
  67D6 : FF;
  67D7 : FF;
  67D8 : FF;
  67D9 : FF;
  67DA : FF;
  67DB : FF;
  67DC : FF;
  67DD : FF;
  67DE : FF;
  67DF : FF;
  67E0 : FF;
  67E1 : FF;
  67E2 : FF;
  67E3 : FF;
  67E4 : FF;
  67E5 : FF;
  67E6 : FF;
  67E7 : FF;
  67E8 : FF;
  67E9 : FF;
  67EA : FF;
  67EB : FF;
  67EC : FF;
  67ED : FF;
  67EE : FF;
  67EF : FF;
  67F0 : FF;
  67F1 : FF;
  67F2 : FF;
  67F3 : FF;
  67F4 : FF;
  67F5 : FF;
  67F6 : FF;
  67F7 : FF;
  67F8 : FF;
  67F9 : FF;
  67FA : FF;
  67FB : FF;
  67FC : FF;
  67FD : FF;
  67FE : FF;
  67FF : FF;
  6800 : FF;
  6801 : FF;
  6802 : FF;
  6803 : FF;
  6804 : FF;
  6805 : FF;
  6806 : FF;
  6807 : FF;
  6808 : FF;
  6809 : FF;
  680A : FF;
  680B : FF;
  680C : FF;
  680D : FF;
  680E : FF;
  680F : FF;
  6810 : FF;
  6811 : FF;
  6812 : FF;
  6813 : FF;
  6814 : FF;
  6815 : FF;
  6816 : FF;
  6817 : FF;
  6818 : FF;
  6819 : FF;
  681A : FF;
  681B : FF;
  681C : FF;
  681D : FF;
  681E : FF;
  681F : FF;
  6820 : FF;
  6821 : FF;
  6822 : FF;
  6823 : FF;
  6824 : FF;
  6825 : FF;
  6826 : FF;
  6827 : FF;
  6828 : FF;
  6829 : FF;
  682A : FF;
  682B : FF;
  682C : FF;
  682D : FF;
  682E : FF;
  682F : FF;
  6830 : FF;
  6831 : FF;
  6832 : FF;
  6833 : FF;
  6834 : FF;
  6835 : FF;
  6836 : FF;
  6837 : FF;
  6838 : FF;
  6839 : FF;
  683A : FF;
  683B : FF;
  683C : FF;
  683D : FF;
  683E : FF;
  683F : FF;
  6840 : FF;
  6841 : FF;
  6842 : FF;
  6843 : FF;
  6844 : FF;
  6845 : FF;
  6846 : FF;
  6847 : FF;
  6848 : FF;
  6849 : FF;
  684A : FF;
  684B : FF;
  684C : FF;
  684D : FF;
  684E : FF;
  684F : FF;
  6850 : FF;
  6851 : FF;
  6852 : FF;
  6853 : FF;
  6854 : FF;
  6855 : FF;
  6856 : FF;
  6857 : FF;
  6858 : FF;
  6859 : FF;
  685A : FF;
  685B : FF;
  685C : FF;
  685D : FF;
  685E : FF;
  685F : FF;
  6860 : FF;
  6861 : FF;
  6862 : FF;
  6863 : FF;
  6864 : FF;
  6865 : FF;
  6866 : FF;
  6867 : FF;
  6868 : FF;
  6869 : FF;
  686A : FF;
  686B : FF;
  686C : FF;
  686D : FF;
  686E : FF;
  686F : FF;
  6870 : FF;
  6871 : FF;
  6872 : FF;
  6873 : FF;
  6874 : FF;
  6875 : FF;
  6876 : FF;
  6877 : FF;
  6878 : FF;
  6879 : FF;
  687A : FF;
  687B : FF;
  687C : FF;
  687D : FF;
  687E : FF;
  687F : FF;
  6880 : FF;
  6881 : FF;
  6882 : FF;
  6883 : FF;
  6884 : FF;
  6885 : FF;
  6886 : FF;
  6887 : FF;
  6888 : FF;
  6889 : FF;
  688A : FF;
  688B : FF;
  688C : FF;
  688D : FF;
  688E : FF;
  688F : FF;
  6890 : FF;
  6891 : FF;
  6892 : FF;
  6893 : FF;
  6894 : FF;
  6895 : FF;
  6896 : FF;
  6897 : FF;
  6898 : FF;
  6899 : FF;
  689A : FF;
  689B : FF;
  689C : FF;
  689D : FF;
  689E : FF;
  689F : FF;
  68A0 : FF;
  68A1 : FF;
  68A2 : FF;
  68A3 : FF;
  68A4 : FF;
  68A5 : FF;
  68A6 : FF;
  68A7 : FF;
  68A8 : FF;
  68A9 : FF;
  68AA : FF;
  68AB : FF;
  68AC : FF;
  68AD : FF;
  68AE : FF;
  68AF : FF;
  68B0 : FF;
  68B1 : FF;
  68B2 : FF;
  68B3 : FF;
  68B4 : FF;
  68B5 : FF;
  68B6 : FF;
  68B7 : FF;
  68B8 : FF;
  68B9 : FF;
  68BA : FF;
  68BB : FF;
  68BC : FF;
  68BD : FF;
  68BE : FF;
  68BF : FF;
  68C0 : FF;
  68C1 : FF;
  68C2 : FF;
  68C3 : FF;
  68C4 : FF;
  68C5 : FF;
  68C6 : FF;
  68C7 : FF;
  68C8 : FF;
  68C9 : FF;
  68CA : FF;
  68CB : FF;
  68CC : FF;
  68CD : FF;
  68CE : FF;
  68CF : FF;
  68D0 : FF;
  68D1 : FF;
  68D2 : FF;
  68D3 : FF;
  68D4 : FF;
  68D5 : FF;
  68D6 : FF;
  68D7 : FF;
  68D8 : FF;
  68D9 : FF;
  68DA : FF;
  68DB : FF;
  68DC : FF;
  68DD : FF;
  68DE : FF;
  68DF : FF;
  68E0 : FF;
  68E1 : FF;
  68E2 : FF;
  68E3 : FF;
  68E4 : FF;
  68E5 : FF;
  68E6 : FF;
  68E7 : FF;
  68E8 : FF;
  68E9 : FF;
  68EA : FF;
  68EB : FF;
  68EC : FF;
  68ED : FF;
  68EE : FF;
  68EF : FF;
  68F0 : FF;
  68F1 : FF;
  68F2 : FF;
  68F3 : FF;
  68F4 : FF;
  68F5 : FF;
  68F6 : FF;
  68F7 : FF;
  68F8 : FF;
  68F9 : FF;
  68FA : FF;
  68FB : FF;
  68FC : FF;
  68FD : FF;
  68FE : FF;
  68FF : FF;
  6900 : FF;
  6901 : FF;
  6902 : FF;
  6903 : FF;
  6904 : FF;
  6905 : FF;
  6906 : FF;
  6907 : FF;
  6908 : FF;
  6909 : FF;
  690A : FF;
  690B : FF;
  690C : FF;
  690D : FF;
  690E : FF;
  690F : FF;
  6910 : FF;
  6911 : FF;
  6912 : FF;
  6913 : FF;
  6914 : FF;
  6915 : FF;
  6916 : FF;
  6917 : FF;
  6918 : FF;
  6919 : FF;
  691A : FF;
  691B : FF;
  691C : FF;
  691D : FF;
  691E : FF;
  691F : FF;
  6920 : FF;
  6921 : FF;
  6922 : FF;
  6923 : FF;
  6924 : FF;
  6925 : FF;
  6926 : FF;
  6927 : FF;
  6928 : FF;
  6929 : FF;
  692A : FF;
  692B : FF;
  692C : FF;
  692D : FF;
  692E : FF;
  692F : FF;
  6930 : FF;
  6931 : FF;
  6932 : FF;
  6933 : FF;
  6934 : FF;
  6935 : FF;
  6936 : FF;
  6937 : FF;
  6938 : FF;
  6939 : FF;
  693A : FF;
  693B : FF;
  693C : FF;
  693D : FF;
  693E : FF;
  693F : FF;
  6940 : FF;
  6941 : FF;
  6942 : FF;
  6943 : FF;
  6944 : FF;
  6945 : FF;
  6946 : FF;
  6947 : FF;
  6948 : FF;
  6949 : FF;
  694A : FF;
  694B : FF;
  694C : FF;
  694D : FF;
  694E : FF;
  694F : FF;
  6950 : FF;
  6951 : FF;
  6952 : FF;
  6953 : FF;
  6954 : FF;
  6955 : FF;
  6956 : FF;
  6957 : FF;
  6958 : FF;
  6959 : FF;
  695A : FF;
  695B : FF;
  695C : FF;
  695D : FF;
  695E : FF;
  695F : FF;
  6960 : FF;
  6961 : FF;
  6962 : FF;
  6963 : FF;
  6964 : FF;
  6965 : FF;
  6966 : FF;
  6967 : FF;
  6968 : FF;
  6969 : FF;
  696A : FF;
  696B : FF;
  696C : FF;
  696D : FF;
  696E : FF;
  696F : FF;
  6970 : FF;
  6971 : FF;
  6972 : FF;
  6973 : FF;
  6974 : FF;
  6975 : FF;
  6976 : FF;
  6977 : FF;
  6978 : FF;
  6979 : FF;
  697A : FF;
  697B : FF;
  697C : FF;
  697D : FF;
  697E : FF;
  697F : FF;
  6980 : FF;
  6981 : FF;
  6982 : FF;
  6983 : FF;
  6984 : FF;
  6985 : FF;
  6986 : FF;
  6987 : FF;
  6988 : FF;
  6989 : FF;
  698A : FF;
  698B : FF;
  698C : FF;
  698D : FF;
  698E : FF;
  698F : FF;
  6990 : FF;
  6991 : FF;
  6992 : FF;
  6993 : FF;
  6994 : FF;
  6995 : FF;
  6996 : FF;
  6997 : FF;
  6998 : FF;
  6999 : FF;
  699A : FF;
  699B : FF;
  699C : FF;
  699D : FF;
  699E : FF;
  699F : FF;
  69A0 : FF;
  69A1 : FF;
  69A2 : FF;
  69A3 : FF;
  69A4 : FF;
  69A5 : FF;
  69A6 : FF;
  69A7 : FF;
  69A8 : FF;
  69A9 : FF;
  69AA : FF;
  69AB : FF;
  69AC : FF;
  69AD : FF;
  69AE : FF;
  69AF : FF;
  69B0 : FF;
  69B1 : FF;
  69B2 : FF;
  69B3 : FF;
  69B4 : FF;
  69B5 : FF;
  69B6 : FF;
  69B7 : FF;
  69B8 : FF;
  69B9 : FF;
  69BA : FF;
  69BB : FF;
  69BC : FF;
  69BD : FF;
  69BE : FF;
  69BF : FF;
  69C0 : FF;
  69C1 : FF;
  69C2 : FF;
  69C3 : FF;
  69C4 : FF;
  69C5 : FF;
  69C6 : FF;
  69C7 : FF;
  69C8 : FF;
  69C9 : FF;
  69CA : FF;
  69CB : FF;
  69CC : FF;
  69CD : FF;
  69CE : FF;
  69CF : FF;
  69D0 : FF;
  69D1 : FF;
  69D2 : FF;
  69D3 : FF;
  69D4 : FF;
  69D5 : FF;
  69D6 : FF;
  69D7 : FF;
  69D8 : FF;
  69D9 : FF;
  69DA : FF;
  69DB : FF;
  69DC : FF;
  69DD : FF;
  69DE : FF;
  69DF : FF;
  69E0 : FF;
  69E1 : FF;
  69E2 : FF;
  69E3 : FF;
  69E4 : FF;
  69E5 : FF;
  69E6 : FF;
  69E7 : FF;
  69E8 : FF;
  69E9 : FF;
  69EA : FF;
  69EB : FF;
  69EC : FF;
  69ED : FF;
  69EE : FF;
  69EF : FF;
  69F0 : FF;
  69F1 : FF;
  69F2 : FF;
  69F3 : FF;
  69F4 : FF;
  69F5 : FF;
  69F6 : FF;
  69F7 : FF;
  69F8 : FF;
  69F9 : FF;
  69FA : FF;
  69FB : FF;
  69FC : FF;
  69FD : FF;
  69FE : FF;
  69FF : FF;
  6A00 : FF;
  6A01 : FF;
  6A02 : FF;
  6A03 : FF;
  6A04 : FF;
  6A05 : FF;
  6A06 : FF;
  6A07 : FF;
  6A08 : FF;
  6A09 : FF;
  6A0A : FF;
  6A0B : FF;
  6A0C : FF;
  6A0D : FF;
  6A0E : FF;
  6A0F : FF;
  6A10 : FF;
  6A11 : FF;
  6A12 : FF;
  6A13 : FF;
  6A14 : FF;
  6A15 : FF;
  6A16 : FF;
  6A17 : FF;
  6A18 : FF;
  6A19 : FF;
  6A1A : FF;
  6A1B : FF;
  6A1C : FF;
  6A1D : FF;
  6A1E : FF;
  6A1F : FF;
  6A20 : FF;
  6A21 : FF;
  6A22 : FF;
  6A23 : FF;
  6A24 : FF;
  6A25 : FF;
  6A26 : FF;
  6A27 : FF;
  6A28 : FF;
  6A29 : FF;
  6A2A : FF;
  6A2B : FF;
  6A2C : FF;
  6A2D : FF;
  6A2E : FF;
  6A2F : FF;
  6A30 : FF;
  6A31 : FF;
  6A32 : FF;
  6A33 : FF;
  6A34 : FF;
  6A35 : FF;
  6A36 : FF;
  6A37 : FF;
  6A38 : FF;
  6A39 : FF;
  6A3A : FF;
  6A3B : FF;
  6A3C : FF;
  6A3D : FF;
  6A3E : FF;
  6A3F : FF;
  6A40 : FF;
  6A41 : FF;
  6A42 : FF;
  6A43 : FF;
  6A44 : FF;
  6A45 : FF;
  6A46 : FF;
  6A47 : FF;
  6A48 : FF;
  6A49 : FF;
  6A4A : FF;
  6A4B : FF;
  6A4C : FF;
  6A4D : FF;
  6A4E : FF;
  6A4F : FF;
  6A50 : FF;
  6A51 : FF;
  6A52 : FF;
  6A53 : FF;
  6A54 : FF;
  6A55 : FF;
  6A56 : FF;
  6A57 : FF;
  6A58 : FF;
  6A59 : FF;
  6A5A : FF;
  6A5B : FF;
  6A5C : FF;
  6A5D : FF;
  6A5E : FF;
  6A5F : FF;
  6A60 : FF;
  6A61 : FF;
  6A62 : FF;
  6A63 : FF;
  6A64 : FF;
  6A65 : FF;
  6A66 : FF;
  6A67 : FF;
  6A68 : FF;
  6A69 : FF;
  6A6A : FF;
  6A6B : FF;
  6A6C : FF;
  6A6D : FF;
  6A6E : FF;
  6A6F : FF;
  6A70 : FF;
  6A71 : FF;
  6A72 : FF;
  6A73 : FF;
  6A74 : FF;
  6A75 : FF;
  6A76 : FF;
  6A77 : FF;
  6A78 : FF;
  6A79 : FF;
  6A7A : FF;
  6A7B : FF;
  6A7C : FF;
  6A7D : FF;
  6A7E : FF;
  6A7F : FF;
  6A80 : FF;
  6A81 : FF;
  6A82 : FF;
  6A83 : FF;
  6A84 : FF;
  6A85 : FF;
  6A86 : FF;
  6A87 : FF;
  6A88 : FF;
  6A89 : FF;
  6A8A : FF;
  6A8B : FF;
  6A8C : FF;
  6A8D : FF;
  6A8E : FF;
  6A8F : FF;
  6A90 : FF;
  6A91 : FF;
  6A92 : FF;
  6A93 : FF;
  6A94 : FF;
  6A95 : FF;
  6A96 : FF;
  6A97 : FF;
  6A98 : FF;
  6A99 : FF;
  6A9A : FF;
  6A9B : FF;
  6A9C : FF;
  6A9D : FF;
  6A9E : FF;
  6A9F : FF;
  6AA0 : FF;
  6AA1 : FF;
  6AA2 : FF;
  6AA3 : FF;
  6AA4 : FF;
  6AA5 : FF;
  6AA6 : FF;
  6AA7 : FF;
  6AA8 : FF;
  6AA9 : FF;
  6AAA : FF;
  6AAB : FF;
  6AAC : FF;
  6AAD : FF;
  6AAE : FF;
  6AAF : FF;
  6AB0 : FF;
  6AB1 : FF;
  6AB2 : FF;
  6AB3 : FF;
  6AB4 : FF;
  6AB5 : FF;
  6AB6 : FF;
  6AB7 : FF;
  6AB8 : FF;
  6AB9 : FF;
  6ABA : FF;
  6ABB : FF;
  6ABC : FF;
  6ABD : FF;
  6ABE : FF;
  6ABF : FF;
  6AC0 : FF;
  6AC1 : FF;
  6AC2 : FF;
  6AC3 : FF;
  6AC4 : FF;
  6AC5 : FF;
  6AC6 : FF;
  6AC7 : FF;
  6AC8 : FF;
  6AC9 : FF;
  6ACA : FF;
  6ACB : FF;
  6ACC : FF;
  6ACD : FF;
  6ACE : FF;
  6ACF : FF;
  6AD0 : FF;
  6AD1 : FF;
  6AD2 : FF;
  6AD3 : FF;
  6AD4 : FF;
  6AD5 : FF;
  6AD6 : FF;
  6AD7 : FF;
  6AD8 : FF;
  6AD9 : FF;
  6ADA : FF;
  6ADB : FF;
  6ADC : FF;
  6ADD : FF;
  6ADE : FF;
  6ADF : FF;
  6AE0 : FF;
  6AE1 : FF;
  6AE2 : FF;
  6AE3 : FF;
  6AE4 : FF;
  6AE5 : FF;
  6AE6 : FF;
  6AE7 : FF;
  6AE8 : FF;
  6AE9 : FF;
  6AEA : FF;
  6AEB : FF;
  6AEC : FF;
  6AED : FF;
  6AEE : FF;
  6AEF : FF;
  6AF0 : FF;
  6AF1 : FF;
  6AF2 : FF;
  6AF3 : FF;
  6AF4 : FF;
  6AF5 : FF;
  6AF6 : FF;
  6AF7 : FF;
  6AF8 : FF;
  6AF9 : FF;
  6AFA : FF;
  6AFB : FF;
  6AFC : FF;
  6AFD : FF;
  6AFE : FF;
  6AFF : FF;
  6B00 : FF;
  6B01 : FF;
  6B02 : FF;
  6B03 : FF;
  6B04 : FF;
  6B05 : FF;
  6B06 : FF;
  6B07 : FF;
  6B08 : FF;
  6B09 : FF;
  6B0A : FF;
  6B0B : FF;
  6B0C : FF;
  6B0D : FF;
  6B0E : FF;
  6B0F : FF;
  6B10 : FF;
  6B11 : FF;
  6B12 : FF;
  6B13 : FF;
  6B14 : FF;
  6B15 : FF;
  6B16 : FF;
  6B17 : FF;
  6B18 : FF;
  6B19 : FF;
  6B1A : FF;
  6B1B : FF;
  6B1C : FF;
  6B1D : FF;
  6B1E : FF;
  6B1F : FF;
  6B20 : FF;
  6B21 : FF;
  6B22 : FF;
  6B23 : FF;
  6B24 : FF;
  6B25 : FF;
  6B26 : FF;
  6B27 : FF;
  6B28 : FF;
  6B29 : FF;
  6B2A : FF;
  6B2B : FF;
  6B2C : FF;
  6B2D : FF;
  6B2E : FF;
  6B2F : FF;
  6B30 : FF;
  6B31 : FF;
  6B32 : FF;
  6B33 : FF;
  6B34 : FF;
  6B35 : FF;
  6B36 : FF;
  6B37 : FF;
  6B38 : FF;
  6B39 : FF;
  6B3A : FF;
  6B3B : FF;
  6B3C : FF;
  6B3D : FF;
  6B3E : FF;
  6B3F : FF;
  6B40 : FF;
  6B41 : FF;
  6B42 : FF;
  6B43 : FF;
  6B44 : FF;
  6B45 : FF;
  6B46 : FF;
  6B47 : FF;
  6B48 : FF;
  6B49 : FF;
  6B4A : FF;
  6B4B : FF;
  6B4C : FF;
  6B4D : FF;
  6B4E : FF;
  6B4F : FF;
  6B50 : FF;
  6B51 : FF;
  6B52 : FF;
  6B53 : FF;
  6B54 : FF;
  6B55 : FF;
  6B56 : FF;
  6B57 : FF;
  6B58 : FF;
  6B59 : FF;
  6B5A : FF;
  6B5B : FF;
  6B5C : FF;
  6B5D : FF;
  6B5E : FF;
  6B5F : FF;
  6B60 : FF;
  6B61 : FF;
  6B62 : FF;
  6B63 : FF;
  6B64 : FF;
  6B65 : FF;
  6B66 : FF;
  6B67 : FF;
  6B68 : FF;
  6B69 : FF;
  6B6A : FF;
  6B6B : FF;
  6B6C : FF;
  6B6D : FF;
  6B6E : FF;
  6B6F : FF;
  6B70 : FF;
  6B71 : FF;
  6B72 : FF;
  6B73 : FF;
  6B74 : FF;
  6B75 : FF;
  6B76 : FF;
  6B77 : FF;
  6B78 : FF;
  6B79 : FF;
  6B7A : FF;
  6B7B : FF;
  6B7C : FF;
  6B7D : FF;
  6B7E : FF;
  6B7F : FF;
  6B80 : FF;
  6B81 : FF;
  6B82 : FF;
  6B83 : FF;
  6B84 : FF;
  6B85 : FF;
  6B86 : FF;
  6B87 : FF;
  6B88 : FF;
  6B89 : FF;
  6B8A : FF;
  6B8B : FF;
  6B8C : FF;
  6B8D : FF;
  6B8E : FF;
  6B8F : FF;
  6B90 : FF;
  6B91 : FF;
  6B92 : FF;
  6B93 : FF;
  6B94 : FF;
  6B95 : FF;
  6B96 : FF;
  6B97 : FF;
  6B98 : FF;
  6B99 : FF;
  6B9A : FF;
  6B9B : FF;
  6B9C : FF;
  6B9D : FF;
  6B9E : FF;
  6B9F : FF;
  6BA0 : FF;
  6BA1 : FF;
  6BA2 : FF;
  6BA3 : FF;
  6BA4 : FF;
  6BA5 : FF;
  6BA6 : FF;
  6BA7 : FF;
  6BA8 : FF;
  6BA9 : FF;
  6BAA : FF;
  6BAB : FF;
  6BAC : FF;
  6BAD : FF;
  6BAE : FF;
  6BAF : FF;
  6BB0 : FF;
  6BB1 : FF;
  6BB2 : FF;
  6BB3 : FF;
  6BB4 : FF;
  6BB5 : FF;
  6BB6 : FF;
  6BB7 : FF;
  6BB8 : FF;
  6BB9 : FF;
  6BBA : FF;
  6BBB : FF;
  6BBC : FF;
  6BBD : FF;
  6BBE : FF;
  6BBF : FF;
  6BC0 : FF;
  6BC1 : FF;
  6BC2 : FF;
  6BC3 : FF;
  6BC4 : FF;
  6BC5 : FF;
  6BC6 : FF;
  6BC7 : FF;
  6BC8 : FF;
  6BC9 : FF;
  6BCA : FF;
  6BCB : FF;
  6BCC : FF;
  6BCD : FF;
  6BCE : FF;
  6BCF : FF;
  6BD0 : FF;
  6BD1 : FF;
  6BD2 : FF;
  6BD3 : FF;
  6BD4 : FF;
  6BD5 : FF;
  6BD6 : FF;
  6BD7 : FF;
  6BD8 : FF;
  6BD9 : FF;
  6BDA : FF;
  6BDB : FF;
  6BDC : FF;
  6BDD : FF;
  6BDE : FF;
  6BDF : FF;
  6BE0 : FF;
  6BE1 : FF;
  6BE2 : FF;
  6BE3 : FF;
  6BE4 : FF;
  6BE5 : FF;
  6BE6 : FF;
  6BE7 : FF;
  6BE8 : FF;
  6BE9 : FF;
  6BEA : FF;
  6BEB : FF;
  6BEC : FF;
  6BED : FF;
  6BEE : FF;
  6BEF : FF;
  6BF0 : FF;
  6BF1 : FF;
  6BF2 : FF;
  6BF3 : FF;
  6BF4 : FF;
  6BF5 : FF;
  6BF6 : FF;
  6BF7 : FF;
  6BF8 : FF;
  6BF9 : FF;
  6BFA : FF;
  6BFB : FF;
  6BFC : FF;
  6BFD : FF;
  6BFE : FF;
  6BFF : FF;
  6C00 : FF;
  6C01 : FF;
  6C02 : FF;
  6C03 : FF;
  6C04 : FF;
  6C05 : FF;
  6C06 : FF;
  6C07 : FF;
  6C08 : FF;
  6C09 : FF;
  6C0A : FF;
  6C0B : FF;
  6C0C : FF;
  6C0D : FF;
  6C0E : FF;
  6C0F : FF;
  6C10 : FF;
  6C11 : FF;
  6C12 : FF;
  6C13 : FF;
  6C14 : FF;
  6C15 : FF;
  6C16 : FF;
  6C17 : FF;
  6C18 : FF;
  6C19 : FF;
  6C1A : FF;
  6C1B : FF;
  6C1C : FF;
  6C1D : FF;
  6C1E : FF;
  6C1F : FF;
  6C20 : FF;
  6C21 : FF;
  6C22 : FF;
  6C23 : FF;
  6C24 : FF;
  6C25 : FF;
  6C26 : FF;
  6C27 : FF;
  6C28 : FF;
  6C29 : FF;
  6C2A : FF;
  6C2B : FF;
  6C2C : FF;
  6C2D : FF;
  6C2E : FF;
  6C2F : FF;
  6C30 : FF;
  6C31 : FF;
  6C32 : FF;
  6C33 : FF;
  6C34 : FF;
  6C35 : FF;
  6C36 : FF;
  6C37 : FF;
  6C38 : FF;
  6C39 : FF;
  6C3A : FF;
  6C3B : FF;
  6C3C : FF;
  6C3D : FF;
  6C3E : FF;
  6C3F : FF;
  6C40 : FF;
  6C41 : FF;
  6C42 : FF;
  6C43 : FF;
  6C44 : FF;
  6C45 : FF;
  6C46 : FF;
  6C47 : FF;
  6C48 : FF;
  6C49 : FF;
  6C4A : FF;
  6C4B : FF;
  6C4C : FF;
  6C4D : FF;
  6C4E : FF;
  6C4F : FF;
  6C50 : FF;
  6C51 : FF;
  6C52 : FF;
  6C53 : FF;
  6C54 : FF;
  6C55 : FF;
  6C56 : FF;
  6C57 : FF;
  6C58 : FF;
  6C59 : FF;
  6C5A : FF;
  6C5B : FF;
  6C5C : FF;
  6C5D : FF;
  6C5E : FF;
  6C5F : FF;
  6C60 : FF;
  6C61 : FF;
  6C62 : FF;
  6C63 : FF;
  6C64 : FF;
  6C65 : FF;
  6C66 : FF;
  6C67 : FF;
  6C68 : FF;
  6C69 : FF;
  6C6A : FF;
  6C6B : FF;
  6C6C : FF;
  6C6D : FF;
  6C6E : FF;
  6C6F : FF;
  6C70 : FF;
  6C71 : FF;
  6C72 : FF;
  6C73 : FF;
  6C74 : FF;
  6C75 : FF;
  6C76 : FF;
  6C77 : FF;
  6C78 : FF;
  6C79 : FF;
  6C7A : FF;
  6C7B : FF;
  6C7C : FF;
  6C7D : FF;
  6C7E : FF;
  6C7F : FF;
  6C80 : FF;
  6C81 : FF;
  6C82 : FF;
  6C83 : FF;
  6C84 : FF;
  6C85 : FF;
  6C86 : FF;
  6C87 : FF;
  6C88 : FF;
  6C89 : FF;
  6C8A : FF;
  6C8B : FF;
  6C8C : FF;
  6C8D : FF;
  6C8E : FF;
  6C8F : FF;
  6C90 : FF;
  6C91 : FF;
  6C92 : FF;
  6C93 : FF;
  6C94 : FF;
  6C95 : FF;
  6C96 : FF;
  6C97 : FF;
  6C98 : FF;
  6C99 : FF;
  6C9A : FF;
  6C9B : FF;
  6C9C : FF;
  6C9D : FF;
  6C9E : FF;
  6C9F : FF;
  6CA0 : FF;
  6CA1 : FF;
  6CA2 : FF;
  6CA3 : FF;
  6CA4 : FF;
  6CA5 : FF;
  6CA6 : FF;
  6CA7 : FF;
  6CA8 : FF;
  6CA9 : FF;
  6CAA : FF;
  6CAB : FF;
  6CAC : FF;
  6CAD : FF;
  6CAE : FF;
  6CAF : FF;
  6CB0 : FF;
  6CB1 : FF;
  6CB2 : FF;
  6CB3 : FF;
  6CB4 : FF;
  6CB5 : FF;
  6CB6 : FF;
  6CB7 : FF;
  6CB8 : FF;
  6CB9 : FF;
  6CBA : FF;
  6CBB : FF;
  6CBC : FF;
  6CBD : FF;
  6CBE : FF;
  6CBF : FF;
  6CC0 : FF;
  6CC1 : FF;
  6CC2 : FF;
  6CC3 : FF;
  6CC4 : FF;
  6CC5 : FF;
  6CC6 : FF;
  6CC7 : FF;
  6CC8 : FF;
  6CC9 : FF;
  6CCA : FF;
  6CCB : FF;
  6CCC : FF;
  6CCD : FF;
  6CCE : FF;
  6CCF : FF;
  6CD0 : FF;
  6CD1 : FF;
  6CD2 : FF;
  6CD3 : FF;
  6CD4 : FF;
  6CD5 : FF;
  6CD6 : FF;
  6CD7 : FF;
  6CD8 : FF;
  6CD9 : FF;
  6CDA : FF;
  6CDB : FF;
  6CDC : FF;
  6CDD : FF;
  6CDE : FF;
  6CDF : FF;
  6CE0 : FF;
  6CE1 : FF;
  6CE2 : FF;
  6CE3 : FF;
  6CE4 : FF;
  6CE5 : FF;
  6CE6 : FF;
  6CE7 : FF;
  6CE8 : FF;
  6CE9 : FF;
  6CEA : FF;
  6CEB : FF;
  6CEC : FF;
  6CED : FF;
  6CEE : FF;
  6CEF : FF;
  6CF0 : FF;
  6CF1 : FF;
  6CF2 : FF;
  6CF3 : FF;
  6CF4 : FF;
  6CF5 : FF;
  6CF6 : FF;
  6CF7 : FF;
  6CF8 : FF;
  6CF9 : FF;
  6CFA : FF;
  6CFB : FF;
  6CFC : FF;
  6CFD : FF;
  6CFE : FF;
  6CFF : FF;
  6D00 : FF;
  6D01 : FF;
  6D02 : FF;
  6D03 : FF;
  6D04 : FF;
  6D05 : FF;
  6D06 : FF;
  6D07 : FF;
  6D08 : FF;
  6D09 : FF;
  6D0A : FF;
  6D0B : FF;
  6D0C : FF;
  6D0D : FF;
  6D0E : FF;
  6D0F : FF;
  6D10 : FF;
  6D11 : FF;
  6D12 : FF;
  6D13 : FF;
  6D14 : FF;
  6D15 : FF;
  6D16 : FF;
  6D17 : FF;
  6D18 : FF;
  6D19 : FF;
  6D1A : FF;
  6D1B : FF;
  6D1C : FF;
  6D1D : FF;
  6D1E : FF;
  6D1F : FF;
  6D20 : FF;
  6D21 : FF;
  6D22 : FF;
  6D23 : FF;
  6D24 : FF;
  6D25 : FF;
  6D26 : FF;
  6D27 : FF;
  6D28 : FF;
  6D29 : FF;
  6D2A : FF;
  6D2B : FF;
  6D2C : FF;
  6D2D : FF;
  6D2E : FF;
  6D2F : FF;
  6D30 : FF;
  6D31 : FF;
  6D32 : FF;
  6D33 : FF;
  6D34 : FF;
  6D35 : FF;
  6D36 : FF;
  6D37 : FF;
  6D38 : FF;
  6D39 : FF;
  6D3A : FF;
  6D3B : FF;
  6D3C : FF;
  6D3D : FF;
  6D3E : FF;
  6D3F : FF;
  6D40 : FF;
  6D41 : FF;
  6D42 : FF;
  6D43 : FF;
  6D44 : FF;
  6D45 : FF;
  6D46 : FF;
  6D47 : FF;
  6D48 : FF;
  6D49 : FF;
  6D4A : FF;
  6D4B : FF;
  6D4C : FF;
  6D4D : FF;
  6D4E : FF;
  6D4F : FF;
  6D50 : FF;
  6D51 : FF;
  6D52 : FF;
  6D53 : FF;
  6D54 : FF;
  6D55 : FF;
  6D56 : FF;
  6D57 : FF;
  6D58 : FF;
  6D59 : FF;
  6D5A : FF;
  6D5B : FF;
  6D5C : FF;
  6D5D : FF;
  6D5E : FF;
  6D5F : FF;
  6D60 : FF;
  6D61 : FF;
  6D62 : FF;
  6D63 : FF;
  6D64 : FF;
  6D65 : FF;
  6D66 : FF;
  6D67 : FF;
  6D68 : FF;
  6D69 : FF;
  6D6A : FF;
  6D6B : FF;
  6D6C : FF;
  6D6D : FF;
  6D6E : FF;
  6D6F : FF;
  6D70 : FF;
  6D71 : FF;
  6D72 : FF;
  6D73 : FF;
  6D74 : FF;
  6D75 : FF;
  6D76 : FF;
  6D77 : FF;
  6D78 : FF;
  6D79 : FF;
  6D7A : FF;
  6D7B : FF;
  6D7C : FF;
  6D7D : FF;
  6D7E : FF;
  6D7F : FF;
  6D80 : FF;
  6D81 : FF;
  6D82 : FF;
  6D83 : FF;
  6D84 : FF;
  6D85 : FF;
  6D86 : FF;
  6D87 : FF;
  6D88 : FF;
  6D89 : FF;
  6D8A : FF;
  6D8B : FF;
  6D8C : FF;
  6D8D : FF;
  6D8E : FF;
  6D8F : FF;
  6D90 : FF;
  6D91 : FF;
  6D92 : FF;
  6D93 : FF;
  6D94 : FF;
  6D95 : FF;
  6D96 : FF;
  6D97 : FF;
  6D98 : FF;
  6D99 : FF;
  6D9A : FF;
  6D9B : FF;
  6D9C : FF;
  6D9D : FF;
  6D9E : FF;
  6D9F : FF;
  6DA0 : FF;
  6DA1 : FF;
  6DA2 : FF;
  6DA3 : FF;
  6DA4 : FF;
  6DA5 : FF;
  6DA6 : FF;
  6DA7 : FF;
  6DA8 : FF;
  6DA9 : FF;
  6DAA : FF;
  6DAB : FF;
  6DAC : FF;
  6DAD : FF;
  6DAE : FF;
  6DAF : FF;
  6DB0 : FF;
  6DB1 : FF;
  6DB2 : FF;
  6DB3 : FF;
  6DB4 : FF;
  6DB5 : FF;
  6DB6 : FF;
  6DB7 : FF;
  6DB8 : FF;
  6DB9 : FF;
  6DBA : FF;
  6DBB : FF;
  6DBC : FF;
  6DBD : FF;
  6DBE : FF;
  6DBF : FF;
  6DC0 : FF;
  6DC1 : FF;
  6DC2 : FF;
  6DC3 : FF;
  6DC4 : FF;
  6DC5 : FF;
  6DC6 : FF;
  6DC7 : FF;
  6DC8 : FF;
  6DC9 : FF;
  6DCA : FF;
  6DCB : FF;
  6DCC : FF;
  6DCD : FF;
  6DCE : FF;
  6DCF : FF;
  6DD0 : FF;
  6DD1 : FF;
  6DD2 : FF;
  6DD3 : FF;
  6DD4 : FF;
  6DD5 : FF;
  6DD6 : FF;
  6DD7 : FF;
  6DD8 : FF;
  6DD9 : FF;
  6DDA : FF;
  6DDB : FF;
  6DDC : FF;
  6DDD : FF;
  6DDE : FF;
  6DDF : FF;
  6DE0 : FF;
  6DE1 : FF;
  6DE2 : FF;
  6DE3 : FF;
  6DE4 : FF;
  6DE5 : FF;
  6DE6 : FF;
  6DE7 : FF;
  6DE8 : FF;
  6DE9 : FF;
  6DEA : FF;
  6DEB : FF;
  6DEC : FF;
  6DED : FF;
  6DEE : FF;
  6DEF : FF;
  6DF0 : FF;
  6DF1 : FF;
  6DF2 : FF;
  6DF3 : FF;
  6DF4 : FF;
  6DF5 : FF;
  6DF6 : FF;
  6DF7 : FF;
  6DF8 : FF;
  6DF9 : FF;
  6DFA : FF;
  6DFB : FF;
  6DFC : FF;
  6DFD : FF;
  6DFE : FF;
  6DFF : FF;
  6E00 : FF;
  6E01 : FF;
  6E02 : FF;
  6E03 : FF;
  6E04 : FF;
  6E05 : FF;
  6E06 : FF;
  6E07 : FF;
  6E08 : FF;
  6E09 : FF;
  6E0A : FF;
  6E0B : FF;
  6E0C : FF;
  6E0D : FF;
  6E0E : FF;
  6E0F : FF;
  6E10 : FF;
  6E11 : FF;
  6E12 : FF;
  6E13 : FF;
  6E14 : FF;
  6E15 : FF;
  6E16 : FF;
  6E17 : FF;
  6E18 : FF;
  6E19 : FF;
  6E1A : FF;
  6E1B : FF;
  6E1C : FF;
  6E1D : FF;
  6E1E : FF;
  6E1F : FF;
  6E20 : FF;
  6E21 : FF;
  6E22 : FF;
  6E23 : FF;
  6E24 : FF;
  6E25 : FF;
  6E26 : FF;
  6E27 : FF;
  6E28 : FF;
  6E29 : FF;
  6E2A : FF;
  6E2B : FF;
  6E2C : FF;
  6E2D : FF;
  6E2E : FF;
  6E2F : FF;
  6E30 : FF;
  6E31 : FF;
  6E32 : FF;
  6E33 : FF;
  6E34 : FF;
  6E35 : FF;
  6E36 : FF;
  6E37 : FF;
  6E38 : FF;
  6E39 : FF;
  6E3A : FF;
  6E3B : FF;
  6E3C : FF;
  6E3D : FF;
  6E3E : FF;
  6E3F : FF;
  6E40 : FF;
  6E41 : FF;
  6E42 : FF;
  6E43 : FF;
  6E44 : FF;
  6E45 : FF;
  6E46 : FF;
  6E47 : FF;
  6E48 : FF;
  6E49 : FF;
  6E4A : FF;
  6E4B : FF;
  6E4C : FF;
  6E4D : FF;
  6E4E : FF;
  6E4F : FF;
  6E50 : FF;
  6E51 : FF;
  6E52 : FF;
  6E53 : FF;
  6E54 : FF;
  6E55 : FF;
  6E56 : FF;
  6E57 : FF;
  6E58 : FF;
  6E59 : FF;
  6E5A : FF;
  6E5B : FF;
  6E5C : FF;
  6E5D : FF;
  6E5E : FF;
  6E5F : FF;
  6E60 : FF;
  6E61 : FF;
  6E62 : FF;
  6E63 : FF;
  6E64 : FF;
  6E65 : FF;
  6E66 : FF;
  6E67 : FF;
  6E68 : FF;
  6E69 : FF;
  6E6A : FF;
  6E6B : FF;
  6E6C : FF;
  6E6D : FF;
  6E6E : FF;
  6E6F : FF;
  6E70 : FF;
  6E71 : FF;
  6E72 : FF;
  6E73 : FF;
  6E74 : FF;
  6E75 : FF;
  6E76 : FF;
  6E77 : FF;
  6E78 : FF;
  6E79 : FF;
  6E7A : FF;
  6E7B : FF;
  6E7C : FF;
  6E7D : FF;
  6E7E : FF;
  6E7F : FF;
  6E80 : FF;
  6E81 : FF;
  6E82 : FF;
  6E83 : FF;
  6E84 : FF;
  6E85 : FF;
  6E86 : FF;
  6E87 : FF;
  6E88 : FF;
  6E89 : FF;
  6E8A : FF;
  6E8B : FF;
  6E8C : FF;
  6E8D : FF;
  6E8E : FF;
  6E8F : FF;
  6E90 : FF;
  6E91 : FF;
  6E92 : FF;
  6E93 : FF;
  6E94 : FF;
  6E95 : FF;
  6E96 : FF;
  6E97 : FF;
  6E98 : FF;
  6E99 : FF;
  6E9A : FF;
  6E9B : FF;
  6E9C : FF;
  6E9D : FF;
  6E9E : FF;
  6E9F : FF;
  6EA0 : FF;
  6EA1 : FF;
  6EA2 : FF;
  6EA3 : FF;
  6EA4 : FF;
  6EA5 : FF;
  6EA6 : FF;
  6EA7 : FF;
  6EA8 : FF;
  6EA9 : FF;
  6EAA : FF;
  6EAB : FF;
  6EAC : FF;
  6EAD : FF;
  6EAE : FF;
  6EAF : FF;
  6EB0 : FF;
  6EB1 : FF;
  6EB2 : FF;
  6EB3 : FF;
  6EB4 : FF;
  6EB5 : FF;
  6EB6 : FF;
  6EB7 : FF;
  6EB8 : FF;
  6EB9 : FF;
  6EBA : FF;
  6EBB : FF;
  6EBC : FF;
  6EBD : FF;
  6EBE : FF;
  6EBF : FF;
  6EC0 : FF;
  6EC1 : FF;
  6EC2 : FF;
  6EC3 : FF;
  6EC4 : FF;
  6EC5 : FF;
  6EC6 : FF;
  6EC7 : FF;
  6EC8 : FF;
  6EC9 : FF;
  6ECA : FF;
  6ECB : FF;
  6ECC : FF;
  6ECD : FF;
  6ECE : FF;
  6ECF : FF;
  6ED0 : FF;
  6ED1 : FF;
  6ED2 : FF;
  6ED3 : FF;
  6ED4 : FF;
  6ED5 : FF;
  6ED6 : FF;
  6ED7 : FF;
  6ED8 : FF;
  6ED9 : FF;
  6EDA : FF;
  6EDB : FF;
  6EDC : FF;
  6EDD : FF;
  6EDE : FF;
  6EDF : FF;
  6EE0 : FF;
  6EE1 : FF;
  6EE2 : FF;
  6EE3 : FF;
  6EE4 : FF;
  6EE5 : FF;
  6EE6 : FF;
  6EE7 : FF;
  6EE8 : FF;
  6EE9 : FF;
  6EEA : FF;
  6EEB : FF;
  6EEC : FF;
  6EED : FF;
  6EEE : FF;
  6EEF : FF;
  6EF0 : FF;
  6EF1 : FF;
  6EF2 : FF;
  6EF3 : FF;
  6EF4 : FF;
  6EF5 : FF;
  6EF6 : FF;
  6EF7 : FF;
  6EF8 : FF;
  6EF9 : FF;
  6EFA : FF;
  6EFB : FF;
  6EFC : FF;
  6EFD : FF;
  6EFE : FF;
  6EFF : FF;
  6F00 : FF;
  6F01 : FF;
  6F02 : FF;
  6F03 : FF;
  6F04 : FF;
  6F05 : FF;
  6F06 : FF;
  6F07 : FF;
  6F08 : FF;
  6F09 : FF;
  6F0A : FF;
  6F0B : FF;
  6F0C : FF;
  6F0D : FF;
  6F0E : FF;
  6F0F : FF;
  6F10 : FF;
  6F11 : FF;
  6F12 : FF;
  6F13 : FF;
  6F14 : FF;
  6F15 : FF;
  6F16 : FF;
  6F17 : FF;
  6F18 : FF;
  6F19 : FF;
  6F1A : FF;
  6F1B : FF;
  6F1C : FF;
  6F1D : FF;
  6F1E : FF;
  6F1F : FF;
  6F20 : FF;
  6F21 : FF;
  6F22 : FF;
  6F23 : FF;
  6F24 : FF;
  6F25 : FF;
  6F26 : FF;
  6F27 : FF;
  6F28 : FF;
  6F29 : FF;
  6F2A : FF;
  6F2B : FF;
  6F2C : FF;
  6F2D : FF;
  6F2E : FF;
  6F2F : FF;
  6F30 : FF;
  6F31 : FF;
  6F32 : FF;
  6F33 : FF;
  6F34 : FF;
  6F35 : FF;
  6F36 : FF;
  6F37 : FF;
  6F38 : FF;
  6F39 : FF;
  6F3A : FF;
  6F3B : FF;
  6F3C : FF;
  6F3D : FF;
  6F3E : FF;
  6F3F : FF;
  6F40 : FF;
  6F41 : FF;
  6F42 : FF;
  6F43 : FF;
  6F44 : FF;
  6F45 : FF;
  6F46 : FF;
  6F47 : FF;
  6F48 : FF;
  6F49 : FF;
  6F4A : FF;
  6F4B : FF;
  6F4C : FF;
  6F4D : FF;
  6F4E : FF;
  6F4F : FF;
  6F50 : FF;
  6F51 : FF;
  6F52 : FF;
  6F53 : FF;
  6F54 : FF;
  6F55 : FF;
  6F56 : FF;
  6F57 : FF;
  6F58 : FF;
  6F59 : FF;
  6F5A : FF;
  6F5B : FF;
  6F5C : FF;
  6F5D : FF;
  6F5E : FF;
  6F5F : FF;
  6F60 : FF;
  6F61 : FF;
  6F62 : FF;
  6F63 : FF;
  6F64 : FF;
  6F65 : FF;
  6F66 : FF;
  6F67 : FF;
  6F68 : FF;
  6F69 : FF;
  6F6A : FF;
  6F6B : FF;
  6F6C : FF;
  6F6D : FF;
  6F6E : FF;
  6F6F : FF;
  6F70 : FF;
  6F71 : FF;
  6F72 : FF;
  6F73 : FF;
  6F74 : FF;
  6F75 : FF;
  6F76 : FF;
  6F77 : FF;
  6F78 : FF;
  6F79 : FF;
  6F7A : FF;
  6F7B : FF;
  6F7C : FF;
  6F7D : FF;
  6F7E : FF;
  6F7F : FF;
  6F80 : FF;
  6F81 : FF;
  6F82 : FF;
  6F83 : FF;
  6F84 : FF;
  6F85 : FF;
  6F86 : FF;
  6F87 : FF;
  6F88 : FF;
  6F89 : FF;
  6F8A : FF;
  6F8B : FF;
  6F8C : FF;
  6F8D : FF;
  6F8E : FF;
  6F8F : FF;
  6F90 : FF;
  6F91 : FF;
  6F92 : FF;
  6F93 : FF;
  6F94 : FF;
  6F95 : FF;
  6F96 : FF;
  6F97 : FF;
  6F98 : FF;
  6F99 : FF;
  6F9A : FF;
  6F9B : FF;
  6F9C : FF;
  6F9D : FF;
  6F9E : FF;
  6F9F : FF;
  6FA0 : FF;
  6FA1 : FF;
  6FA2 : FF;
  6FA3 : FF;
  6FA4 : FF;
  6FA5 : FF;
  6FA6 : FF;
  6FA7 : FF;
  6FA8 : FF;
  6FA9 : FF;
  6FAA : FF;
  6FAB : FF;
  6FAC : FF;
  6FAD : FF;
  6FAE : FF;
  6FAF : FF;
  6FB0 : FF;
  6FB1 : FF;
  6FB2 : FF;
  6FB3 : FF;
  6FB4 : FF;
  6FB5 : FF;
  6FB6 : FF;
  6FB7 : FF;
  6FB8 : FF;
  6FB9 : FF;
  6FBA : FF;
  6FBB : FF;
  6FBC : FF;
  6FBD : FF;
  6FBE : FF;
  6FBF : FF;
  6FC0 : FF;
  6FC1 : FF;
  6FC2 : FF;
  6FC3 : FF;
  6FC4 : FF;
  6FC5 : FF;
  6FC6 : FF;
  6FC7 : FF;
  6FC8 : FF;
  6FC9 : FF;
  6FCA : FF;
  6FCB : FF;
  6FCC : FF;
  6FCD : FF;
  6FCE : FF;
  6FCF : FF;
  6FD0 : FF;
  6FD1 : FF;
  6FD2 : FF;
  6FD3 : FF;
  6FD4 : FF;
  6FD5 : FF;
  6FD6 : FF;
  6FD7 : FF;
  6FD8 : FF;
  6FD9 : FF;
  6FDA : FF;
  6FDB : FF;
  6FDC : FF;
  6FDD : FF;
  6FDE : FF;
  6FDF : FF;
  6FE0 : FF;
  6FE1 : FF;
  6FE2 : FF;
  6FE3 : FF;
  6FE4 : FF;
  6FE5 : FF;
  6FE6 : FF;
  6FE7 : FF;
  6FE8 : FF;
  6FE9 : FF;
  6FEA : FF;
  6FEB : FF;
  6FEC : FF;
  6FED : FF;
  6FEE : FF;
  6FEF : FF;
  6FF0 : FF;
  6FF1 : FF;
  6FF2 : FF;
  6FF3 : FF;
  6FF4 : FF;
  6FF5 : FF;
  6FF6 : FF;
  6FF7 : FF;
  6FF8 : FF;
  6FF9 : FF;
  6FFA : FF;
  6FFB : FF;
  6FFC : FF;
  6FFD : FF;
  6FFE : FF;
  6FFF : FF;
  7000 : FF;
  7001 : FF;
  7002 : FF;
  7003 : FF;
  7004 : FF;
  7005 : FF;
  7006 : FF;
  7007 : FF;
  7008 : FF;
  7009 : FF;
  700A : FF;
  700B : FF;
  700C : FF;
  700D : FF;
  700E : FF;
  700F : FF;
  7010 : FF;
  7011 : FF;
  7012 : FF;
  7013 : FF;
  7014 : FF;
  7015 : FF;
  7016 : FF;
  7017 : FF;
  7018 : FF;
  7019 : FF;
  701A : FF;
  701B : FF;
  701C : FF;
  701D : FF;
  701E : FF;
  701F : FF;
  7020 : FF;
  7021 : FF;
  7022 : FF;
  7023 : FF;
  7024 : FF;
  7025 : FF;
  7026 : FF;
  7027 : FF;
  7028 : FF;
  7029 : FF;
  702A : FF;
  702B : FF;
  702C : FF;
  702D : FF;
  702E : FF;
  702F : FF;
  7030 : FF;
  7031 : FF;
  7032 : FF;
  7033 : FF;
  7034 : FF;
  7035 : FF;
  7036 : FF;
  7037 : FF;
  7038 : FF;
  7039 : FF;
  703A : FF;
  703B : FF;
  703C : FF;
  703D : FF;
  703E : FF;
  703F : FF;
  7040 : FF;
  7041 : FF;
  7042 : FF;
  7043 : FF;
  7044 : FF;
  7045 : FF;
  7046 : FF;
  7047 : FF;
  7048 : FF;
  7049 : FF;
  704A : FF;
  704B : FF;
  704C : FF;
  704D : FF;
  704E : FF;
  704F : FF;
  7050 : FF;
  7051 : FF;
  7052 : FF;
  7053 : FF;
  7054 : FF;
  7055 : FF;
  7056 : FF;
  7057 : FF;
  7058 : FF;
  7059 : FF;
  705A : FF;
  705B : FF;
  705C : FF;
  705D : FF;
  705E : FF;
  705F : FF;
  7060 : FF;
  7061 : FF;
  7062 : FF;
  7063 : FF;
  7064 : FF;
  7065 : FF;
  7066 : FF;
  7067 : FF;
  7068 : FF;
  7069 : FF;
  706A : FF;
  706B : FF;
  706C : FF;
  706D : FF;
  706E : FF;
  706F : FF;
  7070 : FF;
  7071 : FF;
  7072 : FF;
  7073 : FF;
  7074 : FF;
  7075 : FF;
  7076 : FF;
  7077 : FF;
  7078 : FF;
  7079 : FF;
  707A : FF;
  707B : FF;
  707C : FF;
  707D : FF;
  707E : FF;
  707F : FF;
  7080 : FF;
  7081 : FF;
  7082 : FF;
  7083 : FF;
  7084 : FF;
  7085 : FF;
  7086 : FF;
  7087 : FF;
  7088 : FF;
  7089 : FF;
  708A : FF;
  708B : FF;
  708C : FF;
  708D : FF;
  708E : FF;
  708F : FF;
  7090 : FF;
  7091 : FF;
  7092 : FF;
  7093 : FF;
  7094 : FF;
  7095 : FF;
  7096 : FF;
  7097 : FF;
  7098 : FF;
  7099 : FF;
  709A : FF;
  709B : FF;
  709C : FF;
  709D : FF;
  709E : FF;
  709F : FF;
  70A0 : FF;
  70A1 : FF;
  70A2 : FF;
  70A3 : FF;
  70A4 : FF;
  70A5 : FF;
  70A6 : FF;
  70A7 : FF;
  70A8 : FF;
  70A9 : FF;
  70AA : FF;
  70AB : FF;
  70AC : FF;
  70AD : FF;
  70AE : FF;
  70AF : FF;
  70B0 : FF;
  70B1 : FF;
  70B2 : FF;
  70B3 : FF;
  70B4 : FF;
  70B5 : FF;
  70B6 : FF;
  70B7 : FF;
  70B8 : FF;
  70B9 : FF;
  70BA : FF;
  70BB : FF;
  70BC : FF;
  70BD : FF;
  70BE : FF;
  70BF : FF;
  70C0 : FF;
  70C1 : FF;
  70C2 : FF;
  70C3 : FF;
  70C4 : FF;
  70C5 : FF;
  70C6 : FF;
  70C7 : FF;
  70C8 : FF;
  70C9 : FF;
  70CA : FF;
  70CB : FF;
  70CC : FF;
  70CD : FF;
  70CE : FF;
  70CF : FF;
  70D0 : FF;
  70D1 : FF;
  70D2 : FF;
  70D3 : FF;
  70D4 : FF;
  70D5 : FF;
  70D6 : FF;
  70D7 : FF;
  70D8 : FF;
  70D9 : FF;
  70DA : FF;
  70DB : FF;
  70DC : FF;
  70DD : FF;
  70DE : FF;
  70DF : FF;
  70E0 : FF;
  70E1 : FF;
  70E2 : FF;
  70E3 : FF;
  70E4 : FF;
  70E5 : FF;
  70E6 : FF;
  70E7 : FF;
  70E8 : FF;
  70E9 : FF;
  70EA : FF;
  70EB : FF;
  70EC : FF;
  70ED : FF;
  70EE : FF;
  70EF : FF;
  70F0 : FF;
  70F1 : FF;
  70F2 : FF;
  70F3 : FF;
  70F4 : FF;
  70F5 : FF;
  70F6 : FF;
  70F7 : FF;
  70F8 : FF;
  70F9 : FF;
  70FA : FF;
  70FB : FF;
  70FC : FF;
  70FD : FF;
  70FE : FF;
  70FF : FF;
  7100 : FF;
  7101 : FF;
  7102 : FF;
  7103 : FF;
  7104 : FF;
  7105 : FF;
  7106 : FF;
  7107 : FF;
  7108 : FF;
  7109 : FF;
  710A : FF;
  710B : FF;
  710C : FF;
  710D : FF;
  710E : FF;
  710F : FF;
  7110 : FF;
  7111 : FF;
  7112 : FF;
  7113 : FF;
  7114 : FF;
  7115 : FF;
  7116 : FF;
  7117 : FF;
  7118 : FF;
  7119 : FF;
  711A : FF;
  711B : FF;
  711C : FF;
  711D : FF;
  711E : FF;
  711F : FF;
  7120 : FF;
  7121 : FF;
  7122 : FF;
  7123 : FF;
  7124 : FF;
  7125 : FF;
  7126 : FF;
  7127 : FF;
  7128 : FF;
  7129 : FF;
  712A : FF;
  712B : FF;
  712C : FF;
  712D : FF;
  712E : FF;
  712F : FF;
  7130 : FF;
  7131 : FF;
  7132 : FF;
  7133 : FF;
  7134 : FF;
  7135 : FF;
  7136 : FF;
  7137 : FF;
  7138 : FF;
  7139 : FF;
  713A : FF;
  713B : FF;
  713C : FF;
  713D : FF;
  713E : FF;
  713F : FF;
  7140 : FF;
  7141 : FF;
  7142 : FF;
  7143 : FF;
  7144 : FF;
  7145 : FF;
  7146 : FF;
  7147 : FF;
  7148 : FF;
  7149 : FF;
  714A : FF;
  714B : FF;
  714C : FF;
  714D : FF;
  714E : FF;
  714F : FF;
  7150 : FF;
  7151 : FF;
  7152 : FF;
  7153 : FF;
  7154 : FF;
  7155 : FF;
  7156 : FF;
  7157 : FF;
  7158 : FF;
  7159 : FF;
  715A : FF;
  715B : FF;
  715C : FF;
  715D : FF;
  715E : FF;
  715F : FF;
  7160 : FF;
  7161 : FF;
  7162 : FF;
  7163 : FF;
  7164 : FF;
  7165 : FF;
  7166 : FF;
  7167 : FF;
  7168 : FF;
  7169 : FF;
  716A : FF;
  716B : FF;
  716C : FF;
  716D : FF;
  716E : FF;
  716F : FF;
  7170 : FF;
  7171 : FF;
  7172 : FF;
  7173 : FF;
  7174 : FF;
  7175 : FF;
  7176 : FF;
  7177 : FF;
  7178 : FF;
  7179 : FF;
  717A : FF;
  717B : FF;
  717C : FF;
  717D : FF;
  717E : FF;
  717F : FF;
  7180 : FF;
  7181 : FF;
  7182 : FF;
  7183 : FF;
  7184 : FF;
  7185 : FF;
  7186 : FF;
  7187 : FF;
  7188 : FF;
  7189 : FF;
  718A : FF;
  718B : FF;
  718C : FF;
  718D : FF;
  718E : FF;
  718F : FF;
  7190 : FF;
  7191 : FF;
  7192 : FF;
  7193 : FF;
  7194 : FF;
  7195 : FF;
  7196 : FF;
  7197 : FF;
  7198 : FF;
  7199 : FF;
  719A : FF;
  719B : FF;
  719C : FF;
  719D : FF;
  719E : FF;
  719F : FF;
  71A0 : FF;
  71A1 : FF;
  71A2 : FF;
  71A3 : FF;
  71A4 : FF;
  71A5 : FF;
  71A6 : FF;
  71A7 : FF;
  71A8 : FF;
  71A9 : FF;
  71AA : FF;
  71AB : FF;
  71AC : FF;
  71AD : FF;
  71AE : FF;
  71AF : FF;
  71B0 : FF;
  71B1 : FF;
  71B2 : FF;
  71B3 : FF;
  71B4 : FF;
  71B5 : FF;
  71B6 : FF;
  71B7 : FF;
  71B8 : FF;
  71B9 : FF;
  71BA : FF;
  71BB : FF;
  71BC : FF;
  71BD : FF;
  71BE : FF;
  71BF : FF;
  71C0 : FF;
  71C1 : FF;
  71C2 : FF;
  71C3 : FF;
  71C4 : FF;
  71C5 : FF;
  71C6 : FF;
  71C7 : FF;
  71C8 : FF;
  71C9 : FF;
  71CA : FF;
  71CB : FF;
  71CC : FF;
  71CD : FF;
  71CE : FF;
  71CF : FF;
  71D0 : FF;
  71D1 : FF;
  71D2 : FF;
  71D3 : FF;
  71D4 : FF;
  71D5 : FF;
  71D6 : FF;
  71D7 : FF;
  71D8 : FF;
  71D9 : FF;
  71DA : FF;
  71DB : FF;
  71DC : FF;
  71DD : FF;
  71DE : FF;
  71DF : FF;
  71E0 : FF;
  71E1 : FF;
  71E2 : FF;
  71E3 : FF;
  71E4 : FF;
  71E5 : FF;
  71E6 : FF;
  71E7 : FF;
  71E8 : FF;
  71E9 : FF;
  71EA : FF;
  71EB : FF;
  71EC : FF;
  71ED : FF;
  71EE : FF;
  71EF : FF;
  71F0 : FF;
  71F1 : FF;
  71F2 : FF;
  71F3 : FF;
  71F4 : FF;
  71F5 : FF;
  71F6 : FF;
  71F7 : FF;
  71F8 : FF;
  71F9 : FF;
  71FA : FF;
  71FB : FF;
  71FC : FF;
  71FD : FF;
  71FE : FF;
  71FF : FF;
  7200 : FF;
  7201 : FF;
  7202 : FF;
  7203 : FF;
  7204 : FF;
  7205 : FF;
  7206 : FF;
  7207 : FF;
  7208 : FF;
  7209 : FF;
  720A : FF;
  720B : FF;
  720C : FF;
  720D : FF;
  720E : FF;
  720F : FF;
  7210 : FF;
  7211 : FF;
  7212 : FF;
  7213 : FF;
  7214 : FF;
  7215 : FF;
  7216 : FF;
  7217 : FF;
  7218 : FF;
  7219 : FF;
  721A : FF;
  721B : FF;
  721C : FF;
  721D : FF;
  721E : FF;
  721F : FF;
  7220 : FF;
  7221 : FF;
  7222 : FF;
  7223 : FF;
  7224 : FF;
  7225 : FF;
  7226 : FF;
  7227 : FF;
  7228 : FF;
  7229 : FF;
  722A : FF;
  722B : FF;
  722C : FF;
  722D : FF;
  722E : FF;
  722F : FF;
  7230 : FF;
  7231 : FF;
  7232 : FF;
  7233 : FF;
  7234 : FF;
  7235 : FF;
  7236 : FF;
  7237 : FF;
  7238 : FF;
  7239 : FF;
  723A : FF;
  723B : FF;
  723C : FF;
  723D : FF;
  723E : FF;
  723F : FF;
  7240 : FF;
  7241 : FF;
  7242 : FF;
  7243 : FF;
  7244 : FF;
  7245 : FF;
  7246 : FF;
  7247 : FF;
  7248 : FF;
  7249 : FF;
  724A : FF;
  724B : FF;
  724C : FF;
  724D : FF;
  724E : FF;
  724F : FF;
  7250 : FF;
  7251 : FF;
  7252 : FF;
  7253 : FF;
  7254 : FF;
  7255 : FF;
  7256 : FF;
  7257 : FF;
  7258 : FF;
  7259 : FF;
  725A : FF;
  725B : FF;
  725C : FF;
  725D : FF;
  725E : FF;
  725F : FF;
  7260 : FF;
  7261 : FF;
  7262 : FF;
  7263 : FF;
  7264 : FF;
  7265 : FF;
  7266 : FF;
  7267 : FF;
  7268 : FF;
  7269 : FF;
  726A : FF;
  726B : FF;
  726C : FF;
  726D : FF;
  726E : FF;
  726F : FF;
  7270 : FF;
  7271 : FF;
  7272 : FF;
  7273 : FF;
  7274 : FF;
  7275 : FF;
  7276 : FF;
  7277 : FF;
  7278 : FF;
  7279 : FF;
  727A : FF;
  727B : FF;
  727C : FF;
  727D : FF;
  727E : FF;
  727F : FF;
  7280 : FF;
  7281 : FF;
  7282 : FF;
  7283 : FF;
  7284 : FF;
  7285 : FF;
  7286 : FF;
  7287 : FF;
  7288 : FF;
  7289 : FF;
  728A : FF;
  728B : FF;
  728C : FF;
  728D : FF;
  728E : FF;
  728F : FF;
  7290 : FF;
  7291 : FF;
  7292 : FF;
  7293 : FF;
  7294 : FF;
  7295 : FF;
  7296 : FF;
  7297 : FF;
  7298 : FF;
  7299 : FF;
  729A : FF;
  729B : FF;
  729C : FF;
  729D : FF;
  729E : FF;
  729F : FF;
  72A0 : FF;
  72A1 : FF;
  72A2 : FF;
  72A3 : FF;
  72A4 : FF;
  72A5 : FF;
  72A6 : FF;
  72A7 : FF;
  72A8 : FF;
  72A9 : FF;
  72AA : FF;
  72AB : FF;
  72AC : FF;
  72AD : FF;
  72AE : FF;
  72AF : FF;
  72B0 : FF;
  72B1 : FF;
  72B2 : FF;
  72B3 : FF;
  72B4 : FF;
  72B5 : FF;
  72B6 : FF;
  72B7 : FF;
  72B8 : FF;
  72B9 : FF;
  72BA : FF;
  72BB : FF;
  72BC : FF;
  72BD : FF;
  72BE : FF;
  72BF : FF;
  72C0 : FF;
  72C1 : FF;
  72C2 : FF;
  72C3 : FF;
  72C4 : FF;
  72C5 : FF;
  72C6 : FF;
  72C7 : FF;
  72C8 : FF;
  72C9 : FF;
  72CA : FF;
  72CB : FF;
  72CC : FF;
  72CD : FF;
  72CE : FF;
  72CF : FF;
  72D0 : FF;
  72D1 : FF;
  72D2 : FF;
  72D3 : FF;
  72D4 : FF;
  72D5 : FF;
  72D6 : FF;
  72D7 : FF;
  72D8 : FF;
  72D9 : FF;
  72DA : FF;
  72DB : FF;
  72DC : FF;
  72DD : FF;
  72DE : FF;
  72DF : FF;
  72E0 : FF;
  72E1 : FF;
  72E2 : FF;
  72E3 : FF;
  72E4 : FF;
  72E5 : FF;
  72E6 : FF;
  72E7 : FF;
  72E8 : FF;
  72E9 : FF;
  72EA : FF;
  72EB : FF;
  72EC : FF;
  72ED : FF;
  72EE : FF;
  72EF : FF;
  72F0 : FF;
  72F1 : FF;
  72F2 : FF;
  72F3 : FF;
  72F4 : FF;
  72F5 : FF;
  72F6 : FF;
  72F7 : FF;
  72F8 : FF;
  72F9 : FF;
  72FA : FF;
  72FB : FF;
  72FC : FF;
  72FD : FF;
  72FE : FF;
  72FF : FF;
  7300 : FF;
  7301 : FF;
  7302 : FF;
  7303 : FF;
  7304 : FF;
  7305 : FF;
  7306 : FF;
  7307 : FF;
  7308 : FF;
  7309 : FF;
  730A : FF;
  730B : FF;
  730C : FF;
  730D : FF;
  730E : FF;
  730F : FF;
  7310 : FF;
  7311 : FF;
  7312 : FF;
  7313 : FF;
  7314 : FF;
  7315 : FF;
  7316 : FF;
  7317 : FF;
  7318 : FF;
  7319 : FF;
  731A : FF;
  731B : FF;
  731C : FF;
  731D : FF;
  731E : FF;
  731F : FF;
  7320 : FF;
  7321 : FF;
  7322 : FF;
  7323 : FF;
  7324 : FF;
  7325 : FF;
  7326 : FF;
  7327 : FF;
  7328 : FF;
  7329 : FF;
  732A : FF;
  732B : FF;
  732C : FF;
  732D : FF;
  732E : FF;
  732F : FF;
  7330 : FF;
  7331 : FF;
  7332 : FF;
  7333 : FF;
  7334 : FF;
  7335 : FF;
  7336 : FF;
  7337 : FF;
  7338 : FF;
  7339 : FF;
  733A : FF;
  733B : FF;
  733C : FF;
  733D : FF;
  733E : FF;
  733F : FF;
  7340 : FF;
  7341 : FF;
  7342 : FF;
  7343 : FF;
  7344 : FF;
  7345 : FF;
  7346 : FF;
  7347 : FF;
  7348 : FF;
  7349 : FF;
  734A : FF;
  734B : FF;
  734C : FF;
  734D : FF;
  734E : FF;
  734F : FF;
  7350 : FF;
  7351 : FF;
  7352 : FF;
  7353 : FF;
  7354 : FF;
  7355 : FF;
  7356 : FF;
  7357 : FF;
  7358 : FF;
  7359 : FF;
  735A : FF;
  735B : FF;
  735C : FF;
  735D : FF;
  735E : FF;
  735F : FF;
  7360 : FF;
  7361 : FF;
  7362 : FF;
  7363 : FF;
  7364 : FF;
  7365 : FF;
  7366 : FF;
  7367 : FF;
  7368 : FF;
  7369 : FF;
  736A : FF;
  736B : FF;
  736C : FF;
  736D : FF;
  736E : FF;
  736F : FF;
  7370 : FF;
  7371 : FF;
  7372 : FF;
  7373 : FF;
  7374 : FF;
  7375 : FF;
  7376 : FF;
  7377 : FF;
  7378 : FF;
  7379 : FF;
  737A : FF;
  737B : FF;
  737C : FF;
  737D : FF;
  737E : FF;
  737F : FF;
  7380 : FF;
  7381 : FF;
  7382 : FF;
  7383 : FF;
  7384 : FF;
  7385 : FF;
  7386 : FF;
  7387 : FF;
  7388 : FF;
  7389 : FF;
  738A : FF;
  738B : FF;
  738C : FF;
  738D : FF;
  738E : FF;
  738F : FF;
  7390 : FF;
  7391 : FF;
  7392 : FF;
  7393 : FF;
  7394 : FF;
  7395 : FF;
  7396 : FF;
  7397 : FF;
  7398 : FF;
  7399 : FF;
  739A : FF;
  739B : FF;
  739C : FF;
  739D : FF;
  739E : FF;
  739F : FF;
  73A0 : FF;
  73A1 : FF;
  73A2 : FF;
  73A3 : FF;
  73A4 : FF;
  73A5 : FF;
  73A6 : FF;
  73A7 : FF;
  73A8 : FF;
  73A9 : FF;
  73AA : FF;
  73AB : FF;
  73AC : FF;
  73AD : FF;
  73AE : FF;
  73AF : FF;
  73B0 : FF;
  73B1 : FF;
  73B2 : FF;
  73B3 : FF;
  73B4 : FF;
  73B5 : FF;
  73B6 : FF;
  73B7 : FF;
  73B8 : FF;
  73B9 : FF;
  73BA : FF;
  73BB : FF;
  73BC : FF;
  73BD : FF;
  73BE : FF;
  73BF : FF;
  73C0 : FF;
  73C1 : FF;
  73C2 : FF;
  73C3 : FF;
  73C4 : FF;
  73C5 : FF;
  73C6 : FF;
  73C7 : FF;
  73C8 : FF;
  73C9 : FF;
  73CA : FF;
  73CB : FF;
  73CC : FF;
  73CD : FF;
  73CE : FF;
  73CF : FF;
  73D0 : FF;
  73D1 : FF;
  73D2 : FF;
  73D3 : FF;
  73D4 : FF;
  73D5 : FF;
  73D6 : FF;
  73D7 : FF;
  73D8 : FF;
  73D9 : FF;
  73DA : FF;
  73DB : FF;
  73DC : FF;
  73DD : FF;
  73DE : FF;
  73DF : FF;
  73E0 : FF;
  73E1 : FF;
  73E2 : FF;
  73E3 : FF;
  73E4 : FF;
  73E5 : FF;
  73E6 : FF;
  73E7 : FF;
  73E8 : FF;
  73E9 : FF;
  73EA : FF;
  73EB : FF;
  73EC : FF;
  73ED : FF;
  73EE : FF;
  73EF : FF;
  73F0 : FF;
  73F1 : FF;
  73F2 : FF;
  73F3 : FF;
  73F4 : FF;
  73F5 : FF;
  73F6 : FF;
  73F7 : FF;
  73F8 : FF;
  73F9 : FF;
  73FA : FF;
  73FB : FF;
  73FC : FF;
  73FD : FF;
  73FE : FF;
  73FF : FF;
  7400 : FF;
  7401 : FF;
  7402 : FF;
  7403 : FF;
  7404 : FF;
  7405 : FF;
  7406 : FF;
  7407 : FF;
  7408 : FF;
  7409 : FF;
  740A : FF;
  740B : FF;
  740C : FF;
  740D : FF;
  740E : FF;
  740F : FF;
  7410 : FF;
  7411 : FF;
  7412 : FF;
  7413 : FF;
  7414 : FF;
  7415 : FF;
  7416 : FF;
  7417 : FF;
  7418 : FF;
  7419 : FF;
  741A : FF;
  741B : FF;
  741C : FF;
  741D : FF;
  741E : FF;
  741F : FF;
  7420 : FF;
  7421 : FF;
  7422 : FF;
  7423 : FF;
  7424 : FF;
  7425 : FF;
  7426 : FF;
  7427 : FF;
  7428 : FF;
  7429 : FF;
  742A : FF;
  742B : FF;
  742C : FF;
  742D : FF;
  742E : FF;
  742F : FF;
  7430 : FF;
  7431 : FF;
  7432 : FF;
  7433 : FF;
  7434 : FF;
  7435 : FF;
  7436 : FF;
  7437 : FF;
  7438 : FF;
  7439 : FF;
  743A : FF;
  743B : FF;
  743C : FF;
  743D : FF;
  743E : FF;
  743F : FF;
  7440 : FF;
  7441 : FF;
  7442 : FF;
  7443 : FF;
  7444 : FF;
  7445 : FF;
  7446 : FF;
  7447 : FF;
  7448 : FF;
  7449 : FF;
  744A : FF;
  744B : FF;
  744C : FF;
  744D : FF;
  744E : FF;
  744F : FF;
  7450 : FF;
  7451 : FF;
  7452 : FF;
  7453 : FF;
  7454 : FF;
  7455 : FF;
  7456 : FF;
  7457 : FF;
  7458 : FF;
  7459 : FF;
  745A : FF;
  745B : FF;
  745C : FF;
  745D : FF;
  745E : FF;
  745F : FF;
  7460 : FF;
  7461 : FF;
  7462 : FF;
  7463 : FF;
  7464 : FF;
  7465 : FF;
  7466 : FF;
  7467 : FF;
  7468 : FF;
  7469 : FF;
  746A : FF;
  746B : FF;
  746C : FF;
  746D : FF;
  746E : FF;
  746F : FF;
  7470 : FF;
  7471 : FF;
  7472 : FF;
  7473 : FF;
  7474 : FF;
  7475 : FF;
  7476 : FF;
  7477 : FF;
  7478 : FF;
  7479 : FF;
  747A : FF;
  747B : FF;
  747C : FF;
  747D : FF;
  747E : FF;
  747F : FF;
  7480 : FF;
  7481 : FF;
  7482 : FF;
  7483 : FF;
  7484 : FF;
  7485 : FF;
  7486 : FF;
  7487 : FF;
  7488 : FF;
  7489 : FF;
  748A : FF;
  748B : FF;
  748C : FF;
  748D : FF;
  748E : FF;
  748F : FF;
  7490 : FF;
  7491 : FF;
  7492 : FF;
  7493 : FF;
  7494 : FF;
  7495 : FF;
  7496 : FF;
  7497 : FF;
  7498 : FF;
  7499 : FF;
  749A : FF;
  749B : FF;
  749C : FF;
  749D : FF;
  749E : FF;
  749F : FF;
  74A0 : FF;
  74A1 : FF;
  74A2 : FF;
  74A3 : FF;
  74A4 : FF;
  74A5 : FF;
  74A6 : FF;
  74A7 : FF;
  74A8 : FF;
  74A9 : FF;
  74AA : FF;
  74AB : FF;
  74AC : FF;
  74AD : FF;
  74AE : FF;
  74AF : FF;
  74B0 : FF;
  74B1 : FF;
  74B2 : FF;
  74B3 : FF;
  74B4 : FF;
  74B5 : FF;
  74B6 : FF;
  74B7 : FF;
  74B8 : FF;
  74B9 : FF;
  74BA : FF;
  74BB : FF;
  74BC : FF;
  74BD : FF;
  74BE : FF;
  74BF : FF;
  74C0 : FF;
  74C1 : FF;
  74C2 : FF;
  74C3 : FF;
  74C4 : FF;
  74C5 : FF;
  74C6 : FF;
  74C7 : FF;
  74C8 : FF;
  74C9 : FF;
  74CA : FF;
  74CB : FF;
  74CC : FF;
  74CD : FF;
  74CE : FF;
  74CF : FF;
  74D0 : FF;
  74D1 : FF;
  74D2 : FF;
  74D3 : FF;
  74D4 : FF;
  74D5 : FF;
  74D6 : FF;
  74D7 : FF;
  74D8 : FF;
  74D9 : FF;
  74DA : FF;
  74DB : FF;
  74DC : FF;
  74DD : FF;
  74DE : FF;
  74DF : FF;
  74E0 : FF;
  74E1 : FF;
  74E2 : FF;
  74E3 : FF;
  74E4 : FF;
  74E5 : FF;
  74E6 : FF;
  74E7 : FF;
  74E8 : FF;
  74E9 : FF;
  74EA : FF;
  74EB : FF;
  74EC : FF;
  74ED : FF;
  74EE : FF;
  74EF : FF;
  74F0 : FF;
  74F1 : FF;
  74F2 : FF;
  74F3 : FF;
  74F4 : FF;
  74F5 : FF;
  74F6 : FF;
  74F7 : FF;
  74F8 : FF;
  74F9 : FF;
  74FA : FF;
  74FB : FF;
  74FC : FF;
  74FD : FF;
  74FE : FF;
  74FF : FF;
  7500 : FF;
  7501 : FF;
  7502 : FF;
  7503 : FF;
  7504 : FF;
  7505 : FF;
  7506 : FF;
  7507 : FF;
  7508 : FF;
  7509 : FF;
  750A : FF;
  750B : FF;
  750C : FF;
  750D : FF;
  750E : FF;
  750F : FF;
  7510 : FF;
  7511 : FF;
  7512 : FF;
  7513 : FF;
  7514 : FF;
  7515 : FF;
  7516 : FF;
  7517 : FF;
  7518 : FF;
  7519 : FF;
  751A : FF;
  751B : FF;
  751C : FF;
  751D : FF;
  751E : FF;
  751F : FF;
  7520 : FF;
  7521 : FF;
  7522 : FF;
  7523 : FF;
  7524 : FF;
  7525 : FF;
  7526 : FF;
  7527 : FF;
  7528 : FF;
  7529 : FF;
  752A : FF;
  752B : FF;
  752C : FF;
  752D : FF;
  752E : FF;
  752F : FF;
  7530 : FF;
  7531 : FF;
  7532 : FF;
  7533 : FF;
  7534 : FF;
  7535 : FF;
  7536 : FF;
  7537 : FF;
  7538 : FF;
  7539 : FF;
  753A : FF;
  753B : FF;
  753C : FF;
  753D : FF;
  753E : FF;
  753F : FF;
  7540 : FF;
  7541 : FF;
  7542 : FF;
  7543 : FF;
  7544 : FF;
  7545 : FF;
  7546 : FF;
  7547 : FF;
  7548 : FF;
  7549 : FF;
  754A : FF;
  754B : FF;
  754C : FF;
  754D : FF;
  754E : FF;
  754F : FF;
  7550 : FF;
  7551 : FF;
  7552 : FF;
  7553 : FF;
  7554 : FF;
  7555 : FF;
  7556 : FF;
  7557 : FF;
  7558 : FF;
  7559 : FF;
  755A : FF;
  755B : FF;
  755C : FF;
  755D : FF;
  755E : FF;
  755F : FF;
  7560 : FF;
  7561 : FF;
  7562 : FF;
  7563 : FF;
  7564 : FF;
  7565 : FF;
  7566 : FF;
  7567 : FF;
  7568 : FF;
  7569 : FF;
  756A : FF;
  756B : FF;
  756C : FF;
  756D : FF;
  756E : FF;
  756F : FF;
  7570 : FF;
  7571 : FF;
  7572 : FF;
  7573 : FF;
  7574 : FF;
  7575 : FF;
  7576 : FF;
  7577 : FF;
  7578 : FF;
  7579 : FF;
  757A : FF;
  757B : FF;
  757C : FF;
  757D : FF;
  757E : FF;
  757F : FF;
  7580 : FF;
  7581 : FF;
  7582 : FF;
  7583 : FF;
  7584 : FF;
  7585 : FF;
  7586 : FF;
  7587 : FF;
  7588 : FF;
  7589 : FF;
  758A : FF;
  758B : FF;
  758C : FF;
  758D : FF;
  758E : FF;
  758F : FF;
  7590 : FF;
  7591 : FF;
  7592 : FF;
  7593 : FF;
  7594 : FF;
  7595 : FF;
  7596 : FF;
  7597 : FF;
  7598 : FF;
  7599 : FF;
  759A : FF;
  759B : FF;
  759C : FF;
  759D : FF;
  759E : FF;
  759F : FF;
  75A0 : FF;
  75A1 : FF;
  75A2 : FF;
  75A3 : FF;
  75A4 : FF;
  75A5 : FF;
  75A6 : FF;
  75A7 : FF;
  75A8 : FF;
  75A9 : FF;
  75AA : FF;
  75AB : FF;
  75AC : FF;
  75AD : FF;
  75AE : FF;
  75AF : FF;
  75B0 : FF;
  75B1 : FF;
  75B2 : FF;
  75B3 : FF;
  75B4 : FF;
  75B5 : FF;
  75B6 : FF;
  75B7 : FF;
  75B8 : FF;
  75B9 : FF;
  75BA : FF;
  75BB : FF;
  75BC : FF;
  75BD : FF;
  75BE : FF;
  75BF : FF;
  75C0 : FF;
  75C1 : FF;
  75C2 : FF;
  75C3 : FF;
  75C4 : FF;
  75C5 : FF;
  75C6 : FF;
  75C7 : FF;
  75C8 : FF;
  75C9 : FF;
  75CA : FF;
  75CB : FF;
  75CC : FF;
  75CD : FF;
  75CE : FF;
  75CF : FF;
  75D0 : FF;
  75D1 : FF;
  75D2 : FF;
  75D3 : FF;
  75D4 : FF;
  75D5 : FF;
  75D6 : FF;
  75D7 : FF;
  75D8 : FF;
  75D9 : FF;
  75DA : FF;
  75DB : FF;
  75DC : FF;
  75DD : FF;
  75DE : FF;
  75DF : FF;
  75E0 : FF;
  75E1 : FF;
  75E2 : FF;
  75E3 : FF;
  75E4 : FF;
  75E5 : FF;
  75E6 : FF;
  75E7 : FF;
  75E8 : FF;
  75E9 : FF;
  75EA : FF;
  75EB : FF;
  75EC : FF;
  75ED : FF;
  75EE : FF;
  75EF : FF;
  75F0 : FF;
  75F1 : FF;
  75F2 : FF;
  75F3 : FF;
  75F4 : FF;
  75F5 : FF;
  75F6 : FF;
  75F7 : FF;
  75F8 : FF;
  75F9 : FF;
  75FA : FF;
  75FB : FF;
  75FC : FF;
  75FD : FF;
  75FE : FF;
  75FF : FF;
  7600 : FF;
  7601 : FF;
  7602 : FF;
  7603 : FF;
  7604 : FF;
  7605 : FF;
  7606 : FF;
  7607 : FF;
  7608 : FF;
  7609 : FF;
  760A : FF;
  760B : FF;
  760C : FF;
  760D : FF;
  760E : FF;
  760F : FF;
  7610 : FF;
  7611 : FF;
  7612 : FF;
  7613 : FF;
  7614 : FF;
  7615 : FF;
  7616 : FF;
  7617 : FF;
  7618 : FF;
  7619 : FF;
  761A : FF;
  761B : FF;
  761C : FF;
  761D : FF;
  761E : FF;
  761F : FF;
  7620 : FF;
  7621 : FF;
  7622 : FF;
  7623 : FF;
  7624 : FF;
  7625 : FF;
  7626 : FF;
  7627 : FF;
  7628 : FF;
  7629 : FF;
  762A : FF;
  762B : FF;
  762C : FF;
  762D : FF;
  762E : FF;
  762F : FF;
  7630 : FF;
  7631 : FF;
  7632 : FF;
  7633 : FF;
  7634 : FF;
  7635 : FF;
  7636 : FF;
  7637 : FF;
  7638 : FF;
  7639 : FF;
  763A : FF;
  763B : FF;
  763C : FF;
  763D : FF;
  763E : FF;
  763F : FF;
  7640 : FF;
  7641 : FF;
  7642 : FF;
  7643 : FF;
  7644 : FF;
  7645 : FF;
  7646 : FF;
  7647 : FF;
  7648 : FF;
  7649 : FF;
  764A : FF;
  764B : FF;
  764C : FF;
  764D : FF;
  764E : FF;
  764F : FF;
  7650 : FF;
  7651 : FF;
  7652 : FF;
  7653 : FF;
  7654 : FF;
  7655 : FF;
  7656 : FF;
  7657 : FF;
  7658 : FF;
  7659 : FF;
  765A : FF;
  765B : FF;
  765C : FF;
  765D : FF;
  765E : FF;
  765F : FF;
  7660 : FF;
  7661 : FF;
  7662 : FF;
  7663 : FF;
  7664 : FF;
  7665 : FF;
  7666 : FF;
  7667 : FF;
  7668 : FF;
  7669 : FF;
  766A : FF;
  766B : FF;
  766C : FF;
  766D : FF;
  766E : FF;
  766F : FF;
  7670 : FF;
  7671 : FF;
  7672 : FF;
  7673 : FF;
  7674 : FF;
  7675 : FF;
  7676 : FF;
  7677 : FF;
  7678 : FF;
  7679 : FF;
  767A : FF;
  767B : FF;
  767C : FF;
  767D : FF;
  767E : FF;
  767F : FF;
  7680 : FF;
  7681 : FF;
  7682 : FF;
  7683 : FF;
  7684 : FF;
  7685 : FF;
  7686 : FF;
  7687 : FF;
  7688 : FF;
  7689 : FF;
  768A : FF;
  768B : FF;
  768C : FF;
  768D : FF;
  768E : FF;
  768F : FF;
  7690 : FF;
  7691 : FF;
  7692 : FF;
  7693 : FF;
  7694 : FF;
  7695 : FF;
  7696 : FF;
  7697 : FF;
  7698 : FF;
  7699 : FF;
  769A : FF;
  769B : FF;
  769C : FF;
  769D : FF;
  769E : FF;
  769F : FF;
  76A0 : FF;
  76A1 : FF;
  76A2 : FF;
  76A3 : FF;
  76A4 : FF;
  76A5 : FF;
  76A6 : FF;
  76A7 : FF;
  76A8 : FF;
  76A9 : FF;
  76AA : FF;
  76AB : FF;
  76AC : FF;
  76AD : FF;
  76AE : FF;
  76AF : FF;
  76B0 : FF;
  76B1 : FF;
  76B2 : FF;
  76B3 : FF;
  76B4 : FF;
  76B5 : FF;
  76B6 : FF;
  76B7 : FF;
  76B8 : FF;
  76B9 : FF;
  76BA : FF;
  76BB : FF;
  76BC : FF;
  76BD : FF;
  76BE : FF;
  76BF : FF;
  76C0 : FF;
  76C1 : FF;
  76C2 : FF;
  76C3 : FF;
  76C4 : FF;
  76C5 : FF;
  76C6 : FF;
  76C7 : FF;
  76C8 : FF;
  76C9 : FF;
  76CA : FF;
  76CB : FF;
  76CC : FF;
  76CD : FF;
  76CE : FF;
  76CF : FF;
  76D0 : FF;
  76D1 : FF;
  76D2 : FF;
  76D3 : FF;
  76D4 : FF;
  76D5 : FF;
  76D6 : FF;
  76D7 : FF;
  76D8 : FF;
  76D9 : FF;
  76DA : FF;
  76DB : FF;
  76DC : FF;
  76DD : FF;
  76DE : FF;
  76DF : FF;
  76E0 : FF;
  76E1 : FF;
  76E2 : FF;
  76E3 : FF;
  76E4 : FF;
  76E5 : FF;
  76E6 : FF;
  76E7 : FF;
  76E8 : FF;
  76E9 : FF;
  76EA : FF;
  76EB : FF;
  76EC : FF;
  76ED : FF;
  76EE : FF;
  76EF : FF;
  76F0 : FF;
  76F1 : FF;
  76F2 : FF;
  76F3 : FF;
  76F4 : FF;
  76F5 : FF;
  76F6 : FF;
  76F7 : FF;
  76F8 : FF;
  76F9 : FF;
  76FA : FF;
  76FB : FF;
  76FC : FF;
  76FD : FF;
  76FE : FF;
  76FF : FF;
  7700 : FF;
  7701 : FF;
  7702 : FF;
  7703 : FF;
  7704 : FF;
  7705 : FF;
  7706 : FF;
  7707 : FF;
  7708 : FF;
  7709 : FF;
  770A : FF;
  770B : FF;
  770C : FF;
  770D : FF;
  770E : FF;
  770F : FF;
  7710 : FF;
  7711 : FF;
  7712 : FF;
  7713 : FF;
  7714 : FF;
  7715 : FF;
  7716 : FF;
  7717 : FF;
  7718 : FF;
  7719 : FF;
  771A : FF;
  771B : FF;
  771C : FF;
  771D : FF;
  771E : FF;
  771F : FF;
  7720 : FF;
  7721 : FF;
  7722 : FF;
  7723 : FF;
  7724 : FF;
  7725 : FF;
  7726 : FF;
  7727 : FF;
  7728 : FF;
  7729 : FF;
  772A : FF;
  772B : FF;
  772C : FF;
  772D : FF;
  772E : FF;
  772F : FF;
  7730 : FF;
  7731 : FF;
  7732 : FF;
  7733 : FF;
  7734 : FF;
  7735 : FF;
  7736 : FF;
  7737 : FF;
  7738 : FF;
  7739 : FF;
  773A : FF;
  773B : FF;
  773C : FF;
  773D : FF;
  773E : FF;
  773F : FF;
  7740 : FF;
  7741 : FF;
  7742 : FF;
  7743 : FF;
  7744 : FF;
  7745 : FF;
  7746 : FF;
  7747 : FF;
  7748 : FF;
  7749 : FF;
  774A : FF;
  774B : FF;
  774C : FF;
  774D : FF;
  774E : FF;
  774F : FF;
  7750 : FF;
  7751 : FF;
  7752 : FF;
  7753 : FF;
  7754 : FF;
  7755 : FF;
  7756 : FF;
  7757 : FF;
  7758 : FF;
  7759 : FF;
  775A : FF;
  775B : FF;
  775C : FF;
  775D : FF;
  775E : FF;
  775F : FF;
  7760 : FF;
  7761 : FF;
  7762 : FF;
  7763 : FF;
  7764 : FF;
  7765 : FF;
  7766 : FF;
  7767 : FF;
  7768 : FF;
  7769 : FF;
  776A : FF;
  776B : FF;
  776C : FF;
  776D : FF;
  776E : FF;
  776F : FF;
  7770 : FF;
  7771 : FF;
  7772 : FF;
  7773 : FF;
  7774 : FF;
  7775 : FF;
  7776 : FF;
  7777 : FF;
  7778 : FF;
  7779 : FF;
  777A : FF;
  777B : FF;
  777C : FF;
  777D : FF;
  777E : FF;
  777F : FF;
  7780 : FF;
  7781 : FF;
  7782 : FF;
  7783 : FF;
  7784 : FF;
  7785 : FF;
  7786 : FF;
  7787 : FF;
  7788 : FF;
  7789 : FF;
  778A : FF;
  778B : FF;
  778C : FF;
  778D : FF;
  778E : FF;
  778F : FF;
  7790 : FF;
  7791 : FF;
  7792 : FF;
  7793 : FF;
  7794 : FF;
  7795 : FF;
  7796 : FF;
  7797 : FF;
  7798 : FF;
  7799 : FF;
  779A : FF;
  779B : FF;
  779C : FF;
  779D : FF;
  779E : FF;
  779F : FF;
  77A0 : FF;
  77A1 : FF;
  77A2 : FF;
  77A3 : FF;
  77A4 : FF;
  77A5 : FF;
  77A6 : FF;
  77A7 : FF;
  77A8 : FF;
  77A9 : FF;
  77AA : FF;
  77AB : FF;
  77AC : FF;
  77AD : FF;
  77AE : FF;
  77AF : FF;
  77B0 : FF;
  77B1 : FF;
  77B2 : FF;
  77B3 : FF;
  77B4 : FF;
  77B5 : FF;
  77B6 : FF;
  77B7 : FF;
  77B8 : FF;
  77B9 : FF;
  77BA : FF;
  77BB : FF;
  77BC : FF;
  77BD : FF;
  77BE : FF;
  77BF : FF;
  77C0 : FF;
  77C1 : FF;
  77C2 : FF;
  77C3 : FF;
  77C4 : FF;
  77C5 : FF;
  77C6 : FF;
  77C7 : FF;
  77C8 : FF;
  77C9 : FF;
  77CA : FF;
  77CB : FF;
  77CC : FF;
  77CD : FF;
  77CE : FF;
  77CF : FF;
  77D0 : FF;
  77D1 : FF;
  77D2 : FF;
  77D3 : FF;
  77D4 : FF;
  77D5 : FF;
  77D6 : FF;
  77D7 : FF;
  77D8 : FF;
  77D9 : FF;
  77DA : FF;
  77DB : FF;
  77DC : FF;
  77DD : FF;
  77DE : FF;
  77DF : FF;
  77E0 : FF;
  77E1 : FF;
  77E2 : FF;
  77E3 : FF;
  77E4 : FF;
  77E5 : FF;
  77E6 : FF;
  77E7 : FF;
  77E8 : FF;
  77E9 : FF;
  77EA : FF;
  77EB : FF;
  77EC : FF;
  77ED : FF;
  77EE : FF;
  77EF : FF;
  77F0 : FF;
  77F1 : FF;
  77F2 : FF;
  77F3 : FF;
  77F4 : FF;
  77F5 : FF;
  77F6 : FF;
  77F7 : FF;
  77F8 : FF;
  77F9 : FF;
  77FA : FF;
  77FB : FF;
  77FC : FF;
  77FD : FF;
  77FE : FF;
  77FF : FF;
  7800 : FF;
  7801 : FF;
  7802 : FF;
  7803 : FF;
  7804 : FF;
  7805 : FF;
  7806 : FF;
  7807 : FF;
  7808 : FF;
  7809 : FF;
  780A : FF;
  780B : FF;
  780C : FF;
  780D : FF;
  780E : FF;
  780F : FF;
  7810 : FF;
  7811 : FF;
  7812 : FF;
  7813 : FF;
  7814 : FF;
  7815 : FF;
  7816 : FF;
  7817 : FF;
  7818 : FF;
  7819 : FF;
  781A : FF;
  781B : FF;
  781C : FF;
  781D : FF;
  781E : FF;
  781F : FF;
  7820 : FF;
  7821 : FF;
  7822 : FF;
  7823 : FF;
  7824 : FF;
  7825 : FF;
  7826 : FF;
  7827 : FF;
  7828 : FF;
  7829 : FF;
  782A : FF;
  782B : FF;
  782C : FF;
  782D : FF;
  782E : FF;
  782F : FF;
  7830 : FF;
  7831 : FF;
  7832 : FF;
  7833 : FF;
  7834 : FF;
  7835 : FF;
  7836 : FF;
  7837 : FF;
  7838 : FF;
  7839 : FF;
  783A : FF;
  783B : FF;
  783C : FF;
  783D : FF;
  783E : FF;
  783F : FF;
  7840 : FF;
  7841 : FF;
  7842 : FF;
  7843 : FF;
  7844 : FF;
  7845 : FF;
  7846 : FF;
  7847 : FF;
  7848 : FF;
  7849 : FF;
  784A : FF;
  784B : FF;
  784C : FF;
  784D : FF;
  784E : FF;
  784F : FF;
  7850 : FF;
  7851 : FF;
  7852 : FF;
  7853 : FF;
  7854 : FF;
  7855 : FF;
  7856 : FF;
  7857 : FF;
  7858 : FF;
  7859 : FF;
  785A : FF;
  785B : FF;
  785C : FF;
  785D : FF;
  785E : FF;
  785F : FF;
  7860 : FF;
  7861 : FF;
  7862 : FF;
  7863 : FF;
  7864 : FF;
  7865 : FF;
  7866 : FF;
  7867 : FF;
  7868 : FF;
  7869 : FF;
  786A : FF;
  786B : FF;
  786C : FF;
  786D : FF;
  786E : FF;
  786F : FF;
  7870 : FF;
  7871 : FF;
  7872 : FF;
  7873 : FF;
  7874 : FF;
  7875 : FF;
  7876 : FF;
  7877 : FF;
  7878 : FF;
  7879 : FF;
  787A : FF;
  787B : FF;
  787C : FF;
  787D : FF;
  787E : FF;
  787F : FF;
  7880 : FF;
  7881 : FF;
  7882 : FF;
  7883 : FF;
  7884 : FF;
  7885 : FF;
  7886 : FF;
  7887 : FF;
  7888 : FF;
  7889 : FF;
  788A : FF;
  788B : FF;
  788C : FF;
  788D : FF;
  788E : FF;
  788F : FF;
  7890 : FF;
  7891 : FF;
  7892 : FF;
  7893 : FF;
  7894 : FF;
  7895 : FF;
  7896 : FF;
  7897 : FF;
  7898 : FF;
  7899 : FF;
  789A : FF;
  789B : FF;
  789C : FF;
  789D : FF;
  789E : FF;
  789F : FF;
  78A0 : FF;
  78A1 : FF;
  78A2 : FF;
  78A3 : FF;
  78A4 : FF;
  78A5 : FF;
  78A6 : FF;
  78A7 : FF;
  78A8 : FF;
  78A9 : FF;
  78AA : FF;
  78AB : FF;
  78AC : FF;
  78AD : FF;
  78AE : FF;
  78AF : FF;
  78B0 : FF;
  78B1 : FF;
  78B2 : FF;
  78B3 : FF;
  78B4 : FF;
  78B5 : FF;
  78B6 : FF;
  78B7 : FF;
  78B8 : FF;
  78B9 : FF;
  78BA : FF;
  78BB : FF;
  78BC : FF;
  78BD : FF;
  78BE : FF;
  78BF : FF;
  78C0 : FF;
  78C1 : FF;
  78C2 : FF;
  78C3 : FF;
  78C4 : FF;
  78C5 : FF;
  78C6 : FF;
  78C7 : FF;
  78C8 : FF;
  78C9 : FF;
  78CA : FF;
  78CB : FF;
  78CC : FF;
  78CD : FF;
  78CE : FF;
  78CF : FF;
  78D0 : FF;
  78D1 : FF;
  78D2 : FF;
  78D3 : FF;
  78D4 : FF;
  78D5 : FF;
  78D6 : FF;
  78D7 : FF;
  78D8 : FF;
  78D9 : FF;
  78DA : FF;
  78DB : FF;
  78DC : FF;
  78DD : FF;
  78DE : FF;
  78DF : FF;
  78E0 : FF;
  78E1 : FF;
  78E2 : FF;
  78E3 : FF;
  78E4 : FF;
  78E5 : FF;
  78E6 : FF;
  78E7 : FF;
  78E8 : FF;
  78E9 : FF;
  78EA : FF;
  78EB : FF;
  78EC : FF;
  78ED : FF;
  78EE : FF;
  78EF : FF;
  78F0 : FF;
  78F1 : FF;
  78F2 : FF;
  78F3 : FF;
  78F4 : FF;
  78F5 : FF;
  78F6 : FF;
  78F7 : FF;
  78F8 : FF;
  78F9 : FF;
  78FA : FF;
  78FB : FF;
  78FC : FF;
  78FD : FF;
  78FE : FF;
  78FF : FF;
  7900 : FF;
  7901 : FF;
  7902 : FF;
  7903 : FF;
  7904 : FF;
  7905 : FF;
  7906 : FF;
  7907 : FF;
  7908 : FF;
  7909 : FF;
  790A : FF;
  790B : FF;
  790C : FF;
  790D : FF;
  790E : FF;
  790F : FF;
  7910 : FF;
  7911 : FF;
  7912 : FF;
  7913 : FF;
  7914 : FF;
  7915 : FF;
  7916 : FF;
  7917 : FF;
  7918 : FF;
  7919 : FF;
  791A : FF;
  791B : FF;
  791C : FF;
  791D : FF;
  791E : FF;
  791F : FF;
  7920 : FF;
  7921 : FF;
  7922 : FF;
  7923 : FF;
  7924 : FF;
  7925 : FF;
  7926 : FF;
  7927 : FF;
  7928 : FF;
  7929 : FF;
  792A : FF;
  792B : FF;
  792C : FF;
  792D : FF;
  792E : FF;
  792F : FF;
  7930 : FF;
  7931 : FF;
  7932 : FF;
  7933 : FF;
  7934 : FF;
  7935 : FF;
  7936 : FF;
  7937 : FF;
  7938 : FF;
  7939 : FF;
  793A : FF;
  793B : FF;
  793C : FF;
  793D : FF;
  793E : FF;
  793F : FF;
  7940 : FF;
  7941 : FF;
  7942 : FF;
  7943 : FF;
  7944 : FF;
  7945 : FF;
  7946 : FF;
  7947 : FF;
  7948 : FF;
  7949 : FF;
  794A : FF;
  794B : FF;
  794C : FF;
  794D : FF;
  794E : FF;
  794F : FF;
  7950 : FF;
  7951 : FF;
  7952 : FF;
  7953 : FF;
  7954 : FF;
  7955 : FF;
  7956 : FF;
  7957 : FF;
  7958 : FF;
  7959 : FF;
  795A : FF;
  795B : FF;
  795C : FF;
  795D : FF;
  795E : FF;
  795F : FF;
  7960 : FF;
  7961 : FF;
  7962 : FF;
  7963 : FF;
  7964 : FF;
  7965 : FF;
  7966 : FF;
  7967 : FF;
  7968 : FF;
  7969 : FF;
  796A : FF;
  796B : FF;
  796C : FF;
  796D : FF;
  796E : FF;
  796F : FF;
  7970 : FF;
  7971 : FF;
  7972 : FF;
  7973 : FF;
  7974 : FF;
  7975 : FF;
  7976 : FF;
  7977 : FF;
  7978 : FF;
  7979 : FF;
  797A : FF;
  797B : FF;
  797C : FF;
  797D : FF;
  797E : FF;
  797F : FF;
  7980 : FF;
  7981 : FF;
  7982 : FF;
  7983 : FF;
  7984 : FF;
  7985 : FF;
  7986 : FF;
  7987 : FF;
  7988 : FF;
  7989 : FF;
  798A : FF;
  798B : FF;
  798C : FF;
  798D : FF;
  798E : FF;
  798F : FF;
  7990 : FF;
  7991 : FF;
  7992 : FF;
  7993 : FF;
  7994 : FF;
  7995 : FF;
  7996 : FF;
  7997 : FF;
  7998 : FF;
  7999 : FF;
  799A : FF;
  799B : FF;
  799C : FF;
  799D : FF;
  799E : FF;
  799F : FF;
  79A0 : FF;
  79A1 : FF;
  79A2 : FF;
  79A3 : FF;
  79A4 : FF;
  79A5 : FF;
  79A6 : FF;
  79A7 : FF;
  79A8 : FF;
  79A9 : FF;
  79AA : FF;
  79AB : FF;
  79AC : FF;
  79AD : FF;
  79AE : FF;
  79AF : FF;
  79B0 : FF;
  79B1 : FF;
  79B2 : FF;
  79B3 : FF;
  79B4 : FF;
  79B5 : FF;
  79B6 : FF;
  79B7 : FF;
  79B8 : FF;
  79B9 : FF;
  79BA : FF;
  79BB : FF;
  79BC : FF;
  79BD : FF;
  79BE : FF;
  79BF : FF;
  79C0 : FF;
  79C1 : FF;
  79C2 : FF;
  79C3 : FF;
  79C4 : FF;
  79C5 : FF;
  79C6 : FF;
  79C7 : FF;
  79C8 : FF;
  79C9 : FF;
  79CA : FF;
  79CB : FF;
  79CC : FF;
  79CD : FF;
  79CE : FF;
  79CF : FF;
  79D0 : FF;
  79D1 : FF;
  79D2 : FF;
  79D3 : FF;
  79D4 : FF;
  79D5 : FF;
  79D6 : FF;
  79D7 : FF;
  79D8 : FF;
  79D9 : FF;
  79DA : FF;
  79DB : FF;
  79DC : FF;
  79DD : FF;
  79DE : FF;
  79DF : FF;
  79E0 : FF;
  79E1 : FF;
  79E2 : FF;
  79E3 : FF;
  79E4 : FF;
  79E5 : FF;
  79E6 : FF;
  79E7 : FF;
  79E8 : FF;
  79E9 : FF;
  79EA : FF;
  79EB : FF;
  79EC : FF;
  79ED : FF;
  79EE : FF;
  79EF : FF;
  79F0 : FF;
  79F1 : FF;
  79F2 : FF;
  79F3 : FF;
  79F4 : FF;
  79F5 : FF;
  79F6 : FF;
  79F7 : FF;
  79F8 : FF;
  79F9 : FF;
  79FA : FF;
  79FB : FF;
  79FC : FF;
  79FD : FF;
  79FE : FF;
  79FF : FF;
  7A00 : FF;
  7A01 : FF;
  7A02 : FF;
  7A03 : FF;
  7A04 : FF;
  7A05 : FF;
  7A06 : FF;
  7A07 : FF;
  7A08 : FF;
  7A09 : FF;
  7A0A : FF;
  7A0B : FF;
  7A0C : FF;
  7A0D : FF;
  7A0E : FF;
  7A0F : FF;
  7A10 : FF;
  7A11 : FF;
  7A12 : FF;
  7A13 : FF;
  7A14 : FF;
  7A15 : FF;
  7A16 : FF;
  7A17 : FF;
  7A18 : FF;
  7A19 : FF;
  7A1A : FF;
  7A1B : FF;
  7A1C : FF;
  7A1D : FF;
  7A1E : FF;
  7A1F : FF;
  7A20 : FF;
  7A21 : FF;
  7A22 : FF;
  7A23 : FF;
  7A24 : FF;
  7A25 : FF;
  7A26 : FF;
  7A27 : FF;
  7A28 : FF;
  7A29 : FF;
  7A2A : FF;
  7A2B : FF;
  7A2C : FF;
  7A2D : FF;
  7A2E : FF;
  7A2F : FF;
  7A30 : FF;
  7A31 : FF;
  7A32 : FF;
  7A33 : FF;
  7A34 : FF;
  7A35 : FF;
  7A36 : FF;
  7A37 : FF;
  7A38 : FF;
  7A39 : FF;
  7A3A : FF;
  7A3B : FF;
  7A3C : FF;
  7A3D : FF;
  7A3E : FF;
  7A3F : FF;
  7A40 : FF;
  7A41 : FF;
  7A42 : FF;
  7A43 : FF;
  7A44 : FF;
  7A45 : FF;
  7A46 : FF;
  7A47 : FF;
  7A48 : FF;
  7A49 : FF;
  7A4A : FF;
  7A4B : FF;
  7A4C : FF;
  7A4D : FF;
  7A4E : FF;
  7A4F : FF;
  7A50 : FF;
  7A51 : FF;
  7A52 : FF;
  7A53 : FF;
  7A54 : FF;
  7A55 : FF;
  7A56 : FF;
  7A57 : FF;
  7A58 : FF;
  7A59 : FF;
  7A5A : FF;
  7A5B : FF;
  7A5C : FF;
  7A5D : FF;
  7A5E : FF;
  7A5F : FF;
  7A60 : FF;
  7A61 : FF;
  7A62 : FF;
  7A63 : FF;
  7A64 : FF;
  7A65 : FF;
  7A66 : FF;
  7A67 : FF;
  7A68 : FF;
  7A69 : FF;
  7A6A : FF;
  7A6B : FF;
  7A6C : FF;
  7A6D : FF;
  7A6E : FF;
  7A6F : FF;
  7A70 : FF;
  7A71 : FF;
  7A72 : FF;
  7A73 : FF;
  7A74 : FF;
  7A75 : FF;
  7A76 : FF;
  7A77 : FF;
  7A78 : FF;
  7A79 : FF;
  7A7A : FF;
  7A7B : FF;
  7A7C : FF;
  7A7D : FF;
  7A7E : FF;
  7A7F : FF;
  7A80 : FF;
  7A81 : FF;
  7A82 : FF;
  7A83 : FF;
  7A84 : FF;
  7A85 : FF;
  7A86 : FF;
  7A87 : FF;
  7A88 : FF;
  7A89 : FF;
  7A8A : FF;
  7A8B : FF;
  7A8C : FF;
  7A8D : FF;
  7A8E : FF;
  7A8F : FF;
  7A90 : FF;
  7A91 : FF;
  7A92 : FF;
  7A93 : FF;
  7A94 : FF;
  7A95 : FF;
  7A96 : FF;
  7A97 : FF;
  7A98 : FF;
  7A99 : FF;
  7A9A : FF;
  7A9B : FF;
  7A9C : FF;
  7A9D : FF;
  7A9E : FF;
  7A9F : FF;
  7AA0 : FF;
  7AA1 : FF;
  7AA2 : FF;
  7AA3 : FF;
  7AA4 : FF;
  7AA5 : FF;
  7AA6 : FF;
  7AA7 : FF;
  7AA8 : FF;
  7AA9 : FF;
  7AAA : FF;
  7AAB : FF;
  7AAC : FF;
  7AAD : FF;
  7AAE : FF;
  7AAF : FF;
  7AB0 : FF;
  7AB1 : FF;
  7AB2 : FF;
  7AB3 : FF;
  7AB4 : FF;
  7AB5 : FF;
  7AB6 : FF;
  7AB7 : FF;
  7AB8 : FF;
  7AB9 : FF;
  7ABA : FF;
  7ABB : FF;
  7ABC : FF;
  7ABD : FF;
  7ABE : FF;
  7ABF : FF;
  7AC0 : FF;
  7AC1 : FF;
  7AC2 : FF;
  7AC3 : FF;
  7AC4 : FF;
  7AC5 : FF;
  7AC6 : FF;
  7AC7 : FF;
  7AC8 : FF;
  7AC9 : FF;
  7ACA : FF;
  7ACB : FF;
  7ACC : FF;
  7ACD : FF;
  7ACE : FF;
  7ACF : FF;
  7AD0 : FF;
  7AD1 : FF;
  7AD2 : FF;
  7AD3 : FF;
  7AD4 : FF;
  7AD5 : FF;
  7AD6 : FF;
  7AD7 : FF;
  7AD8 : FF;
  7AD9 : FF;
  7ADA : FF;
  7ADB : FF;
  7ADC : FF;
  7ADD : FF;
  7ADE : FF;
  7ADF : FF;
  7AE0 : FF;
  7AE1 : FF;
  7AE2 : FF;
  7AE3 : FF;
  7AE4 : FF;
  7AE5 : FF;
  7AE6 : FF;
  7AE7 : FF;
  7AE8 : FF;
  7AE9 : FF;
  7AEA : FF;
  7AEB : FF;
  7AEC : FF;
  7AED : FF;
  7AEE : FF;
  7AEF : FF;
  7AF0 : FF;
  7AF1 : FF;
  7AF2 : FF;
  7AF3 : FF;
  7AF4 : FF;
  7AF5 : FF;
  7AF6 : FF;
  7AF7 : FF;
  7AF8 : FF;
  7AF9 : FF;
  7AFA : FF;
  7AFB : FF;
  7AFC : FF;
  7AFD : FF;
  7AFE : FF;
  7AFF : FF;
  7B00 : FF;
  7B01 : FF;
  7B02 : FF;
  7B03 : FF;
  7B04 : FF;
  7B05 : FF;
  7B06 : FF;
  7B07 : FF;
  7B08 : FF;
  7B09 : FF;
  7B0A : FF;
  7B0B : FF;
  7B0C : FF;
  7B0D : FF;
  7B0E : FF;
  7B0F : FF;
  7B10 : FF;
  7B11 : FF;
  7B12 : FF;
  7B13 : FF;
  7B14 : FF;
  7B15 : FF;
  7B16 : FF;
  7B17 : FF;
  7B18 : FF;
  7B19 : FF;
  7B1A : FF;
  7B1B : FF;
  7B1C : FF;
  7B1D : FF;
  7B1E : FF;
  7B1F : FF;
  7B20 : FF;
  7B21 : FF;
  7B22 : FF;
  7B23 : FF;
  7B24 : FF;
  7B25 : FF;
  7B26 : FF;
  7B27 : FF;
  7B28 : FF;
  7B29 : FF;
  7B2A : FF;
  7B2B : FF;
  7B2C : FF;
  7B2D : FF;
  7B2E : FF;
  7B2F : FF;
  7B30 : FF;
  7B31 : FF;
  7B32 : FF;
  7B33 : FF;
  7B34 : FF;
  7B35 : FF;
  7B36 : FF;
  7B37 : FF;
  7B38 : FF;
  7B39 : FF;
  7B3A : FF;
  7B3B : FF;
  7B3C : FF;
  7B3D : FF;
  7B3E : FF;
  7B3F : FF;
  7B40 : FF;
  7B41 : FF;
  7B42 : FF;
  7B43 : FF;
  7B44 : FF;
  7B45 : FF;
  7B46 : FF;
  7B47 : FF;
  7B48 : FF;
  7B49 : FF;
  7B4A : FF;
  7B4B : FF;
  7B4C : FF;
  7B4D : FF;
  7B4E : FF;
  7B4F : FF;
  7B50 : FF;
  7B51 : FF;
  7B52 : FF;
  7B53 : FF;
  7B54 : FF;
  7B55 : FF;
  7B56 : FF;
  7B57 : FF;
  7B58 : FF;
  7B59 : FF;
  7B5A : FF;
  7B5B : FF;
  7B5C : FF;
  7B5D : FF;
  7B5E : FF;
  7B5F : FF;
  7B60 : FF;
  7B61 : FF;
  7B62 : FF;
  7B63 : FF;
  7B64 : FF;
  7B65 : FF;
  7B66 : FF;
  7B67 : FF;
  7B68 : FF;
  7B69 : FF;
  7B6A : FF;
  7B6B : FF;
  7B6C : FF;
  7B6D : FF;
  7B6E : FF;
  7B6F : FF;
  7B70 : FF;
  7B71 : FF;
  7B72 : FF;
  7B73 : FF;
  7B74 : FF;
  7B75 : FF;
  7B76 : FF;
  7B77 : FF;
  7B78 : FF;
  7B79 : FF;
  7B7A : FF;
  7B7B : FF;
  7B7C : FF;
  7B7D : FF;
  7B7E : FF;
  7B7F : FF;
  7B80 : FF;
  7B81 : FF;
  7B82 : FF;
  7B83 : FF;
  7B84 : FF;
  7B85 : FF;
  7B86 : FF;
  7B87 : FF;
  7B88 : FF;
  7B89 : FF;
  7B8A : FF;
  7B8B : FF;
  7B8C : FF;
  7B8D : FF;
  7B8E : FF;
  7B8F : FF;
  7B90 : FF;
  7B91 : FF;
  7B92 : FF;
  7B93 : FF;
  7B94 : FF;
  7B95 : FF;
  7B96 : FF;
  7B97 : FF;
  7B98 : FF;
  7B99 : FF;
  7B9A : FF;
  7B9B : FF;
  7B9C : FF;
  7B9D : FF;
  7B9E : FF;
  7B9F : FF;
  7BA0 : FF;
  7BA1 : FF;
  7BA2 : FF;
  7BA3 : FF;
  7BA4 : FF;
  7BA5 : FF;
  7BA6 : FF;
  7BA7 : FF;
  7BA8 : FF;
  7BA9 : FF;
  7BAA : FF;
  7BAB : FF;
  7BAC : FF;
  7BAD : FF;
  7BAE : FF;
  7BAF : FF;
  7BB0 : FF;
  7BB1 : FF;
  7BB2 : FF;
  7BB3 : FF;
  7BB4 : FF;
  7BB5 : FF;
  7BB6 : FF;
  7BB7 : FF;
  7BB8 : FF;
  7BB9 : FF;
  7BBA : FF;
  7BBB : FF;
  7BBC : FF;
  7BBD : FF;
  7BBE : FF;
  7BBF : FF;
  7BC0 : FF;
  7BC1 : FF;
  7BC2 : FF;
  7BC3 : FF;
  7BC4 : FF;
  7BC5 : FF;
  7BC6 : FF;
  7BC7 : FF;
  7BC8 : FF;
  7BC9 : FF;
  7BCA : FF;
  7BCB : FF;
  7BCC : FF;
  7BCD : FF;
  7BCE : FF;
  7BCF : FF;
  7BD0 : FF;
  7BD1 : FF;
  7BD2 : FF;
  7BD3 : FF;
  7BD4 : FF;
  7BD5 : FF;
  7BD6 : FF;
  7BD7 : FF;
  7BD8 : FF;
  7BD9 : FF;
  7BDA : FF;
  7BDB : FF;
  7BDC : FF;
  7BDD : FF;
  7BDE : FF;
  7BDF : FF;
  7BE0 : FF;
  7BE1 : FF;
  7BE2 : FF;
  7BE3 : FF;
  7BE4 : FF;
  7BE5 : FF;
  7BE6 : FF;
  7BE7 : FF;
  7BE8 : FF;
  7BE9 : FF;
  7BEA : FF;
  7BEB : FF;
  7BEC : FF;
  7BED : FF;
  7BEE : FF;
  7BEF : FF;
  7BF0 : FF;
  7BF1 : FF;
  7BF2 : FF;
  7BF3 : FF;
  7BF4 : FF;
  7BF5 : FF;
  7BF6 : FF;
  7BF7 : FF;
  7BF8 : FF;
  7BF9 : FF;
  7BFA : FF;
  7BFB : FF;
  7BFC : FF;
  7BFD : FF;
  7BFE : FF;
  7BFF : FF;
  7C00 : FF;
  7C01 : FF;
  7C02 : FF;
  7C03 : FF;
  7C04 : FF;
  7C05 : FF;
  7C06 : FF;
  7C07 : FF;
  7C08 : FF;
  7C09 : FF;
  7C0A : FF;
  7C0B : FF;
  7C0C : FF;
  7C0D : FF;
  7C0E : FF;
  7C0F : FF;
  7C10 : FF;
  7C11 : FF;
  7C12 : FF;
  7C13 : FF;
  7C14 : FF;
  7C15 : FF;
  7C16 : FF;
  7C17 : FF;
  7C18 : FF;
  7C19 : FF;
  7C1A : FF;
  7C1B : FF;
  7C1C : FF;
  7C1D : FF;
  7C1E : FF;
  7C1F : FF;
  7C20 : FF;
  7C21 : FF;
  7C22 : FF;
  7C23 : FF;
  7C24 : FF;
  7C25 : FF;
  7C26 : FF;
  7C27 : FF;
  7C28 : FF;
  7C29 : FF;
  7C2A : FF;
  7C2B : FF;
  7C2C : FF;
  7C2D : FF;
  7C2E : FF;
  7C2F : FF;
  7C30 : FF;
  7C31 : FF;
  7C32 : FF;
  7C33 : FF;
  7C34 : FF;
  7C35 : FF;
  7C36 : FF;
  7C37 : FF;
  7C38 : FF;
  7C39 : FF;
  7C3A : FF;
  7C3B : FF;
  7C3C : FF;
  7C3D : FF;
  7C3E : FF;
  7C3F : FF;
  7C40 : FF;
  7C41 : FF;
  7C42 : FF;
  7C43 : FF;
  7C44 : FF;
  7C45 : FF;
  7C46 : FF;
  7C47 : FF;
  7C48 : FF;
  7C49 : FF;
  7C4A : FF;
  7C4B : FF;
  7C4C : FF;
  7C4D : FF;
  7C4E : FF;
  7C4F : FF;
  7C50 : FF;
  7C51 : FF;
  7C52 : FF;
  7C53 : FF;
  7C54 : FF;
  7C55 : FF;
  7C56 : FF;
  7C57 : FF;
  7C58 : FF;
  7C59 : FF;
  7C5A : FF;
  7C5B : FF;
  7C5C : FF;
  7C5D : FF;
  7C5E : FF;
  7C5F : FF;
  7C60 : FF;
  7C61 : FF;
  7C62 : FF;
  7C63 : FF;
  7C64 : FF;
  7C65 : FF;
  7C66 : FF;
  7C67 : FF;
  7C68 : FF;
  7C69 : FF;
  7C6A : FF;
  7C6B : FF;
  7C6C : FF;
  7C6D : FF;
  7C6E : FF;
  7C6F : FF;
  7C70 : FF;
  7C71 : FF;
  7C72 : FF;
  7C73 : FF;
  7C74 : FF;
  7C75 : FF;
  7C76 : FF;
  7C77 : FF;
  7C78 : FF;
  7C79 : FF;
  7C7A : FF;
  7C7B : FF;
  7C7C : FF;
  7C7D : FF;
  7C7E : FF;
  7C7F : FF;
  7C80 : FF;
  7C81 : FF;
  7C82 : FF;
  7C83 : FF;
  7C84 : FF;
  7C85 : FF;
  7C86 : FF;
  7C87 : FF;
  7C88 : FF;
  7C89 : FF;
  7C8A : FF;
  7C8B : FF;
  7C8C : FF;
  7C8D : FF;
  7C8E : FF;
  7C8F : FF;
  7C90 : FF;
  7C91 : FF;
  7C92 : FF;
  7C93 : FF;
  7C94 : FF;
  7C95 : FF;
  7C96 : FF;
  7C97 : FF;
  7C98 : FF;
  7C99 : FF;
  7C9A : FF;
  7C9B : FF;
  7C9C : FF;
  7C9D : FF;
  7C9E : FF;
  7C9F : FF;
  7CA0 : FF;
  7CA1 : FF;
  7CA2 : FF;
  7CA3 : FF;
  7CA4 : FF;
  7CA5 : FF;
  7CA6 : FF;
  7CA7 : FF;
  7CA8 : FF;
  7CA9 : FF;
  7CAA : FF;
  7CAB : FF;
  7CAC : FF;
  7CAD : FF;
  7CAE : FF;
  7CAF : FF;
  7CB0 : FF;
  7CB1 : FF;
  7CB2 : FF;
  7CB3 : FF;
  7CB4 : FF;
  7CB5 : FF;
  7CB6 : FF;
  7CB7 : FF;
  7CB8 : FF;
  7CB9 : FF;
  7CBA : FF;
  7CBB : FF;
  7CBC : FF;
  7CBD : FF;
  7CBE : FF;
  7CBF : FF;
  7CC0 : FF;
  7CC1 : FF;
  7CC2 : FF;
  7CC3 : FF;
  7CC4 : FF;
  7CC5 : FF;
  7CC6 : FF;
  7CC7 : FF;
  7CC8 : FF;
  7CC9 : FF;
  7CCA : FF;
  7CCB : FF;
  7CCC : FF;
  7CCD : FF;
  7CCE : FF;
  7CCF : FF;
  7CD0 : FF;
  7CD1 : FF;
  7CD2 : FF;
  7CD3 : FF;
  7CD4 : FF;
  7CD5 : FF;
  7CD6 : FF;
  7CD7 : FF;
  7CD8 : FF;
  7CD9 : FF;
  7CDA : FF;
  7CDB : FF;
  7CDC : FF;
  7CDD : FF;
  7CDE : FF;
  7CDF : FF;
  7CE0 : FF;
  7CE1 : FF;
  7CE2 : FF;
  7CE3 : FF;
  7CE4 : FF;
  7CE5 : FF;
  7CE6 : FF;
  7CE7 : FF;
  7CE8 : FF;
  7CE9 : FF;
  7CEA : FF;
  7CEB : FF;
  7CEC : FF;
  7CED : FF;
  7CEE : FF;
  7CEF : FF;
  7CF0 : FF;
  7CF1 : FF;
  7CF2 : FF;
  7CF3 : FF;
  7CF4 : FF;
  7CF5 : FF;
  7CF6 : FF;
  7CF7 : FF;
  7CF8 : FF;
  7CF9 : FF;
  7CFA : FF;
  7CFB : FF;
  7CFC : FF;
  7CFD : FF;
  7CFE : FF;
  7CFF : FF;
  7D00 : FF;
  7D01 : FF;
  7D02 : FF;
  7D03 : FF;
  7D04 : FF;
  7D05 : FF;
  7D06 : FF;
  7D07 : FF;
  7D08 : FF;
  7D09 : FF;
  7D0A : FF;
  7D0B : FF;
  7D0C : FF;
  7D0D : FF;
  7D0E : FF;
  7D0F : FF;
  7D10 : FF;
  7D11 : FF;
  7D12 : FF;
  7D13 : FF;
  7D14 : FF;
  7D15 : FF;
  7D16 : FF;
  7D17 : FF;
  7D18 : FF;
  7D19 : FF;
  7D1A : FF;
  7D1B : FF;
  7D1C : FF;
  7D1D : FF;
  7D1E : FF;
  7D1F : FF;
  7D20 : FF;
  7D21 : FF;
  7D22 : FF;
  7D23 : FF;
  7D24 : FF;
  7D25 : FF;
  7D26 : FF;
  7D27 : FF;
  7D28 : FF;
  7D29 : FF;
  7D2A : FF;
  7D2B : FF;
  7D2C : FF;
  7D2D : FF;
  7D2E : FF;
  7D2F : FF;
  7D30 : FF;
  7D31 : FF;
  7D32 : FF;
  7D33 : FF;
  7D34 : FF;
  7D35 : FF;
  7D36 : FF;
  7D37 : FF;
  7D38 : FF;
  7D39 : FF;
  7D3A : FF;
  7D3B : FF;
  7D3C : FF;
  7D3D : FF;
  7D3E : FF;
  7D3F : FF;
  7D40 : FF;
  7D41 : FF;
  7D42 : FF;
  7D43 : FF;
  7D44 : FF;
  7D45 : FF;
  7D46 : FF;
  7D47 : FF;
  7D48 : FF;
  7D49 : FF;
  7D4A : FF;
  7D4B : FF;
  7D4C : FF;
  7D4D : FF;
  7D4E : FF;
  7D4F : FF;
  7D50 : FF;
  7D51 : FF;
  7D52 : FF;
  7D53 : FF;
  7D54 : FF;
  7D55 : FF;
  7D56 : FF;
  7D57 : FF;
  7D58 : FF;
  7D59 : FF;
  7D5A : FF;
  7D5B : FF;
  7D5C : FF;
  7D5D : FF;
  7D5E : FF;
  7D5F : FF;
  7D60 : FF;
  7D61 : FF;
  7D62 : FF;
  7D63 : FF;
  7D64 : FF;
  7D65 : FF;
  7D66 : FF;
  7D67 : FF;
  7D68 : FF;
  7D69 : FF;
  7D6A : FF;
  7D6B : FF;
  7D6C : FF;
  7D6D : FF;
  7D6E : FF;
  7D6F : FF;
  7D70 : FF;
  7D71 : FF;
  7D72 : FF;
  7D73 : FF;
  7D74 : FF;
  7D75 : FF;
  7D76 : FF;
  7D77 : FF;
  7D78 : FF;
  7D79 : FF;
  7D7A : FF;
  7D7B : FF;
  7D7C : FF;
  7D7D : FF;
  7D7E : FF;
  7D7F : FF;
  7D80 : FF;
  7D81 : FF;
  7D82 : FF;
  7D83 : FF;
  7D84 : FF;
  7D85 : FF;
  7D86 : FF;
  7D87 : FF;
  7D88 : FF;
  7D89 : FF;
  7D8A : FF;
  7D8B : FF;
  7D8C : FF;
  7D8D : FF;
  7D8E : FF;
  7D8F : FF;
  7D90 : FF;
  7D91 : FF;
  7D92 : FF;
  7D93 : FF;
  7D94 : FF;
  7D95 : FF;
  7D96 : FF;
  7D97 : FF;
  7D98 : FF;
  7D99 : FF;
  7D9A : FF;
  7D9B : FF;
  7D9C : FF;
  7D9D : FF;
  7D9E : FF;
  7D9F : FF;
  7DA0 : FF;
  7DA1 : FF;
  7DA2 : FF;
  7DA3 : FF;
  7DA4 : FF;
  7DA5 : FF;
  7DA6 : FF;
  7DA7 : FF;
  7DA8 : FF;
  7DA9 : FF;
  7DAA : FF;
  7DAB : FF;
  7DAC : FF;
  7DAD : FF;
  7DAE : FF;
  7DAF : FF;
  7DB0 : FF;
  7DB1 : FF;
  7DB2 : FF;
  7DB3 : FF;
  7DB4 : FF;
  7DB5 : FF;
  7DB6 : FF;
  7DB7 : FF;
  7DB8 : FF;
  7DB9 : FF;
  7DBA : FF;
  7DBB : FF;
  7DBC : FF;
  7DBD : FF;
  7DBE : FF;
  7DBF : FF;
  7DC0 : FF;
  7DC1 : FF;
  7DC2 : FF;
  7DC3 : FF;
  7DC4 : FF;
  7DC5 : FF;
  7DC6 : FF;
  7DC7 : FF;
  7DC8 : FF;
  7DC9 : FF;
  7DCA : FF;
  7DCB : FF;
  7DCC : FF;
  7DCD : FF;
  7DCE : FF;
  7DCF : FF;
  7DD0 : FF;
  7DD1 : FF;
  7DD2 : FF;
  7DD3 : FF;
  7DD4 : FF;
  7DD5 : FF;
  7DD6 : FF;
  7DD7 : FF;
  7DD8 : FF;
  7DD9 : FF;
  7DDA : FF;
  7DDB : FF;
  7DDC : FF;
  7DDD : FF;
  7DDE : FF;
  7DDF : FF;
  7DE0 : FF;
  7DE1 : FF;
  7DE2 : FF;
  7DE3 : FF;
  7DE4 : FF;
  7DE5 : FF;
  7DE6 : FF;
  7DE7 : FF;
  7DE8 : FF;
  7DE9 : FF;
  7DEA : FF;
  7DEB : FF;
  7DEC : FF;
  7DED : FF;
  7DEE : FF;
  7DEF : FF;
  7DF0 : FF;
  7DF1 : FF;
  7DF2 : FF;
  7DF3 : FF;
  7DF4 : FF;
  7DF5 : FF;
  7DF6 : FF;
  7DF7 : FF;
  7DF8 : FF;
  7DF9 : FF;
  7DFA : FF;
  7DFB : FF;
  7DFC : FF;
  7DFD : FF;
  7DFE : FF;
  7DFF : FF;
  7E00 : FF;
  7E01 : FF;
  7E02 : FF;
  7E03 : FF;
  7E04 : FF;
  7E05 : FF;
  7E06 : FF;
  7E07 : FF;
  7E08 : FF;
  7E09 : FF;
  7E0A : FF;
  7E0B : FF;
  7E0C : FF;
  7E0D : FF;
  7E0E : FF;
  7E0F : FF;
  7E10 : FF;
  7E11 : FF;
  7E12 : FF;
  7E13 : FF;
  7E14 : FF;
  7E15 : FF;
  7E16 : FF;
  7E17 : FF;
  7E18 : FF;
  7E19 : FF;
  7E1A : FF;
  7E1B : FF;
  7E1C : FF;
  7E1D : FF;
  7E1E : FF;
  7E1F : FF;
  7E20 : FF;
  7E21 : FF;
  7E22 : FF;
  7E23 : FF;
  7E24 : FF;
  7E25 : FF;
  7E26 : FF;
  7E27 : FF;
  7E28 : FF;
  7E29 : FF;
  7E2A : FF;
  7E2B : FF;
  7E2C : FF;
  7E2D : FF;
  7E2E : FF;
  7E2F : FF;
  7E30 : FF;
  7E31 : FF;
  7E32 : FF;
  7E33 : FF;
  7E34 : FF;
  7E35 : FF;
  7E36 : FF;
  7E37 : FF;
  7E38 : FF;
  7E39 : FF;
  7E3A : FF;
  7E3B : FF;
  7E3C : FF;
  7E3D : FF;
  7E3E : FF;
  7E3F : FF;
  7E40 : FF;
  7E41 : FF;
  7E42 : FF;
  7E43 : FF;
  7E44 : FF;
  7E45 : FF;
  7E46 : FF;
  7E47 : FF;
  7E48 : FF;
  7E49 : FF;
  7E4A : FF;
  7E4B : FF;
  7E4C : FF;
  7E4D : FF;
  7E4E : FF;
  7E4F : FF;
  7E50 : FF;
  7E51 : FF;
  7E52 : FF;
  7E53 : FF;
  7E54 : FF;
  7E55 : FF;
  7E56 : FF;
  7E57 : FF;
  7E58 : FF;
  7E59 : FF;
  7E5A : FF;
  7E5B : FF;
  7E5C : FF;
  7E5D : FF;
  7E5E : FF;
  7E5F : FF;
  7E60 : FF;
  7E61 : FF;
  7E62 : FF;
  7E63 : FF;
  7E64 : FF;
  7E65 : FF;
  7E66 : FF;
  7E67 : FF;
  7E68 : FF;
  7E69 : FF;
  7E6A : FF;
  7E6B : FF;
  7E6C : FF;
  7E6D : FF;
  7E6E : FF;
  7E6F : FF;
  7E70 : FF;
  7E71 : FF;
  7E72 : FF;
  7E73 : FF;
  7E74 : FF;
  7E75 : FF;
  7E76 : FF;
  7E77 : FF;
  7E78 : FF;
  7E79 : FF;
  7E7A : FF;
  7E7B : FF;
  7E7C : FF;
  7E7D : FF;
  7E7E : FF;
  7E7F : FF;
  7E80 : FF;
  7E81 : FF;
  7E82 : FF;
  7E83 : FF;
  7E84 : FF;
  7E85 : FF;
  7E86 : FF;
  7E87 : FF;
  7E88 : FF;
  7E89 : FF;
  7E8A : FF;
  7E8B : FF;
  7E8C : FF;
  7E8D : FF;
  7E8E : FF;
  7E8F : FF;
  7E90 : FF;
  7E91 : FF;
  7E92 : FF;
  7E93 : FF;
  7E94 : FF;
  7E95 : FF;
  7E96 : FF;
  7E97 : FF;
  7E98 : FF;
  7E99 : FF;
  7E9A : FF;
  7E9B : FF;
  7E9C : FF;
  7E9D : FF;
  7E9E : FF;
  7E9F : FF;
  7EA0 : FF;
  7EA1 : FF;
  7EA2 : FF;
  7EA3 : FF;
  7EA4 : FF;
  7EA5 : FF;
  7EA6 : FF;
  7EA7 : FF;
  7EA8 : FF;
  7EA9 : FF;
  7EAA : FF;
  7EAB : FF;
  7EAC : FF;
  7EAD : FF;
  7EAE : FF;
  7EAF : FF;
  7EB0 : FF;
  7EB1 : FF;
  7EB2 : FF;
  7EB3 : FF;
  7EB4 : FF;
  7EB5 : FF;
  7EB6 : FF;
  7EB7 : FF;
  7EB8 : FF;
  7EB9 : FF;
  7EBA : FF;
  7EBB : FF;
  7EBC : FF;
  7EBD : FF;
  7EBE : FF;
  7EBF : FF;
  7EC0 : FF;
  7EC1 : FF;
  7EC2 : FF;
  7EC3 : FF;
  7EC4 : FF;
  7EC5 : FF;
  7EC6 : FF;
  7EC7 : FF;
  7EC8 : FF;
  7EC9 : FF;
  7ECA : FF;
  7ECB : FF;
  7ECC : FF;
  7ECD : FF;
  7ECE : FF;
  7ECF : FF;
  7ED0 : FF;
  7ED1 : FF;
  7ED2 : FF;
  7ED3 : FF;
  7ED4 : FF;
  7ED5 : FF;
  7ED6 : FF;
  7ED7 : FF;
  7ED8 : FF;
  7ED9 : FF;
  7EDA : FF;
  7EDB : FF;
  7EDC : FF;
  7EDD : FF;
  7EDE : FF;
  7EDF : FF;
  7EE0 : FF;
  7EE1 : FF;
  7EE2 : FF;
  7EE3 : FF;
  7EE4 : FF;
  7EE5 : FF;
  7EE6 : FF;
  7EE7 : FF;
  7EE8 : FF;
  7EE9 : FF;
  7EEA : FF;
  7EEB : FF;
  7EEC : FF;
  7EED : FF;
  7EEE : FF;
  7EEF : FF;
  7EF0 : FF;
  7EF1 : FF;
  7EF2 : FF;
  7EF3 : FF;
  7EF4 : FF;
  7EF5 : FF;
  7EF6 : FF;
  7EF7 : FF;
  7EF8 : FF;
  7EF9 : FF;
  7EFA : FF;
  7EFB : FF;
  7EFC : FF;
  7EFD : FF;
  7EFE : FF;
  7EFF : FF;
  7F00 : FF;
  7F01 : FF;
  7F02 : FF;
  7F03 : FF;
  7F04 : FF;
  7F05 : FF;
  7F06 : FF;
  7F07 : FF;
  7F08 : FF;
  7F09 : FF;
  7F0A : FF;
  7F0B : FF;
  7F0C : FF;
  7F0D : FF;
  7F0E : FF;
  7F0F : FF;
  7F10 : FF;
  7F11 : FF;
  7F12 : FF;
  7F13 : FF;
  7F14 : FF;
  7F15 : FF;
  7F16 : FF;
  7F17 : FF;
  7F18 : FF;
  7F19 : FF;
  7F1A : FF;
  7F1B : FF;
  7F1C : FF;
  7F1D : FF;
  7F1E : FF;
  7F1F : FF;
  7F20 : FF;
  7F21 : FF;
  7F22 : FF;
  7F23 : FF;
  7F24 : FF;
  7F25 : FF;
  7F26 : FF;
  7F27 : FF;
  7F28 : FF;
  7F29 : FF;
  7F2A : FF;
  7F2B : FF;
  7F2C : FF;
  7F2D : FF;
  7F2E : FF;
  7F2F : FF;
  7F30 : FF;
  7F31 : FF;
  7F32 : FF;
  7F33 : FF;
  7F34 : FF;
  7F35 : FF;
  7F36 : FF;
  7F37 : FF;
  7F38 : FF;
  7F39 : FF;
  7F3A : FF;
  7F3B : FF;
  7F3C : FF;
  7F3D : FF;
  7F3E : FF;
  7F3F : FF;
  7F40 : FF;
  7F41 : FF;
  7F42 : FF;
  7F43 : FF;
  7F44 : FF;
  7F45 : FF;
  7F46 : FF;
  7F47 : FF;
  7F48 : FF;
  7F49 : FF;
  7F4A : FF;
  7F4B : FF;
  7F4C : FF;
  7F4D : FF;
  7F4E : FF;
  7F4F : FF;
  7F50 : FF;
  7F51 : FF;
  7F52 : FF;
  7F53 : FF;
  7F54 : FF;
  7F55 : FF;
  7F56 : FF;
  7F57 : FF;
  7F58 : FF;
  7F59 : FF;
  7F5A : FF;
  7F5B : FF;
  7F5C : FF;
  7F5D : FF;
  7F5E : FF;
  7F5F : FF;
  7F60 : FF;
  7F61 : FF;
  7F62 : FF;
  7F63 : FF;
  7F64 : FF;
  7F65 : FF;
  7F66 : FF;
  7F67 : FF;
  7F68 : FF;
  7F69 : FF;
  7F6A : FF;
  7F6B : FF;
  7F6C : FF;
  7F6D : FF;
  7F6E : FF;
  7F6F : FF;
  7F70 : FF;
  7F71 : FF;
  7F72 : FF;
  7F73 : FF;
  7F74 : FF;
  7F75 : FF;
  7F76 : FF;
  7F77 : FF;
  7F78 : FF;
  7F79 : FF;
  7F7A : FF;
  7F7B : FF;
  7F7C : FF;
  7F7D : FF;
  7F7E : FF;
  7F7F : FF;
  7F80 : FF;
  7F81 : FF;
  7F82 : FF;
  7F83 : FF;
  7F84 : FF;
  7F85 : FF;
  7F86 : FF;
  7F87 : FF;
  7F88 : FF;
  7F89 : FF;
  7F8A : FF;
  7F8B : FF;
  7F8C : FF;
  7F8D : FF;
  7F8E : FF;
  7F8F : FF;
  7F90 : FF;
  7F91 : FF;
  7F92 : FF;
  7F93 : FF;
  7F94 : FF;
  7F95 : FF;
  7F96 : FF;
  7F97 : FF;
  7F98 : FF;
  7F99 : FF;
  7F9A : FF;
  7F9B : FF;
  7F9C : FF;
  7F9D : FF;
  7F9E : FF;
  7F9F : FF;
  7FA0 : FF;
  7FA1 : FF;
  7FA2 : FF;
  7FA3 : FF;
  7FA4 : FF;
  7FA5 : FF;
  7FA6 : FF;
  7FA7 : FF;
  7FA8 : FF;
  7FA9 : FF;
  7FAA : FF;
  7FAB : FF;
  7FAC : FF;
  7FAD : FF;
  7FAE : FF;
  7FAF : FF;
  7FB0 : FF;
  7FB1 : FF;
  7FB2 : FF;
  7FB3 : FF;
  7FB4 : FF;
  7FB5 : FF;
  7FB6 : FF;
  7FB7 : FF;
  7FB8 : FF;
  7FB9 : FF;
  7FBA : FF;
  7FBB : FF;
  7FBC : FF;
  7FBD : FF;
  7FBE : FF;
  7FBF : FF;
  7FC0 : FF;
  7FC1 : FF;
  7FC2 : FF;
  7FC3 : FF;
  7FC4 : FF;
  7FC5 : FF;
  7FC6 : FF;
  7FC7 : FF;
  7FC8 : FF;
  7FC9 : FF;
  7FCA : FF;
  7FCB : FF;
  7FCC : FF;
  7FCD : FF;
  7FCE : FF;
  7FCF : FF;
  7FD0 : FF;
  7FD1 : FF;
  7FD2 : FF;
  7FD3 : FF;
  7FD4 : FF;
  7FD5 : FF;
  7FD6 : FF;
  7FD7 : FF;
  7FD8 : FF;
  7FD9 : FF;
  7FDA : FF;
  7FDB : FF;
  7FDC : FF;
  7FDD : FF;
  7FDE : FF;
  7FDF : FF;
  7FE0 : FF;
  7FE1 : FF;
  7FE2 : FF;
  7FE3 : FF;
  7FE4 : FF;
  7FE5 : FF;
  7FE6 : FF;
  7FE7 : FF;
  7FE8 : FF;
  7FE9 : FF;
  7FEA : FF;
  7FEB : FF;
  7FEC : FF;
  7FED : FF;
  7FEE : FF;
  7FEF : FF;
  7FF0 : FF;
  7FF1 : FF;
  7FF2 : FF;
  7FF3 : FF;
  7FF4 : FF;
  7FF5 : FF;
  7FF6 : FF;
  7FF7 : FF;
  7FF8 : FF;
  7FF9 : FF;
  7FFA : FF;
  7FFB : FF;
  7FFC : FF;
  7FFD : FF;
  7FFE : FF;
  7FFF : FF;
  8000 : 09;
  8001 : 80;
  8002 : 09;
  8003 : 80;
  8004 : C3;
  8005 : C2;
  8006 : CD;
  8007 : 38;
  8008 : 30;
  8009 : 78;
  800A : A9;
  800B : E7;
  800C : 85;
  800D : 01;
  800E : A9;
  800F : 2F;
  8010 : 85;
  8011 : 00;
  8012 : A9;
  8013 : E3;
  8014 : 8D;
  8015 : 7E;
  8016 : D0;
  8017 : 85;
  8018 : 01;
  8019 : 00;
  801A : C2;
  801B : 31;
  801C : 48;
  801D : 5A;
  801E : A0;
  801F : 34;
  8020 : 00;
  8021 : 80;
  8022 : 03;
  8023 : 38;
  8024 : 90;
  8025 : 18;
  8026 : C2;
  8027 : 30;
  8028 : 48;
  8029 : DA;
  802A : 5A;
  802B : 3B;
  802C : 49;
  802D : 00;
  802E : 01;
  802F : 89;
  8030 : 00;
  8031 : FF;
  8032 : F0;
  8033 : 04;
  8034 : A2;
  8035 : FB;
  8036 : 01;
  8037 : 9A;
  8038 : 49;
  8039 : 00;
  803A : 01;
  803B : 48;
  803C : 2A;
  803D : 38;
  803E : FB;
  803F : 4A;
  8040 : F4;
  8041 : 48;
  8042 : 80;
  8043 : A9;
  8044 : 24;
  8045 : 48;
  8046 : 80;
  8047 : 0D;
  8048 : 18;
  8049 : FB;
  804A : C2;
  804B : 30;
  804C : 68;
  804D : 1B;
  804E : FA;
  804F : 7A;
  8050 : 68;
  8051 : 40;
  8052 : 38;
  8053 : 90;
  8054 : 18;
  8055 : 48;
  8056 : A9;
  8057 : 00;
  8058 : EB;
  8059 : 48;
  805A : 0B;
  805B : A9;
  805C : 00;
  805D : 5B;
  805E : 8B;
  805F : 48;
  8060 : AB;
  8061 : AD;
  8062 : B2;
  8063 : D0;
  8064 : 8D;
  8065 : 73;
  8066 : D0;
  8067 : 48;
  8068 : AD;
  8069 : BC;
  806A : D0;
  806B : 8D;
  806C : BF;
  806D : D0;
  806E : 48;
  806F : 90;
  8070 : 03;
  8071 : F4;
  8072 : FA;
  8073 : FF;
  8074 : B0;
  8075 : 03;
  8076 : F4;
  8077 : FE;
  8078 : FF;
  8079 : F4;
  807A : D0;
  807B : 6C;
  807C : F4;
  807D : 8D;
  807E : 7F;
  807F : F4;
  8080 : B6;
  8081 : D0;
  8082 : F4;
  8083 : 80;
  8084 : 8D;
  8085 : F4;
  8086 : 4C;
  8087 : AE;
  8088 : F4;
  8089 : B7;
  808A : D0;
  808B : F4;
  808C : D0;
  808D : 8D;
  808E : F4;
  808F : 8D;
  8090 : 7E;
  8091 : 3B;
  8092 : 1A;
  8093 : EB;
  8094 : 48;
  8095 : EB;
  8096 : 48;
  8097 : A3;
  8098 : 1C;
  8099 : 48;
  809A : 3B;
  809B : 18;
  809C : 69;
  809D : 0C;
  809E : EB;
  809F : 48;
  80A0 : EB;
  80A1 : 48;
  80A2 : A3;
  80A3 : 1F;
  80A4 : 09;
  80A5 : 04;
  80A6 : 48;
  80A7 : A3;
  80A8 : 1F;
  80A9 : EB;
  80AA : A3;
  80AB : 20;
  80AC : 28;
  80AD : 60;
  80AE : 3B;
  80AF : 18;
  80B0 : 69;
  80B1 : 12;
  80B2 : 1B;
  80B3 : 68;
  80B4 : 8D;
  80B5 : BC;
  80B6 : D0;
  80B7 : 68;
  80B8 : 8D;
  80B9 : B2;
  80BA : D0;
  80BB : AB;
  80BC : 2B;
  80BD : 68;
  80BE : EB;
  80BF : 68;
  80C0 : 40;
  80C1 : 78;
  80C2 : 18;
  80C3 : FB;
  80C4 : C2;
  80C5 : 38;
  80C6 : A9;
  80C7 : FF;
  80C8 : 01;
  80C9 : 1B;
  80CA : A9;
  80CB : 00;
  80CC : 00;
  80CD : 5B;
  80CE : A9;
  80CF : FF;
  80D0 : 1F;
  80D1 : A2;
  80D2 : 00;
  80D3 : 01;
  80D4 : A0;
  80D5 : 00;
  80D6 : A0;
  80D7 : 54;
  80D8 : 01;
  80D9 : F8;
  80DA : A9;
  80DB : FF;
  80DC : 1F;
  80DD : A2;
  80DE : 00;
  80DF : 21;
  80E0 : A0;
  80E1 : 00;
  80E2 : E0;
  80E3 : 54;
  80E4 : 01;
  80E5 : F8;
  80E6 : A9;
  80E7 : FF;
  80E8 : 1F;
  80E9 : A2;
  80EA : 00;
  80EB : 41;
  80EC : A0;
  80ED : 00;
  80EE : 60;
  80EF : 54;
  80F0 : 01;
  80F1 : F8;
  80F2 : E2;
  80F3 : 30;
  80F4 : 7B;
  80F5 : 48;
  80F6 : AB;
  80F7 : 8D;
  80F8 : 7E;
  80F9 : D0;
  80FA : 8D;
  80FB : B6;
  80FC : D0;
  80FD : 8D;
  80FE : 77;
  80FF : D0;
  8100 : A9;
  8101 : C1;
  8102 : 8D;
  8103 : B3;
  8104 : D0;
  8105 : 8D;
  8106 : 7B;
  8107 : D0;
  8108 : 8D;
  8109 : 73;
  810A : D0;
  810B : 8D;
  810C : 7F;
  810D : D0;
  810E : 22;
  810F : 48;
  8110 : 81;
  8111 : F8;
  8112 : AD;
  8113 : 7F;
  8114 : D2;
  8115 : 38;
  8116 : ED;
  8117 : 7D;
  8118 : D2;
  8119 : F0;
  811A : 22;
  811B : 18;
  811C : 69;
  811D : 0F;
  811E : 6A;
  811F : 4A;
  8120 : 4A;
  8121 : 4A;
  8122 : A2;
  8123 : 20;
  8124 : C9;
  8125 : 0A;
  8126 : 90;
  8127 : 04;
  8128 : E9;
  8129 : 0A;
  812A : A2;
  812B : 31;
  812C : 09;
  812D : 30;
  812E : 8F;
  812F : 9C;
  8130 : E4;
  8131 : 01;
  8132 : 8A;
  8133 : 8F;
  8134 : 9B;
  8135 : E4;
  8136 : 01;
  8137 : A9;
  8138 : 4D;
  8139 : 8F;
  813A : 9D;
  813B : E4;
  813C : 01;
  813D : 8B;
  813E : C2;
  813F : 20;
  8140 : AD;
  8141 : FC;
  8142 : FF;
  8143 : 3A;
  8144 : 48;
  8145 : 38;
  8146 : FB;
  8147 : 6B;
  8148 : 08;
  8149 : 78;
  814A : AD;
  814B : B2;
  814C : D0;
  814D : 48;
  814E : 8D;
  814F : 7E;
  8150 : D0;
  8151 : AF;
  8152 : 00;
  8153 : 00;
  8154 : F6;
  8155 : 48;
  8156 : A5;
  8157 : 04;
  8158 : 48;
  8159 : D4;
  815A : 02;
  815B : 64;
  815C : 02;
  815D : 9C;
  815E : 7C;
  815F : D2;
  8160 : A9;
  8161 : 02;
  8162 : 8D;
  8163 : 7D;
  8164 : D2;
  8165 : A9;
  8166 : 04;
  8167 : 8D;
  8168 : 78;
  8169 : D0;
  816A : A9;
  816B : 08;
  816C : 85;
  816D : 03;
  816E : A9;
  816F : F6;
  8170 : 85;
  8171 : 04;
  8172 : A2;
  8173 : 00;
  8174 : 20;
  8175 : 05;
  8176 : 82;
  8177 : D0;
  8178 : 24;
  8179 : A2;
  817A : 04;
  817B : 06;
  817C : 03;
  817D : 20;
  817E : 05;
  817F : 82;
  8180 : F0;
  8181 : 1B;
  8182 : A9;
  8183 : 03;
  8184 : 8D;
  8185 : 78;
  8186 : D0;
  8187 : 64;
  8188 : 03;
  8189 : A9;
  818A : 40;
  818B : 85;
  818C : 04;
  818D : A2;
  818E : 01;
  818F : 20;
  8190 : 05;
  8191 : 82;
  8192 : D0;
  8193 : 09;
  8194 : 06;
  8195 : 04;
  8196 : E8;
  8197 : 20;
  8198 : 05;
  8199 : 82;
  819A : D0;
  819B : 01;
  819C : E8;
  819D : 8E;
  819E : 7B;
  819F : D2;
  81A0 : 8E;
  81A1 : 78;
  81A2 : D0;
  81A3 : 64;
  81A4 : 03;
  81A5 : A9;
  81A6 : 02;
  81A7 : 85;
  81A8 : 04;
  81A9 : A7;
  81AA : 02;
  81AB : 49;
  81AC : FF;
  81AD : 8F;
  81AE : 00;
  81AF : 00;
  81B0 : F6;
  81B1 : 49;
  81B2 : FF;
  81B3 : C7;
  81B4 : 02;
  81B5 : D0;
  81B6 : 20;
  81B7 : 49;
  81B8 : FF;
  81B9 : 87;
  81BA : 02;
  81BB : 49;
  81BC : FF;
  81BD : 8F;
  81BE : 00;
  81BF : 00;
  81C0 : F6;
  81C1 : 49;
  81C2 : FF;
  81C3 : C7;
  81C4 : 02;
  81C5 : D0;
  81C6 : 10;
  81C7 : 49;
  81C8 : FF;
  81C9 : 87;
  81CA : 02;
  81CB : C7;
  81CC : 02;
  81CD : D0;
  81CE : 08;
  81CF : E6;
  81D0 : 03;
  81D1 : D0;
  81D2 : D6;
  81D3 : E6;
  81D4 : 04;
  81D5 : 80;
  81D6 : D2;
  81D7 : A5;
  81D8 : 03;
  81D9 : 8D;
  81DA : 7E;
  81DB : D2;
  81DC : A5;
  81DD : 04;
  81DE : 8D;
  81DF : 7F;
  81E0 : D2;
  81E1 : 49;
  81E2 : 02;
  81E3 : 05;
  81E4 : 03;
  81E5 : D0;
  81E6 : 0A;
  81E7 : 3A;
  81E8 : 8D;
  81E9 : 7B;
  81EA : D2;
  81EB : 9C;
  81EC : 7D;
  81ED : D2;
  81EE : 9C;
  81EF : 7F;
  81F0 : D2;
  81F1 : 68;
  81F2 : 85;
  81F3 : 02;
  81F4 : 68;
  81F5 : 85;
  81F6 : 03;
  81F7 : 68;
  81F8 : 85;
  81F9 : 04;
  81FA : 68;
  81FB : 8F;
  81FC : 00;
  81FD : 00;
  81FE : F6;
  81FF : 68;
  8200 : 8D;
  8201 : B2;
  8202 : D0;
  8203 : 28;
  8204 : 6B;
  8205 : A7;
  8206 : 02;
  8207 : EB;
  8208 : AF;
  8209 : 00;
  820A : 00;
  820B : F6;
  820C : 49;
  820D : FF;
  820E : 8F;
  820F : 00;
  8210 : 00;
  8211 : F6;
  8212 : EB;
  8213 : 47;
  8214 : 02;
  8215 : 60;
  8216 : FF;
  8217 : FF;
  8218 : FF;
  8219 : FF;
  821A : FF;
  821B : FF;
  821C : FF;
  821D : FF;
  821E : FF;
  821F : FF;
  8220 : FF;
  8221 : FF;
  8222 : FF;
  8223 : FF;
  8224 : FF;
  8225 : FF;
  8226 : FF;
  8227 : FF;
  8228 : FF;
  8229 : FF;
  822A : FF;
  822B : FF;
  822C : FF;
  822D : FF;
  822E : FF;
  822F : FF;
  8230 : FF;
  8231 : FF;
  8232 : FF;
  8233 : FF;
  8234 : FF;
  8235 : FF;
  8236 : FF;
  8237 : FF;
  8238 : FF;
  8239 : FF;
  823A : FF;
  823B : FF;
  823C : FF;
  823D : FF;
  823E : FF;
  823F : FF;
  8240 : FF;
  8241 : FF;
  8242 : FF;
  8243 : FF;
  8244 : FF;
  8245 : FF;
  8246 : FF;
  8247 : FF;
  8248 : FF;
  8249 : FF;
  824A : FF;
  824B : FF;
  824C : FF;
  824D : FF;
  824E : FF;
  824F : FF;
  8250 : FF;
  8251 : FF;
  8252 : FF;
  8253 : FF;
  8254 : FF;
  8255 : FF;
  8256 : FF;
  8257 : FF;
  8258 : FF;
  8259 : FF;
  825A : FF;
  825B : FF;
  825C : FF;
  825D : FF;
  825E : FF;
  825F : FF;
  8260 : FF;
  8261 : FF;
  8262 : FF;
  8263 : FF;
  8264 : FF;
  8265 : FF;
  8266 : FF;
  8267 : FF;
  8268 : FF;
  8269 : FF;
  826A : FF;
  826B : FF;
  826C : FF;
  826D : FF;
  826E : FF;
  826F : FF;
  8270 : FF;
  8271 : FF;
  8272 : FF;
  8273 : FF;
  8274 : FF;
  8275 : FF;
  8276 : FF;
  8277 : FF;
  8278 : FF;
  8279 : FF;
  827A : FF;
  827B : FF;
  827C : FF;
  827D : FF;
  827E : FF;
  827F : FF;
  8280 : FF;
  8281 : FF;
  8282 : FF;
  8283 : FF;
  8284 : FF;
  8285 : FF;
  8286 : FF;
  8287 : FF;
  8288 : FF;
  8289 : FF;
  828A : FF;
  828B : FF;
  828C : FF;
  828D : FF;
  828E : FF;
  828F : FF;
  8290 : FF;
  8291 : FF;
  8292 : FF;
  8293 : FF;
  8294 : FF;
  8295 : FF;
  8296 : FF;
  8297 : FF;
  8298 : FF;
  8299 : FF;
  829A : FF;
  829B : FF;
  829C : FF;
  829D : FF;
  829E : FF;
  829F : FF;
  82A0 : FF;
  82A1 : FF;
  82A2 : FF;
  82A3 : FF;
  82A4 : FF;
  82A5 : FF;
  82A6 : FF;
  82A7 : FF;
  82A8 : FF;
  82A9 : FF;
  82AA : FF;
  82AB : FF;
  82AC : FF;
  82AD : FF;
  82AE : FF;
  82AF : FF;
  82B0 : FF;
  82B1 : FF;
  82B2 : FF;
  82B3 : FF;
  82B4 : FF;
  82B5 : FF;
  82B6 : FF;
  82B7 : FF;
  82B8 : FF;
  82B9 : FF;
  82BA : FF;
  82BB : FF;
  82BC : FF;
  82BD : FF;
  82BE : FF;
  82BF : FF;
  82C0 : FF;
  82C1 : FF;
  82C2 : FF;
  82C3 : FF;
  82C4 : FF;
  82C5 : FF;
  82C6 : FF;
  82C7 : FF;
  82C8 : FF;
  82C9 : FF;
  82CA : FF;
  82CB : FF;
  82CC : FF;
  82CD : FF;
  82CE : FF;
  82CF : FF;
  82D0 : FF;
  82D1 : FF;
  82D2 : FF;
  82D3 : FF;
  82D4 : FF;
  82D5 : FF;
  82D6 : FF;
  82D7 : FF;
  82D8 : FF;
  82D9 : FF;
  82DA : FF;
  82DB : FF;
  82DC : FF;
  82DD : FF;
  82DE : FF;
  82DF : FF;
  82E0 : FF;
  82E1 : FF;
  82E2 : FF;
  82E3 : FF;
  82E4 : FF;
  82E5 : FF;
  82E6 : FF;
  82E7 : FF;
  82E8 : FF;
  82E9 : FF;
  82EA : FF;
  82EB : FF;
  82EC : FF;
  82ED : FF;
  82EE : FF;
  82EF : FF;
  82F0 : FF;
  82F1 : FF;
  82F2 : FF;
  82F3 : FF;
  82F4 : FF;
  82F5 : FF;
  82F6 : FF;
  82F7 : FF;
  82F8 : FF;
  82F9 : FF;
  82FA : FF;
  82FB : FF;
  82FC : FF;
  82FD : FF;
  82FE : FF;
  82FF : FF;
  8300 : FF;
  8301 : FF;
  8302 : FF;
  8303 : FF;
  8304 : FF;
  8305 : FF;
  8306 : FF;
  8307 : FF;
  8308 : FF;
  8309 : FF;
  830A : FF;
  830B : FF;
  830C : FF;
  830D : FF;
  830E : FF;
  830F : FF;
  8310 : FF;
  8311 : FF;
  8312 : FF;
  8313 : FF;
  8314 : FF;
  8315 : FF;
  8316 : FF;
  8317 : FF;
  8318 : FF;
  8319 : FF;
  831A : FF;
  831B : FF;
  831C : FF;
  831D : FF;
  831E : FF;
  831F : FF;
  8320 : FF;
  8321 : FF;
  8322 : FF;
  8323 : FF;
  8324 : FF;
  8325 : FF;
  8326 : FF;
  8327 : FF;
  8328 : FF;
  8329 : FF;
  832A : FF;
  832B : FF;
  832C : FF;
  832D : FF;
  832E : FF;
  832F : FF;
  8330 : FF;
  8331 : FF;
  8332 : FF;
  8333 : FF;
  8334 : FF;
  8335 : FF;
  8336 : FF;
  8337 : FF;
  8338 : FF;
  8339 : FF;
  833A : FF;
  833B : FF;
  833C : FF;
  833D : FF;
  833E : FF;
  833F : FF;
  8340 : FF;
  8341 : FF;
  8342 : FF;
  8343 : FF;
  8344 : FF;
  8345 : FF;
  8346 : FF;
  8347 : FF;
  8348 : FF;
  8349 : FF;
  834A : FF;
  834B : FF;
  834C : FF;
  834D : FF;
  834E : FF;
  834F : FF;
  8350 : FF;
  8351 : FF;
  8352 : FF;
  8353 : FF;
  8354 : FF;
  8355 : FF;
  8356 : FF;
  8357 : FF;
  8358 : FF;
  8359 : FF;
  835A : FF;
  835B : FF;
  835C : FF;
  835D : FF;
  835E : FF;
  835F : FF;
  8360 : FF;
  8361 : FF;
  8362 : FF;
  8363 : FF;
  8364 : FF;
  8365 : FF;
  8366 : FF;
  8367 : FF;
  8368 : FF;
  8369 : FF;
  836A : FF;
  836B : FF;
  836C : FF;
  836D : FF;
  836E : FF;
  836F : FF;
  8370 : FF;
  8371 : FF;
  8372 : FF;
  8373 : FF;
  8374 : FF;
  8375 : FF;
  8376 : FF;
  8377 : FF;
  8378 : FF;
  8379 : FF;
  837A : FF;
  837B : FF;
  837C : FF;
  837D : FF;
  837E : FF;
  837F : FF;
  8380 : FF;
  8381 : FF;
  8382 : FF;
  8383 : FF;
  8384 : FF;
  8385 : FF;
  8386 : FF;
  8387 : FF;
  8388 : FF;
  8389 : FF;
  838A : FF;
  838B : FF;
  838C : FF;
  838D : FF;
  838E : FF;
  838F : FF;
  8390 : FF;
  8391 : FF;
  8392 : FF;
  8393 : FF;
  8394 : FF;
  8395 : FF;
  8396 : FF;
  8397 : FF;
  8398 : FF;
  8399 : FF;
  839A : FF;
  839B : FF;
  839C : FF;
  839D : FF;
  839E : FF;
  839F : FF;
  83A0 : FF;
  83A1 : FF;
  83A2 : FF;
  83A3 : FF;
  83A4 : FF;
  83A5 : FF;
  83A6 : FF;
  83A7 : FF;
  83A8 : FF;
  83A9 : FF;
  83AA : FF;
  83AB : FF;
  83AC : FF;
  83AD : FF;
  83AE : FF;
  83AF : FF;
  83B0 : FF;
  83B1 : FF;
  83B2 : FF;
  83B3 : FF;
  83B4 : FF;
  83B5 : FF;
  83B6 : FF;
  83B7 : FF;
  83B8 : FF;
  83B9 : FF;
  83BA : FF;
  83BB : FF;
  83BC : FF;
  83BD : FF;
  83BE : FF;
  83BF : FF;
  83C0 : FF;
  83C1 : FF;
  83C2 : FF;
  83C3 : FF;
  83C4 : FF;
  83C5 : FF;
  83C6 : FF;
  83C7 : FF;
  83C8 : FF;
  83C9 : FF;
  83CA : FF;
  83CB : FF;
  83CC : FF;
  83CD : FF;
  83CE : FF;
  83CF : FF;
  83D0 : FF;
  83D1 : FF;
  83D2 : FF;
  83D3 : FF;
  83D4 : FF;
  83D5 : FF;
  83D6 : FF;
  83D7 : FF;
  83D8 : FF;
  83D9 : FF;
  83DA : FF;
  83DB : FF;
  83DC : FF;
  83DD : FF;
  83DE : FF;
  83DF : FF;
  83E0 : FF;
  83E1 : FF;
  83E2 : FF;
  83E3 : FF;
  83E4 : FF;
  83E5 : FF;
  83E6 : FF;
  83E7 : FF;
  83E8 : FF;
  83E9 : FF;
  83EA : FF;
  83EB : FF;
  83EC : FF;
  83ED : FF;
  83EE : FF;
  83EF : FF;
  83F0 : FF;
  83F1 : FF;
  83F2 : FF;
  83F3 : FF;
  83F4 : FF;
  83F5 : FF;
  83F6 : FF;
  83F7 : FF;
  83F8 : FF;
  83F9 : FF;
  83FA : FF;
  83FB : FF;
  83FC : FF;
  83FD : FF;
  83FE : FF;
  83FF : FF;
  8400 : FF;
  8401 : FF;
  8402 : FF;
  8403 : FF;
  8404 : FF;
  8405 : FF;
  8406 : FF;
  8407 : FF;
  8408 : FF;
  8409 : FF;
  840A : FF;
  840B : FF;
  840C : FF;
  840D : FF;
  840E : FF;
  840F : FF;
  8410 : FF;
  8411 : FF;
  8412 : FF;
  8413 : FF;
  8414 : FF;
  8415 : FF;
  8416 : FF;
  8417 : FF;
  8418 : FF;
  8419 : FF;
  841A : FF;
  841B : FF;
  841C : FF;
  841D : FF;
  841E : FF;
  841F : FF;
  8420 : FF;
  8421 : FF;
  8422 : FF;
  8423 : FF;
  8424 : FF;
  8425 : FF;
  8426 : FF;
  8427 : FF;
  8428 : FF;
  8429 : FF;
  842A : FF;
  842B : FF;
  842C : FF;
  842D : FF;
  842E : FF;
  842F : FF;
  8430 : FF;
  8431 : FF;
  8432 : FF;
  8433 : FF;
  8434 : FF;
  8435 : FF;
  8436 : FF;
  8437 : FF;
  8438 : FF;
  8439 : FF;
  843A : FF;
  843B : FF;
  843C : FF;
  843D : FF;
  843E : FF;
  843F : FF;
  8440 : FF;
  8441 : FF;
  8442 : FF;
  8443 : FF;
  8444 : FF;
  8445 : FF;
  8446 : FF;
  8447 : FF;
  8448 : FF;
  8449 : FF;
  844A : FF;
  844B : FF;
  844C : FF;
  844D : FF;
  844E : FF;
  844F : FF;
  8450 : FF;
  8451 : FF;
  8452 : FF;
  8453 : FF;
  8454 : FF;
  8455 : FF;
  8456 : FF;
  8457 : FF;
  8458 : FF;
  8459 : FF;
  845A : FF;
  845B : FF;
  845C : FF;
  845D : FF;
  845E : FF;
  845F : FF;
  8460 : FF;
  8461 : FF;
  8462 : FF;
  8463 : FF;
  8464 : FF;
  8465 : FF;
  8466 : FF;
  8467 : FF;
  8468 : FF;
  8469 : FF;
  846A : FF;
  846B : FF;
  846C : FF;
  846D : FF;
  846E : FF;
  846F : FF;
  8470 : FF;
  8471 : FF;
  8472 : FF;
  8473 : FF;
  8474 : FF;
  8475 : FF;
  8476 : FF;
  8477 : FF;
  8478 : FF;
  8479 : FF;
  847A : FF;
  847B : FF;
  847C : FF;
  847D : FF;
  847E : FF;
  847F : FF;
  8480 : FF;
  8481 : FF;
  8482 : FF;
  8483 : FF;
  8484 : FF;
  8485 : FF;
  8486 : FF;
  8487 : FF;
  8488 : FF;
  8489 : FF;
  848A : FF;
  848B : FF;
  848C : FF;
  848D : FF;
  848E : FF;
  848F : FF;
  8490 : FF;
  8491 : FF;
  8492 : FF;
  8493 : FF;
  8494 : FF;
  8495 : FF;
  8496 : FF;
  8497 : FF;
  8498 : FF;
  8499 : FF;
  849A : FF;
  849B : FF;
  849C : FF;
  849D : FF;
  849E : FF;
  849F : FF;
  84A0 : FF;
  84A1 : FF;
  84A2 : FF;
  84A3 : FF;
  84A4 : FF;
  84A5 : FF;
  84A6 : FF;
  84A7 : FF;
  84A8 : FF;
  84A9 : FF;
  84AA : FF;
  84AB : FF;
  84AC : FF;
  84AD : FF;
  84AE : FF;
  84AF : FF;
  84B0 : FF;
  84B1 : FF;
  84B2 : FF;
  84B3 : FF;
  84B4 : FF;
  84B5 : FF;
  84B6 : FF;
  84B7 : FF;
  84B8 : FF;
  84B9 : FF;
  84BA : FF;
  84BB : FF;
  84BC : FF;
  84BD : FF;
  84BE : FF;
  84BF : FF;
  84C0 : FF;
  84C1 : FF;
  84C2 : FF;
  84C3 : FF;
  84C4 : FF;
  84C5 : FF;
  84C6 : FF;
  84C7 : FF;
  84C8 : FF;
  84C9 : FF;
  84CA : FF;
  84CB : FF;
  84CC : FF;
  84CD : FF;
  84CE : FF;
  84CF : FF;
  84D0 : FF;
  84D1 : FF;
  84D2 : FF;
  84D3 : FF;
  84D4 : FF;
  84D5 : FF;
  84D6 : FF;
  84D7 : FF;
  84D8 : FF;
  84D9 : FF;
  84DA : FF;
  84DB : FF;
  84DC : FF;
  84DD : FF;
  84DE : FF;
  84DF : FF;
  84E0 : FF;
  84E1 : FF;
  84E2 : FF;
  84E3 : FF;
  84E4 : FF;
  84E5 : FF;
  84E6 : FF;
  84E7 : FF;
  84E8 : FF;
  84E9 : FF;
  84EA : FF;
  84EB : FF;
  84EC : FF;
  84ED : FF;
  84EE : FF;
  84EF : FF;
  84F0 : FF;
  84F1 : FF;
  84F2 : FF;
  84F3 : FF;
  84F4 : FF;
  84F5 : FF;
  84F6 : FF;
  84F7 : FF;
  84F8 : FF;
  84F9 : FF;
  84FA : FF;
  84FB : FF;
  84FC : FF;
  84FD : FF;
  84FE : FF;
  84FF : FF;
  8500 : FF;
  8501 : FF;
  8502 : FF;
  8503 : FF;
  8504 : FF;
  8505 : FF;
  8506 : FF;
  8507 : FF;
  8508 : FF;
  8509 : FF;
  850A : FF;
  850B : FF;
  850C : FF;
  850D : FF;
  850E : FF;
  850F : FF;
  8510 : FF;
  8511 : FF;
  8512 : FF;
  8513 : FF;
  8514 : FF;
  8515 : FF;
  8516 : FF;
  8517 : FF;
  8518 : FF;
  8519 : FF;
  851A : FF;
  851B : FF;
  851C : FF;
  851D : FF;
  851E : FF;
  851F : FF;
  8520 : FF;
  8521 : FF;
  8522 : FF;
  8523 : FF;
  8524 : FF;
  8525 : FF;
  8526 : FF;
  8527 : FF;
  8528 : FF;
  8529 : FF;
  852A : FF;
  852B : FF;
  852C : FF;
  852D : FF;
  852E : FF;
  852F : FF;
  8530 : FF;
  8531 : FF;
  8532 : FF;
  8533 : FF;
  8534 : FF;
  8535 : FF;
  8536 : FF;
  8537 : FF;
  8538 : FF;
  8539 : FF;
  853A : FF;
  853B : FF;
  853C : FF;
  853D : FF;
  853E : FF;
  853F : FF;
  8540 : FF;
  8541 : FF;
  8542 : FF;
  8543 : FF;
  8544 : FF;
  8545 : FF;
  8546 : FF;
  8547 : FF;
  8548 : FF;
  8549 : FF;
  854A : FF;
  854B : FF;
  854C : FF;
  854D : FF;
  854E : FF;
  854F : FF;
  8550 : FF;
  8551 : FF;
  8552 : FF;
  8553 : FF;
  8554 : FF;
  8555 : FF;
  8556 : FF;
  8557 : FF;
  8558 : FF;
  8559 : FF;
  855A : FF;
  855B : FF;
  855C : FF;
  855D : FF;
  855E : FF;
  855F : FF;
  8560 : FF;
  8561 : FF;
  8562 : FF;
  8563 : FF;
  8564 : FF;
  8565 : FF;
  8566 : FF;
  8567 : FF;
  8568 : FF;
  8569 : FF;
  856A : FF;
  856B : FF;
  856C : FF;
  856D : FF;
  856E : FF;
  856F : FF;
  8570 : FF;
  8571 : FF;
  8572 : FF;
  8573 : FF;
  8574 : FF;
  8575 : FF;
  8576 : FF;
  8577 : FF;
  8578 : FF;
  8579 : FF;
  857A : FF;
  857B : FF;
  857C : FF;
  857D : FF;
  857E : FF;
  857F : FF;
  8580 : FF;
  8581 : FF;
  8582 : FF;
  8583 : FF;
  8584 : FF;
  8585 : FF;
  8586 : FF;
  8587 : FF;
  8588 : FF;
  8589 : FF;
  858A : FF;
  858B : FF;
  858C : FF;
  858D : FF;
  858E : FF;
  858F : FF;
  8590 : FF;
  8591 : FF;
  8592 : FF;
  8593 : FF;
  8594 : FF;
  8595 : FF;
  8596 : FF;
  8597 : FF;
  8598 : FF;
  8599 : FF;
  859A : FF;
  859B : FF;
  859C : FF;
  859D : FF;
  859E : FF;
  859F : FF;
  85A0 : FF;
  85A1 : FF;
  85A2 : FF;
  85A3 : FF;
  85A4 : FF;
  85A5 : FF;
  85A6 : FF;
  85A7 : FF;
  85A8 : FF;
  85A9 : FF;
  85AA : FF;
  85AB : FF;
  85AC : FF;
  85AD : FF;
  85AE : FF;
  85AF : FF;
  85B0 : FF;
  85B1 : FF;
  85B2 : FF;
  85B3 : FF;
  85B4 : FF;
  85B5 : FF;
  85B6 : FF;
  85B7 : FF;
  85B8 : FF;
  85B9 : FF;
  85BA : FF;
  85BB : FF;
  85BC : FF;
  85BD : FF;
  85BE : FF;
  85BF : FF;
  85C0 : FF;
  85C1 : FF;
  85C2 : FF;
  85C3 : FF;
  85C4 : FF;
  85C5 : FF;
  85C6 : FF;
  85C7 : FF;
  85C8 : FF;
  85C9 : FF;
  85CA : FF;
  85CB : FF;
  85CC : FF;
  85CD : FF;
  85CE : FF;
  85CF : FF;
  85D0 : FF;
  85D1 : FF;
  85D2 : FF;
  85D3 : FF;
  85D4 : FF;
  85D5 : FF;
  85D6 : FF;
  85D7 : FF;
  85D8 : FF;
  85D9 : FF;
  85DA : FF;
  85DB : FF;
  85DC : FF;
  85DD : FF;
  85DE : FF;
  85DF : FF;
  85E0 : FF;
  85E1 : FF;
  85E2 : FF;
  85E3 : FF;
  85E4 : FF;
  85E5 : FF;
  85E6 : FF;
  85E7 : FF;
  85E8 : FF;
  85E9 : FF;
  85EA : FF;
  85EB : FF;
  85EC : FF;
  85ED : FF;
  85EE : FF;
  85EF : FF;
  85F0 : FF;
  85F1 : FF;
  85F2 : FF;
  85F3 : FF;
  85F4 : FF;
  85F5 : FF;
  85F6 : FF;
  85F7 : FF;
  85F8 : FF;
  85F9 : FF;
  85FA : FF;
  85FB : FF;
  85FC : FF;
  85FD : FF;
  85FE : FF;
  85FF : FF;
  8600 : FF;
  8601 : FF;
  8602 : FF;
  8603 : FF;
  8604 : FF;
  8605 : FF;
  8606 : FF;
  8607 : FF;
  8608 : FF;
  8609 : FF;
  860A : FF;
  860B : FF;
  860C : FF;
  860D : FF;
  860E : FF;
  860F : FF;
  8610 : FF;
  8611 : FF;
  8612 : FF;
  8613 : FF;
  8614 : FF;
  8615 : FF;
  8616 : FF;
  8617 : FF;
  8618 : FF;
  8619 : FF;
  861A : FF;
  861B : FF;
  861C : FF;
  861D : FF;
  861E : FF;
  861F : FF;
  8620 : FF;
  8621 : FF;
  8622 : FF;
  8623 : FF;
  8624 : FF;
  8625 : FF;
  8626 : FF;
  8627 : FF;
  8628 : FF;
  8629 : FF;
  862A : FF;
  862B : FF;
  862C : FF;
  862D : FF;
  862E : FF;
  862F : FF;
  8630 : FF;
  8631 : FF;
  8632 : FF;
  8633 : FF;
  8634 : FF;
  8635 : FF;
  8636 : FF;
  8637 : FF;
  8638 : FF;
  8639 : FF;
  863A : FF;
  863B : FF;
  863C : FF;
  863D : FF;
  863E : FF;
  863F : FF;
  8640 : FF;
  8641 : FF;
  8642 : FF;
  8643 : FF;
  8644 : FF;
  8645 : FF;
  8646 : FF;
  8647 : FF;
  8648 : FF;
  8649 : FF;
  864A : FF;
  864B : FF;
  864C : FF;
  864D : FF;
  864E : FF;
  864F : FF;
  8650 : FF;
  8651 : FF;
  8652 : FF;
  8653 : FF;
  8654 : FF;
  8655 : FF;
  8656 : FF;
  8657 : FF;
  8658 : FF;
  8659 : FF;
  865A : FF;
  865B : FF;
  865C : FF;
  865D : FF;
  865E : FF;
  865F : FF;
  8660 : FF;
  8661 : FF;
  8662 : FF;
  8663 : FF;
  8664 : FF;
  8665 : FF;
  8666 : FF;
  8667 : FF;
  8668 : FF;
  8669 : FF;
  866A : FF;
  866B : FF;
  866C : FF;
  866D : FF;
  866E : FF;
  866F : FF;
  8670 : FF;
  8671 : FF;
  8672 : FF;
  8673 : FF;
  8674 : FF;
  8675 : FF;
  8676 : FF;
  8677 : FF;
  8678 : FF;
  8679 : FF;
  867A : FF;
  867B : FF;
  867C : FF;
  867D : FF;
  867E : FF;
  867F : FF;
  8680 : FF;
  8681 : FF;
  8682 : FF;
  8683 : FF;
  8684 : FF;
  8685 : FF;
  8686 : FF;
  8687 : FF;
  8688 : FF;
  8689 : FF;
  868A : FF;
  868B : FF;
  868C : FF;
  868D : FF;
  868E : FF;
  868F : FF;
  8690 : FF;
  8691 : FF;
  8692 : FF;
  8693 : FF;
  8694 : FF;
  8695 : FF;
  8696 : FF;
  8697 : FF;
  8698 : FF;
  8699 : FF;
  869A : FF;
  869B : FF;
  869C : FF;
  869D : FF;
  869E : FF;
  869F : FF;
  86A0 : FF;
  86A1 : FF;
  86A2 : FF;
  86A3 : FF;
  86A4 : FF;
  86A5 : FF;
  86A6 : FF;
  86A7 : FF;
  86A8 : FF;
  86A9 : FF;
  86AA : FF;
  86AB : FF;
  86AC : FF;
  86AD : FF;
  86AE : FF;
  86AF : FF;
  86B0 : FF;
  86B1 : FF;
  86B2 : FF;
  86B3 : FF;
  86B4 : FF;
  86B5 : FF;
  86B6 : FF;
  86B7 : FF;
  86B8 : FF;
  86B9 : FF;
  86BA : FF;
  86BB : FF;
  86BC : FF;
  86BD : FF;
  86BE : FF;
  86BF : FF;
  86C0 : FF;
  86C1 : FF;
  86C2 : FF;
  86C3 : FF;
  86C4 : FF;
  86C5 : FF;
  86C6 : FF;
  86C7 : FF;
  86C8 : FF;
  86C9 : FF;
  86CA : FF;
  86CB : FF;
  86CC : FF;
  86CD : FF;
  86CE : FF;
  86CF : FF;
  86D0 : FF;
  86D1 : FF;
  86D2 : FF;
  86D3 : FF;
  86D4 : FF;
  86D5 : FF;
  86D6 : FF;
  86D7 : FF;
  86D8 : FF;
  86D9 : FF;
  86DA : FF;
  86DB : FF;
  86DC : FF;
  86DD : FF;
  86DE : FF;
  86DF : FF;
  86E0 : FF;
  86E1 : FF;
  86E2 : FF;
  86E3 : FF;
  86E4 : FF;
  86E5 : FF;
  86E6 : FF;
  86E7 : FF;
  86E8 : FF;
  86E9 : FF;
  86EA : FF;
  86EB : FF;
  86EC : FF;
  86ED : FF;
  86EE : FF;
  86EF : FF;
  86F0 : FF;
  86F1 : FF;
  86F2 : FF;
  86F3 : FF;
  86F4 : FF;
  86F5 : FF;
  86F6 : FF;
  86F7 : FF;
  86F8 : FF;
  86F9 : FF;
  86FA : FF;
  86FB : FF;
  86FC : FF;
  86FD : FF;
  86FE : FF;
  86FF : FF;
  8700 : FF;
  8701 : FF;
  8702 : FF;
  8703 : FF;
  8704 : FF;
  8705 : FF;
  8706 : FF;
  8707 : FF;
  8708 : FF;
  8709 : FF;
  870A : FF;
  870B : FF;
  870C : FF;
  870D : FF;
  870E : FF;
  870F : FF;
  8710 : FF;
  8711 : FF;
  8712 : FF;
  8713 : FF;
  8714 : FF;
  8715 : FF;
  8716 : FF;
  8717 : FF;
  8718 : FF;
  8719 : FF;
  871A : FF;
  871B : FF;
  871C : FF;
  871D : FF;
  871E : FF;
  871F : FF;
  8720 : FF;
  8721 : FF;
  8722 : FF;
  8723 : FF;
  8724 : FF;
  8725 : FF;
  8726 : FF;
  8727 : FF;
  8728 : FF;
  8729 : FF;
  872A : FF;
  872B : FF;
  872C : FF;
  872D : FF;
  872E : FF;
  872F : FF;
  8730 : FF;
  8731 : FF;
  8732 : FF;
  8733 : FF;
  8734 : FF;
  8735 : FF;
  8736 : FF;
  8737 : FF;
  8738 : FF;
  8739 : FF;
  873A : FF;
  873B : FF;
  873C : FF;
  873D : FF;
  873E : FF;
  873F : FF;
  8740 : FF;
  8741 : FF;
  8742 : FF;
  8743 : FF;
  8744 : FF;
  8745 : FF;
  8746 : FF;
  8747 : FF;
  8748 : FF;
  8749 : FF;
  874A : FF;
  874B : FF;
  874C : FF;
  874D : FF;
  874E : FF;
  874F : FF;
  8750 : FF;
  8751 : FF;
  8752 : FF;
  8753 : FF;
  8754 : FF;
  8755 : FF;
  8756 : FF;
  8757 : FF;
  8758 : FF;
  8759 : FF;
  875A : FF;
  875B : FF;
  875C : FF;
  875D : FF;
  875E : FF;
  875F : FF;
  8760 : FF;
  8761 : FF;
  8762 : FF;
  8763 : FF;
  8764 : FF;
  8765 : FF;
  8766 : FF;
  8767 : FF;
  8768 : FF;
  8769 : FF;
  876A : FF;
  876B : FF;
  876C : FF;
  876D : FF;
  876E : FF;
  876F : FF;
  8770 : FF;
  8771 : FF;
  8772 : FF;
  8773 : FF;
  8774 : FF;
  8775 : FF;
  8776 : FF;
  8777 : FF;
  8778 : FF;
  8779 : FF;
  877A : FF;
  877B : FF;
  877C : FF;
  877D : FF;
  877E : FF;
  877F : FF;
  8780 : FF;
  8781 : FF;
  8782 : FF;
  8783 : FF;
  8784 : FF;
  8785 : FF;
  8786 : FF;
  8787 : FF;
  8788 : FF;
  8789 : FF;
  878A : FF;
  878B : FF;
  878C : FF;
  878D : FF;
  878E : FF;
  878F : FF;
  8790 : FF;
  8791 : FF;
  8792 : FF;
  8793 : FF;
  8794 : FF;
  8795 : FF;
  8796 : FF;
  8797 : FF;
  8798 : FF;
  8799 : FF;
  879A : FF;
  879B : FF;
  879C : FF;
  879D : FF;
  879E : FF;
  879F : FF;
  87A0 : FF;
  87A1 : FF;
  87A2 : FF;
  87A3 : FF;
  87A4 : FF;
  87A5 : FF;
  87A6 : FF;
  87A7 : FF;
  87A8 : FF;
  87A9 : FF;
  87AA : FF;
  87AB : FF;
  87AC : FF;
  87AD : FF;
  87AE : FF;
  87AF : FF;
  87B0 : FF;
  87B1 : FF;
  87B2 : FF;
  87B3 : FF;
  87B4 : FF;
  87B5 : FF;
  87B6 : FF;
  87B7 : FF;
  87B8 : FF;
  87B9 : FF;
  87BA : FF;
  87BB : FF;
  87BC : FF;
  87BD : FF;
  87BE : FF;
  87BF : FF;
  87C0 : FF;
  87C1 : FF;
  87C2 : FF;
  87C3 : FF;
  87C4 : FF;
  87C5 : FF;
  87C6 : FF;
  87C7 : FF;
  87C8 : FF;
  87C9 : FF;
  87CA : FF;
  87CB : FF;
  87CC : FF;
  87CD : FF;
  87CE : FF;
  87CF : FF;
  87D0 : FF;
  87D1 : FF;
  87D2 : FF;
  87D3 : FF;
  87D4 : FF;
  87D5 : FF;
  87D6 : FF;
  87D7 : FF;
  87D8 : FF;
  87D9 : FF;
  87DA : FF;
  87DB : FF;
  87DC : FF;
  87DD : FF;
  87DE : FF;
  87DF : FF;
  87E0 : FF;
  87E1 : FF;
  87E2 : FF;
  87E3 : FF;
  87E4 : FF;
  87E5 : FF;
  87E6 : FF;
  87E7 : FF;
  87E8 : FF;
  87E9 : FF;
  87EA : FF;
  87EB : FF;
  87EC : FF;
  87ED : FF;
  87EE : FF;
  87EF : FF;
  87F0 : FF;
  87F1 : FF;
  87F2 : FF;
  87F3 : FF;
  87F4 : FF;
  87F5 : FF;
  87F6 : FF;
  87F7 : FF;
  87F8 : FF;
  87F9 : FF;
  87FA : FF;
  87FB : FF;
  87FC : FF;
  87FD : FF;
  87FE : FF;
  87FF : FF;
  8800 : FF;
  8801 : FF;
  8802 : FF;
  8803 : FF;
  8804 : FF;
  8805 : FF;
  8806 : FF;
  8807 : FF;
  8808 : FF;
  8809 : FF;
  880A : FF;
  880B : FF;
  880C : FF;
  880D : FF;
  880E : FF;
  880F : FF;
  8810 : FF;
  8811 : FF;
  8812 : FF;
  8813 : FF;
  8814 : FF;
  8815 : FF;
  8816 : FF;
  8817 : FF;
  8818 : FF;
  8819 : FF;
  881A : FF;
  881B : FF;
  881C : FF;
  881D : FF;
  881E : FF;
  881F : FF;
  8820 : FF;
  8821 : FF;
  8822 : FF;
  8823 : FF;
  8824 : FF;
  8825 : FF;
  8826 : FF;
  8827 : FF;
  8828 : FF;
  8829 : FF;
  882A : FF;
  882B : FF;
  882C : FF;
  882D : FF;
  882E : FF;
  882F : FF;
  8830 : FF;
  8831 : FF;
  8832 : FF;
  8833 : FF;
  8834 : FF;
  8835 : FF;
  8836 : FF;
  8837 : FF;
  8838 : FF;
  8839 : FF;
  883A : FF;
  883B : FF;
  883C : FF;
  883D : FF;
  883E : FF;
  883F : FF;
  8840 : FF;
  8841 : FF;
  8842 : FF;
  8843 : FF;
  8844 : FF;
  8845 : FF;
  8846 : FF;
  8847 : FF;
  8848 : FF;
  8849 : FF;
  884A : FF;
  884B : FF;
  884C : FF;
  884D : FF;
  884E : FF;
  884F : FF;
  8850 : FF;
  8851 : FF;
  8852 : FF;
  8853 : FF;
  8854 : FF;
  8855 : FF;
  8856 : FF;
  8857 : FF;
  8858 : FF;
  8859 : FF;
  885A : FF;
  885B : FF;
  885C : FF;
  885D : FF;
  885E : FF;
  885F : FF;
  8860 : FF;
  8861 : FF;
  8862 : FF;
  8863 : FF;
  8864 : FF;
  8865 : FF;
  8866 : FF;
  8867 : FF;
  8868 : FF;
  8869 : FF;
  886A : FF;
  886B : FF;
  886C : FF;
  886D : FF;
  886E : FF;
  886F : FF;
  8870 : FF;
  8871 : FF;
  8872 : FF;
  8873 : FF;
  8874 : FF;
  8875 : FF;
  8876 : FF;
  8877 : FF;
  8878 : FF;
  8879 : FF;
  887A : FF;
  887B : FF;
  887C : FF;
  887D : FF;
  887E : FF;
  887F : FF;
  8880 : FF;
  8881 : FF;
  8882 : FF;
  8883 : FF;
  8884 : FF;
  8885 : FF;
  8886 : FF;
  8887 : FF;
  8888 : FF;
  8889 : FF;
  888A : FF;
  888B : FF;
  888C : FF;
  888D : FF;
  888E : FF;
  888F : FF;
  8890 : FF;
  8891 : FF;
  8892 : FF;
  8893 : FF;
  8894 : FF;
  8895 : FF;
  8896 : FF;
  8897 : FF;
  8898 : FF;
  8899 : FF;
  889A : FF;
  889B : FF;
  889C : FF;
  889D : FF;
  889E : FF;
  889F : FF;
  88A0 : FF;
  88A1 : FF;
  88A2 : FF;
  88A3 : FF;
  88A4 : FF;
  88A5 : FF;
  88A6 : FF;
  88A7 : FF;
  88A8 : FF;
  88A9 : FF;
  88AA : FF;
  88AB : FF;
  88AC : FF;
  88AD : FF;
  88AE : FF;
  88AF : FF;
  88B0 : FF;
  88B1 : FF;
  88B2 : FF;
  88B3 : FF;
  88B4 : FF;
  88B5 : FF;
  88B6 : FF;
  88B7 : FF;
  88B8 : FF;
  88B9 : FF;
  88BA : FF;
  88BB : FF;
  88BC : FF;
  88BD : FF;
  88BE : FF;
  88BF : FF;
  88C0 : FF;
  88C1 : FF;
  88C2 : FF;
  88C3 : FF;
  88C4 : FF;
  88C5 : FF;
  88C6 : FF;
  88C7 : FF;
  88C8 : FF;
  88C9 : FF;
  88CA : FF;
  88CB : FF;
  88CC : FF;
  88CD : FF;
  88CE : FF;
  88CF : FF;
  88D0 : FF;
  88D1 : FF;
  88D2 : FF;
  88D3 : FF;
  88D4 : FF;
  88D5 : FF;
  88D6 : FF;
  88D7 : FF;
  88D8 : FF;
  88D9 : FF;
  88DA : FF;
  88DB : FF;
  88DC : FF;
  88DD : FF;
  88DE : FF;
  88DF : FF;
  88E0 : FF;
  88E1 : FF;
  88E2 : FF;
  88E3 : FF;
  88E4 : FF;
  88E5 : FF;
  88E6 : FF;
  88E7 : FF;
  88E8 : FF;
  88E9 : FF;
  88EA : FF;
  88EB : FF;
  88EC : FF;
  88ED : FF;
  88EE : FF;
  88EF : FF;
  88F0 : FF;
  88F1 : FF;
  88F2 : FF;
  88F3 : FF;
  88F4 : FF;
  88F5 : FF;
  88F6 : FF;
  88F7 : FF;
  88F8 : FF;
  88F9 : FF;
  88FA : FF;
  88FB : FF;
  88FC : FF;
  88FD : FF;
  88FE : FF;
  88FF : FF;
  8900 : FF;
  8901 : FF;
  8902 : FF;
  8903 : FF;
  8904 : FF;
  8905 : FF;
  8906 : FF;
  8907 : FF;
  8908 : FF;
  8909 : FF;
  890A : FF;
  890B : FF;
  890C : FF;
  890D : FF;
  890E : FF;
  890F : FF;
  8910 : FF;
  8911 : FF;
  8912 : FF;
  8913 : FF;
  8914 : FF;
  8915 : FF;
  8916 : FF;
  8917 : FF;
  8918 : FF;
  8919 : FF;
  891A : FF;
  891B : FF;
  891C : FF;
  891D : FF;
  891E : FF;
  891F : FF;
  8920 : FF;
  8921 : FF;
  8922 : FF;
  8923 : FF;
  8924 : FF;
  8925 : FF;
  8926 : FF;
  8927 : FF;
  8928 : FF;
  8929 : FF;
  892A : FF;
  892B : FF;
  892C : FF;
  892D : FF;
  892E : FF;
  892F : FF;
  8930 : FF;
  8931 : FF;
  8932 : FF;
  8933 : FF;
  8934 : FF;
  8935 : FF;
  8936 : FF;
  8937 : FF;
  8938 : FF;
  8939 : FF;
  893A : FF;
  893B : FF;
  893C : FF;
  893D : FF;
  893E : FF;
  893F : FF;
  8940 : FF;
  8941 : FF;
  8942 : FF;
  8943 : FF;
  8944 : FF;
  8945 : FF;
  8946 : FF;
  8947 : FF;
  8948 : FF;
  8949 : FF;
  894A : FF;
  894B : FF;
  894C : FF;
  894D : FF;
  894E : FF;
  894F : FF;
  8950 : FF;
  8951 : FF;
  8952 : FF;
  8953 : FF;
  8954 : FF;
  8955 : FF;
  8956 : FF;
  8957 : FF;
  8958 : FF;
  8959 : FF;
  895A : FF;
  895B : FF;
  895C : FF;
  895D : FF;
  895E : FF;
  895F : FF;
  8960 : FF;
  8961 : FF;
  8962 : FF;
  8963 : FF;
  8964 : FF;
  8965 : FF;
  8966 : FF;
  8967 : FF;
  8968 : FF;
  8969 : FF;
  896A : FF;
  896B : FF;
  896C : FF;
  896D : FF;
  896E : FF;
  896F : FF;
  8970 : FF;
  8971 : FF;
  8972 : FF;
  8973 : FF;
  8974 : FF;
  8975 : FF;
  8976 : FF;
  8977 : FF;
  8978 : FF;
  8979 : FF;
  897A : FF;
  897B : FF;
  897C : FF;
  897D : FF;
  897E : FF;
  897F : FF;
  8980 : FF;
  8981 : FF;
  8982 : FF;
  8983 : FF;
  8984 : FF;
  8985 : FF;
  8986 : FF;
  8987 : FF;
  8988 : FF;
  8989 : FF;
  898A : FF;
  898B : FF;
  898C : FF;
  898D : FF;
  898E : FF;
  898F : FF;
  8990 : FF;
  8991 : FF;
  8992 : FF;
  8993 : FF;
  8994 : FF;
  8995 : FF;
  8996 : FF;
  8997 : FF;
  8998 : FF;
  8999 : FF;
  899A : FF;
  899B : FF;
  899C : FF;
  899D : FF;
  899E : FF;
  899F : FF;
  89A0 : FF;
  89A1 : FF;
  89A2 : FF;
  89A3 : FF;
  89A4 : FF;
  89A5 : FF;
  89A6 : FF;
  89A7 : FF;
  89A8 : FF;
  89A9 : FF;
  89AA : FF;
  89AB : FF;
  89AC : FF;
  89AD : FF;
  89AE : FF;
  89AF : FF;
  89B0 : FF;
  89B1 : FF;
  89B2 : FF;
  89B3 : FF;
  89B4 : FF;
  89B5 : FF;
  89B6 : FF;
  89B7 : FF;
  89B8 : FF;
  89B9 : FF;
  89BA : FF;
  89BB : FF;
  89BC : FF;
  89BD : FF;
  89BE : FF;
  89BF : FF;
  89C0 : FF;
  89C1 : FF;
  89C2 : FF;
  89C3 : FF;
  89C4 : FF;
  89C5 : FF;
  89C6 : FF;
  89C7 : FF;
  89C8 : FF;
  89C9 : FF;
  89CA : FF;
  89CB : FF;
  89CC : FF;
  89CD : FF;
  89CE : FF;
  89CF : FF;
  89D0 : FF;
  89D1 : FF;
  89D2 : FF;
  89D3 : FF;
  89D4 : FF;
  89D5 : FF;
  89D6 : FF;
  89D7 : FF;
  89D8 : FF;
  89D9 : FF;
  89DA : FF;
  89DB : FF;
  89DC : FF;
  89DD : FF;
  89DE : FF;
  89DF : FF;
  89E0 : FF;
  89E1 : FF;
  89E2 : FF;
  89E3 : FF;
  89E4 : FF;
  89E5 : FF;
  89E6 : FF;
  89E7 : FF;
  89E8 : FF;
  89E9 : FF;
  89EA : FF;
  89EB : FF;
  89EC : FF;
  89ED : FF;
  89EE : FF;
  89EF : FF;
  89F0 : FF;
  89F1 : FF;
  89F2 : FF;
  89F3 : FF;
  89F4 : FF;
  89F5 : FF;
  89F6 : FF;
  89F7 : FF;
  89F8 : FF;
  89F9 : FF;
  89FA : FF;
  89FB : FF;
  89FC : FF;
  89FD : FF;
  89FE : FF;
  89FF : FF;
  8A00 : FF;
  8A01 : FF;
  8A02 : FF;
  8A03 : FF;
  8A04 : FF;
  8A05 : FF;
  8A06 : FF;
  8A07 : FF;
  8A08 : FF;
  8A09 : FF;
  8A0A : FF;
  8A0B : FF;
  8A0C : FF;
  8A0D : FF;
  8A0E : FF;
  8A0F : FF;
  8A10 : FF;
  8A11 : FF;
  8A12 : FF;
  8A13 : FF;
  8A14 : FF;
  8A15 : FF;
  8A16 : FF;
  8A17 : FF;
  8A18 : FF;
  8A19 : FF;
  8A1A : FF;
  8A1B : FF;
  8A1C : FF;
  8A1D : FF;
  8A1E : FF;
  8A1F : FF;
  8A20 : FF;
  8A21 : FF;
  8A22 : FF;
  8A23 : FF;
  8A24 : FF;
  8A25 : FF;
  8A26 : FF;
  8A27 : FF;
  8A28 : FF;
  8A29 : FF;
  8A2A : FF;
  8A2B : FF;
  8A2C : FF;
  8A2D : FF;
  8A2E : FF;
  8A2F : FF;
  8A30 : FF;
  8A31 : FF;
  8A32 : FF;
  8A33 : FF;
  8A34 : FF;
  8A35 : FF;
  8A36 : FF;
  8A37 : FF;
  8A38 : FF;
  8A39 : FF;
  8A3A : FF;
  8A3B : FF;
  8A3C : FF;
  8A3D : FF;
  8A3E : FF;
  8A3F : FF;
  8A40 : FF;
  8A41 : FF;
  8A42 : FF;
  8A43 : FF;
  8A44 : FF;
  8A45 : FF;
  8A46 : FF;
  8A47 : FF;
  8A48 : FF;
  8A49 : FF;
  8A4A : FF;
  8A4B : FF;
  8A4C : FF;
  8A4D : FF;
  8A4E : FF;
  8A4F : FF;
  8A50 : FF;
  8A51 : FF;
  8A52 : FF;
  8A53 : FF;
  8A54 : FF;
  8A55 : FF;
  8A56 : FF;
  8A57 : FF;
  8A58 : FF;
  8A59 : FF;
  8A5A : FF;
  8A5B : FF;
  8A5C : FF;
  8A5D : FF;
  8A5E : FF;
  8A5F : FF;
  8A60 : FF;
  8A61 : FF;
  8A62 : FF;
  8A63 : FF;
  8A64 : FF;
  8A65 : FF;
  8A66 : FF;
  8A67 : FF;
  8A68 : FF;
  8A69 : FF;
  8A6A : FF;
  8A6B : FF;
  8A6C : FF;
  8A6D : FF;
  8A6E : FF;
  8A6F : FF;
  8A70 : FF;
  8A71 : FF;
  8A72 : FF;
  8A73 : FF;
  8A74 : FF;
  8A75 : FF;
  8A76 : FF;
  8A77 : FF;
  8A78 : FF;
  8A79 : FF;
  8A7A : FF;
  8A7B : FF;
  8A7C : FF;
  8A7D : FF;
  8A7E : FF;
  8A7F : FF;
  8A80 : FF;
  8A81 : FF;
  8A82 : FF;
  8A83 : FF;
  8A84 : FF;
  8A85 : FF;
  8A86 : FF;
  8A87 : FF;
  8A88 : FF;
  8A89 : FF;
  8A8A : FF;
  8A8B : FF;
  8A8C : FF;
  8A8D : FF;
  8A8E : FF;
  8A8F : FF;
  8A90 : FF;
  8A91 : FF;
  8A92 : FF;
  8A93 : FF;
  8A94 : FF;
  8A95 : FF;
  8A96 : FF;
  8A97 : FF;
  8A98 : FF;
  8A99 : FF;
  8A9A : FF;
  8A9B : FF;
  8A9C : FF;
  8A9D : FF;
  8A9E : FF;
  8A9F : FF;
  8AA0 : FF;
  8AA1 : FF;
  8AA2 : FF;
  8AA3 : FF;
  8AA4 : FF;
  8AA5 : FF;
  8AA6 : FF;
  8AA7 : FF;
  8AA8 : FF;
  8AA9 : FF;
  8AAA : FF;
  8AAB : FF;
  8AAC : FF;
  8AAD : FF;
  8AAE : FF;
  8AAF : FF;
  8AB0 : FF;
  8AB1 : FF;
  8AB2 : FF;
  8AB3 : FF;
  8AB4 : FF;
  8AB5 : FF;
  8AB6 : FF;
  8AB7 : FF;
  8AB8 : FF;
  8AB9 : FF;
  8ABA : FF;
  8ABB : FF;
  8ABC : FF;
  8ABD : FF;
  8ABE : FF;
  8ABF : FF;
  8AC0 : FF;
  8AC1 : FF;
  8AC2 : FF;
  8AC3 : FF;
  8AC4 : FF;
  8AC5 : FF;
  8AC6 : FF;
  8AC7 : FF;
  8AC8 : FF;
  8AC9 : FF;
  8ACA : FF;
  8ACB : FF;
  8ACC : FF;
  8ACD : FF;
  8ACE : FF;
  8ACF : FF;
  8AD0 : FF;
  8AD1 : FF;
  8AD2 : FF;
  8AD3 : FF;
  8AD4 : FF;
  8AD5 : FF;
  8AD6 : FF;
  8AD7 : FF;
  8AD8 : FF;
  8AD9 : FF;
  8ADA : FF;
  8ADB : FF;
  8ADC : FF;
  8ADD : FF;
  8ADE : FF;
  8ADF : FF;
  8AE0 : FF;
  8AE1 : FF;
  8AE2 : FF;
  8AE3 : FF;
  8AE4 : FF;
  8AE5 : FF;
  8AE6 : FF;
  8AE7 : FF;
  8AE8 : FF;
  8AE9 : FF;
  8AEA : FF;
  8AEB : FF;
  8AEC : FF;
  8AED : FF;
  8AEE : FF;
  8AEF : FF;
  8AF0 : FF;
  8AF1 : FF;
  8AF2 : FF;
  8AF3 : FF;
  8AF4 : FF;
  8AF5 : FF;
  8AF6 : FF;
  8AF7 : FF;
  8AF8 : FF;
  8AF9 : FF;
  8AFA : FF;
  8AFB : FF;
  8AFC : FF;
  8AFD : FF;
  8AFE : FF;
  8AFF : FF;
  8B00 : FF;
  8B01 : FF;
  8B02 : FF;
  8B03 : FF;
  8B04 : FF;
  8B05 : FF;
  8B06 : FF;
  8B07 : FF;
  8B08 : FF;
  8B09 : FF;
  8B0A : FF;
  8B0B : FF;
  8B0C : FF;
  8B0D : FF;
  8B0E : FF;
  8B0F : FF;
  8B10 : FF;
  8B11 : FF;
  8B12 : FF;
  8B13 : FF;
  8B14 : FF;
  8B15 : FF;
  8B16 : FF;
  8B17 : FF;
  8B18 : FF;
  8B19 : FF;
  8B1A : FF;
  8B1B : FF;
  8B1C : FF;
  8B1D : FF;
  8B1E : FF;
  8B1F : FF;
  8B20 : FF;
  8B21 : FF;
  8B22 : FF;
  8B23 : FF;
  8B24 : FF;
  8B25 : FF;
  8B26 : FF;
  8B27 : FF;
  8B28 : FF;
  8B29 : FF;
  8B2A : FF;
  8B2B : FF;
  8B2C : FF;
  8B2D : FF;
  8B2E : FF;
  8B2F : FF;
  8B30 : FF;
  8B31 : FF;
  8B32 : FF;
  8B33 : FF;
  8B34 : FF;
  8B35 : FF;
  8B36 : FF;
  8B37 : FF;
  8B38 : FF;
  8B39 : FF;
  8B3A : FF;
  8B3B : FF;
  8B3C : FF;
  8B3D : FF;
  8B3E : FF;
  8B3F : FF;
  8B40 : FF;
  8B41 : FF;
  8B42 : FF;
  8B43 : FF;
  8B44 : FF;
  8B45 : FF;
  8B46 : FF;
  8B47 : FF;
  8B48 : FF;
  8B49 : FF;
  8B4A : FF;
  8B4B : FF;
  8B4C : FF;
  8B4D : FF;
  8B4E : FF;
  8B4F : FF;
  8B50 : FF;
  8B51 : FF;
  8B52 : FF;
  8B53 : FF;
  8B54 : FF;
  8B55 : FF;
  8B56 : FF;
  8B57 : FF;
  8B58 : FF;
  8B59 : FF;
  8B5A : FF;
  8B5B : FF;
  8B5C : FF;
  8B5D : FF;
  8B5E : FF;
  8B5F : FF;
  8B60 : FF;
  8B61 : FF;
  8B62 : FF;
  8B63 : FF;
  8B64 : FF;
  8B65 : FF;
  8B66 : FF;
  8B67 : FF;
  8B68 : FF;
  8B69 : FF;
  8B6A : FF;
  8B6B : FF;
  8B6C : FF;
  8B6D : FF;
  8B6E : FF;
  8B6F : FF;
  8B70 : FF;
  8B71 : FF;
  8B72 : FF;
  8B73 : FF;
  8B74 : FF;
  8B75 : FF;
  8B76 : FF;
  8B77 : FF;
  8B78 : FF;
  8B79 : FF;
  8B7A : FF;
  8B7B : FF;
  8B7C : FF;
  8B7D : FF;
  8B7E : FF;
  8B7F : FF;
  8B80 : FF;
  8B81 : FF;
  8B82 : FF;
  8B83 : FF;
  8B84 : FF;
  8B85 : FF;
  8B86 : FF;
  8B87 : FF;
  8B88 : FF;
  8B89 : FF;
  8B8A : FF;
  8B8B : FF;
  8B8C : FF;
  8B8D : FF;
  8B8E : FF;
  8B8F : FF;
  8B90 : FF;
  8B91 : FF;
  8B92 : FF;
  8B93 : FF;
  8B94 : FF;
  8B95 : FF;
  8B96 : FF;
  8B97 : FF;
  8B98 : FF;
  8B99 : FF;
  8B9A : FF;
  8B9B : FF;
  8B9C : FF;
  8B9D : FF;
  8B9E : FF;
  8B9F : FF;
  8BA0 : FF;
  8BA1 : FF;
  8BA2 : FF;
  8BA3 : FF;
  8BA4 : FF;
  8BA5 : FF;
  8BA6 : FF;
  8BA7 : FF;
  8BA8 : FF;
  8BA9 : FF;
  8BAA : FF;
  8BAB : FF;
  8BAC : FF;
  8BAD : FF;
  8BAE : FF;
  8BAF : FF;
  8BB0 : FF;
  8BB1 : FF;
  8BB2 : FF;
  8BB3 : FF;
  8BB4 : FF;
  8BB5 : FF;
  8BB6 : FF;
  8BB7 : FF;
  8BB8 : FF;
  8BB9 : FF;
  8BBA : FF;
  8BBB : FF;
  8BBC : FF;
  8BBD : FF;
  8BBE : FF;
  8BBF : FF;
  8BC0 : FF;
  8BC1 : FF;
  8BC2 : FF;
  8BC3 : FF;
  8BC4 : FF;
  8BC5 : FF;
  8BC6 : FF;
  8BC7 : FF;
  8BC8 : FF;
  8BC9 : FF;
  8BCA : FF;
  8BCB : FF;
  8BCC : FF;
  8BCD : FF;
  8BCE : FF;
  8BCF : FF;
  8BD0 : FF;
  8BD1 : FF;
  8BD2 : FF;
  8BD3 : FF;
  8BD4 : FF;
  8BD5 : FF;
  8BD6 : FF;
  8BD7 : FF;
  8BD8 : FF;
  8BD9 : FF;
  8BDA : FF;
  8BDB : FF;
  8BDC : FF;
  8BDD : FF;
  8BDE : FF;
  8BDF : FF;
  8BE0 : FF;
  8BE1 : FF;
  8BE2 : FF;
  8BE3 : FF;
  8BE4 : FF;
  8BE5 : FF;
  8BE6 : FF;
  8BE7 : FF;
  8BE8 : FF;
  8BE9 : FF;
  8BEA : FF;
  8BEB : FF;
  8BEC : FF;
  8BED : FF;
  8BEE : FF;
  8BEF : FF;
  8BF0 : FF;
  8BF1 : FF;
  8BF2 : FF;
  8BF3 : FF;
  8BF4 : FF;
  8BF5 : FF;
  8BF6 : FF;
  8BF7 : FF;
  8BF8 : FF;
  8BF9 : FF;
  8BFA : FF;
  8BFB : FF;
  8BFC : FF;
  8BFD : FF;
  8BFE : FF;
  8BFF : FF;
  8C00 : FF;
  8C01 : FF;
  8C02 : FF;
  8C03 : FF;
  8C04 : FF;
  8C05 : FF;
  8C06 : FF;
  8C07 : FF;
  8C08 : FF;
  8C09 : FF;
  8C0A : FF;
  8C0B : FF;
  8C0C : FF;
  8C0D : FF;
  8C0E : FF;
  8C0F : FF;
  8C10 : FF;
  8C11 : FF;
  8C12 : FF;
  8C13 : FF;
  8C14 : FF;
  8C15 : FF;
  8C16 : FF;
  8C17 : FF;
  8C18 : FF;
  8C19 : FF;
  8C1A : FF;
  8C1B : FF;
  8C1C : FF;
  8C1D : FF;
  8C1E : FF;
  8C1F : FF;
  8C20 : FF;
  8C21 : FF;
  8C22 : FF;
  8C23 : FF;
  8C24 : FF;
  8C25 : FF;
  8C26 : FF;
  8C27 : FF;
  8C28 : FF;
  8C29 : FF;
  8C2A : FF;
  8C2B : FF;
  8C2C : FF;
  8C2D : FF;
  8C2E : FF;
  8C2F : FF;
  8C30 : FF;
  8C31 : FF;
  8C32 : FF;
  8C33 : FF;
  8C34 : FF;
  8C35 : FF;
  8C36 : FF;
  8C37 : FF;
  8C38 : FF;
  8C39 : FF;
  8C3A : FF;
  8C3B : FF;
  8C3C : FF;
  8C3D : FF;
  8C3E : FF;
  8C3F : FF;
  8C40 : FF;
  8C41 : FF;
  8C42 : FF;
  8C43 : FF;
  8C44 : FF;
  8C45 : FF;
  8C46 : FF;
  8C47 : FF;
  8C48 : FF;
  8C49 : FF;
  8C4A : FF;
  8C4B : FF;
  8C4C : FF;
  8C4D : FF;
  8C4E : FF;
  8C4F : FF;
  8C50 : FF;
  8C51 : FF;
  8C52 : FF;
  8C53 : FF;
  8C54 : FF;
  8C55 : FF;
  8C56 : FF;
  8C57 : FF;
  8C58 : FF;
  8C59 : FF;
  8C5A : FF;
  8C5B : FF;
  8C5C : FF;
  8C5D : FF;
  8C5E : FF;
  8C5F : FF;
  8C60 : FF;
  8C61 : FF;
  8C62 : FF;
  8C63 : FF;
  8C64 : FF;
  8C65 : FF;
  8C66 : FF;
  8C67 : FF;
  8C68 : FF;
  8C69 : FF;
  8C6A : FF;
  8C6B : FF;
  8C6C : FF;
  8C6D : FF;
  8C6E : FF;
  8C6F : FF;
  8C70 : FF;
  8C71 : FF;
  8C72 : FF;
  8C73 : FF;
  8C74 : FF;
  8C75 : FF;
  8C76 : FF;
  8C77 : FF;
  8C78 : FF;
  8C79 : FF;
  8C7A : FF;
  8C7B : FF;
  8C7C : FF;
  8C7D : FF;
  8C7E : FF;
  8C7F : FF;
  8C80 : FF;
  8C81 : FF;
  8C82 : FF;
  8C83 : FF;
  8C84 : FF;
  8C85 : FF;
  8C86 : FF;
  8C87 : FF;
  8C88 : FF;
  8C89 : FF;
  8C8A : FF;
  8C8B : FF;
  8C8C : FF;
  8C8D : FF;
  8C8E : FF;
  8C8F : FF;
  8C90 : FF;
  8C91 : FF;
  8C92 : FF;
  8C93 : FF;
  8C94 : FF;
  8C95 : FF;
  8C96 : FF;
  8C97 : FF;
  8C98 : FF;
  8C99 : FF;
  8C9A : FF;
  8C9B : FF;
  8C9C : FF;
  8C9D : FF;
  8C9E : FF;
  8C9F : FF;
  8CA0 : FF;
  8CA1 : FF;
  8CA2 : FF;
  8CA3 : FF;
  8CA4 : FF;
  8CA5 : FF;
  8CA6 : FF;
  8CA7 : FF;
  8CA8 : FF;
  8CA9 : FF;
  8CAA : FF;
  8CAB : FF;
  8CAC : FF;
  8CAD : FF;
  8CAE : FF;
  8CAF : FF;
  8CB0 : FF;
  8CB1 : FF;
  8CB2 : FF;
  8CB3 : FF;
  8CB4 : FF;
  8CB5 : FF;
  8CB6 : FF;
  8CB7 : FF;
  8CB8 : FF;
  8CB9 : FF;
  8CBA : FF;
  8CBB : FF;
  8CBC : FF;
  8CBD : FF;
  8CBE : FF;
  8CBF : FF;
  8CC0 : FF;
  8CC1 : FF;
  8CC2 : FF;
  8CC3 : FF;
  8CC4 : FF;
  8CC5 : FF;
  8CC6 : FF;
  8CC7 : FF;
  8CC8 : FF;
  8CC9 : FF;
  8CCA : FF;
  8CCB : FF;
  8CCC : FF;
  8CCD : FF;
  8CCE : FF;
  8CCF : FF;
  8CD0 : FF;
  8CD1 : FF;
  8CD2 : FF;
  8CD3 : FF;
  8CD4 : FF;
  8CD5 : FF;
  8CD6 : FF;
  8CD7 : FF;
  8CD8 : FF;
  8CD9 : FF;
  8CDA : FF;
  8CDB : FF;
  8CDC : FF;
  8CDD : FF;
  8CDE : FF;
  8CDF : FF;
  8CE0 : FF;
  8CE1 : FF;
  8CE2 : FF;
  8CE3 : FF;
  8CE4 : FF;
  8CE5 : FF;
  8CE6 : FF;
  8CE7 : FF;
  8CE8 : FF;
  8CE9 : FF;
  8CEA : FF;
  8CEB : FF;
  8CEC : FF;
  8CED : FF;
  8CEE : FF;
  8CEF : FF;
  8CF0 : FF;
  8CF1 : FF;
  8CF2 : FF;
  8CF3 : FF;
  8CF4 : FF;
  8CF5 : FF;
  8CF6 : FF;
  8CF7 : FF;
  8CF8 : FF;
  8CF9 : FF;
  8CFA : FF;
  8CFB : FF;
  8CFC : FF;
  8CFD : FF;
  8CFE : FF;
  8CFF : FF;
  8D00 : FF;
  8D01 : FF;
  8D02 : FF;
  8D03 : FF;
  8D04 : FF;
  8D05 : FF;
  8D06 : FF;
  8D07 : FF;
  8D08 : FF;
  8D09 : FF;
  8D0A : FF;
  8D0B : FF;
  8D0C : FF;
  8D0D : FF;
  8D0E : FF;
  8D0F : FF;
  8D10 : FF;
  8D11 : FF;
  8D12 : FF;
  8D13 : FF;
  8D14 : FF;
  8D15 : FF;
  8D16 : FF;
  8D17 : FF;
  8D18 : FF;
  8D19 : FF;
  8D1A : FF;
  8D1B : FF;
  8D1C : FF;
  8D1D : FF;
  8D1E : FF;
  8D1F : FF;
  8D20 : FF;
  8D21 : FF;
  8D22 : FF;
  8D23 : FF;
  8D24 : FF;
  8D25 : FF;
  8D26 : FF;
  8D27 : FF;
  8D28 : FF;
  8D29 : FF;
  8D2A : FF;
  8D2B : FF;
  8D2C : FF;
  8D2D : FF;
  8D2E : FF;
  8D2F : FF;
  8D30 : FF;
  8D31 : FF;
  8D32 : FF;
  8D33 : FF;
  8D34 : FF;
  8D35 : FF;
  8D36 : FF;
  8D37 : FF;
  8D38 : FF;
  8D39 : FF;
  8D3A : FF;
  8D3B : FF;
  8D3C : FF;
  8D3D : FF;
  8D3E : FF;
  8D3F : FF;
  8D40 : FF;
  8D41 : FF;
  8D42 : FF;
  8D43 : FF;
  8D44 : FF;
  8D45 : FF;
  8D46 : FF;
  8D47 : FF;
  8D48 : FF;
  8D49 : FF;
  8D4A : FF;
  8D4B : FF;
  8D4C : FF;
  8D4D : FF;
  8D4E : FF;
  8D4F : FF;
  8D50 : FF;
  8D51 : FF;
  8D52 : FF;
  8D53 : FF;
  8D54 : FF;
  8D55 : FF;
  8D56 : FF;
  8D57 : FF;
  8D58 : FF;
  8D59 : FF;
  8D5A : FF;
  8D5B : FF;
  8D5C : FF;
  8D5D : FF;
  8D5E : FF;
  8D5F : FF;
  8D60 : FF;
  8D61 : FF;
  8D62 : FF;
  8D63 : FF;
  8D64 : FF;
  8D65 : FF;
  8D66 : FF;
  8D67 : FF;
  8D68 : FF;
  8D69 : FF;
  8D6A : FF;
  8D6B : FF;
  8D6C : FF;
  8D6D : FF;
  8D6E : FF;
  8D6F : FF;
  8D70 : FF;
  8D71 : FF;
  8D72 : FF;
  8D73 : FF;
  8D74 : FF;
  8D75 : FF;
  8D76 : FF;
  8D77 : FF;
  8D78 : FF;
  8D79 : FF;
  8D7A : FF;
  8D7B : FF;
  8D7C : FF;
  8D7D : FF;
  8D7E : FF;
  8D7F : FF;
  8D80 : FF;
  8D81 : FF;
  8D82 : FF;
  8D83 : FF;
  8D84 : FF;
  8D85 : FF;
  8D86 : FF;
  8D87 : FF;
  8D88 : FF;
  8D89 : FF;
  8D8A : FF;
  8D8B : FF;
  8D8C : FF;
  8D8D : FF;
  8D8E : FF;
  8D8F : FF;
  8D90 : FF;
  8D91 : FF;
  8D92 : FF;
  8D93 : FF;
  8D94 : FF;
  8D95 : FF;
  8D96 : FF;
  8D97 : FF;
  8D98 : FF;
  8D99 : FF;
  8D9A : FF;
  8D9B : FF;
  8D9C : FF;
  8D9D : FF;
  8D9E : FF;
  8D9F : FF;
  8DA0 : FF;
  8DA1 : FF;
  8DA2 : FF;
  8DA3 : FF;
  8DA4 : FF;
  8DA5 : FF;
  8DA6 : FF;
  8DA7 : FF;
  8DA8 : FF;
  8DA9 : FF;
  8DAA : FF;
  8DAB : FF;
  8DAC : FF;
  8DAD : FF;
  8DAE : FF;
  8DAF : FF;
  8DB0 : FF;
  8DB1 : FF;
  8DB2 : FF;
  8DB3 : FF;
  8DB4 : FF;
  8DB5 : FF;
  8DB6 : FF;
  8DB7 : FF;
  8DB8 : FF;
  8DB9 : FF;
  8DBA : FF;
  8DBB : FF;
  8DBC : FF;
  8DBD : FF;
  8DBE : FF;
  8DBF : FF;
  8DC0 : FF;
  8DC1 : FF;
  8DC2 : FF;
  8DC3 : FF;
  8DC4 : FF;
  8DC5 : FF;
  8DC6 : FF;
  8DC7 : FF;
  8DC8 : FF;
  8DC9 : FF;
  8DCA : FF;
  8DCB : FF;
  8DCC : FF;
  8DCD : FF;
  8DCE : FF;
  8DCF : FF;
  8DD0 : FF;
  8DD1 : FF;
  8DD2 : FF;
  8DD3 : FF;
  8DD4 : FF;
  8DD5 : FF;
  8DD6 : FF;
  8DD7 : FF;
  8DD8 : FF;
  8DD9 : FF;
  8DDA : FF;
  8DDB : FF;
  8DDC : FF;
  8DDD : FF;
  8DDE : FF;
  8DDF : FF;
  8DE0 : FF;
  8DE1 : FF;
  8DE2 : FF;
  8DE3 : FF;
  8DE4 : FF;
  8DE5 : FF;
  8DE6 : FF;
  8DE7 : FF;
  8DE8 : FF;
  8DE9 : FF;
  8DEA : FF;
  8DEB : FF;
  8DEC : FF;
  8DED : FF;
  8DEE : FF;
  8DEF : FF;
  8DF0 : FF;
  8DF1 : FF;
  8DF2 : FF;
  8DF3 : FF;
  8DF4 : FF;
  8DF5 : FF;
  8DF6 : FF;
  8DF7 : FF;
  8DF8 : FF;
  8DF9 : FF;
  8DFA : FF;
  8DFB : FF;
  8DFC : FF;
  8DFD : FF;
  8DFE : FF;
  8DFF : FF;
  8E00 : FF;
  8E01 : FF;
  8E02 : FF;
  8E03 : FF;
  8E04 : FF;
  8E05 : FF;
  8E06 : FF;
  8E07 : FF;
  8E08 : FF;
  8E09 : FF;
  8E0A : FF;
  8E0B : FF;
  8E0C : FF;
  8E0D : FF;
  8E0E : FF;
  8E0F : FF;
  8E10 : FF;
  8E11 : FF;
  8E12 : FF;
  8E13 : FF;
  8E14 : FF;
  8E15 : FF;
  8E16 : FF;
  8E17 : FF;
  8E18 : FF;
  8E19 : FF;
  8E1A : FF;
  8E1B : FF;
  8E1C : FF;
  8E1D : FF;
  8E1E : FF;
  8E1F : FF;
  8E20 : FF;
  8E21 : FF;
  8E22 : FF;
  8E23 : FF;
  8E24 : FF;
  8E25 : FF;
  8E26 : FF;
  8E27 : FF;
  8E28 : FF;
  8E29 : FF;
  8E2A : FF;
  8E2B : FF;
  8E2C : FF;
  8E2D : FF;
  8E2E : FF;
  8E2F : FF;
  8E30 : FF;
  8E31 : FF;
  8E32 : FF;
  8E33 : FF;
  8E34 : FF;
  8E35 : FF;
  8E36 : FF;
  8E37 : FF;
  8E38 : FF;
  8E39 : FF;
  8E3A : FF;
  8E3B : FF;
  8E3C : FF;
  8E3D : FF;
  8E3E : FF;
  8E3F : FF;
  8E40 : FF;
  8E41 : FF;
  8E42 : FF;
  8E43 : FF;
  8E44 : FF;
  8E45 : FF;
  8E46 : FF;
  8E47 : FF;
  8E48 : FF;
  8E49 : FF;
  8E4A : FF;
  8E4B : FF;
  8E4C : FF;
  8E4D : FF;
  8E4E : FF;
  8E4F : FF;
  8E50 : FF;
  8E51 : FF;
  8E52 : FF;
  8E53 : FF;
  8E54 : FF;
  8E55 : FF;
  8E56 : FF;
  8E57 : FF;
  8E58 : FF;
  8E59 : FF;
  8E5A : FF;
  8E5B : FF;
  8E5C : FF;
  8E5D : FF;
  8E5E : FF;
  8E5F : FF;
  8E60 : FF;
  8E61 : FF;
  8E62 : FF;
  8E63 : FF;
  8E64 : FF;
  8E65 : FF;
  8E66 : FF;
  8E67 : FF;
  8E68 : FF;
  8E69 : FF;
  8E6A : FF;
  8E6B : FF;
  8E6C : FF;
  8E6D : FF;
  8E6E : FF;
  8E6F : FF;
  8E70 : FF;
  8E71 : FF;
  8E72 : FF;
  8E73 : FF;
  8E74 : FF;
  8E75 : FF;
  8E76 : FF;
  8E77 : FF;
  8E78 : FF;
  8E79 : FF;
  8E7A : FF;
  8E7B : FF;
  8E7C : FF;
  8E7D : FF;
  8E7E : FF;
  8E7F : FF;
  8E80 : FF;
  8E81 : FF;
  8E82 : FF;
  8E83 : FF;
  8E84 : FF;
  8E85 : FF;
  8E86 : FF;
  8E87 : FF;
  8E88 : FF;
  8E89 : FF;
  8E8A : FF;
  8E8B : FF;
  8E8C : FF;
  8E8D : FF;
  8E8E : FF;
  8E8F : FF;
  8E90 : FF;
  8E91 : FF;
  8E92 : FF;
  8E93 : FF;
  8E94 : FF;
  8E95 : FF;
  8E96 : FF;
  8E97 : FF;
  8E98 : FF;
  8E99 : FF;
  8E9A : FF;
  8E9B : FF;
  8E9C : FF;
  8E9D : FF;
  8E9E : FF;
  8E9F : FF;
  8EA0 : FF;
  8EA1 : FF;
  8EA2 : FF;
  8EA3 : FF;
  8EA4 : FF;
  8EA5 : FF;
  8EA6 : FF;
  8EA7 : FF;
  8EA8 : FF;
  8EA9 : FF;
  8EAA : FF;
  8EAB : FF;
  8EAC : FF;
  8EAD : FF;
  8EAE : FF;
  8EAF : FF;
  8EB0 : FF;
  8EB1 : FF;
  8EB2 : FF;
  8EB3 : FF;
  8EB4 : FF;
  8EB5 : FF;
  8EB6 : FF;
  8EB7 : FF;
  8EB8 : FF;
  8EB9 : FF;
  8EBA : FF;
  8EBB : FF;
  8EBC : FF;
  8EBD : FF;
  8EBE : FF;
  8EBF : FF;
  8EC0 : FF;
  8EC1 : FF;
  8EC2 : FF;
  8EC3 : FF;
  8EC4 : FF;
  8EC5 : FF;
  8EC6 : FF;
  8EC7 : FF;
  8EC8 : FF;
  8EC9 : FF;
  8ECA : FF;
  8ECB : FF;
  8ECC : FF;
  8ECD : FF;
  8ECE : FF;
  8ECF : FF;
  8ED0 : FF;
  8ED1 : FF;
  8ED2 : FF;
  8ED3 : FF;
  8ED4 : FF;
  8ED5 : FF;
  8ED6 : FF;
  8ED7 : FF;
  8ED8 : FF;
  8ED9 : FF;
  8EDA : FF;
  8EDB : FF;
  8EDC : FF;
  8EDD : FF;
  8EDE : FF;
  8EDF : FF;
  8EE0 : FF;
  8EE1 : FF;
  8EE2 : FF;
  8EE3 : FF;
  8EE4 : FF;
  8EE5 : FF;
  8EE6 : FF;
  8EE7 : FF;
  8EE8 : FF;
  8EE9 : FF;
  8EEA : FF;
  8EEB : FF;
  8EEC : FF;
  8EED : FF;
  8EEE : FF;
  8EEF : FF;
  8EF0 : FF;
  8EF1 : FF;
  8EF2 : FF;
  8EF3 : FF;
  8EF4 : FF;
  8EF5 : FF;
  8EF6 : FF;
  8EF7 : FF;
  8EF8 : FF;
  8EF9 : FF;
  8EFA : FF;
  8EFB : FF;
  8EFC : FF;
  8EFD : FF;
  8EFE : FF;
  8EFF : FF;
  8F00 : FF;
  8F01 : FF;
  8F02 : FF;
  8F03 : FF;
  8F04 : FF;
  8F05 : FF;
  8F06 : FF;
  8F07 : FF;
  8F08 : FF;
  8F09 : FF;
  8F0A : FF;
  8F0B : FF;
  8F0C : FF;
  8F0D : FF;
  8F0E : FF;
  8F0F : FF;
  8F10 : FF;
  8F11 : FF;
  8F12 : FF;
  8F13 : FF;
  8F14 : FF;
  8F15 : FF;
  8F16 : FF;
  8F17 : FF;
  8F18 : FF;
  8F19 : FF;
  8F1A : FF;
  8F1B : FF;
  8F1C : FF;
  8F1D : FF;
  8F1E : FF;
  8F1F : FF;
  8F20 : FF;
  8F21 : FF;
  8F22 : FF;
  8F23 : FF;
  8F24 : FF;
  8F25 : FF;
  8F26 : FF;
  8F27 : FF;
  8F28 : FF;
  8F29 : FF;
  8F2A : FF;
  8F2B : FF;
  8F2C : FF;
  8F2D : FF;
  8F2E : FF;
  8F2F : FF;
  8F30 : FF;
  8F31 : FF;
  8F32 : FF;
  8F33 : FF;
  8F34 : FF;
  8F35 : FF;
  8F36 : FF;
  8F37 : FF;
  8F38 : FF;
  8F39 : FF;
  8F3A : FF;
  8F3B : FF;
  8F3C : FF;
  8F3D : FF;
  8F3E : FF;
  8F3F : FF;
  8F40 : FF;
  8F41 : FF;
  8F42 : FF;
  8F43 : FF;
  8F44 : FF;
  8F45 : FF;
  8F46 : FF;
  8F47 : FF;
  8F48 : FF;
  8F49 : FF;
  8F4A : FF;
  8F4B : FF;
  8F4C : FF;
  8F4D : FF;
  8F4E : FF;
  8F4F : FF;
  8F50 : FF;
  8F51 : FF;
  8F52 : FF;
  8F53 : FF;
  8F54 : FF;
  8F55 : FF;
  8F56 : FF;
  8F57 : FF;
  8F58 : FF;
  8F59 : FF;
  8F5A : FF;
  8F5B : FF;
  8F5C : FF;
  8F5D : FF;
  8F5E : FF;
  8F5F : FF;
  8F60 : FF;
  8F61 : FF;
  8F62 : FF;
  8F63 : FF;
  8F64 : FF;
  8F65 : FF;
  8F66 : FF;
  8F67 : FF;
  8F68 : FF;
  8F69 : FF;
  8F6A : FF;
  8F6B : FF;
  8F6C : FF;
  8F6D : FF;
  8F6E : FF;
  8F6F : FF;
  8F70 : FF;
  8F71 : FF;
  8F72 : FF;
  8F73 : FF;
  8F74 : FF;
  8F75 : FF;
  8F76 : FF;
  8F77 : FF;
  8F78 : FF;
  8F79 : FF;
  8F7A : FF;
  8F7B : FF;
  8F7C : FF;
  8F7D : FF;
  8F7E : FF;
  8F7F : FF;
  8F80 : FF;
  8F81 : FF;
  8F82 : FF;
  8F83 : FF;
  8F84 : FF;
  8F85 : FF;
  8F86 : FF;
  8F87 : FF;
  8F88 : FF;
  8F89 : FF;
  8F8A : FF;
  8F8B : FF;
  8F8C : FF;
  8F8D : FF;
  8F8E : FF;
  8F8F : FF;
  8F90 : FF;
  8F91 : FF;
  8F92 : FF;
  8F93 : FF;
  8F94 : FF;
  8F95 : FF;
  8F96 : FF;
  8F97 : FF;
  8F98 : FF;
  8F99 : FF;
  8F9A : FF;
  8F9B : FF;
  8F9C : FF;
  8F9D : FF;
  8F9E : FF;
  8F9F : FF;
  8FA0 : FF;
  8FA1 : FF;
  8FA2 : FF;
  8FA3 : FF;
  8FA4 : FF;
  8FA5 : FF;
  8FA6 : FF;
  8FA7 : FF;
  8FA8 : FF;
  8FA9 : FF;
  8FAA : FF;
  8FAB : FF;
  8FAC : FF;
  8FAD : FF;
  8FAE : FF;
  8FAF : FF;
  8FB0 : FF;
  8FB1 : FF;
  8FB2 : FF;
  8FB3 : FF;
  8FB4 : FF;
  8FB5 : FF;
  8FB6 : FF;
  8FB7 : FF;
  8FB8 : FF;
  8FB9 : FF;
  8FBA : FF;
  8FBB : FF;
  8FBC : FF;
  8FBD : FF;
  8FBE : FF;
  8FBF : FF;
  8FC0 : FF;
  8FC1 : FF;
  8FC2 : FF;
  8FC3 : FF;
  8FC4 : FF;
  8FC5 : FF;
  8FC6 : FF;
  8FC7 : FF;
  8FC8 : FF;
  8FC9 : FF;
  8FCA : FF;
  8FCB : FF;
  8FCC : FF;
  8FCD : FF;
  8FCE : FF;
  8FCF : FF;
  8FD0 : FF;
  8FD1 : FF;
  8FD2 : FF;
  8FD3 : FF;
  8FD4 : FF;
  8FD5 : FF;
  8FD6 : FF;
  8FD7 : FF;
  8FD8 : FF;
  8FD9 : FF;
  8FDA : FF;
  8FDB : FF;
  8FDC : FF;
  8FDD : FF;
  8FDE : FF;
  8FDF : FF;
  8FE0 : FF;
  8FE1 : FF;
  8FE2 : FF;
  8FE3 : FF;
  8FE4 : FF;
  8FE5 : FF;
  8FE6 : FF;
  8FE7 : FF;
  8FE8 : FF;
  8FE9 : FF;
  8FEA : FF;
  8FEB : FF;
  8FEC : FF;
  8FED : FF;
  8FEE : FF;
  8FEF : FF;
  8FF0 : FF;
  8FF1 : FF;
  8FF2 : FF;
  8FF3 : FF;
  8FF4 : FF;
  8FF5 : FF;
  8FF6 : FF;
  8FF7 : FF;
  8FF8 : FF;
  8FF9 : FF;
  8FFA : FF;
  8FFB : FF;
  8FFC : FF;
  8FFD : FF;
  8FFE : FF;
  8FFF : FF;
  9000 : FF;
  9001 : FF;
  9002 : FF;
  9003 : FF;
  9004 : FF;
  9005 : FF;
  9006 : FF;
  9007 : FF;
  9008 : FF;
  9009 : FF;
  900A : FF;
  900B : FF;
  900C : FF;
  900D : FF;
  900E : FF;
  900F : FF;
  9010 : FF;
  9011 : FF;
  9012 : FF;
  9013 : FF;
  9014 : FF;
  9015 : FF;
  9016 : FF;
  9017 : FF;
  9018 : FF;
  9019 : FF;
  901A : FF;
  901B : FF;
  901C : FF;
  901D : FF;
  901E : FF;
  901F : FF;
  9020 : FF;
  9021 : FF;
  9022 : FF;
  9023 : FF;
  9024 : FF;
  9025 : FF;
  9026 : FF;
  9027 : FF;
  9028 : FF;
  9029 : FF;
  902A : FF;
  902B : FF;
  902C : FF;
  902D : FF;
  902E : FF;
  902F : FF;
  9030 : FF;
  9031 : FF;
  9032 : FF;
  9033 : FF;
  9034 : FF;
  9035 : FF;
  9036 : FF;
  9037 : FF;
  9038 : FF;
  9039 : FF;
  903A : FF;
  903B : FF;
  903C : FF;
  903D : FF;
  903E : FF;
  903F : FF;
  9040 : FF;
  9041 : FF;
  9042 : FF;
  9043 : FF;
  9044 : FF;
  9045 : FF;
  9046 : FF;
  9047 : FF;
  9048 : FF;
  9049 : FF;
  904A : FF;
  904B : FF;
  904C : FF;
  904D : FF;
  904E : FF;
  904F : FF;
  9050 : FF;
  9051 : FF;
  9052 : FF;
  9053 : FF;
  9054 : FF;
  9055 : FF;
  9056 : FF;
  9057 : FF;
  9058 : FF;
  9059 : FF;
  905A : FF;
  905B : FF;
  905C : FF;
  905D : FF;
  905E : FF;
  905F : FF;
  9060 : FF;
  9061 : FF;
  9062 : FF;
  9063 : FF;
  9064 : FF;
  9065 : FF;
  9066 : FF;
  9067 : FF;
  9068 : FF;
  9069 : FF;
  906A : FF;
  906B : FF;
  906C : FF;
  906D : FF;
  906E : FF;
  906F : FF;
  9070 : FF;
  9071 : FF;
  9072 : FF;
  9073 : FF;
  9074 : FF;
  9075 : FF;
  9076 : FF;
  9077 : FF;
  9078 : FF;
  9079 : FF;
  907A : FF;
  907B : FF;
  907C : FF;
  907D : FF;
  907E : FF;
  907F : FF;
  9080 : FF;
  9081 : FF;
  9082 : FF;
  9083 : FF;
  9084 : FF;
  9085 : FF;
  9086 : FF;
  9087 : FF;
  9088 : FF;
  9089 : FF;
  908A : FF;
  908B : FF;
  908C : FF;
  908D : FF;
  908E : FF;
  908F : FF;
  9090 : FF;
  9091 : FF;
  9092 : FF;
  9093 : FF;
  9094 : FF;
  9095 : FF;
  9096 : FF;
  9097 : FF;
  9098 : FF;
  9099 : FF;
  909A : FF;
  909B : FF;
  909C : FF;
  909D : FF;
  909E : FF;
  909F : FF;
  90A0 : FF;
  90A1 : FF;
  90A2 : FF;
  90A3 : FF;
  90A4 : FF;
  90A5 : FF;
  90A6 : FF;
  90A7 : FF;
  90A8 : FF;
  90A9 : FF;
  90AA : FF;
  90AB : FF;
  90AC : FF;
  90AD : FF;
  90AE : FF;
  90AF : FF;
  90B0 : FF;
  90B1 : FF;
  90B2 : FF;
  90B3 : FF;
  90B4 : FF;
  90B5 : FF;
  90B6 : FF;
  90B7 : FF;
  90B8 : FF;
  90B9 : FF;
  90BA : FF;
  90BB : FF;
  90BC : FF;
  90BD : FF;
  90BE : FF;
  90BF : FF;
  90C0 : FF;
  90C1 : FF;
  90C2 : FF;
  90C3 : FF;
  90C4 : FF;
  90C5 : FF;
  90C6 : FF;
  90C7 : FF;
  90C8 : FF;
  90C9 : FF;
  90CA : FF;
  90CB : FF;
  90CC : FF;
  90CD : FF;
  90CE : FF;
  90CF : FF;
  90D0 : FF;
  90D1 : FF;
  90D2 : FF;
  90D3 : FF;
  90D4 : FF;
  90D5 : FF;
  90D6 : FF;
  90D7 : FF;
  90D8 : FF;
  90D9 : FF;
  90DA : FF;
  90DB : FF;
  90DC : FF;
  90DD : FF;
  90DE : FF;
  90DF : FF;
  90E0 : FF;
  90E1 : FF;
  90E2 : FF;
  90E3 : FF;
  90E4 : FF;
  90E5 : FF;
  90E6 : FF;
  90E7 : FF;
  90E8 : FF;
  90E9 : FF;
  90EA : FF;
  90EB : FF;
  90EC : FF;
  90ED : FF;
  90EE : FF;
  90EF : FF;
  90F0 : FF;
  90F1 : FF;
  90F2 : FF;
  90F3 : FF;
  90F4 : FF;
  90F5 : FF;
  90F6 : FF;
  90F7 : FF;
  90F8 : FF;
  90F9 : FF;
  90FA : FF;
  90FB : FF;
  90FC : FF;
  90FD : FF;
  90FE : FF;
  90FF : FF;
  9100 : FF;
  9101 : FF;
  9102 : FF;
  9103 : FF;
  9104 : FF;
  9105 : FF;
  9106 : FF;
  9107 : FF;
  9108 : FF;
  9109 : FF;
  910A : FF;
  910B : FF;
  910C : FF;
  910D : FF;
  910E : FF;
  910F : FF;
  9110 : FF;
  9111 : FF;
  9112 : FF;
  9113 : FF;
  9114 : FF;
  9115 : FF;
  9116 : FF;
  9117 : FF;
  9118 : FF;
  9119 : FF;
  911A : FF;
  911B : FF;
  911C : FF;
  911D : FF;
  911E : FF;
  911F : FF;
  9120 : FF;
  9121 : FF;
  9122 : FF;
  9123 : FF;
  9124 : FF;
  9125 : FF;
  9126 : FF;
  9127 : FF;
  9128 : FF;
  9129 : FF;
  912A : FF;
  912B : FF;
  912C : FF;
  912D : FF;
  912E : FF;
  912F : FF;
  9130 : FF;
  9131 : FF;
  9132 : FF;
  9133 : FF;
  9134 : FF;
  9135 : FF;
  9136 : FF;
  9137 : FF;
  9138 : FF;
  9139 : FF;
  913A : FF;
  913B : FF;
  913C : FF;
  913D : FF;
  913E : FF;
  913F : FF;
  9140 : FF;
  9141 : FF;
  9142 : FF;
  9143 : FF;
  9144 : FF;
  9145 : FF;
  9146 : FF;
  9147 : FF;
  9148 : FF;
  9149 : FF;
  914A : FF;
  914B : FF;
  914C : FF;
  914D : FF;
  914E : FF;
  914F : FF;
  9150 : FF;
  9151 : FF;
  9152 : FF;
  9153 : FF;
  9154 : FF;
  9155 : FF;
  9156 : FF;
  9157 : FF;
  9158 : FF;
  9159 : FF;
  915A : FF;
  915B : FF;
  915C : FF;
  915D : FF;
  915E : FF;
  915F : FF;
  9160 : FF;
  9161 : FF;
  9162 : FF;
  9163 : FF;
  9164 : FF;
  9165 : FF;
  9166 : FF;
  9167 : FF;
  9168 : FF;
  9169 : FF;
  916A : FF;
  916B : FF;
  916C : FF;
  916D : FF;
  916E : FF;
  916F : FF;
  9170 : FF;
  9171 : FF;
  9172 : FF;
  9173 : FF;
  9174 : FF;
  9175 : FF;
  9176 : FF;
  9177 : FF;
  9178 : FF;
  9179 : FF;
  917A : FF;
  917B : FF;
  917C : FF;
  917D : FF;
  917E : FF;
  917F : FF;
  9180 : FF;
  9181 : FF;
  9182 : FF;
  9183 : FF;
  9184 : FF;
  9185 : FF;
  9186 : FF;
  9187 : FF;
  9188 : FF;
  9189 : FF;
  918A : FF;
  918B : FF;
  918C : FF;
  918D : FF;
  918E : FF;
  918F : FF;
  9190 : FF;
  9191 : FF;
  9192 : FF;
  9193 : FF;
  9194 : FF;
  9195 : FF;
  9196 : FF;
  9197 : FF;
  9198 : FF;
  9199 : FF;
  919A : FF;
  919B : FF;
  919C : FF;
  919D : FF;
  919E : FF;
  919F : FF;
  91A0 : FF;
  91A1 : FF;
  91A2 : FF;
  91A3 : FF;
  91A4 : FF;
  91A5 : FF;
  91A6 : FF;
  91A7 : FF;
  91A8 : FF;
  91A9 : FF;
  91AA : FF;
  91AB : FF;
  91AC : FF;
  91AD : FF;
  91AE : FF;
  91AF : FF;
  91B0 : FF;
  91B1 : FF;
  91B2 : FF;
  91B3 : FF;
  91B4 : FF;
  91B5 : FF;
  91B6 : FF;
  91B7 : FF;
  91B8 : FF;
  91B9 : FF;
  91BA : FF;
  91BB : FF;
  91BC : FF;
  91BD : FF;
  91BE : FF;
  91BF : FF;
  91C0 : FF;
  91C1 : FF;
  91C2 : FF;
  91C3 : FF;
  91C4 : FF;
  91C5 : FF;
  91C6 : FF;
  91C7 : FF;
  91C8 : FF;
  91C9 : FF;
  91CA : FF;
  91CB : FF;
  91CC : FF;
  91CD : FF;
  91CE : FF;
  91CF : FF;
  91D0 : FF;
  91D1 : FF;
  91D2 : FF;
  91D3 : FF;
  91D4 : FF;
  91D5 : FF;
  91D6 : FF;
  91D7 : FF;
  91D8 : FF;
  91D9 : FF;
  91DA : FF;
  91DB : FF;
  91DC : FF;
  91DD : FF;
  91DE : FF;
  91DF : FF;
  91E0 : FF;
  91E1 : FF;
  91E2 : FF;
  91E3 : FF;
  91E4 : FF;
  91E5 : FF;
  91E6 : FF;
  91E7 : FF;
  91E8 : FF;
  91E9 : FF;
  91EA : FF;
  91EB : FF;
  91EC : FF;
  91ED : FF;
  91EE : FF;
  91EF : FF;
  91F0 : FF;
  91F1 : FF;
  91F2 : FF;
  91F3 : FF;
  91F4 : FF;
  91F5 : FF;
  91F6 : FF;
  91F7 : FF;
  91F8 : FF;
  91F9 : FF;
  91FA : FF;
  91FB : FF;
  91FC : FF;
  91FD : FF;
  91FE : FF;
  91FF : FF;
  9200 : FF;
  9201 : FF;
  9202 : FF;
  9203 : FF;
  9204 : FF;
  9205 : FF;
  9206 : FF;
  9207 : FF;
  9208 : FF;
  9209 : FF;
  920A : FF;
  920B : FF;
  920C : FF;
  920D : FF;
  920E : FF;
  920F : FF;
  9210 : FF;
  9211 : FF;
  9212 : FF;
  9213 : FF;
  9214 : FF;
  9215 : FF;
  9216 : FF;
  9217 : FF;
  9218 : FF;
  9219 : FF;
  921A : FF;
  921B : FF;
  921C : FF;
  921D : FF;
  921E : FF;
  921F : FF;
  9220 : FF;
  9221 : FF;
  9222 : FF;
  9223 : FF;
  9224 : FF;
  9225 : FF;
  9226 : FF;
  9227 : FF;
  9228 : FF;
  9229 : FF;
  922A : FF;
  922B : FF;
  922C : FF;
  922D : FF;
  922E : FF;
  922F : FF;
  9230 : FF;
  9231 : FF;
  9232 : FF;
  9233 : FF;
  9234 : FF;
  9235 : FF;
  9236 : FF;
  9237 : FF;
  9238 : FF;
  9239 : FF;
  923A : FF;
  923B : FF;
  923C : FF;
  923D : FF;
  923E : FF;
  923F : FF;
  9240 : FF;
  9241 : FF;
  9242 : FF;
  9243 : FF;
  9244 : FF;
  9245 : FF;
  9246 : FF;
  9247 : FF;
  9248 : FF;
  9249 : FF;
  924A : FF;
  924B : FF;
  924C : FF;
  924D : FF;
  924E : FF;
  924F : FF;
  9250 : FF;
  9251 : FF;
  9252 : FF;
  9253 : FF;
  9254 : FF;
  9255 : FF;
  9256 : FF;
  9257 : FF;
  9258 : FF;
  9259 : FF;
  925A : FF;
  925B : FF;
  925C : FF;
  925D : FF;
  925E : FF;
  925F : FF;
  9260 : FF;
  9261 : FF;
  9262 : FF;
  9263 : FF;
  9264 : FF;
  9265 : FF;
  9266 : FF;
  9267 : FF;
  9268 : FF;
  9269 : FF;
  926A : FF;
  926B : FF;
  926C : FF;
  926D : FF;
  926E : FF;
  926F : FF;
  9270 : FF;
  9271 : FF;
  9272 : FF;
  9273 : FF;
  9274 : FF;
  9275 : FF;
  9276 : FF;
  9277 : FF;
  9278 : FF;
  9279 : FF;
  927A : FF;
  927B : FF;
  927C : FF;
  927D : FF;
  927E : FF;
  927F : FF;
  9280 : FF;
  9281 : FF;
  9282 : FF;
  9283 : FF;
  9284 : FF;
  9285 : FF;
  9286 : FF;
  9287 : FF;
  9288 : FF;
  9289 : FF;
  928A : FF;
  928B : FF;
  928C : FF;
  928D : FF;
  928E : FF;
  928F : FF;
  9290 : FF;
  9291 : FF;
  9292 : FF;
  9293 : FF;
  9294 : FF;
  9295 : FF;
  9296 : FF;
  9297 : FF;
  9298 : FF;
  9299 : FF;
  929A : FF;
  929B : FF;
  929C : FF;
  929D : FF;
  929E : FF;
  929F : FF;
  92A0 : FF;
  92A1 : FF;
  92A2 : FF;
  92A3 : FF;
  92A4 : FF;
  92A5 : FF;
  92A6 : FF;
  92A7 : FF;
  92A8 : FF;
  92A9 : FF;
  92AA : FF;
  92AB : FF;
  92AC : FF;
  92AD : FF;
  92AE : FF;
  92AF : FF;
  92B0 : FF;
  92B1 : FF;
  92B2 : FF;
  92B3 : FF;
  92B4 : FF;
  92B5 : FF;
  92B6 : FF;
  92B7 : FF;
  92B8 : FF;
  92B9 : FF;
  92BA : FF;
  92BB : FF;
  92BC : FF;
  92BD : FF;
  92BE : FF;
  92BF : FF;
  92C0 : FF;
  92C1 : FF;
  92C2 : FF;
  92C3 : FF;
  92C4 : FF;
  92C5 : FF;
  92C6 : FF;
  92C7 : FF;
  92C8 : FF;
  92C9 : FF;
  92CA : FF;
  92CB : FF;
  92CC : FF;
  92CD : FF;
  92CE : FF;
  92CF : FF;
  92D0 : FF;
  92D1 : FF;
  92D2 : FF;
  92D3 : FF;
  92D4 : FF;
  92D5 : FF;
  92D6 : FF;
  92D7 : FF;
  92D8 : FF;
  92D9 : FF;
  92DA : FF;
  92DB : FF;
  92DC : FF;
  92DD : FF;
  92DE : FF;
  92DF : FF;
  92E0 : FF;
  92E1 : FF;
  92E2 : FF;
  92E3 : FF;
  92E4 : FF;
  92E5 : FF;
  92E6 : FF;
  92E7 : FF;
  92E8 : FF;
  92E9 : FF;
  92EA : FF;
  92EB : FF;
  92EC : FF;
  92ED : FF;
  92EE : FF;
  92EF : FF;
  92F0 : FF;
  92F1 : FF;
  92F2 : FF;
  92F3 : FF;
  92F4 : FF;
  92F5 : FF;
  92F6 : FF;
  92F7 : FF;
  92F8 : FF;
  92F9 : FF;
  92FA : FF;
  92FB : FF;
  92FC : FF;
  92FD : FF;
  92FE : FF;
  92FF : FF;
  9300 : FF;
  9301 : FF;
  9302 : FF;
  9303 : FF;
  9304 : FF;
  9305 : FF;
  9306 : FF;
  9307 : FF;
  9308 : FF;
  9309 : FF;
  930A : FF;
  930B : FF;
  930C : FF;
  930D : FF;
  930E : FF;
  930F : FF;
  9310 : FF;
  9311 : FF;
  9312 : FF;
  9313 : FF;
  9314 : FF;
  9315 : FF;
  9316 : FF;
  9317 : FF;
  9318 : FF;
  9319 : FF;
  931A : FF;
  931B : FF;
  931C : FF;
  931D : FF;
  931E : FF;
  931F : FF;
  9320 : FF;
  9321 : FF;
  9322 : FF;
  9323 : FF;
  9324 : FF;
  9325 : FF;
  9326 : FF;
  9327 : FF;
  9328 : FF;
  9329 : FF;
  932A : FF;
  932B : FF;
  932C : FF;
  932D : FF;
  932E : FF;
  932F : FF;
  9330 : FF;
  9331 : FF;
  9332 : FF;
  9333 : FF;
  9334 : FF;
  9335 : FF;
  9336 : FF;
  9337 : FF;
  9338 : FF;
  9339 : FF;
  933A : FF;
  933B : FF;
  933C : FF;
  933D : FF;
  933E : FF;
  933F : FF;
  9340 : FF;
  9341 : FF;
  9342 : FF;
  9343 : FF;
  9344 : FF;
  9345 : FF;
  9346 : FF;
  9347 : FF;
  9348 : FF;
  9349 : FF;
  934A : FF;
  934B : FF;
  934C : FF;
  934D : FF;
  934E : FF;
  934F : FF;
  9350 : FF;
  9351 : FF;
  9352 : FF;
  9353 : FF;
  9354 : FF;
  9355 : FF;
  9356 : FF;
  9357 : FF;
  9358 : FF;
  9359 : FF;
  935A : FF;
  935B : FF;
  935C : FF;
  935D : FF;
  935E : FF;
  935F : FF;
  9360 : FF;
  9361 : FF;
  9362 : FF;
  9363 : FF;
  9364 : FF;
  9365 : FF;
  9366 : FF;
  9367 : FF;
  9368 : FF;
  9369 : FF;
  936A : FF;
  936B : FF;
  936C : FF;
  936D : FF;
  936E : FF;
  936F : FF;
  9370 : FF;
  9371 : FF;
  9372 : FF;
  9373 : FF;
  9374 : FF;
  9375 : FF;
  9376 : FF;
  9377 : FF;
  9378 : FF;
  9379 : FF;
  937A : FF;
  937B : FF;
  937C : FF;
  937D : FF;
  937E : FF;
  937F : FF;
  9380 : FF;
  9381 : FF;
  9382 : FF;
  9383 : FF;
  9384 : FF;
  9385 : FF;
  9386 : FF;
  9387 : FF;
  9388 : FF;
  9389 : FF;
  938A : FF;
  938B : FF;
  938C : FF;
  938D : FF;
  938E : FF;
  938F : FF;
  9390 : FF;
  9391 : FF;
  9392 : FF;
  9393 : FF;
  9394 : FF;
  9395 : FF;
  9396 : FF;
  9397 : FF;
  9398 : FF;
  9399 : FF;
  939A : FF;
  939B : FF;
  939C : FF;
  939D : FF;
  939E : FF;
  939F : FF;
  93A0 : FF;
  93A1 : FF;
  93A2 : FF;
  93A3 : FF;
  93A4 : FF;
  93A5 : FF;
  93A6 : FF;
  93A7 : FF;
  93A8 : FF;
  93A9 : FF;
  93AA : FF;
  93AB : FF;
  93AC : FF;
  93AD : FF;
  93AE : FF;
  93AF : FF;
  93B0 : FF;
  93B1 : FF;
  93B2 : FF;
  93B3 : FF;
  93B4 : FF;
  93B5 : FF;
  93B6 : FF;
  93B7 : FF;
  93B8 : FF;
  93B9 : FF;
  93BA : FF;
  93BB : FF;
  93BC : FF;
  93BD : FF;
  93BE : FF;
  93BF : FF;
  93C0 : FF;
  93C1 : FF;
  93C2 : FF;
  93C3 : FF;
  93C4 : FF;
  93C5 : FF;
  93C6 : FF;
  93C7 : FF;
  93C8 : FF;
  93C9 : FF;
  93CA : FF;
  93CB : FF;
  93CC : FF;
  93CD : FF;
  93CE : FF;
  93CF : FF;
  93D0 : FF;
  93D1 : FF;
  93D2 : FF;
  93D3 : FF;
  93D4 : FF;
  93D5 : FF;
  93D6 : FF;
  93D7 : FF;
  93D8 : FF;
  93D9 : FF;
  93DA : FF;
  93DB : FF;
  93DC : FF;
  93DD : FF;
  93DE : FF;
  93DF : FF;
  93E0 : FF;
  93E1 : FF;
  93E2 : FF;
  93E3 : FF;
  93E4 : FF;
  93E5 : FF;
  93E6 : FF;
  93E7 : FF;
  93E8 : FF;
  93E9 : FF;
  93EA : FF;
  93EB : FF;
  93EC : FF;
  93ED : FF;
  93EE : FF;
  93EF : FF;
  93F0 : FF;
  93F1 : FF;
  93F2 : FF;
  93F3 : FF;
  93F4 : FF;
  93F5 : FF;
  93F6 : FF;
  93F7 : FF;
  93F8 : FF;
  93F9 : FF;
  93FA : FF;
  93FB : FF;
  93FC : FF;
  93FD : FF;
  93FE : FF;
  93FF : FF;
  9400 : FF;
  9401 : FF;
  9402 : FF;
  9403 : FF;
  9404 : FF;
  9405 : FF;
  9406 : FF;
  9407 : FF;
  9408 : FF;
  9409 : FF;
  940A : FF;
  940B : FF;
  940C : FF;
  940D : FF;
  940E : FF;
  940F : FF;
  9410 : FF;
  9411 : FF;
  9412 : FF;
  9413 : FF;
  9414 : FF;
  9415 : FF;
  9416 : FF;
  9417 : FF;
  9418 : FF;
  9419 : FF;
  941A : FF;
  941B : FF;
  941C : FF;
  941D : FF;
  941E : FF;
  941F : FF;
  9420 : FF;
  9421 : FF;
  9422 : FF;
  9423 : FF;
  9424 : FF;
  9425 : FF;
  9426 : FF;
  9427 : FF;
  9428 : FF;
  9429 : FF;
  942A : FF;
  942B : FF;
  942C : FF;
  942D : FF;
  942E : FF;
  942F : FF;
  9430 : FF;
  9431 : FF;
  9432 : FF;
  9433 : FF;
  9434 : FF;
  9435 : FF;
  9436 : FF;
  9437 : FF;
  9438 : FF;
  9439 : FF;
  943A : FF;
  943B : FF;
  943C : FF;
  943D : FF;
  943E : FF;
  943F : FF;
  9440 : FF;
  9441 : FF;
  9442 : FF;
  9443 : FF;
  9444 : FF;
  9445 : FF;
  9446 : FF;
  9447 : FF;
  9448 : FF;
  9449 : FF;
  944A : FF;
  944B : FF;
  944C : FF;
  944D : FF;
  944E : FF;
  944F : FF;
  9450 : FF;
  9451 : FF;
  9452 : FF;
  9453 : FF;
  9454 : FF;
  9455 : FF;
  9456 : FF;
  9457 : FF;
  9458 : FF;
  9459 : FF;
  945A : FF;
  945B : FF;
  945C : FF;
  945D : FF;
  945E : FF;
  945F : FF;
  9460 : FF;
  9461 : FF;
  9462 : FF;
  9463 : FF;
  9464 : FF;
  9465 : FF;
  9466 : FF;
  9467 : FF;
  9468 : FF;
  9469 : FF;
  946A : FF;
  946B : FF;
  946C : FF;
  946D : FF;
  946E : FF;
  946F : FF;
  9470 : FF;
  9471 : FF;
  9472 : FF;
  9473 : FF;
  9474 : FF;
  9475 : FF;
  9476 : FF;
  9477 : FF;
  9478 : FF;
  9479 : FF;
  947A : FF;
  947B : FF;
  947C : FF;
  947D : FF;
  947E : FF;
  947F : FF;
  9480 : FF;
  9481 : FF;
  9482 : FF;
  9483 : FF;
  9484 : FF;
  9485 : FF;
  9486 : FF;
  9487 : FF;
  9488 : FF;
  9489 : FF;
  948A : FF;
  948B : FF;
  948C : FF;
  948D : FF;
  948E : FF;
  948F : FF;
  9490 : FF;
  9491 : FF;
  9492 : FF;
  9493 : FF;
  9494 : FF;
  9495 : FF;
  9496 : FF;
  9497 : FF;
  9498 : FF;
  9499 : FF;
  949A : FF;
  949B : FF;
  949C : FF;
  949D : FF;
  949E : FF;
  949F : FF;
  94A0 : FF;
  94A1 : FF;
  94A2 : FF;
  94A3 : FF;
  94A4 : FF;
  94A5 : FF;
  94A6 : FF;
  94A7 : FF;
  94A8 : FF;
  94A9 : FF;
  94AA : FF;
  94AB : FF;
  94AC : FF;
  94AD : FF;
  94AE : FF;
  94AF : FF;
  94B0 : FF;
  94B1 : FF;
  94B2 : FF;
  94B3 : FF;
  94B4 : FF;
  94B5 : FF;
  94B6 : FF;
  94B7 : FF;
  94B8 : FF;
  94B9 : FF;
  94BA : FF;
  94BB : FF;
  94BC : FF;
  94BD : FF;
  94BE : FF;
  94BF : FF;
  94C0 : FF;
  94C1 : FF;
  94C2 : FF;
  94C3 : FF;
  94C4 : FF;
  94C5 : FF;
  94C6 : FF;
  94C7 : FF;
  94C8 : FF;
  94C9 : FF;
  94CA : FF;
  94CB : FF;
  94CC : FF;
  94CD : FF;
  94CE : FF;
  94CF : FF;
  94D0 : FF;
  94D1 : FF;
  94D2 : FF;
  94D3 : FF;
  94D4 : FF;
  94D5 : FF;
  94D6 : FF;
  94D7 : FF;
  94D8 : FF;
  94D9 : FF;
  94DA : FF;
  94DB : FF;
  94DC : FF;
  94DD : FF;
  94DE : FF;
  94DF : FF;
  94E0 : FF;
  94E1 : FF;
  94E2 : FF;
  94E3 : FF;
  94E4 : FF;
  94E5 : FF;
  94E6 : FF;
  94E7 : FF;
  94E8 : FF;
  94E9 : FF;
  94EA : FF;
  94EB : FF;
  94EC : FF;
  94ED : FF;
  94EE : FF;
  94EF : FF;
  94F0 : FF;
  94F1 : FF;
  94F2 : FF;
  94F3 : FF;
  94F4 : FF;
  94F5 : FF;
  94F6 : FF;
  94F7 : FF;
  94F8 : FF;
  94F9 : FF;
  94FA : FF;
  94FB : FF;
  94FC : FF;
  94FD : FF;
  94FE : FF;
  94FF : FF;
  9500 : FF;
  9501 : FF;
  9502 : FF;
  9503 : FF;
  9504 : FF;
  9505 : FF;
  9506 : FF;
  9507 : FF;
  9508 : FF;
  9509 : FF;
  950A : FF;
  950B : FF;
  950C : FF;
  950D : FF;
  950E : FF;
  950F : FF;
  9510 : FF;
  9511 : FF;
  9512 : FF;
  9513 : FF;
  9514 : FF;
  9515 : FF;
  9516 : FF;
  9517 : FF;
  9518 : FF;
  9519 : FF;
  951A : FF;
  951B : FF;
  951C : FF;
  951D : FF;
  951E : FF;
  951F : FF;
  9520 : FF;
  9521 : FF;
  9522 : FF;
  9523 : FF;
  9524 : FF;
  9525 : FF;
  9526 : FF;
  9527 : FF;
  9528 : FF;
  9529 : FF;
  952A : FF;
  952B : FF;
  952C : FF;
  952D : FF;
  952E : FF;
  952F : FF;
  9530 : FF;
  9531 : FF;
  9532 : FF;
  9533 : FF;
  9534 : FF;
  9535 : FF;
  9536 : FF;
  9537 : FF;
  9538 : FF;
  9539 : FF;
  953A : FF;
  953B : FF;
  953C : FF;
  953D : FF;
  953E : FF;
  953F : FF;
  9540 : FF;
  9541 : FF;
  9542 : FF;
  9543 : FF;
  9544 : FF;
  9545 : FF;
  9546 : FF;
  9547 : FF;
  9548 : FF;
  9549 : FF;
  954A : FF;
  954B : FF;
  954C : FF;
  954D : FF;
  954E : FF;
  954F : FF;
  9550 : FF;
  9551 : FF;
  9552 : FF;
  9553 : FF;
  9554 : FF;
  9555 : FF;
  9556 : FF;
  9557 : FF;
  9558 : FF;
  9559 : FF;
  955A : FF;
  955B : FF;
  955C : FF;
  955D : FF;
  955E : FF;
  955F : FF;
  9560 : FF;
  9561 : FF;
  9562 : FF;
  9563 : FF;
  9564 : FF;
  9565 : FF;
  9566 : FF;
  9567 : FF;
  9568 : FF;
  9569 : FF;
  956A : FF;
  956B : FF;
  956C : FF;
  956D : FF;
  956E : FF;
  956F : FF;
  9570 : FF;
  9571 : FF;
  9572 : FF;
  9573 : FF;
  9574 : FF;
  9575 : FF;
  9576 : FF;
  9577 : FF;
  9578 : FF;
  9579 : FF;
  957A : FF;
  957B : FF;
  957C : FF;
  957D : FF;
  957E : FF;
  957F : FF;
  9580 : FF;
  9581 : FF;
  9582 : FF;
  9583 : FF;
  9584 : FF;
  9585 : FF;
  9586 : FF;
  9587 : FF;
  9588 : FF;
  9589 : FF;
  958A : FF;
  958B : FF;
  958C : FF;
  958D : FF;
  958E : FF;
  958F : FF;
  9590 : FF;
  9591 : FF;
  9592 : FF;
  9593 : FF;
  9594 : FF;
  9595 : FF;
  9596 : FF;
  9597 : FF;
  9598 : FF;
  9599 : FF;
  959A : FF;
  959B : FF;
  959C : FF;
  959D : FF;
  959E : FF;
  959F : FF;
  95A0 : FF;
  95A1 : FF;
  95A2 : FF;
  95A3 : FF;
  95A4 : FF;
  95A5 : FF;
  95A6 : FF;
  95A7 : FF;
  95A8 : FF;
  95A9 : FF;
  95AA : FF;
  95AB : FF;
  95AC : FF;
  95AD : FF;
  95AE : FF;
  95AF : FF;
  95B0 : FF;
  95B1 : FF;
  95B2 : FF;
  95B3 : FF;
  95B4 : FF;
  95B5 : FF;
  95B6 : FF;
  95B7 : FF;
  95B8 : FF;
  95B9 : FF;
  95BA : FF;
  95BB : FF;
  95BC : FF;
  95BD : FF;
  95BE : FF;
  95BF : FF;
  95C0 : FF;
  95C1 : FF;
  95C2 : FF;
  95C3 : FF;
  95C4 : FF;
  95C5 : FF;
  95C6 : FF;
  95C7 : FF;
  95C8 : FF;
  95C9 : FF;
  95CA : FF;
  95CB : FF;
  95CC : FF;
  95CD : FF;
  95CE : FF;
  95CF : FF;
  95D0 : FF;
  95D1 : FF;
  95D2 : FF;
  95D3 : FF;
  95D4 : FF;
  95D5 : FF;
  95D6 : FF;
  95D7 : FF;
  95D8 : FF;
  95D9 : FF;
  95DA : FF;
  95DB : FF;
  95DC : FF;
  95DD : FF;
  95DE : FF;
  95DF : FF;
  95E0 : FF;
  95E1 : FF;
  95E2 : FF;
  95E3 : FF;
  95E4 : FF;
  95E5 : FF;
  95E6 : FF;
  95E7 : FF;
  95E8 : FF;
  95E9 : FF;
  95EA : FF;
  95EB : FF;
  95EC : FF;
  95ED : FF;
  95EE : FF;
  95EF : FF;
  95F0 : FF;
  95F1 : FF;
  95F2 : FF;
  95F3 : FF;
  95F4 : FF;
  95F5 : FF;
  95F6 : FF;
  95F7 : FF;
  95F8 : FF;
  95F9 : FF;
  95FA : FF;
  95FB : FF;
  95FC : FF;
  95FD : FF;
  95FE : FF;
  95FF : FF;
  9600 : FF;
  9601 : FF;
  9602 : FF;
  9603 : FF;
  9604 : FF;
  9605 : FF;
  9606 : FF;
  9607 : FF;
  9608 : FF;
  9609 : FF;
  960A : FF;
  960B : FF;
  960C : FF;
  960D : FF;
  960E : FF;
  960F : FF;
  9610 : FF;
  9611 : FF;
  9612 : FF;
  9613 : FF;
  9614 : FF;
  9615 : FF;
  9616 : FF;
  9617 : FF;
  9618 : FF;
  9619 : FF;
  961A : FF;
  961B : FF;
  961C : FF;
  961D : FF;
  961E : FF;
  961F : FF;
  9620 : FF;
  9621 : FF;
  9622 : FF;
  9623 : FF;
  9624 : FF;
  9625 : FF;
  9626 : FF;
  9627 : FF;
  9628 : FF;
  9629 : FF;
  962A : FF;
  962B : FF;
  962C : FF;
  962D : FF;
  962E : FF;
  962F : FF;
  9630 : FF;
  9631 : FF;
  9632 : FF;
  9633 : FF;
  9634 : FF;
  9635 : FF;
  9636 : FF;
  9637 : FF;
  9638 : FF;
  9639 : FF;
  963A : FF;
  963B : FF;
  963C : FF;
  963D : FF;
  963E : FF;
  963F : FF;
  9640 : FF;
  9641 : FF;
  9642 : FF;
  9643 : FF;
  9644 : FF;
  9645 : FF;
  9646 : FF;
  9647 : FF;
  9648 : FF;
  9649 : FF;
  964A : FF;
  964B : FF;
  964C : FF;
  964D : FF;
  964E : FF;
  964F : FF;
  9650 : FF;
  9651 : FF;
  9652 : FF;
  9653 : FF;
  9654 : FF;
  9655 : FF;
  9656 : FF;
  9657 : FF;
  9658 : FF;
  9659 : FF;
  965A : FF;
  965B : FF;
  965C : FF;
  965D : FF;
  965E : FF;
  965F : FF;
  9660 : FF;
  9661 : FF;
  9662 : FF;
  9663 : FF;
  9664 : FF;
  9665 : FF;
  9666 : FF;
  9667 : FF;
  9668 : FF;
  9669 : FF;
  966A : FF;
  966B : FF;
  966C : FF;
  966D : FF;
  966E : FF;
  966F : FF;
  9670 : FF;
  9671 : FF;
  9672 : FF;
  9673 : FF;
  9674 : FF;
  9675 : FF;
  9676 : FF;
  9677 : FF;
  9678 : FF;
  9679 : FF;
  967A : FF;
  967B : FF;
  967C : FF;
  967D : FF;
  967E : FF;
  967F : FF;
  9680 : FF;
  9681 : FF;
  9682 : FF;
  9683 : FF;
  9684 : FF;
  9685 : FF;
  9686 : FF;
  9687 : FF;
  9688 : FF;
  9689 : FF;
  968A : FF;
  968B : FF;
  968C : FF;
  968D : FF;
  968E : FF;
  968F : FF;
  9690 : FF;
  9691 : FF;
  9692 : FF;
  9693 : FF;
  9694 : FF;
  9695 : FF;
  9696 : FF;
  9697 : FF;
  9698 : FF;
  9699 : FF;
  969A : FF;
  969B : FF;
  969C : FF;
  969D : FF;
  969E : FF;
  969F : FF;
  96A0 : FF;
  96A1 : FF;
  96A2 : FF;
  96A3 : FF;
  96A4 : FF;
  96A5 : FF;
  96A6 : FF;
  96A7 : FF;
  96A8 : FF;
  96A9 : FF;
  96AA : FF;
  96AB : FF;
  96AC : FF;
  96AD : FF;
  96AE : FF;
  96AF : FF;
  96B0 : FF;
  96B1 : FF;
  96B2 : FF;
  96B3 : FF;
  96B4 : FF;
  96B5 : FF;
  96B6 : FF;
  96B7 : FF;
  96B8 : FF;
  96B9 : FF;
  96BA : FF;
  96BB : FF;
  96BC : FF;
  96BD : FF;
  96BE : FF;
  96BF : FF;
  96C0 : FF;
  96C1 : FF;
  96C2 : FF;
  96C3 : FF;
  96C4 : FF;
  96C5 : FF;
  96C6 : FF;
  96C7 : FF;
  96C8 : FF;
  96C9 : FF;
  96CA : FF;
  96CB : FF;
  96CC : FF;
  96CD : FF;
  96CE : FF;
  96CF : FF;
  96D0 : FF;
  96D1 : FF;
  96D2 : FF;
  96D3 : FF;
  96D4 : FF;
  96D5 : FF;
  96D6 : FF;
  96D7 : FF;
  96D8 : FF;
  96D9 : FF;
  96DA : FF;
  96DB : FF;
  96DC : FF;
  96DD : FF;
  96DE : FF;
  96DF : FF;
  96E0 : FF;
  96E1 : FF;
  96E2 : FF;
  96E3 : FF;
  96E4 : FF;
  96E5 : FF;
  96E6 : FF;
  96E7 : FF;
  96E8 : FF;
  96E9 : FF;
  96EA : FF;
  96EB : FF;
  96EC : FF;
  96ED : FF;
  96EE : FF;
  96EF : FF;
  96F0 : FF;
  96F1 : FF;
  96F2 : FF;
  96F3 : FF;
  96F4 : FF;
  96F5 : FF;
  96F6 : FF;
  96F7 : FF;
  96F8 : FF;
  96F9 : FF;
  96FA : FF;
  96FB : FF;
  96FC : FF;
  96FD : FF;
  96FE : FF;
  96FF : FF;
  9700 : FF;
  9701 : FF;
  9702 : FF;
  9703 : FF;
  9704 : FF;
  9705 : FF;
  9706 : FF;
  9707 : FF;
  9708 : FF;
  9709 : FF;
  970A : FF;
  970B : FF;
  970C : FF;
  970D : FF;
  970E : FF;
  970F : FF;
  9710 : FF;
  9711 : FF;
  9712 : FF;
  9713 : FF;
  9714 : FF;
  9715 : FF;
  9716 : FF;
  9717 : FF;
  9718 : FF;
  9719 : FF;
  971A : FF;
  971B : FF;
  971C : FF;
  971D : FF;
  971E : FF;
  971F : FF;
  9720 : FF;
  9721 : FF;
  9722 : FF;
  9723 : FF;
  9724 : FF;
  9725 : FF;
  9726 : FF;
  9727 : FF;
  9728 : FF;
  9729 : FF;
  972A : FF;
  972B : FF;
  972C : FF;
  972D : FF;
  972E : FF;
  972F : FF;
  9730 : FF;
  9731 : FF;
  9732 : FF;
  9733 : FF;
  9734 : FF;
  9735 : FF;
  9736 : FF;
  9737 : FF;
  9738 : FF;
  9739 : FF;
  973A : FF;
  973B : FF;
  973C : FF;
  973D : FF;
  973E : FF;
  973F : FF;
  9740 : FF;
  9741 : FF;
  9742 : FF;
  9743 : FF;
  9744 : FF;
  9745 : FF;
  9746 : FF;
  9747 : FF;
  9748 : FF;
  9749 : FF;
  974A : FF;
  974B : FF;
  974C : FF;
  974D : FF;
  974E : FF;
  974F : FF;
  9750 : FF;
  9751 : FF;
  9752 : FF;
  9753 : FF;
  9754 : FF;
  9755 : FF;
  9756 : FF;
  9757 : FF;
  9758 : FF;
  9759 : FF;
  975A : FF;
  975B : FF;
  975C : FF;
  975D : FF;
  975E : FF;
  975F : FF;
  9760 : FF;
  9761 : FF;
  9762 : FF;
  9763 : FF;
  9764 : FF;
  9765 : FF;
  9766 : FF;
  9767 : FF;
  9768 : FF;
  9769 : FF;
  976A : FF;
  976B : FF;
  976C : FF;
  976D : FF;
  976E : FF;
  976F : FF;
  9770 : FF;
  9771 : FF;
  9772 : FF;
  9773 : FF;
  9774 : FF;
  9775 : FF;
  9776 : FF;
  9777 : FF;
  9778 : FF;
  9779 : FF;
  977A : FF;
  977B : FF;
  977C : FF;
  977D : FF;
  977E : FF;
  977F : FF;
  9780 : FF;
  9781 : FF;
  9782 : FF;
  9783 : FF;
  9784 : FF;
  9785 : FF;
  9786 : FF;
  9787 : FF;
  9788 : FF;
  9789 : FF;
  978A : FF;
  978B : FF;
  978C : FF;
  978D : FF;
  978E : FF;
  978F : FF;
  9790 : FF;
  9791 : FF;
  9792 : FF;
  9793 : FF;
  9794 : FF;
  9795 : FF;
  9796 : FF;
  9797 : FF;
  9798 : FF;
  9799 : FF;
  979A : FF;
  979B : FF;
  979C : FF;
  979D : FF;
  979E : FF;
  979F : FF;
  97A0 : FF;
  97A1 : FF;
  97A2 : FF;
  97A3 : FF;
  97A4 : FF;
  97A5 : FF;
  97A6 : FF;
  97A7 : FF;
  97A8 : FF;
  97A9 : FF;
  97AA : FF;
  97AB : FF;
  97AC : FF;
  97AD : FF;
  97AE : FF;
  97AF : FF;
  97B0 : FF;
  97B1 : FF;
  97B2 : FF;
  97B3 : FF;
  97B4 : FF;
  97B5 : FF;
  97B6 : FF;
  97B7 : FF;
  97B8 : FF;
  97B9 : FF;
  97BA : FF;
  97BB : FF;
  97BC : FF;
  97BD : FF;
  97BE : FF;
  97BF : FF;
  97C0 : FF;
  97C1 : FF;
  97C2 : FF;
  97C3 : FF;
  97C4 : FF;
  97C5 : FF;
  97C6 : FF;
  97C7 : FF;
  97C8 : FF;
  97C9 : FF;
  97CA : FF;
  97CB : FF;
  97CC : FF;
  97CD : FF;
  97CE : FF;
  97CF : FF;
  97D0 : FF;
  97D1 : FF;
  97D2 : FF;
  97D3 : FF;
  97D4 : FF;
  97D5 : FF;
  97D6 : FF;
  97D7 : FF;
  97D8 : FF;
  97D9 : FF;
  97DA : FF;
  97DB : FF;
  97DC : FF;
  97DD : FF;
  97DE : FF;
  97DF : FF;
  97E0 : FF;
  97E1 : FF;
  97E2 : FF;
  97E3 : FF;
  97E4 : FF;
  97E5 : FF;
  97E6 : FF;
  97E7 : FF;
  97E8 : FF;
  97E9 : FF;
  97EA : FF;
  97EB : FF;
  97EC : FF;
  97ED : FF;
  97EE : FF;
  97EF : FF;
  97F0 : FF;
  97F1 : FF;
  97F2 : FF;
  97F3 : FF;
  97F4 : FF;
  97F5 : FF;
  97F6 : FF;
  97F7 : FF;
  97F8 : FF;
  97F9 : FF;
  97FA : FF;
  97FB : FF;
  97FC : FF;
  97FD : FF;
  97FE : FF;
  97FF : FF;
  9800 : FF;
  9801 : FF;
  9802 : FF;
  9803 : FF;
  9804 : FF;
  9805 : FF;
  9806 : FF;
  9807 : FF;
  9808 : FF;
  9809 : FF;
  980A : FF;
  980B : FF;
  980C : FF;
  980D : FF;
  980E : FF;
  980F : FF;
  9810 : FF;
  9811 : FF;
  9812 : FF;
  9813 : FF;
  9814 : FF;
  9815 : FF;
  9816 : FF;
  9817 : FF;
  9818 : FF;
  9819 : FF;
  981A : FF;
  981B : FF;
  981C : FF;
  981D : FF;
  981E : FF;
  981F : FF;
  9820 : FF;
  9821 : FF;
  9822 : FF;
  9823 : FF;
  9824 : FF;
  9825 : FF;
  9826 : FF;
  9827 : FF;
  9828 : FF;
  9829 : FF;
  982A : FF;
  982B : FF;
  982C : FF;
  982D : FF;
  982E : FF;
  982F : FF;
  9830 : FF;
  9831 : FF;
  9832 : FF;
  9833 : FF;
  9834 : FF;
  9835 : FF;
  9836 : FF;
  9837 : FF;
  9838 : FF;
  9839 : FF;
  983A : FF;
  983B : FF;
  983C : FF;
  983D : FF;
  983E : FF;
  983F : FF;
  9840 : FF;
  9841 : FF;
  9842 : FF;
  9843 : FF;
  9844 : FF;
  9845 : FF;
  9846 : FF;
  9847 : FF;
  9848 : FF;
  9849 : FF;
  984A : FF;
  984B : FF;
  984C : FF;
  984D : FF;
  984E : FF;
  984F : FF;
  9850 : FF;
  9851 : FF;
  9852 : FF;
  9853 : FF;
  9854 : FF;
  9855 : FF;
  9856 : FF;
  9857 : FF;
  9858 : FF;
  9859 : FF;
  985A : FF;
  985B : FF;
  985C : FF;
  985D : FF;
  985E : FF;
  985F : FF;
  9860 : FF;
  9861 : FF;
  9862 : FF;
  9863 : FF;
  9864 : FF;
  9865 : FF;
  9866 : FF;
  9867 : FF;
  9868 : FF;
  9869 : FF;
  986A : FF;
  986B : FF;
  986C : FF;
  986D : FF;
  986E : FF;
  986F : FF;
  9870 : FF;
  9871 : FF;
  9872 : FF;
  9873 : FF;
  9874 : FF;
  9875 : FF;
  9876 : FF;
  9877 : FF;
  9878 : FF;
  9879 : FF;
  987A : FF;
  987B : FF;
  987C : FF;
  987D : FF;
  987E : FF;
  987F : FF;
  9880 : FF;
  9881 : FF;
  9882 : FF;
  9883 : FF;
  9884 : FF;
  9885 : FF;
  9886 : FF;
  9887 : FF;
  9888 : FF;
  9889 : FF;
  988A : FF;
  988B : FF;
  988C : FF;
  988D : FF;
  988E : FF;
  988F : FF;
  9890 : FF;
  9891 : FF;
  9892 : FF;
  9893 : FF;
  9894 : FF;
  9895 : FF;
  9896 : FF;
  9897 : FF;
  9898 : FF;
  9899 : FF;
  989A : FF;
  989B : FF;
  989C : FF;
  989D : FF;
  989E : FF;
  989F : FF;
  98A0 : FF;
  98A1 : FF;
  98A2 : FF;
  98A3 : FF;
  98A4 : FF;
  98A5 : FF;
  98A6 : FF;
  98A7 : FF;
  98A8 : FF;
  98A9 : FF;
  98AA : FF;
  98AB : FF;
  98AC : FF;
  98AD : FF;
  98AE : FF;
  98AF : FF;
  98B0 : FF;
  98B1 : FF;
  98B2 : FF;
  98B3 : FF;
  98B4 : FF;
  98B5 : FF;
  98B6 : FF;
  98B7 : FF;
  98B8 : FF;
  98B9 : FF;
  98BA : FF;
  98BB : FF;
  98BC : FF;
  98BD : FF;
  98BE : FF;
  98BF : FF;
  98C0 : FF;
  98C1 : FF;
  98C2 : FF;
  98C3 : FF;
  98C4 : FF;
  98C5 : FF;
  98C6 : FF;
  98C7 : FF;
  98C8 : FF;
  98C9 : FF;
  98CA : FF;
  98CB : FF;
  98CC : FF;
  98CD : FF;
  98CE : FF;
  98CF : FF;
  98D0 : FF;
  98D1 : FF;
  98D2 : FF;
  98D3 : FF;
  98D4 : FF;
  98D5 : FF;
  98D6 : FF;
  98D7 : FF;
  98D8 : FF;
  98D9 : FF;
  98DA : FF;
  98DB : FF;
  98DC : FF;
  98DD : FF;
  98DE : FF;
  98DF : FF;
  98E0 : FF;
  98E1 : FF;
  98E2 : FF;
  98E3 : FF;
  98E4 : FF;
  98E5 : FF;
  98E6 : FF;
  98E7 : FF;
  98E8 : FF;
  98E9 : FF;
  98EA : FF;
  98EB : FF;
  98EC : FF;
  98ED : FF;
  98EE : FF;
  98EF : FF;
  98F0 : FF;
  98F1 : FF;
  98F2 : FF;
  98F3 : FF;
  98F4 : FF;
  98F5 : FF;
  98F6 : FF;
  98F7 : FF;
  98F8 : FF;
  98F9 : FF;
  98FA : FF;
  98FB : FF;
  98FC : FF;
  98FD : FF;
  98FE : FF;
  98FF : FF;
  9900 : FF;
  9901 : FF;
  9902 : FF;
  9903 : FF;
  9904 : FF;
  9905 : FF;
  9906 : FF;
  9907 : FF;
  9908 : FF;
  9909 : FF;
  990A : FF;
  990B : FF;
  990C : FF;
  990D : FF;
  990E : FF;
  990F : FF;
  9910 : FF;
  9911 : FF;
  9912 : FF;
  9913 : FF;
  9914 : FF;
  9915 : FF;
  9916 : FF;
  9917 : FF;
  9918 : FF;
  9919 : FF;
  991A : FF;
  991B : FF;
  991C : FF;
  991D : FF;
  991E : FF;
  991F : FF;
  9920 : FF;
  9921 : FF;
  9922 : FF;
  9923 : FF;
  9924 : FF;
  9925 : FF;
  9926 : FF;
  9927 : FF;
  9928 : FF;
  9929 : FF;
  992A : FF;
  992B : FF;
  992C : FF;
  992D : FF;
  992E : FF;
  992F : FF;
  9930 : FF;
  9931 : FF;
  9932 : FF;
  9933 : FF;
  9934 : FF;
  9935 : FF;
  9936 : FF;
  9937 : FF;
  9938 : FF;
  9939 : FF;
  993A : FF;
  993B : FF;
  993C : FF;
  993D : FF;
  993E : FF;
  993F : FF;
  9940 : FF;
  9941 : FF;
  9942 : FF;
  9943 : FF;
  9944 : FF;
  9945 : FF;
  9946 : FF;
  9947 : FF;
  9948 : FF;
  9949 : FF;
  994A : FF;
  994B : FF;
  994C : FF;
  994D : FF;
  994E : FF;
  994F : FF;
  9950 : FF;
  9951 : FF;
  9952 : FF;
  9953 : FF;
  9954 : FF;
  9955 : FF;
  9956 : FF;
  9957 : FF;
  9958 : FF;
  9959 : FF;
  995A : FF;
  995B : FF;
  995C : FF;
  995D : FF;
  995E : FF;
  995F : FF;
  9960 : FF;
  9961 : FF;
  9962 : FF;
  9963 : FF;
  9964 : FF;
  9965 : FF;
  9966 : FF;
  9967 : FF;
  9968 : FF;
  9969 : FF;
  996A : FF;
  996B : FF;
  996C : FF;
  996D : FF;
  996E : FF;
  996F : FF;
  9970 : FF;
  9971 : FF;
  9972 : FF;
  9973 : FF;
  9974 : FF;
  9975 : FF;
  9976 : FF;
  9977 : FF;
  9978 : FF;
  9979 : FF;
  997A : FF;
  997B : FF;
  997C : FF;
  997D : FF;
  997E : FF;
  997F : FF;
  9980 : FF;
  9981 : FF;
  9982 : FF;
  9983 : FF;
  9984 : FF;
  9985 : FF;
  9986 : FF;
  9987 : FF;
  9988 : FF;
  9989 : FF;
  998A : FF;
  998B : FF;
  998C : FF;
  998D : FF;
  998E : FF;
  998F : FF;
  9990 : FF;
  9991 : FF;
  9992 : FF;
  9993 : FF;
  9994 : FF;
  9995 : FF;
  9996 : FF;
  9997 : FF;
  9998 : FF;
  9999 : FF;
  999A : FF;
  999B : FF;
  999C : FF;
  999D : FF;
  999E : FF;
  999F : FF;
  99A0 : FF;
  99A1 : FF;
  99A2 : FF;
  99A3 : FF;
  99A4 : FF;
  99A5 : FF;
  99A6 : FF;
  99A7 : FF;
  99A8 : FF;
  99A9 : FF;
  99AA : FF;
  99AB : FF;
  99AC : FF;
  99AD : FF;
  99AE : FF;
  99AF : FF;
  99B0 : FF;
  99B1 : FF;
  99B2 : FF;
  99B3 : FF;
  99B4 : FF;
  99B5 : FF;
  99B6 : FF;
  99B7 : FF;
  99B8 : FF;
  99B9 : FF;
  99BA : FF;
  99BB : FF;
  99BC : FF;
  99BD : FF;
  99BE : FF;
  99BF : FF;
  99C0 : FF;
  99C1 : FF;
  99C2 : FF;
  99C3 : FF;
  99C4 : FF;
  99C5 : FF;
  99C6 : FF;
  99C7 : FF;
  99C8 : FF;
  99C9 : FF;
  99CA : FF;
  99CB : FF;
  99CC : FF;
  99CD : FF;
  99CE : FF;
  99CF : FF;
  99D0 : FF;
  99D1 : FF;
  99D2 : FF;
  99D3 : FF;
  99D4 : FF;
  99D5 : FF;
  99D6 : FF;
  99D7 : FF;
  99D8 : FF;
  99D9 : FF;
  99DA : FF;
  99DB : FF;
  99DC : FF;
  99DD : FF;
  99DE : FF;
  99DF : FF;
  99E0 : FF;
  99E1 : FF;
  99E2 : FF;
  99E3 : FF;
  99E4 : FF;
  99E5 : FF;
  99E6 : FF;
  99E7 : FF;
  99E8 : FF;
  99E9 : FF;
  99EA : FF;
  99EB : FF;
  99EC : FF;
  99ED : FF;
  99EE : FF;
  99EF : FF;
  99F0 : FF;
  99F1 : FF;
  99F2 : FF;
  99F3 : FF;
  99F4 : FF;
  99F5 : FF;
  99F6 : FF;
  99F7 : FF;
  99F8 : FF;
  99F9 : FF;
  99FA : FF;
  99FB : FF;
  99FC : FF;
  99FD : FF;
  99FE : FF;
  99FF : FF;
  9A00 : FF;
  9A01 : FF;
  9A02 : FF;
  9A03 : FF;
  9A04 : FF;
  9A05 : FF;
  9A06 : FF;
  9A07 : FF;
  9A08 : FF;
  9A09 : FF;
  9A0A : FF;
  9A0B : FF;
  9A0C : FF;
  9A0D : FF;
  9A0E : FF;
  9A0F : FF;
  9A10 : FF;
  9A11 : FF;
  9A12 : FF;
  9A13 : FF;
  9A14 : FF;
  9A15 : FF;
  9A16 : FF;
  9A17 : FF;
  9A18 : FF;
  9A19 : FF;
  9A1A : FF;
  9A1B : FF;
  9A1C : FF;
  9A1D : FF;
  9A1E : FF;
  9A1F : FF;
  9A20 : FF;
  9A21 : FF;
  9A22 : FF;
  9A23 : FF;
  9A24 : FF;
  9A25 : FF;
  9A26 : FF;
  9A27 : FF;
  9A28 : FF;
  9A29 : FF;
  9A2A : FF;
  9A2B : FF;
  9A2C : FF;
  9A2D : FF;
  9A2E : FF;
  9A2F : FF;
  9A30 : FF;
  9A31 : FF;
  9A32 : FF;
  9A33 : FF;
  9A34 : FF;
  9A35 : FF;
  9A36 : FF;
  9A37 : FF;
  9A38 : FF;
  9A39 : FF;
  9A3A : FF;
  9A3B : FF;
  9A3C : FF;
  9A3D : FF;
  9A3E : FF;
  9A3F : FF;
  9A40 : FF;
  9A41 : FF;
  9A42 : FF;
  9A43 : FF;
  9A44 : FF;
  9A45 : FF;
  9A46 : FF;
  9A47 : FF;
  9A48 : FF;
  9A49 : FF;
  9A4A : FF;
  9A4B : FF;
  9A4C : FF;
  9A4D : FF;
  9A4E : FF;
  9A4F : FF;
  9A50 : FF;
  9A51 : FF;
  9A52 : FF;
  9A53 : FF;
  9A54 : FF;
  9A55 : FF;
  9A56 : FF;
  9A57 : FF;
  9A58 : FF;
  9A59 : FF;
  9A5A : FF;
  9A5B : FF;
  9A5C : FF;
  9A5D : FF;
  9A5E : FF;
  9A5F : FF;
  9A60 : FF;
  9A61 : FF;
  9A62 : FF;
  9A63 : FF;
  9A64 : FF;
  9A65 : FF;
  9A66 : FF;
  9A67 : FF;
  9A68 : FF;
  9A69 : FF;
  9A6A : FF;
  9A6B : FF;
  9A6C : FF;
  9A6D : FF;
  9A6E : FF;
  9A6F : FF;
  9A70 : FF;
  9A71 : FF;
  9A72 : FF;
  9A73 : FF;
  9A74 : FF;
  9A75 : FF;
  9A76 : FF;
  9A77 : FF;
  9A78 : FF;
  9A79 : FF;
  9A7A : FF;
  9A7B : FF;
  9A7C : FF;
  9A7D : FF;
  9A7E : FF;
  9A7F : FF;
  9A80 : FF;
  9A81 : FF;
  9A82 : FF;
  9A83 : FF;
  9A84 : FF;
  9A85 : FF;
  9A86 : FF;
  9A87 : FF;
  9A88 : FF;
  9A89 : FF;
  9A8A : FF;
  9A8B : FF;
  9A8C : FF;
  9A8D : FF;
  9A8E : FF;
  9A8F : FF;
  9A90 : FF;
  9A91 : FF;
  9A92 : FF;
  9A93 : FF;
  9A94 : FF;
  9A95 : FF;
  9A96 : FF;
  9A97 : FF;
  9A98 : FF;
  9A99 : FF;
  9A9A : FF;
  9A9B : FF;
  9A9C : FF;
  9A9D : FF;
  9A9E : FF;
  9A9F : FF;
  9AA0 : FF;
  9AA1 : FF;
  9AA2 : FF;
  9AA3 : FF;
  9AA4 : FF;
  9AA5 : FF;
  9AA6 : FF;
  9AA7 : FF;
  9AA8 : FF;
  9AA9 : FF;
  9AAA : FF;
  9AAB : FF;
  9AAC : FF;
  9AAD : FF;
  9AAE : FF;
  9AAF : FF;
  9AB0 : FF;
  9AB1 : FF;
  9AB2 : FF;
  9AB3 : FF;
  9AB4 : FF;
  9AB5 : FF;
  9AB6 : FF;
  9AB7 : FF;
  9AB8 : FF;
  9AB9 : FF;
  9ABA : FF;
  9ABB : FF;
  9ABC : FF;
  9ABD : FF;
  9ABE : FF;
  9ABF : FF;
  9AC0 : FF;
  9AC1 : FF;
  9AC2 : FF;
  9AC3 : FF;
  9AC4 : FF;
  9AC5 : FF;
  9AC6 : FF;
  9AC7 : FF;
  9AC8 : FF;
  9AC9 : FF;
  9ACA : FF;
  9ACB : FF;
  9ACC : FF;
  9ACD : FF;
  9ACE : FF;
  9ACF : FF;
  9AD0 : FF;
  9AD1 : FF;
  9AD2 : FF;
  9AD3 : FF;
  9AD4 : FF;
  9AD5 : FF;
  9AD6 : FF;
  9AD7 : FF;
  9AD8 : FF;
  9AD9 : FF;
  9ADA : FF;
  9ADB : FF;
  9ADC : FF;
  9ADD : FF;
  9ADE : FF;
  9ADF : FF;
  9AE0 : FF;
  9AE1 : FF;
  9AE2 : FF;
  9AE3 : FF;
  9AE4 : FF;
  9AE5 : FF;
  9AE6 : FF;
  9AE7 : FF;
  9AE8 : FF;
  9AE9 : FF;
  9AEA : FF;
  9AEB : FF;
  9AEC : FF;
  9AED : FF;
  9AEE : FF;
  9AEF : FF;
  9AF0 : FF;
  9AF1 : FF;
  9AF2 : FF;
  9AF3 : FF;
  9AF4 : FF;
  9AF5 : FF;
  9AF6 : FF;
  9AF7 : FF;
  9AF8 : FF;
  9AF9 : FF;
  9AFA : FF;
  9AFB : FF;
  9AFC : FF;
  9AFD : FF;
  9AFE : FF;
  9AFF : FF;
  9B00 : FF;
  9B01 : FF;
  9B02 : FF;
  9B03 : FF;
  9B04 : FF;
  9B05 : FF;
  9B06 : FF;
  9B07 : FF;
  9B08 : FF;
  9B09 : FF;
  9B0A : FF;
  9B0B : FF;
  9B0C : FF;
  9B0D : FF;
  9B0E : FF;
  9B0F : FF;
  9B10 : FF;
  9B11 : FF;
  9B12 : FF;
  9B13 : FF;
  9B14 : FF;
  9B15 : FF;
  9B16 : FF;
  9B17 : FF;
  9B18 : FF;
  9B19 : FF;
  9B1A : FF;
  9B1B : FF;
  9B1C : FF;
  9B1D : FF;
  9B1E : FF;
  9B1F : FF;
  9B20 : FF;
  9B21 : FF;
  9B22 : FF;
  9B23 : FF;
  9B24 : FF;
  9B25 : FF;
  9B26 : FF;
  9B27 : FF;
  9B28 : FF;
  9B29 : FF;
  9B2A : FF;
  9B2B : FF;
  9B2C : FF;
  9B2D : FF;
  9B2E : FF;
  9B2F : FF;
  9B30 : FF;
  9B31 : FF;
  9B32 : FF;
  9B33 : FF;
  9B34 : FF;
  9B35 : FF;
  9B36 : FF;
  9B37 : FF;
  9B38 : FF;
  9B39 : FF;
  9B3A : FF;
  9B3B : FF;
  9B3C : FF;
  9B3D : FF;
  9B3E : FF;
  9B3F : FF;
  9B40 : FF;
  9B41 : FF;
  9B42 : FF;
  9B43 : FF;
  9B44 : FF;
  9B45 : FF;
  9B46 : FF;
  9B47 : FF;
  9B48 : FF;
  9B49 : FF;
  9B4A : FF;
  9B4B : FF;
  9B4C : FF;
  9B4D : FF;
  9B4E : FF;
  9B4F : FF;
  9B50 : FF;
  9B51 : FF;
  9B52 : FF;
  9B53 : FF;
  9B54 : FF;
  9B55 : FF;
  9B56 : FF;
  9B57 : FF;
  9B58 : FF;
  9B59 : FF;
  9B5A : FF;
  9B5B : FF;
  9B5C : FF;
  9B5D : FF;
  9B5E : FF;
  9B5F : FF;
  9B60 : FF;
  9B61 : FF;
  9B62 : FF;
  9B63 : FF;
  9B64 : FF;
  9B65 : FF;
  9B66 : FF;
  9B67 : FF;
  9B68 : FF;
  9B69 : FF;
  9B6A : FF;
  9B6B : FF;
  9B6C : FF;
  9B6D : FF;
  9B6E : FF;
  9B6F : FF;
  9B70 : FF;
  9B71 : FF;
  9B72 : FF;
  9B73 : FF;
  9B74 : FF;
  9B75 : FF;
  9B76 : FF;
  9B77 : FF;
  9B78 : FF;
  9B79 : FF;
  9B7A : FF;
  9B7B : FF;
  9B7C : FF;
  9B7D : FF;
  9B7E : FF;
  9B7F : FF;
  9B80 : FF;
  9B81 : FF;
  9B82 : FF;
  9B83 : FF;
  9B84 : FF;
  9B85 : FF;
  9B86 : FF;
  9B87 : FF;
  9B88 : FF;
  9B89 : FF;
  9B8A : FF;
  9B8B : FF;
  9B8C : FF;
  9B8D : FF;
  9B8E : FF;
  9B8F : FF;
  9B90 : FF;
  9B91 : FF;
  9B92 : FF;
  9B93 : FF;
  9B94 : FF;
  9B95 : FF;
  9B96 : FF;
  9B97 : FF;
  9B98 : FF;
  9B99 : FF;
  9B9A : FF;
  9B9B : FF;
  9B9C : FF;
  9B9D : FF;
  9B9E : FF;
  9B9F : FF;
  9BA0 : FF;
  9BA1 : FF;
  9BA2 : FF;
  9BA3 : FF;
  9BA4 : FF;
  9BA5 : FF;
  9BA6 : FF;
  9BA7 : FF;
  9BA8 : FF;
  9BA9 : FF;
  9BAA : FF;
  9BAB : FF;
  9BAC : FF;
  9BAD : FF;
  9BAE : FF;
  9BAF : FF;
  9BB0 : FF;
  9BB1 : FF;
  9BB2 : FF;
  9BB3 : FF;
  9BB4 : FF;
  9BB5 : FF;
  9BB6 : FF;
  9BB7 : FF;
  9BB8 : FF;
  9BB9 : FF;
  9BBA : FF;
  9BBB : FF;
  9BBC : FF;
  9BBD : FF;
  9BBE : FF;
  9BBF : FF;
  9BC0 : FF;
  9BC1 : FF;
  9BC2 : FF;
  9BC3 : FF;
  9BC4 : FF;
  9BC5 : FF;
  9BC6 : FF;
  9BC7 : FF;
  9BC8 : FF;
  9BC9 : FF;
  9BCA : FF;
  9BCB : FF;
  9BCC : FF;
  9BCD : FF;
  9BCE : FF;
  9BCF : FF;
  9BD0 : FF;
  9BD1 : FF;
  9BD2 : FF;
  9BD3 : FF;
  9BD4 : FF;
  9BD5 : FF;
  9BD6 : FF;
  9BD7 : FF;
  9BD8 : FF;
  9BD9 : FF;
  9BDA : FF;
  9BDB : FF;
  9BDC : FF;
  9BDD : FF;
  9BDE : FF;
  9BDF : FF;
  9BE0 : FF;
  9BE1 : FF;
  9BE2 : FF;
  9BE3 : FF;
  9BE4 : FF;
  9BE5 : FF;
  9BE6 : FF;
  9BE7 : FF;
  9BE8 : FF;
  9BE9 : FF;
  9BEA : FF;
  9BEB : FF;
  9BEC : FF;
  9BED : FF;
  9BEE : FF;
  9BEF : FF;
  9BF0 : FF;
  9BF1 : FF;
  9BF2 : FF;
  9BF3 : FF;
  9BF4 : FF;
  9BF5 : FF;
  9BF6 : FF;
  9BF7 : FF;
  9BF8 : FF;
  9BF9 : FF;
  9BFA : FF;
  9BFB : FF;
  9BFC : FF;
  9BFD : FF;
  9BFE : FF;
  9BFF : FF;
  9C00 : FF;
  9C01 : FF;
  9C02 : FF;
  9C03 : FF;
  9C04 : FF;
  9C05 : FF;
  9C06 : FF;
  9C07 : FF;
  9C08 : FF;
  9C09 : FF;
  9C0A : FF;
  9C0B : FF;
  9C0C : FF;
  9C0D : FF;
  9C0E : FF;
  9C0F : FF;
  9C10 : FF;
  9C11 : FF;
  9C12 : FF;
  9C13 : FF;
  9C14 : FF;
  9C15 : FF;
  9C16 : FF;
  9C17 : FF;
  9C18 : FF;
  9C19 : FF;
  9C1A : FF;
  9C1B : FF;
  9C1C : FF;
  9C1D : FF;
  9C1E : FF;
  9C1F : FF;
  9C20 : FF;
  9C21 : FF;
  9C22 : FF;
  9C23 : FF;
  9C24 : FF;
  9C25 : FF;
  9C26 : FF;
  9C27 : FF;
  9C28 : FF;
  9C29 : FF;
  9C2A : FF;
  9C2B : FF;
  9C2C : FF;
  9C2D : FF;
  9C2E : FF;
  9C2F : FF;
  9C30 : FF;
  9C31 : FF;
  9C32 : FF;
  9C33 : FF;
  9C34 : FF;
  9C35 : FF;
  9C36 : FF;
  9C37 : FF;
  9C38 : FF;
  9C39 : FF;
  9C3A : FF;
  9C3B : FF;
  9C3C : FF;
  9C3D : FF;
  9C3E : FF;
  9C3F : FF;
  9C40 : FF;
  9C41 : FF;
  9C42 : FF;
  9C43 : FF;
  9C44 : FF;
  9C45 : FF;
  9C46 : FF;
  9C47 : FF;
  9C48 : FF;
  9C49 : FF;
  9C4A : FF;
  9C4B : FF;
  9C4C : FF;
  9C4D : FF;
  9C4E : FF;
  9C4F : FF;
  9C50 : FF;
  9C51 : FF;
  9C52 : FF;
  9C53 : FF;
  9C54 : FF;
  9C55 : FF;
  9C56 : FF;
  9C57 : FF;
  9C58 : FF;
  9C59 : FF;
  9C5A : FF;
  9C5B : FF;
  9C5C : FF;
  9C5D : FF;
  9C5E : FF;
  9C5F : FF;
  9C60 : FF;
  9C61 : FF;
  9C62 : FF;
  9C63 : FF;
  9C64 : FF;
  9C65 : FF;
  9C66 : FF;
  9C67 : FF;
  9C68 : FF;
  9C69 : FF;
  9C6A : FF;
  9C6B : FF;
  9C6C : FF;
  9C6D : FF;
  9C6E : FF;
  9C6F : FF;
  9C70 : FF;
  9C71 : FF;
  9C72 : FF;
  9C73 : FF;
  9C74 : FF;
  9C75 : FF;
  9C76 : FF;
  9C77 : FF;
  9C78 : FF;
  9C79 : FF;
  9C7A : FF;
  9C7B : FF;
  9C7C : FF;
  9C7D : FF;
  9C7E : FF;
  9C7F : FF;
  9C80 : FF;
  9C81 : FF;
  9C82 : FF;
  9C83 : FF;
  9C84 : FF;
  9C85 : FF;
  9C86 : FF;
  9C87 : FF;
  9C88 : FF;
  9C89 : FF;
  9C8A : FF;
  9C8B : FF;
  9C8C : FF;
  9C8D : FF;
  9C8E : FF;
  9C8F : FF;
  9C90 : FF;
  9C91 : FF;
  9C92 : FF;
  9C93 : FF;
  9C94 : FF;
  9C95 : FF;
  9C96 : FF;
  9C97 : FF;
  9C98 : FF;
  9C99 : FF;
  9C9A : FF;
  9C9B : FF;
  9C9C : FF;
  9C9D : FF;
  9C9E : FF;
  9C9F : FF;
  9CA0 : FF;
  9CA1 : FF;
  9CA2 : FF;
  9CA3 : FF;
  9CA4 : FF;
  9CA5 : FF;
  9CA6 : FF;
  9CA7 : FF;
  9CA8 : FF;
  9CA9 : FF;
  9CAA : FF;
  9CAB : FF;
  9CAC : FF;
  9CAD : FF;
  9CAE : FF;
  9CAF : FF;
  9CB0 : FF;
  9CB1 : FF;
  9CB2 : FF;
  9CB3 : FF;
  9CB4 : FF;
  9CB5 : FF;
  9CB6 : FF;
  9CB7 : FF;
  9CB8 : FF;
  9CB9 : FF;
  9CBA : FF;
  9CBB : FF;
  9CBC : FF;
  9CBD : FF;
  9CBE : FF;
  9CBF : FF;
  9CC0 : FF;
  9CC1 : FF;
  9CC2 : FF;
  9CC3 : FF;
  9CC4 : FF;
  9CC5 : FF;
  9CC6 : FF;
  9CC7 : FF;
  9CC8 : FF;
  9CC9 : FF;
  9CCA : FF;
  9CCB : FF;
  9CCC : FF;
  9CCD : FF;
  9CCE : FF;
  9CCF : FF;
  9CD0 : FF;
  9CD1 : FF;
  9CD2 : FF;
  9CD3 : FF;
  9CD4 : FF;
  9CD5 : FF;
  9CD6 : FF;
  9CD7 : FF;
  9CD8 : FF;
  9CD9 : FF;
  9CDA : FF;
  9CDB : FF;
  9CDC : FF;
  9CDD : FF;
  9CDE : FF;
  9CDF : FF;
  9CE0 : FF;
  9CE1 : FF;
  9CE2 : FF;
  9CE3 : FF;
  9CE4 : FF;
  9CE5 : FF;
  9CE6 : FF;
  9CE7 : FF;
  9CE8 : FF;
  9CE9 : FF;
  9CEA : FF;
  9CEB : FF;
  9CEC : FF;
  9CED : FF;
  9CEE : FF;
  9CEF : FF;
  9CF0 : FF;
  9CF1 : FF;
  9CF2 : FF;
  9CF3 : FF;
  9CF4 : FF;
  9CF5 : FF;
  9CF6 : FF;
  9CF7 : FF;
  9CF8 : FF;
  9CF9 : FF;
  9CFA : FF;
  9CFB : FF;
  9CFC : FF;
  9CFD : FF;
  9CFE : FF;
  9CFF : FF;
  9D00 : FF;
  9D01 : FF;
  9D02 : FF;
  9D03 : FF;
  9D04 : FF;
  9D05 : FF;
  9D06 : FF;
  9D07 : FF;
  9D08 : FF;
  9D09 : FF;
  9D0A : FF;
  9D0B : FF;
  9D0C : FF;
  9D0D : FF;
  9D0E : FF;
  9D0F : FF;
  9D10 : FF;
  9D11 : FF;
  9D12 : FF;
  9D13 : FF;
  9D14 : FF;
  9D15 : FF;
  9D16 : FF;
  9D17 : FF;
  9D18 : FF;
  9D19 : FF;
  9D1A : FF;
  9D1B : FF;
  9D1C : FF;
  9D1D : FF;
  9D1E : FF;
  9D1F : FF;
  9D20 : FF;
  9D21 : FF;
  9D22 : FF;
  9D23 : FF;
  9D24 : FF;
  9D25 : FF;
  9D26 : FF;
  9D27 : FF;
  9D28 : FF;
  9D29 : FF;
  9D2A : FF;
  9D2B : FF;
  9D2C : FF;
  9D2D : FF;
  9D2E : FF;
  9D2F : FF;
  9D30 : FF;
  9D31 : FF;
  9D32 : FF;
  9D33 : FF;
  9D34 : FF;
  9D35 : FF;
  9D36 : FF;
  9D37 : FF;
  9D38 : FF;
  9D39 : FF;
  9D3A : FF;
  9D3B : FF;
  9D3C : FF;
  9D3D : FF;
  9D3E : FF;
  9D3F : FF;
  9D40 : FF;
  9D41 : FF;
  9D42 : FF;
  9D43 : FF;
  9D44 : FF;
  9D45 : FF;
  9D46 : FF;
  9D47 : FF;
  9D48 : FF;
  9D49 : FF;
  9D4A : FF;
  9D4B : FF;
  9D4C : FF;
  9D4D : FF;
  9D4E : FF;
  9D4F : FF;
  9D50 : FF;
  9D51 : FF;
  9D52 : FF;
  9D53 : FF;
  9D54 : FF;
  9D55 : FF;
  9D56 : FF;
  9D57 : FF;
  9D58 : FF;
  9D59 : FF;
  9D5A : FF;
  9D5B : FF;
  9D5C : FF;
  9D5D : FF;
  9D5E : FF;
  9D5F : FF;
  9D60 : FF;
  9D61 : FF;
  9D62 : FF;
  9D63 : FF;
  9D64 : FF;
  9D65 : FF;
  9D66 : FF;
  9D67 : FF;
  9D68 : FF;
  9D69 : FF;
  9D6A : FF;
  9D6B : FF;
  9D6C : FF;
  9D6D : FF;
  9D6E : FF;
  9D6F : FF;
  9D70 : FF;
  9D71 : FF;
  9D72 : FF;
  9D73 : FF;
  9D74 : FF;
  9D75 : FF;
  9D76 : FF;
  9D77 : FF;
  9D78 : FF;
  9D79 : FF;
  9D7A : FF;
  9D7B : FF;
  9D7C : FF;
  9D7D : FF;
  9D7E : FF;
  9D7F : FF;
  9D80 : FF;
  9D81 : FF;
  9D82 : FF;
  9D83 : FF;
  9D84 : FF;
  9D85 : FF;
  9D86 : FF;
  9D87 : FF;
  9D88 : FF;
  9D89 : FF;
  9D8A : FF;
  9D8B : FF;
  9D8C : FF;
  9D8D : FF;
  9D8E : FF;
  9D8F : FF;
  9D90 : FF;
  9D91 : FF;
  9D92 : FF;
  9D93 : FF;
  9D94 : FF;
  9D95 : FF;
  9D96 : FF;
  9D97 : FF;
  9D98 : FF;
  9D99 : FF;
  9D9A : FF;
  9D9B : FF;
  9D9C : FF;
  9D9D : FF;
  9D9E : FF;
  9D9F : FF;
  9DA0 : FF;
  9DA1 : FF;
  9DA2 : FF;
  9DA3 : FF;
  9DA4 : FF;
  9DA5 : FF;
  9DA6 : FF;
  9DA7 : FF;
  9DA8 : FF;
  9DA9 : FF;
  9DAA : FF;
  9DAB : FF;
  9DAC : FF;
  9DAD : FF;
  9DAE : FF;
  9DAF : FF;
  9DB0 : FF;
  9DB1 : FF;
  9DB2 : FF;
  9DB3 : FF;
  9DB4 : FF;
  9DB5 : FF;
  9DB6 : FF;
  9DB7 : FF;
  9DB8 : FF;
  9DB9 : FF;
  9DBA : FF;
  9DBB : FF;
  9DBC : FF;
  9DBD : FF;
  9DBE : FF;
  9DBF : FF;
  9DC0 : FF;
  9DC1 : FF;
  9DC2 : FF;
  9DC3 : FF;
  9DC4 : FF;
  9DC5 : FF;
  9DC6 : FF;
  9DC7 : FF;
  9DC8 : FF;
  9DC9 : FF;
  9DCA : FF;
  9DCB : FF;
  9DCC : FF;
  9DCD : FF;
  9DCE : FF;
  9DCF : FF;
  9DD0 : FF;
  9DD1 : FF;
  9DD2 : FF;
  9DD3 : FF;
  9DD4 : FF;
  9DD5 : FF;
  9DD6 : FF;
  9DD7 : FF;
  9DD8 : FF;
  9DD9 : FF;
  9DDA : FF;
  9DDB : FF;
  9DDC : FF;
  9DDD : FF;
  9DDE : FF;
  9DDF : FF;
  9DE0 : FF;
  9DE1 : FF;
  9DE2 : FF;
  9DE3 : FF;
  9DE4 : FF;
  9DE5 : FF;
  9DE6 : FF;
  9DE7 : FF;
  9DE8 : FF;
  9DE9 : FF;
  9DEA : FF;
  9DEB : FF;
  9DEC : FF;
  9DED : FF;
  9DEE : FF;
  9DEF : FF;
  9DF0 : FF;
  9DF1 : FF;
  9DF2 : FF;
  9DF3 : FF;
  9DF4 : FF;
  9DF5 : FF;
  9DF6 : FF;
  9DF7 : FF;
  9DF8 : FF;
  9DF9 : FF;
  9DFA : FF;
  9DFB : FF;
  9DFC : FF;
  9DFD : FF;
  9DFE : FF;
  9DFF : FF;
  9E00 : FF;
  9E01 : FF;
  9E02 : FF;
  9E03 : FF;
  9E04 : FF;
  9E05 : FF;
  9E06 : FF;
  9E07 : FF;
  9E08 : FF;
  9E09 : FF;
  9E0A : FF;
  9E0B : FF;
  9E0C : FF;
  9E0D : FF;
  9E0E : FF;
  9E0F : FF;
  9E10 : FF;
  9E11 : FF;
  9E12 : FF;
  9E13 : FF;
  9E14 : FF;
  9E15 : FF;
  9E16 : FF;
  9E17 : FF;
  9E18 : FF;
  9E19 : FF;
  9E1A : FF;
  9E1B : FF;
  9E1C : FF;
  9E1D : FF;
  9E1E : FF;
  9E1F : FF;
  9E20 : FF;
  9E21 : FF;
  9E22 : FF;
  9E23 : FF;
  9E24 : FF;
  9E25 : FF;
  9E26 : FF;
  9E27 : FF;
  9E28 : FF;
  9E29 : FF;
  9E2A : FF;
  9E2B : FF;
  9E2C : FF;
  9E2D : FF;
  9E2E : FF;
  9E2F : FF;
  9E30 : FF;
  9E31 : FF;
  9E32 : FF;
  9E33 : FF;
  9E34 : FF;
  9E35 : FF;
  9E36 : FF;
  9E37 : FF;
  9E38 : FF;
  9E39 : FF;
  9E3A : FF;
  9E3B : FF;
  9E3C : FF;
  9E3D : FF;
  9E3E : FF;
  9E3F : FF;
  9E40 : FF;
  9E41 : FF;
  9E42 : FF;
  9E43 : FF;
  9E44 : FF;
  9E45 : FF;
  9E46 : FF;
  9E47 : FF;
  9E48 : FF;
  9E49 : FF;
  9E4A : FF;
  9E4B : FF;
  9E4C : FF;
  9E4D : FF;
  9E4E : FF;
  9E4F : FF;
  9E50 : FF;
  9E51 : FF;
  9E52 : FF;
  9E53 : FF;
  9E54 : FF;
  9E55 : FF;
  9E56 : FF;
  9E57 : FF;
  9E58 : FF;
  9E59 : FF;
  9E5A : FF;
  9E5B : FF;
  9E5C : FF;
  9E5D : FF;
  9E5E : FF;
  9E5F : FF;
  9E60 : FF;
  9E61 : FF;
  9E62 : FF;
  9E63 : FF;
  9E64 : FF;
  9E65 : FF;
  9E66 : FF;
  9E67 : FF;
  9E68 : FF;
  9E69 : FF;
  9E6A : FF;
  9E6B : FF;
  9E6C : FF;
  9E6D : FF;
  9E6E : FF;
  9E6F : FF;
  9E70 : FF;
  9E71 : FF;
  9E72 : FF;
  9E73 : FF;
  9E74 : FF;
  9E75 : FF;
  9E76 : FF;
  9E77 : FF;
  9E78 : FF;
  9E79 : FF;
  9E7A : FF;
  9E7B : FF;
  9E7C : FF;
  9E7D : FF;
  9E7E : FF;
  9E7F : FF;
  9E80 : FF;
  9E81 : FF;
  9E82 : FF;
  9E83 : FF;
  9E84 : FF;
  9E85 : FF;
  9E86 : FF;
  9E87 : FF;
  9E88 : FF;
  9E89 : FF;
  9E8A : FF;
  9E8B : FF;
  9E8C : FF;
  9E8D : FF;
  9E8E : FF;
  9E8F : FF;
  9E90 : FF;
  9E91 : FF;
  9E92 : FF;
  9E93 : FF;
  9E94 : FF;
  9E95 : FF;
  9E96 : FF;
  9E97 : FF;
  9E98 : FF;
  9E99 : FF;
  9E9A : FF;
  9E9B : FF;
  9E9C : FF;
  9E9D : FF;
  9E9E : FF;
  9E9F : FF;
  9EA0 : FF;
  9EA1 : FF;
  9EA2 : FF;
  9EA3 : FF;
  9EA4 : FF;
  9EA5 : FF;
  9EA6 : FF;
  9EA7 : FF;
  9EA8 : FF;
  9EA9 : FF;
  9EAA : FF;
  9EAB : FF;
  9EAC : FF;
  9EAD : FF;
  9EAE : FF;
  9EAF : FF;
  9EB0 : FF;
  9EB1 : FF;
  9EB2 : FF;
  9EB3 : FF;
  9EB4 : FF;
  9EB5 : FF;
  9EB6 : FF;
  9EB7 : FF;
  9EB8 : FF;
  9EB9 : FF;
  9EBA : FF;
  9EBB : FF;
  9EBC : FF;
  9EBD : FF;
  9EBE : FF;
  9EBF : FF;
  9EC0 : FF;
  9EC1 : FF;
  9EC2 : FF;
  9EC3 : FF;
  9EC4 : FF;
  9EC5 : FF;
  9EC6 : FF;
  9EC7 : FF;
  9EC8 : FF;
  9EC9 : FF;
  9ECA : FF;
  9ECB : FF;
  9ECC : FF;
  9ECD : FF;
  9ECE : FF;
  9ECF : FF;
  9ED0 : FF;
  9ED1 : FF;
  9ED2 : FF;
  9ED3 : FF;
  9ED4 : FF;
  9ED5 : FF;
  9ED6 : FF;
  9ED7 : FF;
  9ED8 : FF;
  9ED9 : FF;
  9EDA : FF;
  9EDB : FF;
  9EDC : FF;
  9EDD : FF;
  9EDE : FF;
  9EDF : FF;
  9EE0 : FF;
  9EE1 : FF;
  9EE2 : FF;
  9EE3 : FF;
  9EE4 : FF;
  9EE5 : FF;
  9EE6 : FF;
  9EE7 : FF;
  9EE8 : FF;
  9EE9 : FF;
  9EEA : FF;
  9EEB : FF;
  9EEC : FF;
  9EED : FF;
  9EEE : FF;
  9EEF : FF;
  9EF0 : FF;
  9EF1 : FF;
  9EF2 : FF;
  9EF3 : FF;
  9EF4 : FF;
  9EF5 : FF;
  9EF6 : FF;
  9EF7 : FF;
  9EF8 : FF;
  9EF9 : FF;
  9EFA : FF;
  9EFB : FF;
  9EFC : FF;
  9EFD : FF;
  9EFE : FF;
  9EFF : FF;
  9F00 : FF;
  9F01 : FF;
  9F02 : FF;
  9F03 : FF;
  9F04 : FF;
  9F05 : FF;
  9F06 : FF;
  9F07 : FF;
  9F08 : FF;
  9F09 : FF;
  9F0A : FF;
  9F0B : FF;
  9F0C : FF;
  9F0D : FF;
  9F0E : FF;
  9F0F : FF;
  9F10 : FF;
  9F11 : FF;
  9F12 : FF;
  9F13 : FF;
  9F14 : FF;
  9F15 : FF;
  9F16 : FF;
  9F17 : FF;
  9F18 : FF;
  9F19 : FF;
  9F1A : FF;
  9F1B : FF;
  9F1C : FF;
  9F1D : FF;
  9F1E : FF;
  9F1F : FF;
  9F20 : FF;
  9F21 : FF;
  9F22 : FF;
  9F23 : FF;
  9F24 : FF;
  9F25 : FF;
  9F26 : FF;
  9F27 : FF;
  9F28 : FF;
  9F29 : FF;
  9F2A : FF;
  9F2B : FF;
  9F2C : FF;
  9F2D : FF;
  9F2E : FF;
  9F2F : FF;
  9F30 : FF;
  9F31 : FF;
  9F32 : FF;
  9F33 : FF;
  9F34 : FF;
  9F35 : FF;
  9F36 : FF;
  9F37 : FF;
  9F38 : FF;
  9F39 : FF;
  9F3A : FF;
  9F3B : FF;
  9F3C : FF;
  9F3D : FF;
  9F3E : FF;
  9F3F : FF;
  9F40 : FF;
  9F41 : FF;
  9F42 : FF;
  9F43 : FF;
  9F44 : FF;
  9F45 : FF;
  9F46 : FF;
  9F47 : FF;
  9F48 : FF;
  9F49 : FF;
  9F4A : FF;
  9F4B : FF;
  9F4C : FF;
  9F4D : FF;
  9F4E : FF;
  9F4F : FF;
  9F50 : FF;
  9F51 : FF;
  9F52 : FF;
  9F53 : FF;
  9F54 : FF;
  9F55 : FF;
  9F56 : FF;
  9F57 : FF;
  9F58 : FF;
  9F59 : FF;
  9F5A : FF;
  9F5B : FF;
  9F5C : FF;
  9F5D : FF;
  9F5E : FF;
  9F5F : FF;
  9F60 : FF;
  9F61 : FF;
  9F62 : FF;
  9F63 : FF;
  9F64 : FF;
  9F65 : FF;
  9F66 : FF;
  9F67 : FF;
  9F68 : FF;
  9F69 : FF;
  9F6A : FF;
  9F6B : FF;
  9F6C : FF;
  9F6D : FF;
  9F6E : FF;
  9F6F : FF;
  9F70 : FF;
  9F71 : FF;
  9F72 : FF;
  9F73 : FF;
  9F74 : FF;
  9F75 : FF;
  9F76 : FF;
  9F77 : FF;
  9F78 : FF;
  9F79 : FF;
  9F7A : FF;
  9F7B : FF;
  9F7C : FF;
  9F7D : FF;
  9F7E : FF;
  9F7F : FF;
  9F80 : FF;
  9F81 : FF;
  9F82 : FF;
  9F83 : FF;
  9F84 : FF;
  9F85 : FF;
  9F86 : FF;
  9F87 : FF;
  9F88 : FF;
  9F89 : FF;
  9F8A : FF;
  9F8B : FF;
  9F8C : FF;
  9F8D : FF;
  9F8E : FF;
  9F8F : FF;
  9F90 : FF;
  9F91 : FF;
  9F92 : FF;
  9F93 : FF;
  9F94 : FF;
  9F95 : FF;
  9F96 : FF;
  9F97 : FF;
  9F98 : FF;
  9F99 : FF;
  9F9A : FF;
  9F9B : FF;
  9F9C : FF;
  9F9D : FF;
  9F9E : FF;
  9F9F : FF;
  9FA0 : FF;
  9FA1 : FF;
  9FA2 : FF;
  9FA3 : FF;
  9FA4 : FF;
  9FA5 : FF;
  9FA6 : FF;
  9FA7 : FF;
  9FA8 : FF;
  9FA9 : FF;
  9FAA : FF;
  9FAB : FF;
  9FAC : FF;
  9FAD : FF;
  9FAE : FF;
  9FAF : FF;
  9FB0 : FF;
  9FB1 : FF;
  9FB2 : FF;
  9FB3 : FF;
  9FB4 : FF;
  9FB5 : FF;
  9FB6 : FF;
  9FB7 : FF;
  9FB8 : FF;
  9FB9 : FF;
  9FBA : FF;
  9FBB : FF;
  9FBC : FF;
  9FBD : FF;
  9FBE : FF;
  9FBF : FF;
  9FC0 : FF;
  9FC1 : FF;
  9FC2 : FF;
  9FC3 : FF;
  9FC4 : FF;
  9FC5 : FF;
  9FC6 : FF;
  9FC7 : FF;
  9FC8 : FF;
  9FC9 : FF;
  9FCA : FF;
  9FCB : FF;
  9FCC : FF;
  9FCD : FF;
  9FCE : FF;
  9FCF : FF;
  9FD0 : FF;
  9FD1 : FF;
  9FD2 : FF;
  9FD3 : FF;
  9FD4 : FF;
  9FD5 : FF;
  9FD6 : FF;
  9FD7 : FF;
  9FD8 : FF;
  9FD9 : FF;
  9FDA : FF;
  9FDB : FF;
  9FDC : FF;
  9FDD : FF;
  9FDE : FF;
  9FDF : FF;
  9FE0 : FF;
  9FE1 : FF;
  9FE2 : FF;
  9FE3 : FF;
  9FE4 : FF;
  9FE5 : FF;
  9FE6 : FF;
  9FE7 : FF;
  9FE8 : FF;
  9FE9 : FF;
  9FEA : FF;
  9FEB : FF;
  9FEC : FF;
  9FED : FF;
  9FEE : FF;
  9FEF : FF;
  9FF0 : FF;
  9FF1 : FF;
  9FF2 : FF;
  9FF3 : FF;
  9FF4 : FF;
  9FF5 : FF;
  9FF6 : FF;
  9FF7 : FF;
  9FF8 : FF;
  9FF9 : FF;
  9FFA : FF;
  9FFB : FF;
  9FFC : FF;
  9FFD : FF;
  9FFE : FF;
  9FFF : FF;
  A000 : FF;
  A001 : FF;
  A002 : FF;
  A003 : FF;
  A004 : FF;
  A005 : FF;
  A006 : FF;
  A007 : FF;
  A008 : FF;
  A009 : FF;
  A00A : FF;
  A00B : FF;
  A00C : FF;
  A00D : FF;
  A00E : FF;
  A00F : FF;
  A010 : FF;
  A011 : FF;
  A012 : FF;
  A013 : FF;
  A014 : FF;
  A015 : FF;
  A016 : FF;
  A017 : FF;
  A018 : FF;
  A019 : FF;
  A01A : FF;
  A01B : FF;
  A01C : FF;
  A01D : FF;
  A01E : FF;
  A01F : FF;
  A020 : FF;
  A021 : FF;
  A022 : FF;
  A023 : FF;
  A024 : FF;
  A025 : FF;
  A026 : FF;
  A027 : FF;
  A028 : FF;
  A029 : FF;
  A02A : FF;
  A02B : FF;
  A02C : FF;
  A02D : FF;
  A02E : FF;
  A02F : FF;
  A030 : FF;
  A031 : FF;
  A032 : FF;
  A033 : FF;
  A034 : FF;
  A035 : FF;
  A036 : FF;
  A037 : FF;
  A038 : FF;
  A039 : FF;
  A03A : FF;
  A03B : FF;
  A03C : FF;
  A03D : FF;
  A03E : FF;
  A03F : FF;
  A040 : FF;
  A041 : FF;
  A042 : FF;
  A043 : FF;
  A044 : FF;
  A045 : FF;
  A046 : FF;
  A047 : FF;
  A048 : FF;
  A049 : FF;
  A04A : FF;
  A04B : FF;
  A04C : FF;
  A04D : FF;
  A04E : FF;
  A04F : FF;
  A050 : FF;
  A051 : FF;
  A052 : FF;
  A053 : FF;
  A054 : FF;
  A055 : FF;
  A056 : FF;
  A057 : FF;
  A058 : FF;
  A059 : FF;
  A05A : FF;
  A05B : FF;
  A05C : FF;
  A05D : FF;
  A05E : FF;
  A05F : FF;
  A060 : FF;
  A061 : FF;
  A062 : FF;
  A063 : FF;
  A064 : FF;
  A065 : FF;
  A066 : FF;
  A067 : FF;
  A068 : FF;
  A069 : FF;
  A06A : FF;
  A06B : FF;
  A06C : FF;
  A06D : FF;
  A06E : FF;
  A06F : FF;
  A070 : FF;
  A071 : FF;
  A072 : FF;
  A073 : FF;
  A074 : FF;
  A075 : FF;
  A076 : FF;
  A077 : FF;
  A078 : FF;
  A079 : FF;
  A07A : FF;
  A07B : FF;
  A07C : FF;
  A07D : FF;
  A07E : FF;
  A07F : FF;
  A080 : FF;
  A081 : FF;
  A082 : FF;
  A083 : FF;
  A084 : FF;
  A085 : FF;
  A086 : FF;
  A087 : FF;
  A088 : FF;
  A089 : FF;
  A08A : FF;
  A08B : FF;
  A08C : FF;
  A08D : FF;
  A08E : FF;
  A08F : FF;
  A090 : FF;
  A091 : FF;
  A092 : FF;
  A093 : FF;
  A094 : FF;
  A095 : FF;
  A096 : FF;
  A097 : FF;
  A098 : FF;
  A099 : FF;
  A09A : FF;
  A09B : FF;
  A09C : FF;
  A09D : FF;
  A09E : FF;
  A09F : FF;
  A0A0 : FF;
  A0A1 : FF;
  A0A2 : FF;
  A0A3 : FF;
  A0A4 : FF;
  A0A5 : FF;
  A0A6 : FF;
  A0A7 : FF;
  A0A8 : FF;
  A0A9 : FF;
  A0AA : FF;
  A0AB : FF;
  A0AC : FF;
  A0AD : FF;
  A0AE : FF;
  A0AF : FF;
  A0B0 : FF;
  A0B1 : FF;
  A0B2 : FF;
  A0B3 : FF;
  A0B4 : FF;
  A0B5 : FF;
  A0B6 : FF;
  A0B7 : FF;
  A0B8 : FF;
  A0B9 : FF;
  A0BA : FF;
  A0BB : FF;
  A0BC : FF;
  A0BD : FF;
  A0BE : FF;
  A0BF : FF;
  A0C0 : FF;
  A0C1 : FF;
  A0C2 : FF;
  A0C3 : FF;
  A0C4 : FF;
  A0C5 : FF;
  A0C6 : FF;
  A0C7 : FF;
  A0C8 : FF;
  A0C9 : FF;
  A0CA : FF;
  A0CB : FF;
  A0CC : FF;
  A0CD : FF;
  A0CE : FF;
  A0CF : FF;
  A0D0 : FF;
  A0D1 : FF;
  A0D2 : FF;
  A0D3 : FF;
  A0D4 : FF;
  A0D5 : FF;
  A0D6 : FF;
  A0D7 : FF;
  A0D8 : FF;
  A0D9 : FF;
  A0DA : FF;
  A0DB : FF;
  A0DC : FF;
  A0DD : FF;
  A0DE : FF;
  A0DF : FF;
  A0E0 : FF;
  A0E1 : FF;
  A0E2 : FF;
  A0E3 : FF;
  A0E4 : FF;
  A0E5 : FF;
  A0E6 : FF;
  A0E7 : FF;
  A0E8 : FF;
  A0E9 : FF;
  A0EA : FF;
  A0EB : FF;
  A0EC : FF;
  A0ED : FF;
  A0EE : FF;
  A0EF : FF;
  A0F0 : FF;
  A0F1 : FF;
  A0F2 : FF;
  A0F3 : FF;
  A0F4 : FF;
  A0F5 : FF;
  A0F6 : FF;
  A0F7 : FF;
  A0F8 : FF;
  A0F9 : FF;
  A0FA : FF;
  A0FB : FF;
  A0FC : FF;
  A0FD : FF;
  A0FE : FF;
  A0FF : FF;
  A100 : FF;
  A101 : FF;
  A102 : FF;
  A103 : FF;
  A104 : FF;
  A105 : FF;
  A106 : FF;
  A107 : FF;
  A108 : FF;
  A109 : FF;
  A10A : FF;
  A10B : FF;
  A10C : FF;
  A10D : FF;
  A10E : FF;
  A10F : FF;
  A110 : FF;
  A111 : FF;
  A112 : FF;
  A113 : FF;
  A114 : FF;
  A115 : FF;
  A116 : FF;
  A117 : FF;
  A118 : FF;
  A119 : FF;
  A11A : FF;
  A11B : FF;
  A11C : FF;
  A11D : FF;
  A11E : FF;
  A11F : FF;
  A120 : FF;
  A121 : FF;
  A122 : FF;
  A123 : FF;
  A124 : FF;
  A125 : FF;
  A126 : FF;
  A127 : FF;
  A128 : FF;
  A129 : FF;
  A12A : FF;
  A12B : FF;
  A12C : FF;
  A12D : FF;
  A12E : FF;
  A12F : FF;
  A130 : FF;
  A131 : FF;
  A132 : FF;
  A133 : FF;
  A134 : FF;
  A135 : FF;
  A136 : FF;
  A137 : FF;
  A138 : FF;
  A139 : FF;
  A13A : FF;
  A13B : FF;
  A13C : FF;
  A13D : FF;
  A13E : FF;
  A13F : FF;
  A140 : FF;
  A141 : FF;
  A142 : FF;
  A143 : FF;
  A144 : FF;
  A145 : FF;
  A146 : FF;
  A147 : FF;
  A148 : FF;
  A149 : FF;
  A14A : FF;
  A14B : FF;
  A14C : FF;
  A14D : FF;
  A14E : FF;
  A14F : FF;
  A150 : FF;
  A151 : FF;
  A152 : FF;
  A153 : FF;
  A154 : FF;
  A155 : FF;
  A156 : FF;
  A157 : FF;
  A158 : FF;
  A159 : FF;
  A15A : FF;
  A15B : FF;
  A15C : FF;
  A15D : FF;
  A15E : FF;
  A15F : FF;
  A160 : FF;
  A161 : FF;
  A162 : FF;
  A163 : FF;
  A164 : FF;
  A165 : FF;
  A166 : FF;
  A167 : FF;
  A168 : FF;
  A169 : FF;
  A16A : FF;
  A16B : FF;
  A16C : FF;
  A16D : FF;
  A16E : FF;
  A16F : FF;
  A170 : FF;
  A171 : FF;
  A172 : FF;
  A173 : FF;
  A174 : FF;
  A175 : FF;
  A176 : FF;
  A177 : FF;
  A178 : FF;
  A179 : FF;
  A17A : FF;
  A17B : FF;
  A17C : FF;
  A17D : FF;
  A17E : FF;
  A17F : FF;
  A180 : FF;
  A181 : FF;
  A182 : FF;
  A183 : FF;
  A184 : FF;
  A185 : FF;
  A186 : FF;
  A187 : FF;
  A188 : FF;
  A189 : FF;
  A18A : FF;
  A18B : FF;
  A18C : FF;
  A18D : FF;
  A18E : FF;
  A18F : FF;
  A190 : FF;
  A191 : FF;
  A192 : FF;
  A193 : FF;
  A194 : FF;
  A195 : FF;
  A196 : FF;
  A197 : FF;
  A198 : FF;
  A199 : FF;
  A19A : FF;
  A19B : FF;
  A19C : FF;
  A19D : FF;
  A19E : FF;
  A19F : FF;
  A1A0 : FF;
  A1A1 : FF;
  A1A2 : FF;
  A1A3 : FF;
  A1A4 : FF;
  A1A5 : FF;
  A1A6 : FF;
  A1A7 : FF;
  A1A8 : FF;
  A1A9 : FF;
  A1AA : FF;
  A1AB : FF;
  A1AC : FF;
  A1AD : FF;
  A1AE : FF;
  A1AF : FF;
  A1B0 : FF;
  A1B1 : FF;
  A1B2 : FF;
  A1B3 : FF;
  A1B4 : FF;
  A1B5 : FF;
  A1B6 : FF;
  A1B7 : FF;
  A1B8 : FF;
  A1B9 : FF;
  A1BA : FF;
  A1BB : FF;
  A1BC : FF;
  A1BD : FF;
  A1BE : FF;
  A1BF : FF;
  A1C0 : FF;
  A1C1 : FF;
  A1C2 : FF;
  A1C3 : FF;
  A1C4 : FF;
  A1C5 : FF;
  A1C6 : FF;
  A1C7 : FF;
  A1C8 : FF;
  A1C9 : FF;
  A1CA : FF;
  A1CB : FF;
  A1CC : FF;
  A1CD : FF;
  A1CE : FF;
  A1CF : FF;
  A1D0 : FF;
  A1D1 : FF;
  A1D2 : FF;
  A1D3 : FF;
  A1D4 : FF;
  A1D5 : FF;
  A1D6 : FF;
  A1D7 : FF;
  A1D8 : FF;
  A1D9 : FF;
  A1DA : FF;
  A1DB : FF;
  A1DC : FF;
  A1DD : FF;
  A1DE : FF;
  A1DF : FF;
  A1E0 : FF;
  A1E1 : FF;
  A1E2 : FF;
  A1E3 : FF;
  A1E4 : FF;
  A1E5 : FF;
  A1E6 : FF;
  A1E7 : FF;
  A1E8 : FF;
  A1E9 : FF;
  A1EA : FF;
  A1EB : FF;
  A1EC : FF;
  A1ED : FF;
  A1EE : FF;
  A1EF : FF;
  A1F0 : FF;
  A1F1 : FF;
  A1F2 : FF;
  A1F3 : FF;
  A1F4 : FF;
  A1F5 : FF;
  A1F6 : FF;
  A1F7 : FF;
  A1F8 : FF;
  A1F9 : FF;
  A1FA : FF;
  A1FB : FF;
  A1FC : FF;
  A1FD : FF;
  A1FE : FF;
  A1FF : FF;
  A200 : FF;
  A201 : FF;
  A202 : FF;
  A203 : FF;
  A204 : FF;
  A205 : FF;
  A206 : FF;
  A207 : FF;
  A208 : FF;
  A209 : FF;
  A20A : FF;
  A20B : FF;
  A20C : FF;
  A20D : FF;
  A20E : FF;
  A20F : FF;
  A210 : FF;
  A211 : FF;
  A212 : FF;
  A213 : FF;
  A214 : FF;
  A215 : FF;
  A216 : FF;
  A217 : FF;
  A218 : FF;
  A219 : FF;
  A21A : FF;
  A21B : FF;
  A21C : FF;
  A21D : FF;
  A21E : FF;
  A21F : FF;
  A220 : FF;
  A221 : FF;
  A222 : FF;
  A223 : FF;
  A224 : FF;
  A225 : FF;
  A226 : FF;
  A227 : FF;
  A228 : FF;
  A229 : FF;
  A22A : FF;
  A22B : FF;
  A22C : FF;
  A22D : FF;
  A22E : FF;
  A22F : FF;
  A230 : FF;
  A231 : FF;
  A232 : FF;
  A233 : FF;
  A234 : FF;
  A235 : FF;
  A236 : FF;
  A237 : FF;
  A238 : FF;
  A239 : FF;
  A23A : FF;
  A23B : FF;
  A23C : FF;
  A23D : FF;
  A23E : FF;
  A23F : FF;
  A240 : FF;
  A241 : FF;
  A242 : FF;
  A243 : FF;
  A244 : FF;
  A245 : FF;
  A246 : FF;
  A247 : FF;
  A248 : FF;
  A249 : FF;
  A24A : FF;
  A24B : FF;
  A24C : FF;
  A24D : FF;
  A24E : FF;
  A24F : FF;
  A250 : FF;
  A251 : FF;
  A252 : FF;
  A253 : FF;
  A254 : FF;
  A255 : FF;
  A256 : FF;
  A257 : FF;
  A258 : FF;
  A259 : FF;
  A25A : FF;
  A25B : FF;
  A25C : FF;
  A25D : FF;
  A25E : FF;
  A25F : FF;
  A260 : FF;
  A261 : FF;
  A262 : FF;
  A263 : FF;
  A264 : FF;
  A265 : FF;
  A266 : FF;
  A267 : FF;
  A268 : FF;
  A269 : FF;
  A26A : FF;
  A26B : FF;
  A26C : FF;
  A26D : FF;
  A26E : FF;
  A26F : FF;
  A270 : FF;
  A271 : FF;
  A272 : FF;
  A273 : FF;
  A274 : FF;
  A275 : FF;
  A276 : FF;
  A277 : FF;
  A278 : FF;
  A279 : FF;
  A27A : FF;
  A27B : FF;
  A27C : FF;
  A27D : FF;
  A27E : FF;
  A27F : FF;
  A280 : FF;
  A281 : FF;
  A282 : FF;
  A283 : FF;
  A284 : FF;
  A285 : FF;
  A286 : FF;
  A287 : FF;
  A288 : FF;
  A289 : FF;
  A28A : FF;
  A28B : FF;
  A28C : FF;
  A28D : FF;
  A28E : FF;
  A28F : FF;
  A290 : FF;
  A291 : FF;
  A292 : FF;
  A293 : FF;
  A294 : FF;
  A295 : FF;
  A296 : FF;
  A297 : FF;
  A298 : FF;
  A299 : FF;
  A29A : FF;
  A29B : FF;
  A29C : FF;
  A29D : FF;
  A29E : FF;
  A29F : FF;
  A2A0 : FF;
  A2A1 : FF;
  A2A2 : FF;
  A2A3 : FF;
  A2A4 : FF;
  A2A5 : FF;
  A2A6 : FF;
  A2A7 : FF;
  A2A8 : FF;
  A2A9 : FF;
  A2AA : FF;
  A2AB : FF;
  A2AC : FF;
  A2AD : FF;
  A2AE : FF;
  A2AF : FF;
  A2B0 : FF;
  A2B1 : FF;
  A2B2 : FF;
  A2B3 : FF;
  A2B4 : FF;
  A2B5 : FF;
  A2B6 : FF;
  A2B7 : FF;
  A2B8 : FF;
  A2B9 : FF;
  A2BA : FF;
  A2BB : FF;
  A2BC : FF;
  A2BD : FF;
  A2BE : FF;
  A2BF : FF;
  A2C0 : FF;
  A2C1 : FF;
  A2C2 : FF;
  A2C3 : FF;
  A2C4 : FF;
  A2C5 : FF;
  A2C6 : FF;
  A2C7 : FF;
  A2C8 : FF;
  A2C9 : FF;
  A2CA : FF;
  A2CB : FF;
  A2CC : FF;
  A2CD : FF;
  A2CE : FF;
  A2CF : FF;
  A2D0 : FF;
  A2D1 : FF;
  A2D2 : FF;
  A2D3 : FF;
  A2D4 : FF;
  A2D5 : FF;
  A2D6 : FF;
  A2D7 : FF;
  A2D8 : FF;
  A2D9 : FF;
  A2DA : FF;
  A2DB : FF;
  A2DC : FF;
  A2DD : FF;
  A2DE : FF;
  A2DF : FF;
  A2E0 : FF;
  A2E1 : FF;
  A2E2 : FF;
  A2E3 : FF;
  A2E4 : FF;
  A2E5 : FF;
  A2E6 : FF;
  A2E7 : FF;
  A2E8 : FF;
  A2E9 : FF;
  A2EA : FF;
  A2EB : FF;
  A2EC : FF;
  A2ED : FF;
  A2EE : FF;
  A2EF : FF;
  A2F0 : FF;
  A2F1 : FF;
  A2F2 : FF;
  A2F3 : FF;
  A2F4 : FF;
  A2F5 : FF;
  A2F6 : FF;
  A2F7 : FF;
  A2F8 : FF;
  A2F9 : FF;
  A2FA : FF;
  A2FB : FF;
  A2FC : FF;
  A2FD : FF;
  A2FE : FF;
  A2FF : FF;
  A300 : FF;
  A301 : FF;
  A302 : FF;
  A303 : FF;
  A304 : FF;
  A305 : FF;
  A306 : FF;
  A307 : FF;
  A308 : FF;
  A309 : FF;
  A30A : FF;
  A30B : FF;
  A30C : FF;
  A30D : FF;
  A30E : FF;
  A30F : FF;
  A310 : FF;
  A311 : FF;
  A312 : FF;
  A313 : FF;
  A314 : FF;
  A315 : FF;
  A316 : FF;
  A317 : FF;
  A318 : FF;
  A319 : FF;
  A31A : FF;
  A31B : FF;
  A31C : FF;
  A31D : FF;
  A31E : FF;
  A31F : FF;
  A320 : FF;
  A321 : FF;
  A322 : FF;
  A323 : FF;
  A324 : FF;
  A325 : FF;
  A326 : FF;
  A327 : FF;
  A328 : FF;
  A329 : FF;
  A32A : FF;
  A32B : FF;
  A32C : FF;
  A32D : FF;
  A32E : FF;
  A32F : FF;
  A330 : FF;
  A331 : FF;
  A332 : FF;
  A333 : FF;
  A334 : FF;
  A335 : FF;
  A336 : FF;
  A337 : FF;
  A338 : FF;
  A339 : FF;
  A33A : FF;
  A33B : FF;
  A33C : FF;
  A33D : FF;
  A33E : FF;
  A33F : FF;
  A340 : FF;
  A341 : FF;
  A342 : FF;
  A343 : FF;
  A344 : FF;
  A345 : FF;
  A346 : FF;
  A347 : FF;
  A348 : FF;
  A349 : FF;
  A34A : FF;
  A34B : FF;
  A34C : FF;
  A34D : FF;
  A34E : FF;
  A34F : FF;
  A350 : FF;
  A351 : FF;
  A352 : FF;
  A353 : FF;
  A354 : FF;
  A355 : FF;
  A356 : FF;
  A357 : FF;
  A358 : FF;
  A359 : FF;
  A35A : FF;
  A35B : FF;
  A35C : FF;
  A35D : FF;
  A35E : FF;
  A35F : FF;
  A360 : FF;
  A361 : FF;
  A362 : FF;
  A363 : FF;
  A364 : FF;
  A365 : FF;
  A366 : FF;
  A367 : FF;
  A368 : FF;
  A369 : FF;
  A36A : FF;
  A36B : FF;
  A36C : FF;
  A36D : FF;
  A36E : FF;
  A36F : FF;
  A370 : FF;
  A371 : FF;
  A372 : FF;
  A373 : FF;
  A374 : FF;
  A375 : FF;
  A376 : FF;
  A377 : FF;
  A378 : FF;
  A379 : FF;
  A37A : FF;
  A37B : FF;
  A37C : FF;
  A37D : FF;
  A37E : FF;
  A37F : FF;
  A380 : FF;
  A381 : FF;
  A382 : FF;
  A383 : FF;
  A384 : FF;
  A385 : FF;
  A386 : FF;
  A387 : FF;
  A388 : FF;
  A389 : FF;
  A38A : FF;
  A38B : FF;
  A38C : FF;
  A38D : FF;
  A38E : FF;
  A38F : FF;
  A390 : FF;
  A391 : FF;
  A392 : FF;
  A393 : FF;
  A394 : FF;
  A395 : FF;
  A396 : FF;
  A397 : FF;
  A398 : FF;
  A399 : FF;
  A39A : FF;
  A39B : FF;
  A39C : FF;
  A39D : FF;
  A39E : FF;
  A39F : FF;
  A3A0 : FF;
  A3A1 : FF;
  A3A2 : FF;
  A3A3 : FF;
  A3A4 : FF;
  A3A5 : FF;
  A3A6 : FF;
  A3A7 : FF;
  A3A8 : FF;
  A3A9 : FF;
  A3AA : FF;
  A3AB : FF;
  A3AC : FF;
  A3AD : FF;
  A3AE : FF;
  A3AF : FF;
  A3B0 : FF;
  A3B1 : FF;
  A3B2 : FF;
  A3B3 : FF;
  A3B4 : FF;
  A3B5 : FF;
  A3B6 : FF;
  A3B7 : FF;
  A3B8 : FF;
  A3B9 : FF;
  A3BA : FF;
  A3BB : FF;
  A3BC : FF;
  A3BD : FF;
  A3BE : FF;
  A3BF : FF;
  A3C0 : FF;
  A3C1 : FF;
  A3C2 : FF;
  A3C3 : FF;
  A3C4 : FF;
  A3C5 : FF;
  A3C6 : FF;
  A3C7 : FF;
  A3C8 : FF;
  A3C9 : FF;
  A3CA : FF;
  A3CB : FF;
  A3CC : FF;
  A3CD : FF;
  A3CE : FF;
  A3CF : FF;
  A3D0 : FF;
  A3D1 : FF;
  A3D2 : FF;
  A3D3 : FF;
  A3D4 : FF;
  A3D5 : FF;
  A3D6 : FF;
  A3D7 : FF;
  A3D8 : FF;
  A3D9 : FF;
  A3DA : FF;
  A3DB : FF;
  A3DC : FF;
  A3DD : FF;
  A3DE : FF;
  A3DF : FF;
  A3E0 : FF;
  A3E1 : FF;
  A3E2 : FF;
  A3E3 : FF;
  A3E4 : FF;
  A3E5 : FF;
  A3E6 : FF;
  A3E7 : FF;
  A3E8 : FF;
  A3E9 : FF;
  A3EA : FF;
  A3EB : FF;
  A3EC : FF;
  A3ED : FF;
  A3EE : FF;
  A3EF : FF;
  A3F0 : FF;
  A3F1 : FF;
  A3F2 : FF;
  A3F3 : FF;
  A3F4 : FF;
  A3F5 : FF;
  A3F6 : FF;
  A3F7 : FF;
  A3F8 : FF;
  A3F9 : FF;
  A3FA : FF;
  A3FB : FF;
  A3FC : FF;
  A3FD : FF;
  A3FE : FF;
  A3FF : FF;
  A400 : FF;
  A401 : FF;
  A402 : FF;
  A403 : FF;
  A404 : FF;
  A405 : FF;
  A406 : FF;
  A407 : FF;
  A408 : FF;
  A409 : FF;
  A40A : FF;
  A40B : FF;
  A40C : FF;
  A40D : FF;
  A40E : FF;
  A40F : FF;
  A410 : FF;
  A411 : FF;
  A412 : FF;
  A413 : FF;
  A414 : FF;
  A415 : FF;
  A416 : FF;
  A417 : FF;
  A418 : FF;
  A419 : FF;
  A41A : FF;
  A41B : FF;
  A41C : FF;
  A41D : FF;
  A41E : FF;
  A41F : FF;
  A420 : FF;
  A421 : FF;
  A422 : FF;
  A423 : FF;
  A424 : FF;
  A425 : FF;
  A426 : FF;
  A427 : FF;
  A428 : FF;
  A429 : FF;
  A42A : FF;
  A42B : FF;
  A42C : FF;
  A42D : FF;
  A42E : FF;
  A42F : FF;
  A430 : FF;
  A431 : FF;
  A432 : FF;
  A433 : FF;
  A434 : FF;
  A435 : FF;
  A436 : FF;
  A437 : FF;
  A438 : FF;
  A439 : FF;
  A43A : FF;
  A43B : FF;
  A43C : FF;
  A43D : FF;
  A43E : FF;
  A43F : FF;
  A440 : FF;
  A441 : FF;
  A442 : FF;
  A443 : FF;
  A444 : FF;
  A445 : FF;
  A446 : FF;
  A447 : FF;
  A448 : FF;
  A449 : FF;
  A44A : FF;
  A44B : FF;
  A44C : FF;
  A44D : FF;
  A44E : FF;
  A44F : FF;
  A450 : FF;
  A451 : FF;
  A452 : FF;
  A453 : FF;
  A454 : FF;
  A455 : FF;
  A456 : FF;
  A457 : FF;
  A458 : FF;
  A459 : FF;
  A45A : FF;
  A45B : FF;
  A45C : FF;
  A45D : FF;
  A45E : FF;
  A45F : FF;
  A460 : FF;
  A461 : FF;
  A462 : FF;
  A463 : FF;
  A464 : FF;
  A465 : FF;
  A466 : FF;
  A467 : FF;
  A468 : FF;
  A469 : FF;
  A46A : FF;
  A46B : FF;
  A46C : FF;
  A46D : FF;
  A46E : FF;
  A46F : FF;
  A470 : FF;
  A471 : FF;
  A472 : FF;
  A473 : FF;
  A474 : FF;
  A475 : FF;
  A476 : FF;
  A477 : FF;
  A478 : FF;
  A479 : FF;
  A47A : FF;
  A47B : FF;
  A47C : FF;
  A47D : FF;
  A47E : FF;
  A47F : FF;
  A480 : FF;
  A481 : FF;
  A482 : FF;
  A483 : FF;
  A484 : FF;
  A485 : FF;
  A486 : FF;
  A487 : FF;
  A488 : FF;
  A489 : FF;
  A48A : FF;
  A48B : FF;
  A48C : FF;
  A48D : FF;
  A48E : FF;
  A48F : FF;
  A490 : FF;
  A491 : FF;
  A492 : FF;
  A493 : FF;
  A494 : FF;
  A495 : FF;
  A496 : FF;
  A497 : FF;
  A498 : FF;
  A499 : FF;
  A49A : FF;
  A49B : FF;
  A49C : FF;
  A49D : FF;
  A49E : FF;
  A49F : FF;
  A4A0 : FF;
  A4A1 : FF;
  A4A2 : FF;
  A4A3 : FF;
  A4A4 : FF;
  A4A5 : FF;
  A4A6 : FF;
  A4A7 : FF;
  A4A8 : FF;
  A4A9 : FF;
  A4AA : FF;
  A4AB : FF;
  A4AC : FF;
  A4AD : FF;
  A4AE : FF;
  A4AF : FF;
  A4B0 : FF;
  A4B1 : FF;
  A4B2 : FF;
  A4B3 : FF;
  A4B4 : FF;
  A4B5 : FF;
  A4B6 : FF;
  A4B7 : FF;
  A4B8 : FF;
  A4B9 : FF;
  A4BA : FF;
  A4BB : FF;
  A4BC : FF;
  A4BD : FF;
  A4BE : FF;
  A4BF : FF;
  A4C0 : FF;
  A4C1 : FF;
  A4C2 : FF;
  A4C3 : FF;
  A4C4 : FF;
  A4C5 : FF;
  A4C6 : FF;
  A4C7 : FF;
  A4C8 : FF;
  A4C9 : FF;
  A4CA : FF;
  A4CB : FF;
  A4CC : FF;
  A4CD : FF;
  A4CE : FF;
  A4CF : FF;
  A4D0 : FF;
  A4D1 : FF;
  A4D2 : FF;
  A4D3 : FF;
  A4D4 : FF;
  A4D5 : FF;
  A4D6 : FF;
  A4D7 : FF;
  A4D8 : FF;
  A4D9 : FF;
  A4DA : FF;
  A4DB : FF;
  A4DC : FF;
  A4DD : FF;
  A4DE : FF;
  A4DF : FF;
  A4E0 : FF;
  A4E1 : FF;
  A4E2 : FF;
  A4E3 : FF;
  A4E4 : FF;
  A4E5 : FF;
  A4E6 : FF;
  A4E7 : FF;
  A4E8 : FF;
  A4E9 : FF;
  A4EA : FF;
  A4EB : FF;
  A4EC : FF;
  A4ED : FF;
  A4EE : FF;
  A4EF : FF;
  A4F0 : FF;
  A4F1 : FF;
  A4F2 : FF;
  A4F3 : FF;
  A4F4 : FF;
  A4F5 : FF;
  A4F6 : FF;
  A4F7 : FF;
  A4F8 : FF;
  A4F9 : FF;
  A4FA : FF;
  A4FB : FF;
  A4FC : FF;
  A4FD : FF;
  A4FE : FF;
  A4FF : FF;
  A500 : FF;
  A501 : FF;
  A502 : FF;
  A503 : FF;
  A504 : FF;
  A505 : FF;
  A506 : FF;
  A507 : FF;
  A508 : FF;
  A509 : FF;
  A50A : FF;
  A50B : FF;
  A50C : FF;
  A50D : FF;
  A50E : FF;
  A50F : FF;
  A510 : FF;
  A511 : FF;
  A512 : FF;
  A513 : FF;
  A514 : FF;
  A515 : FF;
  A516 : FF;
  A517 : FF;
  A518 : FF;
  A519 : FF;
  A51A : FF;
  A51B : FF;
  A51C : FF;
  A51D : FF;
  A51E : FF;
  A51F : FF;
  A520 : FF;
  A521 : FF;
  A522 : FF;
  A523 : FF;
  A524 : FF;
  A525 : FF;
  A526 : FF;
  A527 : FF;
  A528 : FF;
  A529 : FF;
  A52A : FF;
  A52B : FF;
  A52C : FF;
  A52D : FF;
  A52E : FF;
  A52F : FF;
  A530 : FF;
  A531 : FF;
  A532 : FF;
  A533 : FF;
  A534 : FF;
  A535 : FF;
  A536 : FF;
  A537 : FF;
  A538 : FF;
  A539 : FF;
  A53A : FF;
  A53B : FF;
  A53C : FF;
  A53D : FF;
  A53E : FF;
  A53F : FF;
  A540 : FF;
  A541 : FF;
  A542 : FF;
  A543 : FF;
  A544 : FF;
  A545 : FF;
  A546 : FF;
  A547 : FF;
  A548 : FF;
  A549 : FF;
  A54A : FF;
  A54B : FF;
  A54C : FF;
  A54D : FF;
  A54E : FF;
  A54F : FF;
  A550 : FF;
  A551 : FF;
  A552 : FF;
  A553 : FF;
  A554 : FF;
  A555 : FF;
  A556 : FF;
  A557 : FF;
  A558 : FF;
  A559 : FF;
  A55A : FF;
  A55B : FF;
  A55C : FF;
  A55D : FF;
  A55E : FF;
  A55F : FF;
  A560 : FF;
  A561 : FF;
  A562 : FF;
  A563 : FF;
  A564 : FF;
  A565 : FF;
  A566 : FF;
  A567 : FF;
  A568 : FF;
  A569 : FF;
  A56A : FF;
  A56B : FF;
  A56C : FF;
  A56D : FF;
  A56E : FF;
  A56F : FF;
  A570 : FF;
  A571 : FF;
  A572 : FF;
  A573 : FF;
  A574 : FF;
  A575 : FF;
  A576 : FF;
  A577 : FF;
  A578 : FF;
  A579 : FF;
  A57A : FF;
  A57B : FF;
  A57C : FF;
  A57D : FF;
  A57E : FF;
  A57F : FF;
  A580 : FF;
  A581 : FF;
  A582 : FF;
  A583 : FF;
  A584 : FF;
  A585 : FF;
  A586 : FF;
  A587 : FF;
  A588 : FF;
  A589 : FF;
  A58A : FF;
  A58B : FF;
  A58C : FF;
  A58D : FF;
  A58E : FF;
  A58F : FF;
  A590 : FF;
  A591 : FF;
  A592 : FF;
  A593 : FF;
  A594 : FF;
  A595 : FF;
  A596 : FF;
  A597 : FF;
  A598 : FF;
  A599 : FF;
  A59A : FF;
  A59B : FF;
  A59C : FF;
  A59D : FF;
  A59E : FF;
  A59F : FF;
  A5A0 : FF;
  A5A1 : FF;
  A5A2 : FF;
  A5A3 : FF;
  A5A4 : FF;
  A5A5 : FF;
  A5A6 : FF;
  A5A7 : FF;
  A5A8 : FF;
  A5A9 : FF;
  A5AA : FF;
  A5AB : FF;
  A5AC : FF;
  A5AD : FF;
  A5AE : FF;
  A5AF : FF;
  A5B0 : FF;
  A5B1 : FF;
  A5B2 : FF;
  A5B3 : FF;
  A5B4 : FF;
  A5B5 : FF;
  A5B6 : FF;
  A5B7 : FF;
  A5B8 : FF;
  A5B9 : FF;
  A5BA : FF;
  A5BB : FF;
  A5BC : FF;
  A5BD : FF;
  A5BE : FF;
  A5BF : FF;
  A5C0 : FF;
  A5C1 : FF;
  A5C2 : FF;
  A5C3 : FF;
  A5C4 : FF;
  A5C5 : FF;
  A5C6 : FF;
  A5C7 : FF;
  A5C8 : FF;
  A5C9 : FF;
  A5CA : FF;
  A5CB : FF;
  A5CC : FF;
  A5CD : FF;
  A5CE : FF;
  A5CF : FF;
  A5D0 : FF;
  A5D1 : FF;
  A5D2 : FF;
  A5D3 : FF;
  A5D4 : FF;
  A5D5 : FF;
  A5D6 : FF;
  A5D7 : FF;
  A5D8 : FF;
  A5D9 : FF;
  A5DA : FF;
  A5DB : FF;
  A5DC : FF;
  A5DD : FF;
  A5DE : FF;
  A5DF : FF;
  A5E0 : FF;
  A5E1 : FF;
  A5E2 : FF;
  A5E3 : FF;
  A5E4 : FF;
  A5E5 : FF;
  A5E6 : FF;
  A5E7 : FF;
  A5E8 : FF;
  A5E9 : FF;
  A5EA : FF;
  A5EB : FF;
  A5EC : FF;
  A5ED : FF;
  A5EE : FF;
  A5EF : FF;
  A5F0 : FF;
  A5F1 : FF;
  A5F2 : FF;
  A5F3 : FF;
  A5F4 : FF;
  A5F5 : FF;
  A5F6 : FF;
  A5F7 : FF;
  A5F8 : FF;
  A5F9 : FF;
  A5FA : FF;
  A5FB : FF;
  A5FC : FF;
  A5FD : FF;
  A5FE : FF;
  A5FF : FF;
  A600 : FF;
  A601 : FF;
  A602 : FF;
  A603 : FF;
  A604 : FF;
  A605 : FF;
  A606 : FF;
  A607 : FF;
  A608 : FF;
  A609 : FF;
  A60A : FF;
  A60B : FF;
  A60C : FF;
  A60D : FF;
  A60E : FF;
  A60F : FF;
  A610 : FF;
  A611 : FF;
  A612 : FF;
  A613 : FF;
  A614 : FF;
  A615 : FF;
  A616 : FF;
  A617 : FF;
  A618 : FF;
  A619 : FF;
  A61A : FF;
  A61B : FF;
  A61C : FF;
  A61D : FF;
  A61E : FF;
  A61F : FF;
  A620 : FF;
  A621 : FF;
  A622 : FF;
  A623 : FF;
  A624 : FF;
  A625 : FF;
  A626 : FF;
  A627 : FF;
  A628 : FF;
  A629 : FF;
  A62A : FF;
  A62B : FF;
  A62C : FF;
  A62D : FF;
  A62E : FF;
  A62F : FF;
  A630 : FF;
  A631 : FF;
  A632 : FF;
  A633 : FF;
  A634 : FF;
  A635 : FF;
  A636 : FF;
  A637 : FF;
  A638 : FF;
  A639 : FF;
  A63A : FF;
  A63B : FF;
  A63C : FF;
  A63D : FF;
  A63E : FF;
  A63F : FF;
  A640 : FF;
  A641 : FF;
  A642 : FF;
  A643 : FF;
  A644 : FF;
  A645 : FF;
  A646 : FF;
  A647 : FF;
  A648 : FF;
  A649 : FF;
  A64A : FF;
  A64B : FF;
  A64C : FF;
  A64D : FF;
  A64E : FF;
  A64F : FF;
  A650 : FF;
  A651 : FF;
  A652 : FF;
  A653 : FF;
  A654 : FF;
  A655 : FF;
  A656 : FF;
  A657 : FF;
  A658 : FF;
  A659 : FF;
  A65A : FF;
  A65B : FF;
  A65C : FF;
  A65D : FF;
  A65E : FF;
  A65F : FF;
  A660 : FF;
  A661 : FF;
  A662 : FF;
  A663 : FF;
  A664 : FF;
  A665 : FF;
  A666 : FF;
  A667 : FF;
  A668 : FF;
  A669 : FF;
  A66A : FF;
  A66B : FF;
  A66C : FF;
  A66D : FF;
  A66E : FF;
  A66F : FF;
  A670 : FF;
  A671 : FF;
  A672 : FF;
  A673 : FF;
  A674 : FF;
  A675 : FF;
  A676 : FF;
  A677 : FF;
  A678 : FF;
  A679 : FF;
  A67A : FF;
  A67B : FF;
  A67C : FF;
  A67D : FF;
  A67E : FF;
  A67F : FF;
  A680 : FF;
  A681 : FF;
  A682 : FF;
  A683 : FF;
  A684 : FF;
  A685 : FF;
  A686 : FF;
  A687 : FF;
  A688 : FF;
  A689 : FF;
  A68A : FF;
  A68B : FF;
  A68C : FF;
  A68D : FF;
  A68E : FF;
  A68F : FF;
  A690 : FF;
  A691 : FF;
  A692 : FF;
  A693 : FF;
  A694 : FF;
  A695 : FF;
  A696 : FF;
  A697 : FF;
  A698 : FF;
  A699 : FF;
  A69A : FF;
  A69B : FF;
  A69C : FF;
  A69D : FF;
  A69E : FF;
  A69F : FF;
  A6A0 : FF;
  A6A1 : FF;
  A6A2 : FF;
  A6A3 : FF;
  A6A4 : FF;
  A6A5 : FF;
  A6A6 : FF;
  A6A7 : FF;
  A6A8 : FF;
  A6A9 : FF;
  A6AA : FF;
  A6AB : FF;
  A6AC : FF;
  A6AD : FF;
  A6AE : FF;
  A6AF : FF;
  A6B0 : FF;
  A6B1 : FF;
  A6B2 : FF;
  A6B3 : FF;
  A6B4 : FF;
  A6B5 : FF;
  A6B6 : FF;
  A6B7 : FF;
  A6B8 : FF;
  A6B9 : FF;
  A6BA : FF;
  A6BB : FF;
  A6BC : FF;
  A6BD : FF;
  A6BE : FF;
  A6BF : FF;
  A6C0 : FF;
  A6C1 : FF;
  A6C2 : FF;
  A6C3 : FF;
  A6C4 : FF;
  A6C5 : FF;
  A6C6 : FF;
  A6C7 : FF;
  A6C8 : FF;
  A6C9 : FF;
  A6CA : FF;
  A6CB : FF;
  A6CC : FF;
  A6CD : FF;
  A6CE : FF;
  A6CF : FF;
  A6D0 : FF;
  A6D1 : FF;
  A6D2 : FF;
  A6D3 : FF;
  A6D4 : FF;
  A6D5 : FF;
  A6D6 : FF;
  A6D7 : FF;
  A6D8 : FF;
  A6D9 : FF;
  A6DA : FF;
  A6DB : FF;
  A6DC : FF;
  A6DD : FF;
  A6DE : FF;
  A6DF : FF;
  A6E0 : FF;
  A6E1 : FF;
  A6E2 : FF;
  A6E3 : FF;
  A6E4 : FF;
  A6E5 : FF;
  A6E6 : FF;
  A6E7 : FF;
  A6E8 : FF;
  A6E9 : FF;
  A6EA : FF;
  A6EB : FF;
  A6EC : FF;
  A6ED : FF;
  A6EE : FF;
  A6EF : FF;
  A6F0 : FF;
  A6F1 : FF;
  A6F2 : FF;
  A6F3 : FF;
  A6F4 : FF;
  A6F5 : FF;
  A6F6 : FF;
  A6F7 : FF;
  A6F8 : FF;
  A6F9 : FF;
  A6FA : FF;
  A6FB : FF;
  A6FC : FF;
  A6FD : FF;
  A6FE : FF;
  A6FF : FF;
  A700 : FF;
  A701 : FF;
  A702 : FF;
  A703 : FF;
  A704 : FF;
  A705 : FF;
  A706 : FF;
  A707 : FF;
  A708 : FF;
  A709 : FF;
  A70A : FF;
  A70B : FF;
  A70C : FF;
  A70D : FF;
  A70E : FF;
  A70F : FF;
  A710 : FF;
  A711 : FF;
  A712 : FF;
  A713 : FF;
  A714 : FF;
  A715 : FF;
  A716 : FF;
  A717 : FF;
  A718 : FF;
  A719 : FF;
  A71A : FF;
  A71B : FF;
  A71C : FF;
  A71D : FF;
  A71E : FF;
  A71F : FF;
  A720 : FF;
  A721 : FF;
  A722 : FF;
  A723 : FF;
  A724 : FF;
  A725 : FF;
  A726 : FF;
  A727 : FF;
  A728 : FF;
  A729 : FF;
  A72A : FF;
  A72B : FF;
  A72C : FF;
  A72D : FF;
  A72E : FF;
  A72F : FF;
  A730 : FF;
  A731 : FF;
  A732 : FF;
  A733 : FF;
  A734 : FF;
  A735 : FF;
  A736 : FF;
  A737 : FF;
  A738 : FF;
  A739 : FF;
  A73A : FF;
  A73B : FF;
  A73C : FF;
  A73D : FF;
  A73E : FF;
  A73F : FF;
  A740 : FF;
  A741 : FF;
  A742 : FF;
  A743 : FF;
  A744 : FF;
  A745 : FF;
  A746 : FF;
  A747 : FF;
  A748 : FF;
  A749 : FF;
  A74A : FF;
  A74B : FF;
  A74C : FF;
  A74D : FF;
  A74E : FF;
  A74F : FF;
  A750 : FF;
  A751 : FF;
  A752 : FF;
  A753 : FF;
  A754 : FF;
  A755 : FF;
  A756 : FF;
  A757 : FF;
  A758 : FF;
  A759 : FF;
  A75A : FF;
  A75B : FF;
  A75C : FF;
  A75D : FF;
  A75E : FF;
  A75F : FF;
  A760 : FF;
  A761 : FF;
  A762 : FF;
  A763 : FF;
  A764 : FF;
  A765 : FF;
  A766 : FF;
  A767 : FF;
  A768 : FF;
  A769 : FF;
  A76A : FF;
  A76B : FF;
  A76C : FF;
  A76D : FF;
  A76E : FF;
  A76F : FF;
  A770 : FF;
  A771 : FF;
  A772 : FF;
  A773 : FF;
  A774 : FF;
  A775 : FF;
  A776 : FF;
  A777 : FF;
  A778 : FF;
  A779 : FF;
  A77A : FF;
  A77B : FF;
  A77C : FF;
  A77D : FF;
  A77E : FF;
  A77F : FF;
  A780 : FF;
  A781 : FF;
  A782 : FF;
  A783 : FF;
  A784 : FF;
  A785 : FF;
  A786 : FF;
  A787 : FF;
  A788 : FF;
  A789 : FF;
  A78A : FF;
  A78B : FF;
  A78C : FF;
  A78D : FF;
  A78E : FF;
  A78F : FF;
  A790 : FF;
  A791 : FF;
  A792 : FF;
  A793 : FF;
  A794 : FF;
  A795 : FF;
  A796 : FF;
  A797 : FF;
  A798 : FF;
  A799 : FF;
  A79A : FF;
  A79B : FF;
  A79C : FF;
  A79D : FF;
  A79E : FF;
  A79F : FF;
  A7A0 : FF;
  A7A1 : FF;
  A7A2 : FF;
  A7A3 : FF;
  A7A4 : FF;
  A7A5 : FF;
  A7A6 : FF;
  A7A7 : FF;
  A7A8 : FF;
  A7A9 : FF;
  A7AA : FF;
  A7AB : FF;
  A7AC : FF;
  A7AD : FF;
  A7AE : FF;
  A7AF : FF;
  A7B0 : FF;
  A7B1 : FF;
  A7B2 : FF;
  A7B3 : FF;
  A7B4 : FF;
  A7B5 : FF;
  A7B6 : FF;
  A7B7 : FF;
  A7B8 : FF;
  A7B9 : FF;
  A7BA : FF;
  A7BB : FF;
  A7BC : FF;
  A7BD : FF;
  A7BE : FF;
  A7BF : FF;
  A7C0 : FF;
  A7C1 : FF;
  A7C2 : FF;
  A7C3 : FF;
  A7C4 : FF;
  A7C5 : FF;
  A7C6 : FF;
  A7C7 : FF;
  A7C8 : FF;
  A7C9 : FF;
  A7CA : FF;
  A7CB : FF;
  A7CC : FF;
  A7CD : FF;
  A7CE : FF;
  A7CF : FF;
  A7D0 : FF;
  A7D1 : FF;
  A7D2 : FF;
  A7D3 : FF;
  A7D4 : FF;
  A7D5 : FF;
  A7D6 : FF;
  A7D7 : FF;
  A7D8 : FF;
  A7D9 : FF;
  A7DA : FF;
  A7DB : FF;
  A7DC : FF;
  A7DD : FF;
  A7DE : FF;
  A7DF : FF;
  A7E0 : FF;
  A7E1 : FF;
  A7E2 : FF;
  A7E3 : FF;
  A7E4 : FF;
  A7E5 : FF;
  A7E6 : FF;
  A7E7 : FF;
  A7E8 : FF;
  A7E9 : FF;
  A7EA : FF;
  A7EB : FF;
  A7EC : FF;
  A7ED : FF;
  A7EE : FF;
  A7EF : FF;
  A7F0 : FF;
  A7F1 : FF;
  A7F2 : FF;
  A7F3 : FF;
  A7F4 : FF;
  A7F5 : FF;
  A7F6 : FF;
  A7F7 : FF;
  A7F8 : FF;
  A7F9 : FF;
  A7FA : FF;
  A7FB : FF;
  A7FC : FF;
  A7FD : FF;
  A7FE : FF;
  A7FF : FF;
  A800 : FF;
  A801 : FF;
  A802 : FF;
  A803 : FF;
  A804 : FF;
  A805 : FF;
  A806 : FF;
  A807 : FF;
  A808 : FF;
  A809 : FF;
  A80A : FF;
  A80B : FF;
  A80C : FF;
  A80D : FF;
  A80E : FF;
  A80F : FF;
  A810 : FF;
  A811 : FF;
  A812 : FF;
  A813 : FF;
  A814 : FF;
  A815 : FF;
  A816 : FF;
  A817 : FF;
  A818 : FF;
  A819 : FF;
  A81A : FF;
  A81B : FF;
  A81C : FF;
  A81D : FF;
  A81E : FF;
  A81F : FF;
  A820 : FF;
  A821 : FF;
  A822 : FF;
  A823 : FF;
  A824 : FF;
  A825 : FF;
  A826 : FF;
  A827 : FF;
  A828 : FF;
  A829 : FF;
  A82A : FF;
  A82B : FF;
  A82C : FF;
  A82D : FF;
  A82E : FF;
  A82F : FF;
  A830 : FF;
  A831 : FF;
  A832 : FF;
  A833 : FF;
  A834 : FF;
  A835 : FF;
  A836 : FF;
  A837 : FF;
  A838 : FF;
  A839 : FF;
  A83A : FF;
  A83B : FF;
  A83C : FF;
  A83D : FF;
  A83E : FF;
  A83F : FF;
  A840 : FF;
  A841 : FF;
  A842 : FF;
  A843 : FF;
  A844 : FF;
  A845 : FF;
  A846 : FF;
  A847 : FF;
  A848 : FF;
  A849 : FF;
  A84A : FF;
  A84B : FF;
  A84C : FF;
  A84D : FF;
  A84E : FF;
  A84F : FF;
  A850 : FF;
  A851 : FF;
  A852 : FF;
  A853 : FF;
  A854 : FF;
  A855 : FF;
  A856 : FF;
  A857 : FF;
  A858 : FF;
  A859 : FF;
  A85A : FF;
  A85B : FF;
  A85C : FF;
  A85D : FF;
  A85E : FF;
  A85F : FF;
  A860 : FF;
  A861 : FF;
  A862 : FF;
  A863 : FF;
  A864 : FF;
  A865 : FF;
  A866 : FF;
  A867 : FF;
  A868 : FF;
  A869 : FF;
  A86A : FF;
  A86B : FF;
  A86C : FF;
  A86D : FF;
  A86E : FF;
  A86F : FF;
  A870 : FF;
  A871 : FF;
  A872 : FF;
  A873 : FF;
  A874 : FF;
  A875 : FF;
  A876 : FF;
  A877 : FF;
  A878 : FF;
  A879 : FF;
  A87A : FF;
  A87B : FF;
  A87C : FF;
  A87D : FF;
  A87E : FF;
  A87F : FF;
  A880 : FF;
  A881 : FF;
  A882 : FF;
  A883 : FF;
  A884 : FF;
  A885 : FF;
  A886 : FF;
  A887 : FF;
  A888 : FF;
  A889 : FF;
  A88A : FF;
  A88B : FF;
  A88C : FF;
  A88D : FF;
  A88E : FF;
  A88F : FF;
  A890 : FF;
  A891 : FF;
  A892 : FF;
  A893 : FF;
  A894 : FF;
  A895 : FF;
  A896 : FF;
  A897 : FF;
  A898 : FF;
  A899 : FF;
  A89A : FF;
  A89B : FF;
  A89C : FF;
  A89D : FF;
  A89E : FF;
  A89F : FF;
  A8A0 : FF;
  A8A1 : FF;
  A8A2 : FF;
  A8A3 : FF;
  A8A4 : FF;
  A8A5 : FF;
  A8A6 : FF;
  A8A7 : FF;
  A8A8 : FF;
  A8A9 : FF;
  A8AA : FF;
  A8AB : FF;
  A8AC : FF;
  A8AD : FF;
  A8AE : FF;
  A8AF : FF;
  A8B0 : FF;
  A8B1 : FF;
  A8B2 : FF;
  A8B3 : FF;
  A8B4 : FF;
  A8B5 : FF;
  A8B6 : FF;
  A8B7 : FF;
  A8B8 : FF;
  A8B9 : FF;
  A8BA : FF;
  A8BB : FF;
  A8BC : FF;
  A8BD : FF;
  A8BE : FF;
  A8BF : FF;
  A8C0 : FF;
  A8C1 : FF;
  A8C2 : FF;
  A8C3 : FF;
  A8C4 : FF;
  A8C5 : FF;
  A8C6 : FF;
  A8C7 : FF;
  A8C8 : FF;
  A8C9 : FF;
  A8CA : FF;
  A8CB : FF;
  A8CC : FF;
  A8CD : FF;
  A8CE : FF;
  A8CF : FF;
  A8D0 : FF;
  A8D1 : FF;
  A8D2 : FF;
  A8D3 : FF;
  A8D4 : FF;
  A8D5 : FF;
  A8D6 : FF;
  A8D7 : FF;
  A8D8 : FF;
  A8D9 : FF;
  A8DA : FF;
  A8DB : FF;
  A8DC : FF;
  A8DD : FF;
  A8DE : FF;
  A8DF : FF;
  A8E0 : FF;
  A8E1 : FF;
  A8E2 : FF;
  A8E3 : FF;
  A8E4 : FF;
  A8E5 : FF;
  A8E6 : FF;
  A8E7 : FF;
  A8E8 : FF;
  A8E9 : FF;
  A8EA : FF;
  A8EB : FF;
  A8EC : FF;
  A8ED : FF;
  A8EE : FF;
  A8EF : FF;
  A8F0 : FF;
  A8F1 : FF;
  A8F2 : FF;
  A8F3 : FF;
  A8F4 : FF;
  A8F5 : FF;
  A8F6 : FF;
  A8F7 : FF;
  A8F8 : FF;
  A8F9 : FF;
  A8FA : FF;
  A8FB : FF;
  A8FC : FF;
  A8FD : FF;
  A8FE : FF;
  A8FF : FF;
  A900 : FF;
  A901 : FF;
  A902 : FF;
  A903 : FF;
  A904 : FF;
  A905 : FF;
  A906 : FF;
  A907 : FF;
  A908 : FF;
  A909 : FF;
  A90A : FF;
  A90B : FF;
  A90C : FF;
  A90D : FF;
  A90E : FF;
  A90F : FF;
  A910 : FF;
  A911 : FF;
  A912 : FF;
  A913 : FF;
  A914 : FF;
  A915 : FF;
  A916 : FF;
  A917 : FF;
  A918 : FF;
  A919 : FF;
  A91A : FF;
  A91B : FF;
  A91C : FF;
  A91D : FF;
  A91E : FF;
  A91F : FF;
  A920 : FF;
  A921 : FF;
  A922 : FF;
  A923 : FF;
  A924 : FF;
  A925 : FF;
  A926 : FF;
  A927 : FF;
  A928 : FF;
  A929 : FF;
  A92A : FF;
  A92B : FF;
  A92C : FF;
  A92D : FF;
  A92E : FF;
  A92F : FF;
  A930 : FF;
  A931 : FF;
  A932 : FF;
  A933 : FF;
  A934 : FF;
  A935 : FF;
  A936 : FF;
  A937 : FF;
  A938 : FF;
  A939 : FF;
  A93A : FF;
  A93B : FF;
  A93C : FF;
  A93D : FF;
  A93E : FF;
  A93F : FF;
  A940 : FF;
  A941 : FF;
  A942 : FF;
  A943 : FF;
  A944 : FF;
  A945 : FF;
  A946 : FF;
  A947 : FF;
  A948 : FF;
  A949 : FF;
  A94A : FF;
  A94B : FF;
  A94C : FF;
  A94D : FF;
  A94E : FF;
  A94F : FF;
  A950 : FF;
  A951 : FF;
  A952 : FF;
  A953 : FF;
  A954 : FF;
  A955 : FF;
  A956 : FF;
  A957 : FF;
  A958 : FF;
  A959 : FF;
  A95A : FF;
  A95B : FF;
  A95C : FF;
  A95D : FF;
  A95E : FF;
  A95F : FF;
  A960 : FF;
  A961 : FF;
  A962 : FF;
  A963 : FF;
  A964 : FF;
  A965 : FF;
  A966 : FF;
  A967 : FF;
  A968 : FF;
  A969 : FF;
  A96A : FF;
  A96B : FF;
  A96C : FF;
  A96D : FF;
  A96E : FF;
  A96F : FF;
  A970 : FF;
  A971 : FF;
  A972 : FF;
  A973 : FF;
  A974 : FF;
  A975 : FF;
  A976 : FF;
  A977 : FF;
  A978 : FF;
  A979 : FF;
  A97A : FF;
  A97B : FF;
  A97C : FF;
  A97D : FF;
  A97E : FF;
  A97F : FF;
  A980 : FF;
  A981 : FF;
  A982 : FF;
  A983 : FF;
  A984 : FF;
  A985 : FF;
  A986 : FF;
  A987 : FF;
  A988 : FF;
  A989 : FF;
  A98A : FF;
  A98B : FF;
  A98C : FF;
  A98D : FF;
  A98E : FF;
  A98F : FF;
  A990 : FF;
  A991 : FF;
  A992 : FF;
  A993 : FF;
  A994 : FF;
  A995 : FF;
  A996 : FF;
  A997 : FF;
  A998 : FF;
  A999 : FF;
  A99A : FF;
  A99B : FF;
  A99C : FF;
  A99D : FF;
  A99E : FF;
  A99F : FF;
  A9A0 : FF;
  A9A1 : FF;
  A9A2 : FF;
  A9A3 : FF;
  A9A4 : FF;
  A9A5 : FF;
  A9A6 : FF;
  A9A7 : FF;
  A9A8 : FF;
  A9A9 : FF;
  A9AA : FF;
  A9AB : FF;
  A9AC : FF;
  A9AD : FF;
  A9AE : FF;
  A9AF : FF;
  A9B0 : FF;
  A9B1 : FF;
  A9B2 : FF;
  A9B3 : FF;
  A9B4 : FF;
  A9B5 : FF;
  A9B6 : FF;
  A9B7 : FF;
  A9B8 : FF;
  A9B9 : FF;
  A9BA : FF;
  A9BB : FF;
  A9BC : FF;
  A9BD : FF;
  A9BE : FF;
  A9BF : FF;
  A9C0 : FF;
  A9C1 : FF;
  A9C2 : FF;
  A9C3 : FF;
  A9C4 : FF;
  A9C5 : FF;
  A9C6 : FF;
  A9C7 : FF;
  A9C8 : FF;
  A9C9 : FF;
  A9CA : FF;
  A9CB : FF;
  A9CC : FF;
  A9CD : FF;
  A9CE : FF;
  A9CF : FF;
  A9D0 : FF;
  A9D1 : FF;
  A9D2 : FF;
  A9D3 : FF;
  A9D4 : FF;
  A9D5 : FF;
  A9D6 : FF;
  A9D7 : FF;
  A9D8 : FF;
  A9D9 : FF;
  A9DA : FF;
  A9DB : FF;
  A9DC : FF;
  A9DD : FF;
  A9DE : FF;
  A9DF : FF;
  A9E0 : FF;
  A9E1 : FF;
  A9E2 : FF;
  A9E3 : FF;
  A9E4 : FF;
  A9E5 : FF;
  A9E6 : FF;
  A9E7 : FF;
  A9E8 : FF;
  A9E9 : FF;
  A9EA : FF;
  A9EB : FF;
  A9EC : FF;
  A9ED : FF;
  A9EE : FF;
  A9EF : FF;
  A9F0 : FF;
  A9F1 : FF;
  A9F2 : FF;
  A9F3 : FF;
  A9F4 : FF;
  A9F5 : FF;
  A9F6 : FF;
  A9F7 : FF;
  A9F8 : FF;
  A9F9 : FF;
  A9FA : FF;
  A9FB : FF;
  A9FC : FF;
  A9FD : FF;
  A9FE : FF;
  A9FF : FF;
  AA00 : FF;
  AA01 : FF;
  AA02 : FF;
  AA03 : FF;
  AA04 : FF;
  AA05 : FF;
  AA06 : FF;
  AA07 : FF;
  AA08 : FF;
  AA09 : FF;
  AA0A : FF;
  AA0B : FF;
  AA0C : FF;
  AA0D : FF;
  AA0E : FF;
  AA0F : FF;
  AA10 : FF;
  AA11 : FF;
  AA12 : FF;
  AA13 : FF;
  AA14 : FF;
  AA15 : FF;
  AA16 : FF;
  AA17 : FF;
  AA18 : FF;
  AA19 : FF;
  AA1A : FF;
  AA1B : FF;
  AA1C : FF;
  AA1D : FF;
  AA1E : FF;
  AA1F : FF;
  AA20 : FF;
  AA21 : FF;
  AA22 : FF;
  AA23 : FF;
  AA24 : FF;
  AA25 : FF;
  AA26 : FF;
  AA27 : FF;
  AA28 : FF;
  AA29 : FF;
  AA2A : FF;
  AA2B : FF;
  AA2C : FF;
  AA2D : FF;
  AA2E : FF;
  AA2F : FF;
  AA30 : FF;
  AA31 : FF;
  AA32 : FF;
  AA33 : FF;
  AA34 : FF;
  AA35 : FF;
  AA36 : FF;
  AA37 : FF;
  AA38 : FF;
  AA39 : FF;
  AA3A : FF;
  AA3B : FF;
  AA3C : FF;
  AA3D : FF;
  AA3E : FF;
  AA3F : FF;
  AA40 : FF;
  AA41 : FF;
  AA42 : FF;
  AA43 : FF;
  AA44 : FF;
  AA45 : FF;
  AA46 : FF;
  AA47 : FF;
  AA48 : FF;
  AA49 : FF;
  AA4A : FF;
  AA4B : FF;
  AA4C : FF;
  AA4D : FF;
  AA4E : FF;
  AA4F : FF;
  AA50 : FF;
  AA51 : FF;
  AA52 : FF;
  AA53 : FF;
  AA54 : FF;
  AA55 : FF;
  AA56 : FF;
  AA57 : FF;
  AA58 : FF;
  AA59 : FF;
  AA5A : FF;
  AA5B : FF;
  AA5C : FF;
  AA5D : FF;
  AA5E : FF;
  AA5F : FF;
  AA60 : FF;
  AA61 : FF;
  AA62 : FF;
  AA63 : FF;
  AA64 : FF;
  AA65 : FF;
  AA66 : FF;
  AA67 : FF;
  AA68 : FF;
  AA69 : FF;
  AA6A : FF;
  AA6B : FF;
  AA6C : FF;
  AA6D : FF;
  AA6E : FF;
  AA6F : FF;
  AA70 : FF;
  AA71 : FF;
  AA72 : FF;
  AA73 : FF;
  AA74 : FF;
  AA75 : FF;
  AA76 : FF;
  AA77 : FF;
  AA78 : FF;
  AA79 : FF;
  AA7A : FF;
  AA7B : FF;
  AA7C : FF;
  AA7D : FF;
  AA7E : FF;
  AA7F : FF;
  AA80 : FF;
  AA81 : FF;
  AA82 : FF;
  AA83 : FF;
  AA84 : FF;
  AA85 : FF;
  AA86 : FF;
  AA87 : FF;
  AA88 : FF;
  AA89 : FF;
  AA8A : FF;
  AA8B : FF;
  AA8C : FF;
  AA8D : FF;
  AA8E : FF;
  AA8F : FF;
  AA90 : FF;
  AA91 : FF;
  AA92 : FF;
  AA93 : FF;
  AA94 : FF;
  AA95 : FF;
  AA96 : FF;
  AA97 : FF;
  AA98 : FF;
  AA99 : FF;
  AA9A : FF;
  AA9B : FF;
  AA9C : FF;
  AA9D : FF;
  AA9E : FF;
  AA9F : FF;
  AAA0 : FF;
  AAA1 : FF;
  AAA2 : FF;
  AAA3 : FF;
  AAA4 : FF;
  AAA5 : FF;
  AAA6 : FF;
  AAA7 : FF;
  AAA8 : FF;
  AAA9 : FF;
  AAAA : FF;
  AAAB : FF;
  AAAC : FF;
  AAAD : FF;
  AAAE : FF;
  AAAF : FF;
  AAB0 : FF;
  AAB1 : FF;
  AAB2 : FF;
  AAB3 : FF;
  AAB4 : FF;
  AAB5 : FF;
  AAB6 : FF;
  AAB7 : FF;
  AAB8 : FF;
  AAB9 : FF;
  AABA : FF;
  AABB : FF;
  AABC : FF;
  AABD : FF;
  AABE : FF;
  AABF : FF;
  AAC0 : FF;
  AAC1 : FF;
  AAC2 : FF;
  AAC3 : FF;
  AAC4 : FF;
  AAC5 : FF;
  AAC6 : FF;
  AAC7 : FF;
  AAC8 : FF;
  AAC9 : FF;
  AACA : FF;
  AACB : FF;
  AACC : FF;
  AACD : FF;
  AACE : FF;
  AACF : FF;
  AAD0 : FF;
  AAD1 : FF;
  AAD2 : FF;
  AAD3 : FF;
  AAD4 : FF;
  AAD5 : FF;
  AAD6 : FF;
  AAD7 : FF;
  AAD8 : FF;
  AAD9 : FF;
  AADA : FF;
  AADB : FF;
  AADC : FF;
  AADD : FF;
  AADE : FF;
  AADF : FF;
  AAE0 : FF;
  AAE1 : FF;
  AAE2 : FF;
  AAE3 : FF;
  AAE4 : FF;
  AAE5 : FF;
  AAE6 : FF;
  AAE7 : FF;
  AAE8 : FF;
  AAE9 : FF;
  AAEA : FF;
  AAEB : FF;
  AAEC : FF;
  AAED : FF;
  AAEE : FF;
  AAEF : FF;
  AAF0 : FF;
  AAF1 : FF;
  AAF2 : FF;
  AAF3 : FF;
  AAF4 : FF;
  AAF5 : FF;
  AAF6 : FF;
  AAF7 : FF;
  AAF8 : FF;
  AAF9 : FF;
  AAFA : FF;
  AAFB : FF;
  AAFC : FF;
  AAFD : FF;
  AAFE : FF;
  AAFF : FF;
  AB00 : FF;
  AB01 : FF;
  AB02 : FF;
  AB03 : FF;
  AB04 : FF;
  AB05 : FF;
  AB06 : FF;
  AB07 : FF;
  AB08 : FF;
  AB09 : FF;
  AB0A : FF;
  AB0B : FF;
  AB0C : FF;
  AB0D : FF;
  AB0E : FF;
  AB0F : FF;
  AB10 : FF;
  AB11 : FF;
  AB12 : FF;
  AB13 : FF;
  AB14 : FF;
  AB15 : FF;
  AB16 : FF;
  AB17 : FF;
  AB18 : FF;
  AB19 : FF;
  AB1A : FF;
  AB1B : FF;
  AB1C : FF;
  AB1D : FF;
  AB1E : FF;
  AB1F : FF;
  AB20 : FF;
  AB21 : FF;
  AB22 : FF;
  AB23 : FF;
  AB24 : FF;
  AB25 : FF;
  AB26 : FF;
  AB27 : FF;
  AB28 : FF;
  AB29 : FF;
  AB2A : FF;
  AB2B : FF;
  AB2C : FF;
  AB2D : FF;
  AB2E : FF;
  AB2F : FF;
  AB30 : FF;
  AB31 : FF;
  AB32 : FF;
  AB33 : FF;
  AB34 : FF;
  AB35 : FF;
  AB36 : FF;
  AB37 : FF;
  AB38 : FF;
  AB39 : FF;
  AB3A : FF;
  AB3B : FF;
  AB3C : FF;
  AB3D : FF;
  AB3E : FF;
  AB3F : FF;
  AB40 : FF;
  AB41 : FF;
  AB42 : FF;
  AB43 : FF;
  AB44 : FF;
  AB45 : FF;
  AB46 : FF;
  AB47 : FF;
  AB48 : FF;
  AB49 : FF;
  AB4A : FF;
  AB4B : FF;
  AB4C : FF;
  AB4D : FF;
  AB4E : FF;
  AB4F : FF;
  AB50 : FF;
  AB51 : FF;
  AB52 : FF;
  AB53 : FF;
  AB54 : FF;
  AB55 : FF;
  AB56 : FF;
  AB57 : FF;
  AB58 : FF;
  AB59 : FF;
  AB5A : FF;
  AB5B : FF;
  AB5C : FF;
  AB5D : FF;
  AB5E : FF;
  AB5F : FF;
  AB60 : FF;
  AB61 : FF;
  AB62 : FF;
  AB63 : FF;
  AB64 : FF;
  AB65 : FF;
  AB66 : FF;
  AB67 : FF;
  AB68 : FF;
  AB69 : FF;
  AB6A : FF;
  AB6B : FF;
  AB6C : FF;
  AB6D : FF;
  AB6E : FF;
  AB6F : FF;
  AB70 : FF;
  AB71 : FF;
  AB72 : FF;
  AB73 : FF;
  AB74 : FF;
  AB75 : FF;
  AB76 : FF;
  AB77 : FF;
  AB78 : FF;
  AB79 : FF;
  AB7A : FF;
  AB7B : FF;
  AB7C : FF;
  AB7D : FF;
  AB7E : FF;
  AB7F : FF;
  AB80 : FF;
  AB81 : FF;
  AB82 : FF;
  AB83 : FF;
  AB84 : FF;
  AB85 : FF;
  AB86 : FF;
  AB87 : FF;
  AB88 : FF;
  AB89 : FF;
  AB8A : FF;
  AB8B : FF;
  AB8C : FF;
  AB8D : FF;
  AB8E : FF;
  AB8F : FF;
  AB90 : FF;
  AB91 : FF;
  AB92 : FF;
  AB93 : FF;
  AB94 : FF;
  AB95 : FF;
  AB96 : FF;
  AB97 : FF;
  AB98 : FF;
  AB99 : FF;
  AB9A : FF;
  AB9B : FF;
  AB9C : FF;
  AB9D : FF;
  AB9E : FF;
  AB9F : FF;
  ABA0 : FF;
  ABA1 : FF;
  ABA2 : FF;
  ABA3 : FF;
  ABA4 : FF;
  ABA5 : FF;
  ABA6 : FF;
  ABA7 : FF;
  ABA8 : FF;
  ABA9 : FF;
  ABAA : FF;
  ABAB : FF;
  ABAC : FF;
  ABAD : FF;
  ABAE : FF;
  ABAF : FF;
  ABB0 : FF;
  ABB1 : FF;
  ABB2 : FF;
  ABB3 : FF;
  ABB4 : FF;
  ABB5 : FF;
  ABB6 : FF;
  ABB7 : FF;
  ABB8 : FF;
  ABB9 : FF;
  ABBA : FF;
  ABBB : FF;
  ABBC : FF;
  ABBD : FF;
  ABBE : FF;
  ABBF : FF;
  ABC0 : FF;
  ABC1 : FF;
  ABC2 : FF;
  ABC3 : FF;
  ABC4 : FF;
  ABC5 : FF;
  ABC6 : FF;
  ABC7 : FF;
  ABC8 : FF;
  ABC9 : FF;
  ABCA : FF;
  ABCB : FF;
  ABCC : FF;
  ABCD : FF;
  ABCE : FF;
  ABCF : FF;
  ABD0 : FF;
  ABD1 : FF;
  ABD2 : FF;
  ABD3 : FF;
  ABD4 : FF;
  ABD5 : FF;
  ABD6 : FF;
  ABD7 : FF;
  ABD8 : FF;
  ABD9 : FF;
  ABDA : FF;
  ABDB : FF;
  ABDC : FF;
  ABDD : FF;
  ABDE : FF;
  ABDF : FF;
  ABE0 : FF;
  ABE1 : FF;
  ABE2 : FF;
  ABE3 : FF;
  ABE4 : FF;
  ABE5 : FF;
  ABE6 : FF;
  ABE7 : FF;
  ABE8 : FF;
  ABE9 : FF;
  ABEA : FF;
  ABEB : FF;
  ABEC : FF;
  ABED : FF;
  ABEE : FF;
  ABEF : FF;
  ABF0 : FF;
  ABF1 : FF;
  ABF2 : FF;
  ABF3 : FF;
  ABF4 : FF;
  ABF5 : FF;
  ABF6 : FF;
  ABF7 : FF;
  ABF8 : FF;
  ABF9 : FF;
  ABFA : FF;
  ABFB : FF;
  ABFC : FF;
  ABFD : FF;
  ABFE : FF;
  ABFF : FF;
  AC00 : FF;
  AC01 : FF;
  AC02 : FF;
  AC03 : FF;
  AC04 : FF;
  AC05 : FF;
  AC06 : FF;
  AC07 : FF;
  AC08 : FF;
  AC09 : FF;
  AC0A : FF;
  AC0B : FF;
  AC0C : FF;
  AC0D : FF;
  AC0E : FF;
  AC0F : FF;
  AC10 : FF;
  AC11 : FF;
  AC12 : FF;
  AC13 : FF;
  AC14 : FF;
  AC15 : FF;
  AC16 : FF;
  AC17 : FF;
  AC18 : FF;
  AC19 : FF;
  AC1A : FF;
  AC1B : FF;
  AC1C : FF;
  AC1D : FF;
  AC1E : FF;
  AC1F : FF;
  AC20 : FF;
  AC21 : FF;
  AC22 : FF;
  AC23 : FF;
  AC24 : FF;
  AC25 : FF;
  AC26 : FF;
  AC27 : FF;
  AC28 : FF;
  AC29 : FF;
  AC2A : FF;
  AC2B : FF;
  AC2C : FF;
  AC2D : FF;
  AC2E : FF;
  AC2F : FF;
  AC30 : FF;
  AC31 : FF;
  AC32 : FF;
  AC33 : FF;
  AC34 : FF;
  AC35 : FF;
  AC36 : FF;
  AC37 : FF;
  AC38 : FF;
  AC39 : FF;
  AC3A : FF;
  AC3B : FF;
  AC3C : FF;
  AC3D : FF;
  AC3E : FF;
  AC3F : FF;
  AC40 : FF;
  AC41 : FF;
  AC42 : FF;
  AC43 : FF;
  AC44 : FF;
  AC45 : FF;
  AC46 : FF;
  AC47 : FF;
  AC48 : FF;
  AC49 : FF;
  AC4A : FF;
  AC4B : FF;
  AC4C : FF;
  AC4D : FF;
  AC4E : FF;
  AC4F : FF;
  AC50 : FF;
  AC51 : FF;
  AC52 : FF;
  AC53 : FF;
  AC54 : FF;
  AC55 : FF;
  AC56 : FF;
  AC57 : FF;
  AC58 : FF;
  AC59 : FF;
  AC5A : FF;
  AC5B : FF;
  AC5C : FF;
  AC5D : FF;
  AC5E : FF;
  AC5F : FF;
  AC60 : FF;
  AC61 : FF;
  AC62 : FF;
  AC63 : FF;
  AC64 : FF;
  AC65 : FF;
  AC66 : FF;
  AC67 : FF;
  AC68 : FF;
  AC69 : FF;
  AC6A : FF;
  AC6B : FF;
  AC6C : FF;
  AC6D : FF;
  AC6E : FF;
  AC6F : FF;
  AC70 : FF;
  AC71 : FF;
  AC72 : FF;
  AC73 : FF;
  AC74 : FF;
  AC75 : FF;
  AC76 : FF;
  AC77 : FF;
  AC78 : FF;
  AC79 : FF;
  AC7A : FF;
  AC7B : FF;
  AC7C : FF;
  AC7D : FF;
  AC7E : FF;
  AC7F : FF;
  AC80 : FF;
  AC81 : FF;
  AC82 : FF;
  AC83 : FF;
  AC84 : FF;
  AC85 : FF;
  AC86 : FF;
  AC87 : FF;
  AC88 : FF;
  AC89 : FF;
  AC8A : FF;
  AC8B : FF;
  AC8C : FF;
  AC8D : FF;
  AC8E : FF;
  AC8F : FF;
  AC90 : FF;
  AC91 : FF;
  AC92 : FF;
  AC93 : FF;
  AC94 : FF;
  AC95 : FF;
  AC96 : FF;
  AC97 : FF;
  AC98 : FF;
  AC99 : FF;
  AC9A : FF;
  AC9B : FF;
  AC9C : FF;
  AC9D : FF;
  AC9E : FF;
  AC9F : FF;
  ACA0 : FF;
  ACA1 : FF;
  ACA2 : FF;
  ACA3 : FF;
  ACA4 : FF;
  ACA5 : FF;
  ACA6 : FF;
  ACA7 : FF;
  ACA8 : FF;
  ACA9 : FF;
  ACAA : FF;
  ACAB : FF;
  ACAC : FF;
  ACAD : FF;
  ACAE : FF;
  ACAF : FF;
  ACB0 : FF;
  ACB1 : FF;
  ACB2 : FF;
  ACB3 : FF;
  ACB4 : FF;
  ACB5 : FF;
  ACB6 : FF;
  ACB7 : FF;
  ACB8 : FF;
  ACB9 : FF;
  ACBA : FF;
  ACBB : FF;
  ACBC : FF;
  ACBD : FF;
  ACBE : FF;
  ACBF : FF;
  ACC0 : FF;
  ACC1 : FF;
  ACC2 : FF;
  ACC3 : FF;
  ACC4 : FF;
  ACC5 : FF;
  ACC6 : FF;
  ACC7 : FF;
  ACC8 : FF;
  ACC9 : FF;
  ACCA : FF;
  ACCB : FF;
  ACCC : FF;
  ACCD : FF;
  ACCE : FF;
  ACCF : FF;
  ACD0 : FF;
  ACD1 : FF;
  ACD2 : FF;
  ACD3 : FF;
  ACD4 : FF;
  ACD5 : FF;
  ACD6 : FF;
  ACD7 : FF;
  ACD8 : FF;
  ACD9 : FF;
  ACDA : FF;
  ACDB : FF;
  ACDC : FF;
  ACDD : FF;
  ACDE : FF;
  ACDF : FF;
  ACE0 : FF;
  ACE1 : FF;
  ACE2 : FF;
  ACE3 : FF;
  ACE4 : FF;
  ACE5 : FF;
  ACE6 : FF;
  ACE7 : FF;
  ACE8 : FF;
  ACE9 : FF;
  ACEA : FF;
  ACEB : FF;
  ACEC : FF;
  ACED : FF;
  ACEE : FF;
  ACEF : FF;
  ACF0 : FF;
  ACF1 : FF;
  ACF2 : FF;
  ACF3 : FF;
  ACF4 : FF;
  ACF5 : FF;
  ACF6 : FF;
  ACF7 : FF;
  ACF8 : FF;
  ACF9 : FF;
  ACFA : FF;
  ACFB : FF;
  ACFC : FF;
  ACFD : FF;
  ACFE : FF;
  ACFF : FF;
  AD00 : FF;
  AD01 : FF;
  AD02 : FF;
  AD03 : FF;
  AD04 : FF;
  AD05 : FF;
  AD06 : FF;
  AD07 : FF;
  AD08 : FF;
  AD09 : FF;
  AD0A : FF;
  AD0B : FF;
  AD0C : FF;
  AD0D : FF;
  AD0E : FF;
  AD0F : FF;
  AD10 : FF;
  AD11 : FF;
  AD12 : FF;
  AD13 : FF;
  AD14 : FF;
  AD15 : FF;
  AD16 : FF;
  AD17 : FF;
  AD18 : FF;
  AD19 : FF;
  AD1A : FF;
  AD1B : FF;
  AD1C : FF;
  AD1D : FF;
  AD1E : FF;
  AD1F : FF;
  AD20 : FF;
  AD21 : FF;
  AD22 : FF;
  AD23 : FF;
  AD24 : FF;
  AD25 : FF;
  AD26 : FF;
  AD27 : FF;
  AD28 : FF;
  AD29 : FF;
  AD2A : FF;
  AD2B : FF;
  AD2C : FF;
  AD2D : FF;
  AD2E : FF;
  AD2F : FF;
  AD30 : FF;
  AD31 : FF;
  AD32 : FF;
  AD33 : FF;
  AD34 : FF;
  AD35 : FF;
  AD36 : FF;
  AD37 : FF;
  AD38 : FF;
  AD39 : FF;
  AD3A : FF;
  AD3B : FF;
  AD3C : FF;
  AD3D : FF;
  AD3E : FF;
  AD3F : FF;
  AD40 : FF;
  AD41 : FF;
  AD42 : FF;
  AD43 : FF;
  AD44 : FF;
  AD45 : FF;
  AD46 : FF;
  AD47 : FF;
  AD48 : FF;
  AD49 : FF;
  AD4A : FF;
  AD4B : FF;
  AD4C : FF;
  AD4D : FF;
  AD4E : FF;
  AD4F : FF;
  AD50 : FF;
  AD51 : FF;
  AD52 : FF;
  AD53 : FF;
  AD54 : FF;
  AD55 : FF;
  AD56 : FF;
  AD57 : FF;
  AD58 : FF;
  AD59 : FF;
  AD5A : FF;
  AD5B : FF;
  AD5C : FF;
  AD5D : FF;
  AD5E : FF;
  AD5F : FF;
  AD60 : FF;
  AD61 : FF;
  AD62 : FF;
  AD63 : FF;
  AD64 : FF;
  AD65 : FF;
  AD66 : FF;
  AD67 : FF;
  AD68 : FF;
  AD69 : FF;
  AD6A : FF;
  AD6B : FF;
  AD6C : FF;
  AD6D : FF;
  AD6E : FF;
  AD6F : FF;
  AD70 : FF;
  AD71 : FF;
  AD72 : FF;
  AD73 : FF;
  AD74 : FF;
  AD75 : FF;
  AD76 : FF;
  AD77 : FF;
  AD78 : FF;
  AD79 : FF;
  AD7A : FF;
  AD7B : FF;
  AD7C : FF;
  AD7D : FF;
  AD7E : FF;
  AD7F : FF;
  AD80 : FF;
  AD81 : FF;
  AD82 : FF;
  AD83 : FF;
  AD84 : FF;
  AD85 : FF;
  AD86 : FF;
  AD87 : FF;
  AD88 : FF;
  AD89 : FF;
  AD8A : FF;
  AD8B : FF;
  AD8C : FF;
  AD8D : FF;
  AD8E : FF;
  AD8F : FF;
  AD90 : FF;
  AD91 : FF;
  AD92 : FF;
  AD93 : FF;
  AD94 : FF;
  AD95 : FF;
  AD96 : FF;
  AD97 : FF;
  AD98 : FF;
  AD99 : FF;
  AD9A : FF;
  AD9B : FF;
  AD9C : FF;
  AD9D : FF;
  AD9E : FF;
  AD9F : FF;
  ADA0 : FF;
  ADA1 : FF;
  ADA2 : FF;
  ADA3 : FF;
  ADA4 : FF;
  ADA5 : FF;
  ADA6 : FF;
  ADA7 : FF;
  ADA8 : FF;
  ADA9 : FF;
  ADAA : FF;
  ADAB : FF;
  ADAC : FF;
  ADAD : FF;
  ADAE : FF;
  ADAF : FF;
  ADB0 : FF;
  ADB1 : FF;
  ADB2 : FF;
  ADB3 : FF;
  ADB4 : FF;
  ADB5 : FF;
  ADB6 : FF;
  ADB7 : FF;
  ADB8 : FF;
  ADB9 : FF;
  ADBA : FF;
  ADBB : FF;
  ADBC : FF;
  ADBD : FF;
  ADBE : FF;
  ADBF : FF;
  ADC0 : FF;
  ADC1 : FF;
  ADC2 : FF;
  ADC3 : FF;
  ADC4 : FF;
  ADC5 : FF;
  ADC6 : FF;
  ADC7 : FF;
  ADC8 : FF;
  ADC9 : FF;
  ADCA : FF;
  ADCB : FF;
  ADCC : FF;
  ADCD : FF;
  ADCE : FF;
  ADCF : FF;
  ADD0 : FF;
  ADD1 : FF;
  ADD2 : FF;
  ADD3 : FF;
  ADD4 : FF;
  ADD5 : FF;
  ADD6 : FF;
  ADD7 : FF;
  ADD8 : FF;
  ADD9 : FF;
  ADDA : FF;
  ADDB : FF;
  ADDC : FF;
  ADDD : FF;
  ADDE : FF;
  ADDF : FF;
  ADE0 : FF;
  ADE1 : FF;
  ADE2 : FF;
  ADE3 : FF;
  ADE4 : FF;
  ADE5 : FF;
  ADE6 : FF;
  ADE7 : FF;
  ADE8 : FF;
  ADE9 : FF;
  ADEA : FF;
  ADEB : FF;
  ADEC : FF;
  ADED : FF;
  ADEE : FF;
  ADEF : FF;
  ADF0 : FF;
  ADF1 : FF;
  ADF2 : FF;
  ADF3 : FF;
  ADF4 : FF;
  ADF5 : FF;
  ADF6 : FF;
  ADF7 : FF;
  ADF8 : FF;
  ADF9 : FF;
  ADFA : FF;
  ADFB : FF;
  ADFC : FF;
  ADFD : FF;
  ADFE : FF;
  ADFF : FF;
  AE00 : FF;
  AE01 : FF;
  AE02 : FF;
  AE03 : FF;
  AE04 : FF;
  AE05 : FF;
  AE06 : FF;
  AE07 : FF;
  AE08 : FF;
  AE09 : FF;
  AE0A : FF;
  AE0B : FF;
  AE0C : FF;
  AE0D : FF;
  AE0E : FF;
  AE0F : FF;
  AE10 : FF;
  AE11 : FF;
  AE12 : FF;
  AE13 : FF;
  AE14 : FF;
  AE15 : FF;
  AE16 : FF;
  AE17 : FF;
  AE18 : FF;
  AE19 : FF;
  AE1A : FF;
  AE1B : FF;
  AE1C : FF;
  AE1D : FF;
  AE1E : FF;
  AE1F : FF;
  AE20 : FF;
  AE21 : FF;
  AE22 : FF;
  AE23 : FF;
  AE24 : FF;
  AE25 : FF;
  AE26 : FF;
  AE27 : FF;
  AE28 : FF;
  AE29 : FF;
  AE2A : FF;
  AE2B : FF;
  AE2C : FF;
  AE2D : FF;
  AE2E : FF;
  AE2F : FF;
  AE30 : FF;
  AE31 : FF;
  AE32 : FF;
  AE33 : FF;
  AE34 : FF;
  AE35 : FF;
  AE36 : FF;
  AE37 : FF;
  AE38 : FF;
  AE39 : FF;
  AE3A : FF;
  AE3B : FF;
  AE3C : FF;
  AE3D : FF;
  AE3E : FF;
  AE3F : FF;
  AE40 : FF;
  AE41 : FF;
  AE42 : FF;
  AE43 : FF;
  AE44 : FF;
  AE45 : FF;
  AE46 : FF;
  AE47 : FF;
  AE48 : FF;
  AE49 : FF;
  AE4A : FF;
  AE4B : FF;
  AE4C : FF;
  AE4D : FF;
  AE4E : FF;
  AE4F : FF;
  AE50 : FF;
  AE51 : FF;
  AE52 : FF;
  AE53 : FF;
  AE54 : FF;
  AE55 : FF;
  AE56 : FF;
  AE57 : FF;
  AE58 : FF;
  AE59 : FF;
  AE5A : FF;
  AE5B : FF;
  AE5C : FF;
  AE5D : FF;
  AE5E : FF;
  AE5F : FF;
  AE60 : FF;
  AE61 : FF;
  AE62 : FF;
  AE63 : FF;
  AE64 : FF;
  AE65 : FF;
  AE66 : FF;
  AE67 : FF;
  AE68 : FF;
  AE69 : FF;
  AE6A : FF;
  AE6B : FF;
  AE6C : FF;
  AE6D : FF;
  AE6E : FF;
  AE6F : FF;
  AE70 : FF;
  AE71 : FF;
  AE72 : FF;
  AE73 : FF;
  AE74 : FF;
  AE75 : FF;
  AE76 : FF;
  AE77 : FF;
  AE78 : FF;
  AE79 : FF;
  AE7A : FF;
  AE7B : FF;
  AE7C : FF;
  AE7D : FF;
  AE7E : FF;
  AE7F : FF;
  AE80 : FF;
  AE81 : FF;
  AE82 : FF;
  AE83 : FF;
  AE84 : FF;
  AE85 : FF;
  AE86 : FF;
  AE87 : FF;
  AE88 : FF;
  AE89 : FF;
  AE8A : FF;
  AE8B : FF;
  AE8C : FF;
  AE8D : FF;
  AE8E : FF;
  AE8F : FF;
  AE90 : FF;
  AE91 : FF;
  AE92 : FF;
  AE93 : FF;
  AE94 : FF;
  AE95 : FF;
  AE96 : FF;
  AE97 : FF;
  AE98 : FF;
  AE99 : FF;
  AE9A : FF;
  AE9B : FF;
  AE9C : FF;
  AE9D : FF;
  AE9E : FF;
  AE9F : FF;
  AEA0 : FF;
  AEA1 : FF;
  AEA2 : FF;
  AEA3 : FF;
  AEA4 : FF;
  AEA5 : FF;
  AEA6 : FF;
  AEA7 : FF;
  AEA8 : FF;
  AEA9 : FF;
  AEAA : FF;
  AEAB : FF;
  AEAC : FF;
  AEAD : FF;
  AEAE : FF;
  AEAF : FF;
  AEB0 : FF;
  AEB1 : FF;
  AEB2 : FF;
  AEB3 : FF;
  AEB4 : FF;
  AEB5 : FF;
  AEB6 : FF;
  AEB7 : FF;
  AEB8 : FF;
  AEB9 : FF;
  AEBA : FF;
  AEBB : FF;
  AEBC : FF;
  AEBD : FF;
  AEBE : FF;
  AEBF : FF;
  AEC0 : FF;
  AEC1 : FF;
  AEC2 : FF;
  AEC3 : FF;
  AEC4 : FF;
  AEC5 : FF;
  AEC6 : FF;
  AEC7 : FF;
  AEC8 : FF;
  AEC9 : FF;
  AECA : FF;
  AECB : FF;
  AECC : FF;
  AECD : FF;
  AECE : FF;
  AECF : FF;
  AED0 : FF;
  AED1 : FF;
  AED2 : FF;
  AED3 : FF;
  AED4 : FF;
  AED5 : FF;
  AED6 : FF;
  AED7 : FF;
  AED8 : FF;
  AED9 : FF;
  AEDA : FF;
  AEDB : FF;
  AEDC : FF;
  AEDD : FF;
  AEDE : FF;
  AEDF : FF;
  AEE0 : FF;
  AEE1 : FF;
  AEE2 : FF;
  AEE3 : FF;
  AEE4 : FF;
  AEE5 : FF;
  AEE6 : FF;
  AEE7 : FF;
  AEE8 : FF;
  AEE9 : FF;
  AEEA : FF;
  AEEB : FF;
  AEEC : FF;
  AEED : FF;
  AEEE : FF;
  AEEF : FF;
  AEF0 : FF;
  AEF1 : FF;
  AEF2 : FF;
  AEF3 : FF;
  AEF4 : FF;
  AEF5 : FF;
  AEF6 : FF;
  AEF7 : FF;
  AEF8 : FF;
  AEF9 : FF;
  AEFA : FF;
  AEFB : FF;
  AEFC : FF;
  AEFD : FF;
  AEFE : FF;
  AEFF : FF;
  AF00 : FF;
  AF01 : FF;
  AF02 : FF;
  AF03 : FF;
  AF04 : FF;
  AF05 : FF;
  AF06 : FF;
  AF07 : FF;
  AF08 : FF;
  AF09 : FF;
  AF0A : FF;
  AF0B : FF;
  AF0C : FF;
  AF0D : FF;
  AF0E : FF;
  AF0F : FF;
  AF10 : FF;
  AF11 : FF;
  AF12 : FF;
  AF13 : FF;
  AF14 : FF;
  AF15 : FF;
  AF16 : FF;
  AF17 : FF;
  AF18 : FF;
  AF19 : FF;
  AF1A : FF;
  AF1B : FF;
  AF1C : FF;
  AF1D : FF;
  AF1E : FF;
  AF1F : FF;
  AF20 : FF;
  AF21 : FF;
  AF22 : FF;
  AF23 : FF;
  AF24 : FF;
  AF25 : FF;
  AF26 : FF;
  AF27 : FF;
  AF28 : FF;
  AF29 : FF;
  AF2A : FF;
  AF2B : FF;
  AF2C : FF;
  AF2D : FF;
  AF2E : FF;
  AF2F : FF;
  AF30 : FF;
  AF31 : FF;
  AF32 : FF;
  AF33 : FF;
  AF34 : FF;
  AF35 : FF;
  AF36 : FF;
  AF37 : FF;
  AF38 : FF;
  AF39 : FF;
  AF3A : FF;
  AF3B : FF;
  AF3C : FF;
  AF3D : FF;
  AF3E : FF;
  AF3F : FF;
  AF40 : FF;
  AF41 : FF;
  AF42 : FF;
  AF43 : FF;
  AF44 : FF;
  AF45 : FF;
  AF46 : FF;
  AF47 : FF;
  AF48 : FF;
  AF49 : FF;
  AF4A : FF;
  AF4B : FF;
  AF4C : FF;
  AF4D : FF;
  AF4E : FF;
  AF4F : FF;
  AF50 : FF;
  AF51 : FF;
  AF52 : FF;
  AF53 : FF;
  AF54 : FF;
  AF55 : FF;
  AF56 : FF;
  AF57 : FF;
  AF58 : FF;
  AF59 : FF;
  AF5A : FF;
  AF5B : FF;
  AF5C : FF;
  AF5D : FF;
  AF5E : FF;
  AF5F : FF;
  AF60 : FF;
  AF61 : FF;
  AF62 : FF;
  AF63 : FF;
  AF64 : FF;
  AF65 : FF;
  AF66 : FF;
  AF67 : FF;
  AF68 : FF;
  AF69 : FF;
  AF6A : FF;
  AF6B : FF;
  AF6C : FF;
  AF6D : FF;
  AF6E : FF;
  AF6F : FF;
  AF70 : FF;
  AF71 : FF;
  AF72 : FF;
  AF73 : FF;
  AF74 : FF;
  AF75 : FF;
  AF76 : FF;
  AF77 : FF;
  AF78 : FF;
  AF79 : FF;
  AF7A : FF;
  AF7B : FF;
  AF7C : FF;
  AF7D : FF;
  AF7E : FF;
  AF7F : FF;
  AF80 : FF;
  AF81 : FF;
  AF82 : FF;
  AF83 : FF;
  AF84 : FF;
  AF85 : FF;
  AF86 : FF;
  AF87 : FF;
  AF88 : FF;
  AF89 : FF;
  AF8A : FF;
  AF8B : FF;
  AF8C : FF;
  AF8D : FF;
  AF8E : FF;
  AF8F : FF;
  AF90 : FF;
  AF91 : FF;
  AF92 : FF;
  AF93 : FF;
  AF94 : FF;
  AF95 : FF;
  AF96 : FF;
  AF97 : FF;
  AF98 : FF;
  AF99 : FF;
  AF9A : FF;
  AF9B : FF;
  AF9C : FF;
  AF9D : FF;
  AF9E : FF;
  AF9F : FF;
  AFA0 : FF;
  AFA1 : FF;
  AFA2 : FF;
  AFA3 : FF;
  AFA4 : FF;
  AFA5 : FF;
  AFA6 : FF;
  AFA7 : FF;
  AFA8 : FF;
  AFA9 : FF;
  AFAA : FF;
  AFAB : FF;
  AFAC : FF;
  AFAD : FF;
  AFAE : FF;
  AFAF : FF;
  AFB0 : FF;
  AFB1 : FF;
  AFB2 : FF;
  AFB3 : FF;
  AFB4 : FF;
  AFB5 : FF;
  AFB6 : FF;
  AFB7 : FF;
  AFB8 : FF;
  AFB9 : FF;
  AFBA : FF;
  AFBB : FF;
  AFBC : FF;
  AFBD : FF;
  AFBE : FF;
  AFBF : FF;
  AFC0 : FF;
  AFC1 : FF;
  AFC2 : FF;
  AFC3 : FF;
  AFC4 : FF;
  AFC5 : FF;
  AFC6 : FF;
  AFC7 : FF;
  AFC8 : FF;
  AFC9 : FF;
  AFCA : FF;
  AFCB : FF;
  AFCC : FF;
  AFCD : FF;
  AFCE : FF;
  AFCF : FF;
  AFD0 : FF;
  AFD1 : FF;
  AFD2 : FF;
  AFD3 : FF;
  AFD4 : FF;
  AFD5 : FF;
  AFD6 : FF;
  AFD7 : FF;
  AFD8 : FF;
  AFD9 : FF;
  AFDA : FF;
  AFDB : FF;
  AFDC : FF;
  AFDD : FF;
  AFDE : FF;
  AFDF : FF;
  AFE0 : FF;
  AFE1 : FF;
  AFE2 : FF;
  AFE3 : FF;
  AFE4 : FF;
  AFE5 : FF;
  AFE6 : FF;
  AFE7 : FF;
  AFE8 : FF;
  AFE9 : FF;
  AFEA : FF;
  AFEB : FF;
  AFEC : FF;
  AFED : FF;
  AFEE : FF;
  AFEF : FF;
  AFF0 : FF;
  AFF1 : FF;
  AFF2 : FF;
  AFF3 : FF;
  AFF4 : FF;
  AFF5 : FF;
  AFF6 : FF;
  AFF7 : FF;
  AFF8 : FF;
  AFF9 : FF;
  AFFA : FF;
  AFFB : FF;
  AFFC : FF;
  AFFD : FF;
  AFFE : FF;
  AFFF : FF;
  B000 : FF;
  B001 : FF;
  B002 : FF;
  B003 : FF;
  B004 : FF;
  B005 : FF;
  B006 : FF;
  B007 : FF;
  B008 : FF;
  B009 : FF;
  B00A : FF;
  B00B : FF;
  B00C : FF;
  B00D : FF;
  B00E : FF;
  B00F : FF;
  B010 : FF;
  B011 : FF;
  B012 : FF;
  B013 : FF;
  B014 : FF;
  B015 : FF;
  B016 : FF;
  B017 : FF;
  B018 : FF;
  B019 : FF;
  B01A : FF;
  B01B : FF;
  B01C : FF;
  B01D : FF;
  B01E : FF;
  B01F : FF;
  B020 : FF;
  B021 : FF;
  B022 : FF;
  B023 : FF;
  B024 : FF;
  B025 : FF;
  B026 : FF;
  B027 : FF;
  B028 : FF;
  B029 : FF;
  B02A : FF;
  B02B : FF;
  B02C : FF;
  B02D : FF;
  B02E : FF;
  B02F : FF;
  B030 : FF;
  B031 : FF;
  B032 : FF;
  B033 : FF;
  B034 : FF;
  B035 : FF;
  B036 : FF;
  B037 : FF;
  B038 : FF;
  B039 : FF;
  B03A : FF;
  B03B : FF;
  B03C : FF;
  B03D : FF;
  B03E : FF;
  B03F : FF;
  B040 : FF;
  B041 : FF;
  B042 : FF;
  B043 : FF;
  B044 : FF;
  B045 : FF;
  B046 : FF;
  B047 : FF;
  B048 : FF;
  B049 : FF;
  B04A : FF;
  B04B : FF;
  B04C : FF;
  B04D : FF;
  B04E : FF;
  B04F : FF;
  B050 : FF;
  B051 : FF;
  B052 : FF;
  B053 : FF;
  B054 : FF;
  B055 : FF;
  B056 : FF;
  B057 : FF;
  B058 : FF;
  B059 : FF;
  B05A : FF;
  B05B : FF;
  B05C : FF;
  B05D : FF;
  B05E : FF;
  B05F : FF;
  B060 : FF;
  B061 : FF;
  B062 : FF;
  B063 : FF;
  B064 : FF;
  B065 : FF;
  B066 : FF;
  B067 : FF;
  B068 : FF;
  B069 : FF;
  B06A : FF;
  B06B : FF;
  B06C : FF;
  B06D : FF;
  B06E : FF;
  B06F : FF;
  B070 : FF;
  B071 : FF;
  B072 : FF;
  B073 : FF;
  B074 : FF;
  B075 : FF;
  B076 : FF;
  B077 : FF;
  B078 : FF;
  B079 : FF;
  B07A : FF;
  B07B : FF;
  B07C : FF;
  B07D : FF;
  B07E : FF;
  B07F : FF;
  B080 : FF;
  B081 : FF;
  B082 : FF;
  B083 : FF;
  B084 : FF;
  B085 : FF;
  B086 : FF;
  B087 : FF;
  B088 : FF;
  B089 : FF;
  B08A : FF;
  B08B : FF;
  B08C : FF;
  B08D : FF;
  B08E : FF;
  B08F : FF;
  B090 : FF;
  B091 : FF;
  B092 : FF;
  B093 : FF;
  B094 : FF;
  B095 : FF;
  B096 : FF;
  B097 : FF;
  B098 : FF;
  B099 : FF;
  B09A : FF;
  B09B : FF;
  B09C : FF;
  B09D : FF;
  B09E : FF;
  B09F : FF;
  B0A0 : FF;
  B0A1 : FF;
  B0A2 : FF;
  B0A3 : FF;
  B0A4 : FF;
  B0A5 : FF;
  B0A6 : FF;
  B0A7 : FF;
  B0A8 : FF;
  B0A9 : FF;
  B0AA : FF;
  B0AB : FF;
  B0AC : FF;
  B0AD : FF;
  B0AE : FF;
  B0AF : FF;
  B0B0 : FF;
  B0B1 : FF;
  B0B2 : FF;
  B0B3 : FF;
  B0B4 : FF;
  B0B5 : FF;
  B0B6 : FF;
  B0B7 : FF;
  B0B8 : FF;
  B0B9 : FF;
  B0BA : FF;
  B0BB : FF;
  B0BC : FF;
  B0BD : FF;
  B0BE : FF;
  B0BF : FF;
  B0C0 : FF;
  B0C1 : FF;
  B0C2 : FF;
  B0C3 : FF;
  B0C4 : FF;
  B0C5 : FF;
  B0C6 : FF;
  B0C7 : FF;
  B0C8 : FF;
  B0C9 : FF;
  B0CA : FF;
  B0CB : FF;
  B0CC : FF;
  B0CD : FF;
  B0CE : FF;
  B0CF : FF;
  B0D0 : FF;
  B0D1 : FF;
  B0D2 : FF;
  B0D3 : FF;
  B0D4 : FF;
  B0D5 : FF;
  B0D6 : FF;
  B0D7 : FF;
  B0D8 : FF;
  B0D9 : FF;
  B0DA : FF;
  B0DB : FF;
  B0DC : FF;
  B0DD : FF;
  B0DE : FF;
  B0DF : FF;
  B0E0 : FF;
  B0E1 : FF;
  B0E2 : FF;
  B0E3 : FF;
  B0E4 : FF;
  B0E5 : FF;
  B0E6 : FF;
  B0E7 : FF;
  B0E8 : FF;
  B0E9 : FF;
  B0EA : FF;
  B0EB : FF;
  B0EC : FF;
  B0ED : FF;
  B0EE : FF;
  B0EF : FF;
  B0F0 : FF;
  B0F1 : FF;
  B0F2 : FF;
  B0F3 : FF;
  B0F4 : FF;
  B0F5 : FF;
  B0F6 : FF;
  B0F7 : FF;
  B0F8 : FF;
  B0F9 : FF;
  B0FA : FF;
  B0FB : FF;
  B0FC : FF;
  B0FD : FF;
  B0FE : FF;
  B0FF : FF;
  B100 : FF;
  B101 : FF;
  B102 : FF;
  B103 : FF;
  B104 : FF;
  B105 : FF;
  B106 : FF;
  B107 : FF;
  B108 : FF;
  B109 : FF;
  B10A : FF;
  B10B : FF;
  B10C : FF;
  B10D : FF;
  B10E : FF;
  B10F : FF;
  B110 : FF;
  B111 : FF;
  B112 : FF;
  B113 : FF;
  B114 : FF;
  B115 : FF;
  B116 : FF;
  B117 : FF;
  B118 : FF;
  B119 : FF;
  B11A : FF;
  B11B : FF;
  B11C : FF;
  B11D : FF;
  B11E : FF;
  B11F : FF;
  B120 : FF;
  B121 : FF;
  B122 : FF;
  B123 : FF;
  B124 : FF;
  B125 : FF;
  B126 : FF;
  B127 : FF;
  B128 : FF;
  B129 : FF;
  B12A : FF;
  B12B : FF;
  B12C : FF;
  B12D : FF;
  B12E : FF;
  B12F : FF;
  B130 : FF;
  B131 : FF;
  B132 : FF;
  B133 : FF;
  B134 : FF;
  B135 : FF;
  B136 : FF;
  B137 : FF;
  B138 : FF;
  B139 : FF;
  B13A : FF;
  B13B : FF;
  B13C : FF;
  B13D : FF;
  B13E : FF;
  B13F : FF;
  B140 : FF;
  B141 : FF;
  B142 : FF;
  B143 : FF;
  B144 : FF;
  B145 : FF;
  B146 : FF;
  B147 : FF;
  B148 : FF;
  B149 : FF;
  B14A : FF;
  B14B : FF;
  B14C : FF;
  B14D : FF;
  B14E : FF;
  B14F : FF;
  B150 : FF;
  B151 : FF;
  B152 : FF;
  B153 : FF;
  B154 : FF;
  B155 : FF;
  B156 : FF;
  B157 : FF;
  B158 : FF;
  B159 : FF;
  B15A : FF;
  B15B : FF;
  B15C : FF;
  B15D : FF;
  B15E : FF;
  B15F : FF;
  B160 : FF;
  B161 : FF;
  B162 : FF;
  B163 : FF;
  B164 : FF;
  B165 : FF;
  B166 : FF;
  B167 : FF;
  B168 : FF;
  B169 : FF;
  B16A : FF;
  B16B : FF;
  B16C : FF;
  B16D : FF;
  B16E : FF;
  B16F : FF;
  B170 : FF;
  B171 : FF;
  B172 : FF;
  B173 : FF;
  B174 : FF;
  B175 : FF;
  B176 : FF;
  B177 : FF;
  B178 : FF;
  B179 : FF;
  B17A : FF;
  B17B : FF;
  B17C : FF;
  B17D : FF;
  B17E : FF;
  B17F : FF;
  B180 : FF;
  B181 : FF;
  B182 : FF;
  B183 : FF;
  B184 : FF;
  B185 : FF;
  B186 : FF;
  B187 : FF;
  B188 : FF;
  B189 : FF;
  B18A : FF;
  B18B : FF;
  B18C : FF;
  B18D : FF;
  B18E : FF;
  B18F : FF;
  B190 : FF;
  B191 : FF;
  B192 : FF;
  B193 : FF;
  B194 : FF;
  B195 : FF;
  B196 : FF;
  B197 : FF;
  B198 : FF;
  B199 : FF;
  B19A : FF;
  B19B : FF;
  B19C : FF;
  B19D : FF;
  B19E : FF;
  B19F : FF;
  B1A0 : FF;
  B1A1 : FF;
  B1A2 : FF;
  B1A3 : FF;
  B1A4 : FF;
  B1A5 : FF;
  B1A6 : FF;
  B1A7 : FF;
  B1A8 : FF;
  B1A9 : FF;
  B1AA : FF;
  B1AB : FF;
  B1AC : FF;
  B1AD : FF;
  B1AE : FF;
  B1AF : FF;
  B1B0 : FF;
  B1B1 : FF;
  B1B2 : FF;
  B1B3 : FF;
  B1B4 : FF;
  B1B5 : FF;
  B1B6 : FF;
  B1B7 : FF;
  B1B8 : FF;
  B1B9 : FF;
  B1BA : FF;
  B1BB : FF;
  B1BC : FF;
  B1BD : FF;
  B1BE : FF;
  B1BF : FF;
  B1C0 : FF;
  B1C1 : FF;
  B1C2 : FF;
  B1C3 : FF;
  B1C4 : FF;
  B1C5 : FF;
  B1C6 : FF;
  B1C7 : FF;
  B1C8 : FF;
  B1C9 : FF;
  B1CA : FF;
  B1CB : FF;
  B1CC : FF;
  B1CD : FF;
  B1CE : FF;
  B1CF : FF;
  B1D0 : FF;
  B1D1 : FF;
  B1D2 : FF;
  B1D3 : FF;
  B1D4 : FF;
  B1D5 : FF;
  B1D6 : FF;
  B1D7 : FF;
  B1D8 : FF;
  B1D9 : FF;
  B1DA : FF;
  B1DB : FF;
  B1DC : FF;
  B1DD : FF;
  B1DE : FF;
  B1DF : FF;
  B1E0 : FF;
  B1E1 : FF;
  B1E2 : FF;
  B1E3 : FF;
  B1E4 : FF;
  B1E5 : FF;
  B1E6 : FF;
  B1E7 : FF;
  B1E8 : FF;
  B1E9 : FF;
  B1EA : FF;
  B1EB : FF;
  B1EC : FF;
  B1ED : FF;
  B1EE : FF;
  B1EF : FF;
  B1F0 : FF;
  B1F1 : FF;
  B1F2 : FF;
  B1F3 : FF;
  B1F4 : FF;
  B1F5 : FF;
  B1F6 : FF;
  B1F7 : FF;
  B1F8 : FF;
  B1F9 : FF;
  B1FA : FF;
  B1FB : FF;
  B1FC : FF;
  B1FD : FF;
  B1FE : FF;
  B1FF : FF;
  B200 : FF;
  B201 : FF;
  B202 : FF;
  B203 : FF;
  B204 : FF;
  B205 : FF;
  B206 : FF;
  B207 : FF;
  B208 : FF;
  B209 : FF;
  B20A : FF;
  B20B : FF;
  B20C : FF;
  B20D : FF;
  B20E : FF;
  B20F : FF;
  B210 : FF;
  B211 : FF;
  B212 : FF;
  B213 : FF;
  B214 : FF;
  B215 : FF;
  B216 : FF;
  B217 : FF;
  B218 : FF;
  B219 : FF;
  B21A : FF;
  B21B : FF;
  B21C : FF;
  B21D : FF;
  B21E : FF;
  B21F : FF;
  B220 : FF;
  B221 : FF;
  B222 : FF;
  B223 : FF;
  B224 : FF;
  B225 : FF;
  B226 : FF;
  B227 : FF;
  B228 : FF;
  B229 : FF;
  B22A : FF;
  B22B : FF;
  B22C : FF;
  B22D : FF;
  B22E : FF;
  B22F : FF;
  B230 : FF;
  B231 : FF;
  B232 : FF;
  B233 : FF;
  B234 : FF;
  B235 : FF;
  B236 : FF;
  B237 : FF;
  B238 : FF;
  B239 : FF;
  B23A : FF;
  B23B : FF;
  B23C : FF;
  B23D : FF;
  B23E : FF;
  B23F : FF;
  B240 : FF;
  B241 : FF;
  B242 : FF;
  B243 : FF;
  B244 : FF;
  B245 : FF;
  B246 : FF;
  B247 : FF;
  B248 : FF;
  B249 : FF;
  B24A : FF;
  B24B : FF;
  B24C : FF;
  B24D : FF;
  B24E : FF;
  B24F : FF;
  B250 : FF;
  B251 : FF;
  B252 : FF;
  B253 : FF;
  B254 : FF;
  B255 : FF;
  B256 : FF;
  B257 : FF;
  B258 : FF;
  B259 : FF;
  B25A : FF;
  B25B : FF;
  B25C : FF;
  B25D : FF;
  B25E : FF;
  B25F : FF;
  B260 : FF;
  B261 : FF;
  B262 : FF;
  B263 : FF;
  B264 : FF;
  B265 : FF;
  B266 : FF;
  B267 : FF;
  B268 : FF;
  B269 : FF;
  B26A : FF;
  B26B : FF;
  B26C : FF;
  B26D : FF;
  B26E : FF;
  B26F : FF;
  B270 : FF;
  B271 : FF;
  B272 : FF;
  B273 : FF;
  B274 : FF;
  B275 : FF;
  B276 : FF;
  B277 : FF;
  B278 : FF;
  B279 : FF;
  B27A : FF;
  B27B : FF;
  B27C : FF;
  B27D : FF;
  B27E : FF;
  B27F : FF;
  B280 : FF;
  B281 : FF;
  B282 : FF;
  B283 : FF;
  B284 : FF;
  B285 : FF;
  B286 : FF;
  B287 : FF;
  B288 : FF;
  B289 : FF;
  B28A : FF;
  B28B : FF;
  B28C : FF;
  B28D : FF;
  B28E : FF;
  B28F : FF;
  B290 : FF;
  B291 : FF;
  B292 : FF;
  B293 : FF;
  B294 : FF;
  B295 : FF;
  B296 : FF;
  B297 : FF;
  B298 : FF;
  B299 : FF;
  B29A : FF;
  B29B : FF;
  B29C : FF;
  B29D : FF;
  B29E : FF;
  B29F : FF;
  B2A0 : FF;
  B2A1 : FF;
  B2A2 : FF;
  B2A3 : FF;
  B2A4 : FF;
  B2A5 : FF;
  B2A6 : FF;
  B2A7 : FF;
  B2A8 : FF;
  B2A9 : FF;
  B2AA : FF;
  B2AB : FF;
  B2AC : FF;
  B2AD : FF;
  B2AE : FF;
  B2AF : FF;
  B2B0 : FF;
  B2B1 : FF;
  B2B2 : FF;
  B2B3 : FF;
  B2B4 : FF;
  B2B5 : FF;
  B2B6 : FF;
  B2B7 : FF;
  B2B8 : FF;
  B2B9 : FF;
  B2BA : FF;
  B2BB : FF;
  B2BC : FF;
  B2BD : FF;
  B2BE : FF;
  B2BF : FF;
  B2C0 : FF;
  B2C1 : FF;
  B2C2 : FF;
  B2C3 : FF;
  B2C4 : FF;
  B2C5 : FF;
  B2C6 : FF;
  B2C7 : FF;
  B2C8 : FF;
  B2C9 : FF;
  B2CA : FF;
  B2CB : FF;
  B2CC : FF;
  B2CD : FF;
  B2CE : FF;
  B2CF : FF;
  B2D0 : FF;
  B2D1 : FF;
  B2D2 : FF;
  B2D3 : FF;
  B2D4 : FF;
  B2D5 : FF;
  B2D6 : FF;
  B2D7 : FF;
  B2D8 : FF;
  B2D9 : FF;
  B2DA : FF;
  B2DB : FF;
  B2DC : FF;
  B2DD : FF;
  B2DE : FF;
  B2DF : FF;
  B2E0 : FF;
  B2E1 : FF;
  B2E2 : FF;
  B2E3 : FF;
  B2E4 : FF;
  B2E5 : FF;
  B2E6 : FF;
  B2E7 : FF;
  B2E8 : FF;
  B2E9 : FF;
  B2EA : FF;
  B2EB : FF;
  B2EC : FF;
  B2ED : FF;
  B2EE : FF;
  B2EF : FF;
  B2F0 : FF;
  B2F1 : FF;
  B2F2 : FF;
  B2F3 : FF;
  B2F4 : FF;
  B2F5 : FF;
  B2F6 : FF;
  B2F7 : FF;
  B2F8 : FF;
  B2F9 : FF;
  B2FA : FF;
  B2FB : FF;
  B2FC : FF;
  B2FD : FF;
  B2FE : FF;
  B2FF : FF;
  B300 : FF;
  B301 : FF;
  B302 : FF;
  B303 : FF;
  B304 : FF;
  B305 : FF;
  B306 : FF;
  B307 : FF;
  B308 : FF;
  B309 : FF;
  B30A : FF;
  B30B : FF;
  B30C : FF;
  B30D : FF;
  B30E : FF;
  B30F : FF;
  B310 : FF;
  B311 : FF;
  B312 : FF;
  B313 : FF;
  B314 : FF;
  B315 : FF;
  B316 : FF;
  B317 : FF;
  B318 : FF;
  B319 : FF;
  B31A : FF;
  B31B : FF;
  B31C : FF;
  B31D : FF;
  B31E : FF;
  B31F : FF;
  B320 : FF;
  B321 : FF;
  B322 : FF;
  B323 : FF;
  B324 : FF;
  B325 : FF;
  B326 : FF;
  B327 : FF;
  B328 : FF;
  B329 : FF;
  B32A : FF;
  B32B : FF;
  B32C : FF;
  B32D : FF;
  B32E : FF;
  B32F : FF;
  B330 : FF;
  B331 : FF;
  B332 : FF;
  B333 : FF;
  B334 : FF;
  B335 : FF;
  B336 : FF;
  B337 : FF;
  B338 : FF;
  B339 : FF;
  B33A : FF;
  B33B : FF;
  B33C : FF;
  B33D : FF;
  B33E : FF;
  B33F : FF;
  B340 : FF;
  B341 : FF;
  B342 : FF;
  B343 : FF;
  B344 : FF;
  B345 : FF;
  B346 : FF;
  B347 : FF;
  B348 : FF;
  B349 : FF;
  B34A : FF;
  B34B : FF;
  B34C : FF;
  B34D : FF;
  B34E : FF;
  B34F : FF;
  B350 : FF;
  B351 : FF;
  B352 : FF;
  B353 : FF;
  B354 : FF;
  B355 : FF;
  B356 : FF;
  B357 : FF;
  B358 : FF;
  B359 : FF;
  B35A : FF;
  B35B : FF;
  B35C : FF;
  B35D : FF;
  B35E : FF;
  B35F : FF;
  B360 : FF;
  B361 : FF;
  B362 : FF;
  B363 : FF;
  B364 : FF;
  B365 : FF;
  B366 : FF;
  B367 : FF;
  B368 : FF;
  B369 : FF;
  B36A : FF;
  B36B : FF;
  B36C : FF;
  B36D : FF;
  B36E : FF;
  B36F : FF;
  B370 : FF;
  B371 : FF;
  B372 : FF;
  B373 : FF;
  B374 : FF;
  B375 : FF;
  B376 : FF;
  B377 : FF;
  B378 : FF;
  B379 : FF;
  B37A : FF;
  B37B : FF;
  B37C : FF;
  B37D : FF;
  B37E : FF;
  B37F : FF;
  B380 : FF;
  B381 : FF;
  B382 : FF;
  B383 : FF;
  B384 : FF;
  B385 : FF;
  B386 : FF;
  B387 : FF;
  B388 : FF;
  B389 : FF;
  B38A : FF;
  B38B : FF;
  B38C : FF;
  B38D : FF;
  B38E : FF;
  B38F : FF;
  B390 : FF;
  B391 : FF;
  B392 : FF;
  B393 : FF;
  B394 : FF;
  B395 : FF;
  B396 : FF;
  B397 : FF;
  B398 : FF;
  B399 : FF;
  B39A : FF;
  B39B : FF;
  B39C : FF;
  B39D : FF;
  B39E : FF;
  B39F : FF;
  B3A0 : FF;
  B3A1 : FF;
  B3A2 : FF;
  B3A3 : FF;
  B3A4 : FF;
  B3A5 : FF;
  B3A6 : FF;
  B3A7 : FF;
  B3A8 : FF;
  B3A9 : FF;
  B3AA : FF;
  B3AB : FF;
  B3AC : FF;
  B3AD : FF;
  B3AE : FF;
  B3AF : FF;
  B3B0 : FF;
  B3B1 : FF;
  B3B2 : FF;
  B3B3 : FF;
  B3B4 : FF;
  B3B5 : FF;
  B3B6 : FF;
  B3B7 : FF;
  B3B8 : FF;
  B3B9 : FF;
  B3BA : FF;
  B3BB : FF;
  B3BC : FF;
  B3BD : FF;
  B3BE : FF;
  B3BF : FF;
  B3C0 : FF;
  B3C1 : FF;
  B3C2 : FF;
  B3C3 : FF;
  B3C4 : FF;
  B3C5 : FF;
  B3C6 : FF;
  B3C7 : FF;
  B3C8 : FF;
  B3C9 : FF;
  B3CA : FF;
  B3CB : FF;
  B3CC : FF;
  B3CD : FF;
  B3CE : FF;
  B3CF : FF;
  B3D0 : FF;
  B3D1 : FF;
  B3D2 : FF;
  B3D3 : FF;
  B3D4 : FF;
  B3D5 : FF;
  B3D6 : FF;
  B3D7 : FF;
  B3D8 : FF;
  B3D9 : FF;
  B3DA : FF;
  B3DB : FF;
  B3DC : FF;
  B3DD : FF;
  B3DE : FF;
  B3DF : FF;
  B3E0 : FF;
  B3E1 : FF;
  B3E2 : FF;
  B3E3 : FF;
  B3E4 : FF;
  B3E5 : FF;
  B3E6 : FF;
  B3E7 : FF;
  B3E8 : FF;
  B3E9 : FF;
  B3EA : FF;
  B3EB : FF;
  B3EC : FF;
  B3ED : FF;
  B3EE : FF;
  B3EF : FF;
  B3F0 : FF;
  B3F1 : FF;
  B3F2 : FF;
  B3F3 : FF;
  B3F4 : FF;
  B3F5 : FF;
  B3F6 : FF;
  B3F7 : FF;
  B3F8 : FF;
  B3F9 : FF;
  B3FA : FF;
  B3FB : FF;
  B3FC : FF;
  B3FD : FF;
  B3FE : FF;
  B3FF : FF;
  B400 : FF;
  B401 : FF;
  B402 : FF;
  B403 : FF;
  B404 : FF;
  B405 : FF;
  B406 : FF;
  B407 : FF;
  B408 : FF;
  B409 : FF;
  B40A : FF;
  B40B : FF;
  B40C : FF;
  B40D : FF;
  B40E : FF;
  B40F : FF;
  B410 : FF;
  B411 : FF;
  B412 : FF;
  B413 : FF;
  B414 : FF;
  B415 : FF;
  B416 : FF;
  B417 : FF;
  B418 : FF;
  B419 : FF;
  B41A : FF;
  B41B : FF;
  B41C : FF;
  B41D : FF;
  B41E : FF;
  B41F : FF;
  B420 : FF;
  B421 : FF;
  B422 : FF;
  B423 : FF;
  B424 : FF;
  B425 : FF;
  B426 : FF;
  B427 : FF;
  B428 : FF;
  B429 : FF;
  B42A : FF;
  B42B : FF;
  B42C : FF;
  B42D : FF;
  B42E : FF;
  B42F : FF;
  B430 : FF;
  B431 : FF;
  B432 : FF;
  B433 : FF;
  B434 : FF;
  B435 : FF;
  B436 : FF;
  B437 : FF;
  B438 : FF;
  B439 : FF;
  B43A : FF;
  B43B : FF;
  B43C : FF;
  B43D : FF;
  B43E : FF;
  B43F : FF;
  B440 : FF;
  B441 : FF;
  B442 : FF;
  B443 : FF;
  B444 : FF;
  B445 : FF;
  B446 : FF;
  B447 : FF;
  B448 : FF;
  B449 : FF;
  B44A : FF;
  B44B : FF;
  B44C : FF;
  B44D : FF;
  B44E : FF;
  B44F : FF;
  B450 : FF;
  B451 : FF;
  B452 : FF;
  B453 : FF;
  B454 : FF;
  B455 : FF;
  B456 : FF;
  B457 : FF;
  B458 : FF;
  B459 : FF;
  B45A : FF;
  B45B : FF;
  B45C : FF;
  B45D : FF;
  B45E : FF;
  B45F : FF;
  B460 : FF;
  B461 : FF;
  B462 : FF;
  B463 : FF;
  B464 : FF;
  B465 : FF;
  B466 : FF;
  B467 : FF;
  B468 : FF;
  B469 : FF;
  B46A : FF;
  B46B : FF;
  B46C : FF;
  B46D : FF;
  B46E : FF;
  B46F : FF;
  B470 : FF;
  B471 : FF;
  B472 : FF;
  B473 : FF;
  B474 : FF;
  B475 : FF;
  B476 : FF;
  B477 : FF;
  B478 : FF;
  B479 : FF;
  B47A : FF;
  B47B : FF;
  B47C : FF;
  B47D : FF;
  B47E : FF;
  B47F : FF;
  B480 : FF;
  B481 : FF;
  B482 : FF;
  B483 : FF;
  B484 : FF;
  B485 : FF;
  B486 : FF;
  B487 : FF;
  B488 : FF;
  B489 : FF;
  B48A : FF;
  B48B : FF;
  B48C : FF;
  B48D : FF;
  B48E : FF;
  B48F : FF;
  B490 : FF;
  B491 : FF;
  B492 : FF;
  B493 : FF;
  B494 : FF;
  B495 : FF;
  B496 : FF;
  B497 : FF;
  B498 : FF;
  B499 : FF;
  B49A : FF;
  B49B : FF;
  B49C : FF;
  B49D : FF;
  B49E : FF;
  B49F : FF;
  B4A0 : FF;
  B4A1 : FF;
  B4A2 : FF;
  B4A3 : FF;
  B4A4 : FF;
  B4A5 : FF;
  B4A6 : FF;
  B4A7 : FF;
  B4A8 : FF;
  B4A9 : FF;
  B4AA : FF;
  B4AB : FF;
  B4AC : FF;
  B4AD : FF;
  B4AE : FF;
  B4AF : FF;
  B4B0 : FF;
  B4B1 : FF;
  B4B2 : FF;
  B4B3 : FF;
  B4B4 : FF;
  B4B5 : FF;
  B4B6 : FF;
  B4B7 : FF;
  B4B8 : FF;
  B4B9 : FF;
  B4BA : FF;
  B4BB : FF;
  B4BC : FF;
  B4BD : FF;
  B4BE : FF;
  B4BF : FF;
  B4C0 : FF;
  B4C1 : FF;
  B4C2 : FF;
  B4C3 : FF;
  B4C4 : FF;
  B4C5 : FF;
  B4C6 : FF;
  B4C7 : FF;
  B4C8 : FF;
  B4C9 : FF;
  B4CA : FF;
  B4CB : FF;
  B4CC : FF;
  B4CD : FF;
  B4CE : FF;
  B4CF : FF;
  B4D0 : FF;
  B4D1 : FF;
  B4D2 : FF;
  B4D3 : FF;
  B4D4 : FF;
  B4D5 : FF;
  B4D6 : FF;
  B4D7 : FF;
  B4D8 : FF;
  B4D9 : FF;
  B4DA : FF;
  B4DB : FF;
  B4DC : FF;
  B4DD : FF;
  B4DE : FF;
  B4DF : FF;
  B4E0 : FF;
  B4E1 : FF;
  B4E2 : FF;
  B4E3 : FF;
  B4E4 : FF;
  B4E5 : FF;
  B4E6 : FF;
  B4E7 : FF;
  B4E8 : FF;
  B4E9 : FF;
  B4EA : FF;
  B4EB : FF;
  B4EC : FF;
  B4ED : FF;
  B4EE : FF;
  B4EF : FF;
  B4F0 : FF;
  B4F1 : FF;
  B4F2 : FF;
  B4F3 : FF;
  B4F4 : FF;
  B4F5 : FF;
  B4F6 : FF;
  B4F7 : FF;
  B4F8 : FF;
  B4F9 : FF;
  B4FA : FF;
  B4FB : FF;
  B4FC : FF;
  B4FD : FF;
  B4FE : FF;
  B4FF : FF;
  B500 : FF;
  B501 : FF;
  B502 : FF;
  B503 : FF;
  B504 : FF;
  B505 : FF;
  B506 : FF;
  B507 : FF;
  B508 : FF;
  B509 : FF;
  B50A : FF;
  B50B : FF;
  B50C : FF;
  B50D : FF;
  B50E : FF;
  B50F : FF;
  B510 : FF;
  B511 : FF;
  B512 : FF;
  B513 : FF;
  B514 : FF;
  B515 : FF;
  B516 : FF;
  B517 : FF;
  B518 : FF;
  B519 : FF;
  B51A : FF;
  B51B : FF;
  B51C : FF;
  B51D : FF;
  B51E : FF;
  B51F : FF;
  B520 : FF;
  B521 : FF;
  B522 : FF;
  B523 : FF;
  B524 : FF;
  B525 : FF;
  B526 : FF;
  B527 : FF;
  B528 : FF;
  B529 : FF;
  B52A : FF;
  B52B : FF;
  B52C : FF;
  B52D : FF;
  B52E : FF;
  B52F : FF;
  B530 : FF;
  B531 : FF;
  B532 : FF;
  B533 : FF;
  B534 : FF;
  B535 : FF;
  B536 : FF;
  B537 : FF;
  B538 : FF;
  B539 : FF;
  B53A : FF;
  B53B : FF;
  B53C : FF;
  B53D : FF;
  B53E : FF;
  B53F : FF;
  B540 : FF;
  B541 : FF;
  B542 : FF;
  B543 : FF;
  B544 : FF;
  B545 : FF;
  B546 : FF;
  B547 : FF;
  B548 : FF;
  B549 : FF;
  B54A : FF;
  B54B : FF;
  B54C : FF;
  B54D : FF;
  B54E : FF;
  B54F : FF;
  B550 : FF;
  B551 : FF;
  B552 : FF;
  B553 : FF;
  B554 : FF;
  B555 : FF;
  B556 : FF;
  B557 : FF;
  B558 : FF;
  B559 : FF;
  B55A : FF;
  B55B : FF;
  B55C : FF;
  B55D : FF;
  B55E : FF;
  B55F : FF;
  B560 : FF;
  B561 : FF;
  B562 : FF;
  B563 : FF;
  B564 : FF;
  B565 : FF;
  B566 : FF;
  B567 : FF;
  B568 : FF;
  B569 : FF;
  B56A : FF;
  B56B : FF;
  B56C : FF;
  B56D : FF;
  B56E : FF;
  B56F : FF;
  B570 : FF;
  B571 : FF;
  B572 : FF;
  B573 : FF;
  B574 : FF;
  B575 : FF;
  B576 : FF;
  B577 : FF;
  B578 : FF;
  B579 : FF;
  B57A : FF;
  B57B : FF;
  B57C : FF;
  B57D : FF;
  B57E : FF;
  B57F : FF;
  B580 : FF;
  B581 : FF;
  B582 : FF;
  B583 : FF;
  B584 : FF;
  B585 : FF;
  B586 : FF;
  B587 : FF;
  B588 : FF;
  B589 : FF;
  B58A : FF;
  B58B : FF;
  B58C : FF;
  B58D : FF;
  B58E : FF;
  B58F : FF;
  B590 : FF;
  B591 : FF;
  B592 : FF;
  B593 : FF;
  B594 : FF;
  B595 : FF;
  B596 : FF;
  B597 : FF;
  B598 : FF;
  B599 : FF;
  B59A : FF;
  B59B : FF;
  B59C : FF;
  B59D : FF;
  B59E : FF;
  B59F : FF;
  B5A0 : FF;
  B5A1 : FF;
  B5A2 : FF;
  B5A3 : FF;
  B5A4 : FF;
  B5A5 : FF;
  B5A6 : FF;
  B5A7 : FF;
  B5A8 : FF;
  B5A9 : FF;
  B5AA : FF;
  B5AB : FF;
  B5AC : FF;
  B5AD : FF;
  B5AE : FF;
  B5AF : FF;
  B5B0 : FF;
  B5B1 : FF;
  B5B2 : FF;
  B5B3 : FF;
  B5B4 : FF;
  B5B5 : FF;
  B5B6 : FF;
  B5B7 : FF;
  B5B8 : FF;
  B5B9 : FF;
  B5BA : FF;
  B5BB : FF;
  B5BC : FF;
  B5BD : FF;
  B5BE : FF;
  B5BF : FF;
  B5C0 : FF;
  B5C1 : FF;
  B5C2 : FF;
  B5C3 : FF;
  B5C4 : FF;
  B5C5 : FF;
  B5C6 : FF;
  B5C7 : FF;
  B5C8 : FF;
  B5C9 : FF;
  B5CA : FF;
  B5CB : FF;
  B5CC : FF;
  B5CD : FF;
  B5CE : FF;
  B5CF : FF;
  B5D0 : FF;
  B5D1 : FF;
  B5D2 : FF;
  B5D3 : FF;
  B5D4 : FF;
  B5D5 : FF;
  B5D6 : FF;
  B5D7 : FF;
  B5D8 : FF;
  B5D9 : FF;
  B5DA : FF;
  B5DB : FF;
  B5DC : FF;
  B5DD : FF;
  B5DE : FF;
  B5DF : FF;
  B5E0 : FF;
  B5E1 : FF;
  B5E2 : FF;
  B5E3 : FF;
  B5E4 : FF;
  B5E5 : FF;
  B5E6 : FF;
  B5E7 : FF;
  B5E8 : FF;
  B5E9 : FF;
  B5EA : FF;
  B5EB : FF;
  B5EC : FF;
  B5ED : FF;
  B5EE : FF;
  B5EF : FF;
  B5F0 : FF;
  B5F1 : FF;
  B5F2 : FF;
  B5F3 : FF;
  B5F4 : FF;
  B5F5 : FF;
  B5F6 : FF;
  B5F7 : FF;
  B5F8 : FF;
  B5F9 : FF;
  B5FA : FF;
  B5FB : FF;
  B5FC : FF;
  B5FD : FF;
  B5FE : FF;
  B5FF : FF;
  B600 : FF;
  B601 : FF;
  B602 : FF;
  B603 : FF;
  B604 : FF;
  B605 : FF;
  B606 : FF;
  B607 : FF;
  B608 : FF;
  B609 : FF;
  B60A : FF;
  B60B : FF;
  B60C : FF;
  B60D : FF;
  B60E : FF;
  B60F : FF;
  B610 : FF;
  B611 : FF;
  B612 : FF;
  B613 : FF;
  B614 : FF;
  B615 : FF;
  B616 : FF;
  B617 : FF;
  B618 : FF;
  B619 : FF;
  B61A : FF;
  B61B : FF;
  B61C : FF;
  B61D : FF;
  B61E : FF;
  B61F : FF;
  B620 : FF;
  B621 : FF;
  B622 : FF;
  B623 : FF;
  B624 : FF;
  B625 : FF;
  B626 : FF;
  B627 : FF;
  B628 : FF;
  B629 : FF;
  B62A : FF;
  B62B : FF;
  B62C : FF;
  B62D : FF;
  B62E : FF;
  B62F : FF;
  B630 : FF;
  B631 : FF;
  B632 : FF;
  B633 : FF;
  B634 : FF;
  B635 : FF;
  B636 : FF;
  B637 : FF;
  B638 : FF;
  B639 : FF;
  B63A : FF;
  B63B : FF;
  B63C : FF;
  B63D : FF;
  B63E : FF;
  B63F : FF;
  B640 : FF;
  B641 : FF;
  B642 : FF;
  B643 : FF;
  B644 : FF;
  B645 : FF;
  B646 : FF;
  B647 : FF;
  B648 : FF;
  B649 : FF;
  B64A : FF;
  B64B : FF;
  B64C : FF;
  B64D : FF;
  B64E : FF;
  B64F : FF;
  B650 : FF;
  B651 : FF;
  B652 : FF;
  B653 : FF;
  B654 : FF;
  B655 : FF;
  B656 : FF;
  B657 : FF;
  B658 : FF;
  B659 : FF;
  B65A : FF;
  B65B : FF;
  B65C : FF;
  B65D : FF;
  B65E : FF;
  B65F : FF;
  B660 : FF;
  B661 : FF;
  B662 : FF;
  B663 : FF;
  B664 : FF;
  B665 : FF;
  B666 : FF;
  B667 : FF;
  B668 : FF;
  B669 : FF;
  B66A : FF;
  B66B : FF;
  B66C : FF;
  B66D : FF;
  B66E : FF;
  B66F : FF;
  B670 : FF;
  B671 : FF;
  B672 : FF;
  B673 : FF;
  B674 : FF;
  B675 : FF;
  B676 : FF;
  B677 : FF;
  B678 : FF;
  B679 : FF;
  B67A : FF;
  B67B : FF;
  B67C : FF;
  B67D : FF;
  B67E : FF;
  B67F : FF;
  B680 : FF;
  B681 : FF;
  B682 : FF;
  B683 : FF;
  B684 : FF;
  B685 : FF;
  B686 : FF;
  B687 : FF;
  B688 : FF;
  B689 : FF;
  B68A : FF;
  B68B : FF;
  B68C : FF;
  B68D : FF;
  B68E : FF;
  B68F : FF;
  B690 : FF;
  B691 : FF;
  B692 : FF;
  B693 : FF;
  B694 : FF;
  B695 : FF;
  B696 : FF;
  B697 : FF;
  B698 : FF;
  B699 : FF;
  B69A : FF;
  B69B : FF;
  B69C : FF;
  B69D : FF;
  B69E : FF;
  B69F : FF;
  B6A0 : FF;
  B6A1 : FF;
  B6A2 : FF;
  B6A3 : FF;
  B6A4 : FF;
  B6A5 : FF;
  B6A6 : FF;
  B6A7 : FF;
  B6A8 : FF;
  B6A9 : FF;
  B6AA : FF;
  B6AB : FF;
  B6AC : FF;
  B6AD : FF;
  B6AE : FF;
  B6AF : FF;
  B6B0 : FF;
  B6B1 : FF;
  B6B2 : FF;
  B6B3 : FF;
  B6B4 : FF;
  B6B5 : FF;
  B6B6 : FF;
  B6B7 : FF;
  B6B8 : FF;
  B6B9 : FF;
  B6BA : FF;
  B6BB : FF;
  B6BC : FF;
  B6BD : FF;
  B6BE : FF;
  B6BF : FF;
  B6C0 : FF;
  B6C1 : FF;
  B6C2 : FF;
  B6C3 : FF;
  B6C4 : FF;
  B6C5 : FF;
  B6C6 : FF;
  B6C7 : FF;
  B6C8 : FF;
  B6C9 : FF;
  B6CA : FF;
  B6CB : FF;
  B6CC : FF;
  B6CD : FF;
  B6CE : FF;
  B6CF : FF;
  B6D0 : FF;
  B6D1 : FF;
  B6D2 : FF;
  B6D3 : FF;
  B6D4 : FF;
  B6D5 : FF;
  B6D6 : FF;
  B6D7 : FF;
  B6D8 : FF;
  B6D9 : FF;
  B6DA : FF;
  B6DB : FF;
  B6DC : FF;
  B6DD : FF;
  B6DE : FF;
  B6DF : FF;
  B6E0 : FF;
  B6E1 : FF;
  B6E2 : FF;
  B6E3 : FF;
  B6E4 : FF;
  B6E5 : FF;
  B6E6 : FF;
  B6E7 : FF;
  B6E8 : FF;
  B6E9 : FF;
  B6EA : FF;
  B6EB : FF;
  B6EC : FF;
  B6ED : FF;
  B6EE : FF;
  B6EF : FF;
  B6F0 : FF;
  B6F1 : FF;
  B6F2 : FF;
  B6F3 : FF;
  B6F4 : FF;
  B6F5 : FF;
  B6F6 : FF;
  B6F7 : FF;
  B6F8 : FF;
  B6F9 : FF;
  B6FA : FF;
  B6FB : FF;
  B6FC : FF;
  B6FD : FF;
  B6FE : FF;
  B6FF : FF;
  B700 : FF;
  B701 : FF;
  B702 : FF;
  B703 : FF;
  B704 : FF;
  B705 : FF;
  B706 : FF;
  B707 : FF;
  B708 : FF;
  B709 : FF;
  B70A : FF;
  B70B : FF;
  B70C : FF;
  B70D : FF;
  B70E : FF;
  B70F : FF;
  B710 : FF;
  B711 : FF;
  B712 : FF;
  B713 : FF;
  B714 : FF;
  B715 : FF;
  B716 : FF;
  B717 : FF;
  B718 : FF;
  B719 : FF;
  B71A : FF;
  B71B : FF;
  B71C : FF;
  B71D : FF;
  B71E : FF;
  B71F : FF;
  B720 : FF;
  B721 : FF;
  B722 : FF;
  B723 : FF;
  B724 : FF;
  B725 : FF;
  B726 : FF;
  B727 : FF;
  B728 : FF;
  B729 : FF;
  B72A : FF;
  B72B : FF;
  B72C : FF;
  B72D : FF;
  B72E : FF;
  B72F : FF;
  B730 : FF;
  B731 : FF;
  B732 : FF;
  B733 : FF;
  B734 : FF;
  B735 : FF;
  B736 : FF;
  B737 : FF;
  B738 : FF;
  B739 : FF;
  B73A : FF;
  B73B : FF;
  B73C : FF;
  B73D : FF;
  B73E : FF;
  B73F : FF;
  B740 : FF;
  B741 : FF;
  B742 : FF;
  B743 : FF;
  B744 : FF;
  B745 : FF;
  B746 : FF;
  B747 : FF;
  B748 : FF;
  B749 : FF;
  B74A : FF;
  B74B : FF;
  B74C : FF;
  B74D : FF;
  B74E : FF;
  B74F : FF;
  B750 : FF;
  B751 : FF;
  B752 : FF;
  B753 : FF;
  B754 : FF;
  B755 : FF;
  B756 : FF;
  B757 : FF;
  B758 : FF;
  B759 : FF;
  B75A : FF;
  B75B : FF;
  B75C : FF;
  B75D : FF;
  B75E : FF;
  B75F : FF;
  B760 : FF;
  B761 : FF;
  B762 : FF;
  B763 : FF;
  B764 : FF;
  B765 : FF;
  B766 : FF;
  B767 : FF;
  B768 : FF;
  B769 : FF;
  B76A : FF;
  B76B : FF;
  B76C : FF;
  B76D : FF;
  B76E : FF;
  B76F : FF;
  B770 : FF;
  B771 : FF;
  B772 : FF;
  B773 : FF;
  B774 : FF;
  B775 : FF;
  B776 : FF;
  B777 : FF;
  B778 : FF;
  B779 : FF;
  B77A : FF;
  B77B : FF;
  B77C : FF;
  B77D : FF;
  B77E : FF;
  B77F : FF;
  B780 : FF;
  B781 : FF;
  B782 : FF;
  B783 : FF;
  B784 : FF;
  B785 : FF;
  B786 : FF;
  B787 : FF;
  B788 : FF;
  B789 : FF;
  B78A : FF;
  B78B : FF;
  B78C : FF;
  B78D : FF;
  B78E : FF;
  B78F : FF;
  B790 : FF;
  B791 : FF;
  B792 : FF;
  B793 : FF;
  B794 : FF;
  B795 : FF;
  B796 : FF;
  B797 : FF;
  B798 : FF;
  B799 : FF;
  B79A : FF;
  B79B : FF;
  B79C : FF;
  B79D : FF;
  B79E : FF;
  B79F : FF;
  B7A0 : FF;
  B7A1 : FF;
  B7A2 : FF;
  B7A3 : FF;
  B7A4 : FF;
  B7A5 : FF;
  B7A6 : FF;
  B7A7 : FF;
  B7A8 : FF;
  B7A9 : FF;
  B7AA : FF;
  B7AB : FF;
  B7AC : FF;
  B7AD : FF;
  B7AE : FF;
  B7AF : FF;
  B7B0 : FF;
  B7B1 : FF;
  B7B2 : FF;
  B7B3 : FF;
  B7B4 : FF;
  B7B5 : FF;
  B7B6 : FF;
  B7B7 : FF;
  B7B8 : FF;
  B7B9 : FF;
  B7BA : FF;
  B7BB : FF;
  B7BC : FF;
  B7BD : FF;
  B7BE : FF;
  B7BF : FF;
  B7C0 : FF;
  B7C1 : FF;
  B7C2 : FF;
  B7C3 : FF;
  B7C4 : FF;
  B7C5 : FF;
  B7C6 : FF;
  B7C7 : FF;
  B7C8 : FF;
  B7C9 : FF;
  B7CA : FF;
  B7CB : FF;
  B7CC : FF;
  B7CD : FF;
  B7CE : FF;
  B7CF : FF;
  B7D0 : FF;
  B7D1 : FF;
  B7D2 : FF;
  B7D3 : FF;
  B7D4 : FF;
  B7D5 : FF;
  B7D6 : FF;
  B7D7 : FF;
  B7D8 : FF;
  B7D9 : FF;
  B7DA : FF;
  B7DB : FF;
  B7DC : FF;
  B7DD : FF;
  B7DE : FF;
  B7DF : FF;
  B7E0 : FF;
  B7E1 : FF;
  B7E2 : FF;
  B7E3 : FF;
  B7E4 : FF;
  B7E5 : FF;
  B7E6 : FF;
  B7E7 : FF;
  B7E8 : FF;
  B7E9 : FF;
  B7EA : FF;
  B7EB : FF;
  B7EC : FF;
  B7ED : FF;
  B7EE : FF;
  B7EF : FF;
  B7F0 : FF;
  B7F1 : FF;
  B7F2 : FF;
  B7F3 : FF;
  B7F4 : FF;
  B7F5 : FF;
  B7F6 : FF;
  B7F7 : FF;
  B7F8 : FF;
  B7F9 : FF;
  B7FA : FF;
  B7FB : FF;
  B7FC : FF;
  B7FD : FF;
  B7FE : FF;
  B7FF : FF;
  B800 : FF;
  B801 : FF;
  B802 : FF;
  B803 : FF;
  B804 : FF;
  B805 : FF;
  B806 : FF;
  B807 : FF;
  B808 : FF;
  B809 : FF;
  B80A : FF;
  B80B : FF;
  B80C : FF;
  B80D : FF;
  B80E : FF;
  B80F : FF;
  B810 : FF;
  B811 : FF;
  B812 : FF;
  B813 : FF;
  B814 : FF;
  B815 : FF;
  B816 : FF;
  B817 : FF;
  B818 : FF;
  B819 : FF;
  B81A : FF;
  B81B : FF;
  B81C : FF;
  B81D : FF;
  B81E : FF;
  B81F : FF;
  B820 : FF;
  B821 : FF;
  B822 : FF;
  B823 : FF;
  B824 : FF;
  B825 : FF;
  B826 : FF;
  B827 : FF;
  B828 : FF;
  B829 : FF;
  B82A : FF;
  B82B : FF;
  B82C : FF;
  B82D : FF;
  B82E : FF;
  B82F : FF;
  B830 : FF;
  B831 : FF;
  B832 : FF;
  B833 : FF;
  B834 : FF;
  B835 : FF;
  B836 : FF;
  B837 : FF;
  B838 : FF;
  B839 : FF;
  B83A : FF;
  B83B : FF;
  B83C : FF;
  B83D : FF;
  B83E : FF;
  B83F : FF;
  B840 : FF;
  B841 : FF;
  B842 : FF;
  B843 : FF;
  B844 : FF;
  B845 : FF;
  B846 : FF;
  B847 : FF;
  B848 : FF;
  B849 : FF;
  B84A : FF;
  B84B : FF;
  B84C : FF;
  B84D : FF;
  B84E : FF;
  B84F : FF;
  B850 : FF;
  B851 : FF;
  B852 : FF;
  B853 : FF;
  B854 : FF;
  B855 : FF;
  B856 : FF;
  B857 : FF;
  B858 : FF;
  B859 : FF;
  B85A : FF;
  B85B : FF;
  B85C : FF;
  B85D : FF;
  B85E : FF;
  B85F : FF;
  B860 : FF;
  B861 : FF;
  B862 : FF;
  B863 : FF;
  B864 : FF;
  B865 : FF;
  B866 : FF;
  B867 : FF;
  B868 : FF;
  B869 : FF;
  B86A : FF;
  B86B : FF;
  B86C : FF;
  B86D : FF;
  B86E : FF;
  B86F : FF;
  B870 : FF;
  B871 : FF;
  B872 : FF;
  B873 : FF;
  B874 : FF;
  B875 : FF;
  B876 : FF;
  B877 : FF;
  B878 : FF;
  B879 : FF;
  B87A : FF;
  B87B : FF;
  B87C : FF;
  B87D : FF;
  B87E : FF;
  B87F : FF;
  B880 : FF;
  B881 : FF;
  B882 : FF;
  B883 : FF;
  B884 : FF;
  B885 : FF;
  B886 : FF;
  B887 : FF;
  B888 : FF;
  B889 : FF;
  B88A : FF;
  B88B : FF;
  B88C : FF;
  B88D : FF;
  B88E : FF;
  B88F : FF;
  B890 : FF;
  B891 : FF;
  B892 : FF;
  B893 : FF;
  B894 : FF;
  B895 : FF;
  B896 : FF;
  B897 : FF;
  B898 : FF;
  B899 : FF;
  B89A : FF;
  B89B : FF;
  B89C : FF;
  B89D : FF;
  B89E : FF;
  B89F : FF;
  B8A0 : FF;
  B8A1 : FF;
  B8A2 : FF;
  B8A3 : FF;
  B8A4 : FF;
  B8A5 : FF;
  B8A6 : FF;
  B8A7 : FF;
  B8A8 : FF;
  B8A9 : FF;
  B8AA : FF;
  B8AB : FF;
  B8AC : FF;
  B8AD : FF;
  B8AE : FF;
  B8AF : FF;
  B8B0 : FF;
  B8B1 : FF;
  B8B2 : FF;
  B8B3 : FF;
  B8B4 : FF;
  B8B5 : FF;
  B8B6 : FF;
  B8B7 : FF;
  B8B8 : FF;
  B8B9 : FF;
  B8BA : FF;
  B8BB : FF;
  B8BC : FF;
  B8BD : FF;
  B8BE : FF;
  B8BF : FF;
  B8C0 : FF;
  B8C1 : FF;
  B8C2 : FF;
  B8C3 : FF;
  B8C4 : FF;
  B8C5 : FF;
  B8C6 : FF;
  B8C7 : FF;
  B8C8 : FF;
  B8C9 : FF;
  B8CA : FF;
  B8CB : FF;
  B8CC : FF;
  B8CD : FF;
  B8CE : FF;
  B8CF : FF;
  B8D0 : FF;
  B8D1 : FF;
  B8D2 : FF;
  B8D3 : FF;
  B8D4 : FF;
  B8D5 : FF;
  B8D6 : FF;
  B8D7 : FF;
  B8D8 : FF;
  B8D9 : FF;
  B8DA : FF;
  B8DB : FF;
  B8DC : FF;
  B8DD : FF;
  B8DE : FF;
  B8DF : FF;
  B8E0 : FF;
  B8E1 : FF;
  B8E2 : FF;
  B8E3 : FF;
  B8E4 : FF;
  B8E5 : FF;
  B8E6 : FF;
  B8E7 : FF;
  B8E8 : FF;
  B8E9 : FF;
  B8EA : FF;
  B8EB : FF;
  B8EC : FF;
  B8ED : FF;
  B8EE : FF;
  B8EF : FF;
  B8F0 : FF;
  B8F1 : FF;
  B8F2 : FF;
  B8F3 : FF;
  B8F4 : FF;
  B8F5 : FF;
  B8F6 : FF;
  B8F7 : FF;
  B8F8 : FF;
  B8F9 : FF;
  B8FA : FF;
  B8FB : FF;
  B8FC : FF;
  B8FD : FF;
  B8FE : FF;
  B8FF : FF;
  B900 : FF;
  B901 : FF;
  B902 : FF;
  B903 : FF;
  B904 : FF;
  B905 : FF;
  B906 : FF;
  B907 : FF;
  B908 : FF;
  B909 : FF;
  B90A : FF;
  B90B : FF;
  B90C : FF;
  B90D : FF;
  B90E : FF;
  B90F : FF;
  B910 : FF;
  B911 : FF;
  B912 : FF;
  B913 : FF;
  B914 : FF;
  B915 : FF;
  B916 : FF;
  B917 : FF;
  B918 : FF;
  B919 : FF;
  B91A : FF;
  B91B : FF;
  B91C : FF;
  B91D : FF;
  B91E : FF;
  B91F : FF;
  B920 : FF;
  B921 : FF;
  B922 : FF;
  B923 : FF;
  B924 : FF;
  B925 : FF;
  B926 : FF;
  B927 : FF;
  B928 : FF;
  B929 : FF;
  B92A : FF;
  B92B : FF;
  B92C : FF;
  B92D : FF;
  B92E : FF;
  B92F : FF;
  B930 : FF;
  B931 : FF;
  B932 : FF;
  B933 : FF;
  B934 : FF;
  B935 : FF;
  B936 : FF;
  B937 : FF;
  B938 : FF;
  B939 : FF;
  B93A : FF;
  B93B : FF;
  B93C : FF;
  B93D : FF;
  B93E : FF;
  B93F : FF;
  B940 : FF;
  B941 : FF;
  B942 : FF;
  B943 : FF;
  B944 : FF;
  B945 : FF;
  B946 : FF;
  B947 : FF;
  B948 : FF;
  B949 : FF;
  B94A : FF;
  B94B : FF;
  B94C : FF;
  B94D : FF;
  B94E : FF;
  B94F : FF;
  B950 : FF;
  B951 : FF;
  B952 : FF;
  B953 : FF;
  B954 : FF;
  B955 : FF;
  B956 : FF;
  B957 : FF;
  B958 : FF;
  B959 : FF;
  B95A : FF;
  B95B : FF;
  B95C : FF;
  B95D : FF;
  B95E : FF;
  B95F : FF;
  B960 : FF;
  B961 : FF;
  B962 : FF;
  B963 : FF;
  B964 : FF;
  B965 : FF;
  B966 : FF;
  B967 : FF;
  B968 : FF;
  B969 : FF;
  B96A : FF;
  B96B : FF;
  B96C : FF;
  B96D : FF;
  B96E : FF;
  B96F : FF;
  B970 : FF;
  B971 : FF;
  B972 : FF;
  B973 : FF;
  B974 : FF;
  B975 : FF;
  B976 : FF;
  B977 : FF;
  B978 : FF;
  B979 : FF;
  B97A : FF;
  B97B : FF;
  B97C : FF;
  B97D : FF;
  B97E : FF;
  B97F : FF;
  B980 : FF;
  B981 : FF;
  B982 : FF;
  B983 : FF;
  B984 : FF;
  B985 : FF;
  B986 : FF;
  B987 : FF;
  B988 : FF;
  B989 : FF;
  B98A : FF;
  B98B : FF;
  B98C : FF;
  B98D : FF;
  B98E : FF;
  B98F : FF;
  B990 : FF;
  B991 : FF;
  B992 : FF;
  B993 : FF;
  B994 : FF;
  B995 : FF;
  B996 : FF;
  B997 : FF;
  B998 : FF;
  B999 : FF;
  B99A : FF;
  B99B : FF;
  B99C : FF;
  B99D : FF;
  B99E : FF;
  B99F : FF;
  B9A0 : FF;
  B9A1 : FF;
  B9A2 : FF;
  B9A3 : FF;
  B9A4 : FF;
  B9A5 : FF;
  B9A6 : FF;
  B9A7 : FF;
  B9A8 : FF;
  B9A9 : FF;
  B9AA : FF;
  B9AB : FF;
  B9AC : FF;
  B9AD : FF;
  B9AE : FF;
  B9AF : FF;
  B9B0 : FF;
  B9B1 : FF;
  B9B2 : FF;
  B9B3 : FF;
  B9B4 : FF;
  B9B5 : FF;
  B9B6 : FF;
  B9B7 : FF;
  B9B8 : FF;
  B9B9 : FF;
  B9BA : FF;
  B9BB : FF;
  B9BC : FF;
  B9BD : FF;
  B9BE : FF;
  B9BF : FF;
  B9C0 : FF;
  B9C1 : FF;
  B9C2 : FF;
  B9C3 : FF;
  B9C4 : FF;
  B9C5 : FF;
  B9C6 : FF;
  B9C7 : FF;
  B9C8 : FF;
  B9C9 : FF;
  B9CA : FF;
  B9CB : FF;
  B9CC : FF;
  B9CD : FF;
  B9CE : FF;
  B9CF : FF;
  B9D0 : FF;
  B9D1 : FF;
  B9D2 : FF;
  B9D3 : FF;
  B9D4 : FF;
  B9D5 : FF;
  B9D6 : FF;
  B9D7 : FF;
  B9D8 : FF;
  B9D9 : FF;
  B9DA : FF;
  B9DB : FF;
  B9DC : FF;
  B9DD : FF;
  B9DE : FF;
  B9DF : FF;
  B9E0 : FF;
  B9E1 : FF;
  B9E2 : FF;
  B9E3 : FF;
  B9E4 : FF;
  B9E5 : FF;
  B9E6 : FF;
  B9E7 : FF;
  B9E8 : FF;
  B9E9 : FF;
  B9EA : FF;
  B9EB : FF;
  B9EC : FF;
  B9ED : FF;
  B9EE : FF;
  B9EF : FF;
  B9F0 : FF;
  B9F1 : FF;
  B9F2 : FF;
  B9F3 : FF;
  B9F4 : FF;
  B9F5 : FF;
  B9F6 : FF;
  B9F7 : FF;
  B9F8 : FF;
  B9F9 : FF;
  B9FA : FF;
  B9FB : FF;
  B9FC : FF;
  B9FD : FF;
  B9FE : FF;
  B9FF : FF;
  BA00 : FF;
  BA01 : FF;
  BA02 : FF;
  BA03 : FF;
  BA04 : FF;
  BA05 : FF;
  BA06 : FF;
  BA07 : FF;
  BA08 : FF;
  BA09 : FF;
  BA0A : FF;
  BA0B : FF;
  BA0C : FF;
  BA0D : FF;
  BA0E : FF;
  BA0F : FF;
  BA10 : FF;
  BA11 : FF;
  BA12 : FF;
  BA13 : FF;
  BA14 : FF;
  BA15 : FF;
  BA16 : FF;
  BA17 : FF;
  BA18 : FF;
  BA19 : FF;
  BA1A : FF;
  BA1B : FF;
  BA1C : FF;
  BA1D : FF;
  BA1E : FF;
  BA1F : FF;
  BA20 : FF;
  BA21 : FF;
  BA22 : FF;
  BA23 : FF;
  BA24 : FF;
  BA25 : FF;
  BA26 : FF;
  BA27 : FF;
  BA28 : FF;
  BA29 : FF;
  BA2A : FF;
  BA2B : FF;
  BA2C : FF;
  BA2D : FF;
  BA2E : FF;
  BA2F : FF;
  BA30 : FF;
  BA31 : FF;
  BA32 : FF;
  BA33 : FF;
  BA34 : FF;
  BA35 : FF;
  BA36 : FF;
  BA37 : FF;
  BA38 : FF;
  BA39 : FF;
  BA3A : FF;
  BA3B : FF;
  BA3C : FF;
  BA3D : FF;
  BA3E : FF;
  BA3F : FF;
  BA40 : FF;
  BA41 : FF;
  BA42 : FF;
  BA43 : FF;
  BA44 : FF;
  BA45 : FF;
  BA46 : FF;
  BA47 : FF;
  BA48 : FF;
  BA49 : FF;
  BA4A : FF;
  BA4B : FF;
  BA4C : FF;
  BA4D : FF;
  BA4E : FF;
  BA4F : FF;
  BA50 : FF;
  BA51 : FF;
  BA52 : FF;
  BA53 : FF;
  BA54 : FF;
  BA55 : FF;
  BA56 : FF;
  BA57 : FF;
  BA58 : FF;
  BA59 : FF;
  BA5A : FF;
  BA5B : FF;
  BA5C : FF;
  BA5D : FF;
  BA5E : FF;
  BA5F : FF;
  BA60 : FF;
  BA61 : FF;
  BA62 : FF;
  BA63 : FF;
  BA64 : FF;
  BA65 : FF;
  BA66 : FF;
  BA67 : FF;
  BA68 : FF;
  BA69 : FF;
  BA6A : FF;
  BA6B : FF;
  BA6C : FF;
  BA6D : FF;
  BA6E : FF;
  BA6F : FF;
  BA70 : FF;
  BA71 : FF;
  BA72 : FF;
  BA73 : FF;
  BA74 : FF;
  BA75 : FF;
  BA76 : FF;
  BA77 : FF;
  BA78 : FF;
  BA79 : FF;
  BA7A : FF;
  BA7B : FF;
  BA7C : FF;
  BA7D : FF;
  BA7E : FF;
  BA7F : FF;
  BA80 : FF;
  BA81 : FF;
  BA82 : FF;
  BA83 : FF;
  BA84 : FF;
  BA85 : FF;
  BA86 : FF;
  BA87 : FF;
  BA88 : FF;
  BA89 : FF;
  BA8A : FF;
  BA8B : FF;
  BA8C : FF;
  BA8D : FF;
  BA8E : FF;
  BA8F : FF;
  BA90 : FF;
  BA91 : FF;
  BA92 : FF;
  BA93 : FF;
  BA94 : FF;
  BA95 : FF;
  BA96 : FF;
  BA97 : FF;
  BA98 : FF;
  BA99 : FF;
  BA9A : FF;
  BA9B : FF;
  BA9C : FF;
  BA9D : FF;
  BA9E : FF;
  BA9F : FF;
  BAA0 : FF;
  BAA1 : FF;
  BAA2 : FF;
  BAA3 : FF;
  BAA4 : FF;
  BAA5 : FF;
  BAA6 : FF;
  BAA7 : FF;
  BAA8 : FF;
  BAA9 : FF;
  BAAA : FF;
  BAAB : FF;
  BAAC : FF;
  BAAD : FF;
  BAAE : FF;
  BAAF : FF;
  BAB0 : FF;
  BAB1 : FF;
  BAB2 : FF;
  BAB3 : FF;
  BAB4 : FF;
  BAB5 : FF;
  BAB6 : FF;
  BAB7 : FF;
  BAB8 : FF;
  BAB9 : FF;
  BABA : FF;
  BABB : FF;
  BABC : FF;
  BABD : FF;
  BABE : FF;
  BABF : FF;
  BAC0 : FF;
  BAC1 : FF;
  BAC2 : FF;
  BAC3 : FF;
  BAC4 : FF;
  BAC5 : FF;
  BAC6 : FF;
  BAC7 : FF;
  BAC8 : FF;
  BAC9 : FF;
  BACA : FF;
  BACB : FF;
  BACC : FF;
  BACD : FF;
  BACE : FF;
  BACF : FF;
  BAD0 : FF;
  BAD1 : FF;
  BAD2 : FF;
  BAD3 : FF;
  BAD4 : FF;
  BAD5 : FF;
  BAD6 : FF;
  BAD7 : FF;
  BAD8 : FF;
  BAD9 : FF;
  BADA : FF;
  BADB : FF;
  BADC : FF;
  BADD : FF;
  BADE : FF;
  BADF : FF;
  BAE0 : FF;
  BAE1 : FF;
  BAE2 : FF;
  BAE3 : FF;
  BAE4 : FF;
  BAE5 : FF;
  BAE6 : FF;
  BAE7 : FF;
  BAE8 : FF;
  BAE9 : FF;
  BAEA : FF;
  BAEB : FF;
  BAEC : FF;
  BAED : FF;
  BAEE : FF;
  BAEF : FF;
  BAF0 : FF;
  BAF1 : FF;
  BAF2 : FF;
  BAF3 : FF;
  BAF4 : FF;
  BAF5 : FF;
  BAF6 : FF;
  BAF7 : FF;
  BAF8 : FF;
  BAF9 : FF;
  BAFA : FF;
  BAFB : FF;
  BAFC : FF;
  BAFD : FF;
  BAFE : FF;
  BAFF : FF;
  BB00 : FF;
  BB01 : FF;
  BB02 : FF;
  BB03 : FF;
  BB04 : FF;
  BB05 : FF;
  BB06 : FF;
  BB07 : FF;
  BB08 : FF;
  BB09 : FF;
  BB0A : FF;
  BB0B : FF;
  BB0C : FF;
  BB0D : FF;
  BB0E : FF;
  BB0F : FF;
  BB10 : FF;
  BB11 : FF;
  BB12 : FF;
  BB13 : FF;
  BB14 : FF;
  BB15 : FF;
  BB16 : FF;
  BB17 : FF;
  BB18 : FF;
  BB19 : FF;
  BB1A : FF;
  BB1B : FF;
  BB1C : FF;
  BB1D : FF;
  BB1E : FF;
  BB1F : FF;
  BB20 : FF;
  BB21 : FF;
  BB22 : FF;
  BB23 : FF;
  BB24 : FF;
  BB25 : FF;
  BB26 : FF;
  BB27 : FF;
  BB28 : FF;
  BB29 : FF;
  BB2A : FF;
  BB2B : FF;
  BB2C : FF;
  BB2D : FF;
  BB2E : FF;
  BB2F : FF;
  BB30 : FF;
  BB31 : FF;
  BB32 : FF;
  BB33 : FF;
  BB34 : FF;
  BB35 : FF;
  BB36 : FF;
  BB37 : FF;
  BB38 : FF;
  BB39 : FF;
  BB3A : FF;
  BB3B : FF;
  BB3C : FF;
  BB3D : FF;
  BB3E : FF;
  BB3F : FF;
  BB40 : FF;
  BB41 : FF;
  BB42 : FF;
  BB43 : FF;
  BB44 : FF;
  BB45 : FF;
  BB46 : FF;
  BB47 : FF;
  BB48 : FF;
  BB49 : FF;
  BB4A : FF;
  BB4B : FF;
  BB4C : FF;
  BB4D : FF;
  BB4E : FF;
  BB4F : FF;
  BB50 : FF;
  BB51 : FF;
  BB52 : FF;
  BB53 : FF;
  BB54 : FF;
  BB55 : FF;
  BB56 : FF;
  BB57 : FF;
  BB58 : FF;
  BB59 : FF;
  BB5A : FF;
  BB5B : FF;
  BB5C : FF;
  BB5D : FF;
  BB5E : FF;
  BB5F : FF;
  BB60 : FF;
  BB61 : FF;
  BB62 : FF;
  BB63 : FF;
  BB64 : FF;
  BB65 : FF;
  BB66 : FF;
  BB67 : FF;
  BB68 : FF;
  BB69 : FF;
  BB6A : FF;
  BB6B : FF;
  BB6C : FF;
  BB6D : FF;
  BB6E : FF;
  BB6F : FF;
  BB70 : FF;
  BB71 : FF;
  BB72 : FF;
  BB73 : FF;
  BB74 : FF;
  BB75 : FF;
  BB76 : FF;
  BB77 : FF;
  BB78 : FF;
  BB79 : FF;
  BB7A : FF;
  BB7B : FF;
  BB7C : FF;
  BB7D : FF;
  BB7E : FF;
  BB7F : FF;
  BB80 : FF;
  BB81 : FF;
  BB82 : FF;
  BB83 : FF;
  BB84 : FF;
  BB85 : FF;
  BB86 : FF;
  BB87 : FF;
  BB88 : FF;
  BB89 : FF;
  BB8A : FF;
  BB8B : FF;
  BB8C : FF;
  BB8D : FF;
  BB8E : FF;
  BB8F : FF;
  BB90 : FF;
  BB91 : FF;
  BB92 : FF;
  BB93 : FF;
  BB94 : FF;
  BB95 : FF;
  BB96 : FF;
  BB97 : FF;
  BB98 : FF;
  BB99 : FF;
  BB9A : FF;
  BB9B : FF;
  BB9C : FF;
  BB9D : FF;
  BB9E : FF;
  BB9F : FF;
  BBA0 : FF;
  BBA1 : FF;
  BBA2 : FF;
  BBA3 : FF;
  BBA4 : FF;
  BBA5 : FF;
  BBA6 : FF;
  BBA7 : FF;
  BBA8 : FF;
  BBA9 : FF;
  BBAA : FF;
  BBAB : FF;
  BBAC : FF;
  BBAD : FF;
  BBAE : FF;
  BBAF : FF;
  BBB0 : FF;
  BBB1 : FF;
  BBB2 : FF;
  BBB3 : FF;
  BBB4 : FF;
  BBB5 : FF;
  BBB6 : FF;
  BBB7 : FF;
  BBB8 : FF;
  BBB9 : FF;
  BBBA : FF;
  BBBB : FF;
  BBBC : FF;
  BBBD : FF;
  BBBE : FF;
  BBBF : FF;
  BBC0 : FF;
  BBC1 : FF;
  BBC2 : FF;
  BBC3 : FF;
  BBC4 : FF;
  BBC5 : FF;
  BBC6 : FF;
  BBC7 : FF;
  BBC8 : FF;
  BBC9 : FF;
  BBCA : FF;
  BBCB : FF;
  BBCC : FF;
  BBCD : FF;
  BBCE : FF;
  BBCF : FF;
  BBD0 : FF;
  BBD1 : FF;
  BBD2 : FF;
  BBD3 : FF;
  BBD4 : FF;
  BBD5 : FF;
  BBD6 : FF;
  BBD7 : FF;
  BBD8 : FF;
  BBD9 : FF;
  BBDA : FF;
  BBDB : FF;
  BBDC : FF;
  BBDD : FF;
  BBDE : FF;
  BBDF : FF;
  BBE0 : FF;
  BBE1 : FF;
  BBE2 : FF;
  BBE3 : FF;
  BBE4 : FF;
  BBE5 : FF;
  BBE6 : FF;
  BBE7 : FF;
  BBE8 : FF;
  BBE9 : FF;
  BBEA : FF;
  BBEB : FF;
  BBEC : FF;
  BBED : FF;
  BBEE : FF;
  BBEF : FF;
  BBF0 : FF;
  BBF1 : FF;
  BBF2 : FF;
  BBF3 : FF;
  BBF4 : FF;
  BBF5 : FF;
  BBF6 : FF;
  BBF7 : FF;
  BBF8 : FF;
  BBF9 : FF;
  BBFA : FF;
  BBFB : FF;
  BBFC : FF;
  BBFD : FF;
  BBFE : FF;
  BBFF : FF;
  BC00 : FF;
  BC01 : FF;
  BC02 : FF;
  BC03 : FF;
  BC04 : FF;
  BC05 : FF;
  BC06 : FF;
  BC07 : FF;
  BC08 : FF;
  BC09 : FF;
  BC0A : FF;
  BC0B : FF;
  BC0C : FF;
  BC0D : FF;
  BC0E : FF;
  BC0F : FF;
  BC10 : FF;
  BC11 : FF;
  BC12 : FF;
  BC13 : FF;
  BC14 : FF;
  BC15 : FF;
  BC16 : FF;
  BC17 : FF;
  BC18 : FF;
  BC19 : FF;
  BC1A : FF;
  BC1B : FF;
  BC1C : FF;
  BC1D : FF;
  BC1E : FF;
  BC1F : FF;
  BC20 : FF;
  BC21 : FF;
  BC22 : FF;
  BC23 : FF;
  BC24 : FF;
  BC25 : FF;
  BC26 : FF;
  BC27 : FF;
  BC28 : FF;
  BC29 : FF;
  BC2A : FF;
  BC2B : FF;
  BC2C : FF;
  BC2D : FF;
  BC2E : FF;
  BC2F : FF;
  BC30 : FF;
  BC31 : FF;
  BC32 : FF;
  BC33 : FF;
  BC34 : FF;
  BC35 : FF;
  BC36 : FF;
  BC37 : FF;
  BC38 : FF;
  BC39 : FF;
  BC3A : FF;
  BC3B : FF;
  BC3C : FF;
  BC3D : FF;
  BC3E : FF;
  BC3F : FF;
  BC40 : FF;
  BC41 : FF;
  BC42 : FF;
  BC43 : FF;
  BC44 : FF;
  BC45 : FF;
  BC46 : FF;
  BC47 : FF;
  BC48 : FF;
  BC49 : FF;
  BC4A : FF;
  BC4B : FF;
  BC4C : FF;
  BC4D : FF;
  BC4E : FF;
  BC4F : FF;
  BC50 : FF;
  BC51 : FF;
  BC52 : FF;
  BC53 : FF;
  BC54 : FF;
  BC55 : FF;
  BC56 : FF;
  BC57 : FF;
  BC58 : FF;
  BC59 : FF;
  BC5A : FF;
  BC5B : FF;
  BC5C : FF;
  BC5D : FF;
  BC5E : FF;
  BC5F : FF;
  BC60 : FF;
  BC61 : FF;
  BC62 : FF;
  BC63 : FF;
  BC64 : FF;
  BC65 : FF;
  BC66 : FF;
  BC67 : FF;
  BC68 : FF;
  BC69 : FF;
  BC6A : FF;
  BC6B : FF;
  BC6C : FF;
  BC6D : FF;
  BC6E : FF;
  BC6F : FF;
  BC70 : FF;
  BC71 : FF;
  BC72 : FF;
  BC73 : FF;
  BC74 : FF;
  BC75 : FF;
  BC76 : FF;
  BC77 : FF;
  BC78 : FF;
  BC79 : FF;
  BC7A : FF;
  BC7B : FF;
  BC7C : FF;
  BC7D : FF;
  BC7E : FF;
  BC7F : FF;
  BC80 : FF;
  BC81 : FF;
  BC82 : FF;
  BC83 : FF;
  BC84 : FF;
  BC85 : FF;
  BC86 : FF;
  BC87 : FF;
  BC88 : FF;
  BC89 : FF;
  BC8A : FF;
  BC8B : FF;
  BC8C : FF;
  BC8D : FF;
  BC8E : FF;
  BC8F : FF;
  BC90 : FF;
  BC91 : FF;
  BC92 : FF;
  BC93 : FF;
  BC94 : FF;
  BC95 : FF;
  BC96 : FF;
  BC97 : FF;
  BC98 : FF;
  BC99 : FF;
  BC9A : FF;
  BC9B : FF;
  BC9C : FF;
  BC9D : FF;
  BC9E : FF;
  BC9F : FF;
  BCA0 : FF;
  BCA1 : FF;
  BCA2 : FF;
  BCA3 : FF;
  BCA4 : FF;
  BCA5 : FF;
  BCA6 : FF;
  BCA7 : FF;
  BCA8 : FF;
  BCA9 : FF;
  BCAA : FF;
  BCAB : FF;
  BCAC : FF;
  BCAD : FF;
  BCAE : FF;
  BCAF : FF;
  BCB0 : FF;
  BCB1 : FF;
  BCB2 : FF;
  BCB3 : FF;
  BCB4 : FF;
  BCB5 : FF;
  BCB6 : FF;
  BCB7 : FF;
  BCB8 : FF;
  BCB9 : FF;
  BCBA : FF;
  BCBB : FF;
  BCBC : FF;
  BCBD : FF;
  BCBE : FF;
  BCBF : FF;
  BCC0 : FF;
  BCC1 : FF;
  BCC2 : FF;
  BCC3 : FF;
  BCC4 : FF;
  BCC5 : FF;
  BCC6 : FF;
  BCC7 : FF;
  BCC8 : FF;
  BCC9 : FF;
  BCCA : FF;
  BCCB : FF;
  BCCC : FF;
  BCCD : FF;
  BCCE : FF;
  BCCF : FF;
  BCD0 : FF;
  BCD1 : FF;
  BCD2 : FF;
  BCD3 : FF;
  BCD4 : FF;
  BCD5 : FF;
  BCD6 : FF;
  BCD7 : FF;
  BCD8 : FF;
  BCD9 : FF;
  BCDA : FF;
  BCDB : FF;
  BCDC : FF;
  BCDD : FF;
  BCDE : FF;
  BCDF : FF;
  BCE0 : FF;
  BCE1 : FF;
  BCE2 : FF;
  BCE3 : FF;
  BCE4 : FF;
  BCE5 : FF;
  BCE6 : FF;
  BCE7 : FF;
  BCE8 : FF;
  BCE9 : FF;
  BCEA : FF;
  BCEB : FF;
  BCEC : FF;
  BCED : FF;
  BCEE : FF;
  BCEF : FF;
  BCF0 : FF;
  BCF1 : FF;
  BCF2 : FF;
  BCF3 : FF;
  BCF4 : FF;
  BCF5 : FF;
  BCF6 : FF;
  BCF7 : FF;
  BCF8 : FF;
  BCF9 : FF;
  BCFA : FF;
  BCFB : FF;
  BCFC : FF;
  BCFD : FF;
  BCFE : FF;
  BCFF : FF;
  BD00 : FF;
  BD01 : FF;
  BD02 : FF;
  BD03 : FF;
  BD04 : FF;
  BD05 : FF;
  BD06 : FF;
  BD07 : FF;
  BD08 : FF;
  BD09 : FF;
  BD0A : FF;
  BD0B : FF;
  BD0C : FF;
  BD0D : FF;
  BD0E : FF;
  BD0F : FF;
  BD10 : FF;
  BD11 : FF;
  BD12 : FF;
  BD13 : FF;
  BD14 : FF;
  BD15 : FF;
  BD16 : FF;
  BD17 : FF;
  BD18 : FF;
  BD19 : FF;
  BD1A : FF;
  BD1B : FF;
  BD1C : FF;
  BD1D : FF;
  BD1E : FF;
  BD1F : FF;
  BD20 : FF;
  BD21 : FF;
  BD22 : FF;
  BD23 : FF;
  BD24 : FF;
  BD25 : FF;
  BD26 : FF;
  BD27 : FF;
  BD28 : FF;
  BD29 : FF;
  BD2A : FF;
  BD2B : FF;
  BD2C : FF;
  BD2D : FF;
  BD2E : FF;
  BD2F : FF;
  BD30 : FF;
  BD31 : FF;
  BD32 : FF;
  BD33 : FF;
  BD34 : FF;
  BD35 : FF;
  BD36 : FF;
  BD37 : FF;
  BD38 : FF;
  BD39 : FF;
  BD3A : FF;
  BD3B : FF;
  BD3C : FF;
  BD3D : FF;
  BD3E : FF;
  BD3F : FF;
  BD40 : FF;
  BD41 : FF;
  BD42 : FF;
  BD43 : FF;
  BD44 : FF;
  BD45 : FF;
  BD46 : FF;
  BD47 : FF;
  BD48 : FF;
  BD49 : FF;
  BD4A : FF;
  BD4B : FF;
  BD4C : FF;
  BD4D : FF;
  BD4E : FF;
  BD4F : FF;
  BD50 : FF;
  BD51 : FF;
  BD52 : FF;
  BD53 : FF;
  BD54 : FF;
  BD55 : FF;
  BD56 : FF;
  BD57 : FF;
  BD58 : FF;
  BD59 : FF;
  BD5A : FF;
  BD5B : FF;
  BD5C : FF;
  BD5D : FF;
  BD5E : FF;
  BD5F : FF;
  BD60 : FF;
  BD61 : FF;
  BD62 : FF;
  BD63 : FF;
  BD64 : FF;
  BD65 : FF;
  BD66 : FF;
  BD67 : FF;
  BD68 : FF;
  BD69 : FF;
  BD6A : FF;
  BD6B : FF;
  BD6C : FF;
  BD6D : FF;
  BD6E : FF;
  BD6F : FF;
  BD70 : FF;
  BD71 : FF;
  BD72 : FF;
  BD73 : FF;
  BD74 : FF;
  BD75 : FF;
  BD76 : FF;
  BD77 : FF;
  BD78 : FF;
  BD79 : FF;
  BD7A : FF;
  BD7B : FF;
  BD7C : FF;
  BD7D : FF;
  BD7E : FF;
  BD7F : FF;
  BD80 : FF;
  BD81 : FF;
  BD82 : FF;
  BD83 : FF;
  BD84 : FF;
  BD85 : FF;
  BD86 : FF;
  BD87 : FF;
  BD88 : FF;
  BD89 : FF;
  BD8A : FF;
  BD8B : FF;
  BD8C : FF;
  BD8D : FF;
  BD8E : FF;
  BD8F : FF;
  BD90 : FF;
  BD91 : FF;
  BD92 : FF;
  BD93 : FF;
  BD94 : FF;
  BD95 : FF;
  BD96 : FF;
  BD97 : FF;
  BD98 : FF;
  BD99 : FF;
  BD9A : FF;
  BD9B : FF;
  BD9C : FF;
  BD9D : FF;
  BD9E : FF;
  BD9F : FF;
  BDA0 : FF;
  BDA1 : FF;
  BDA2 : FF;
  BDA3 : FF;
  BDA4 : FF;
  BDA5 : FF;
  BDA6 : FF;
  BDA7 : FF;
  BDA8 : FF;
  BDA9 : FF;
  BDAA : FF;
  BDAB : FF;
  BDAC : FF;
  BDAD : FF;
  BDAE : FF;
  BDAF : FF;
  BDB0 : FF;
  BDB1 : FF;
  BDB2 : FF;
  BDB3 : FF;
  BDB4 : FF;
  BDB5 : FF;
  BDB6 : FF;
  BDB7 : FF;
  BDB8 : FF;
  BDB9 : FF;
  BDBA : FF;
  BDBB : FF;
  BDBC : FF;
  BDBD : FF;
  BDBE : FF;
  BDBF : FF;
  BDC0 : FF;
  BDC1 : FF;
  BDC2 : FF;
  BDC3 : FF;
  BDC4 : FF;
  BDC5 : FF;
  BDC6 : FF;
  BDC7 : FF;
  BDC8 : FF;
  BDC9 : FF;
  BDCA : FF;
  BDCB : FF;
  BDCC : FF;
  BDCD : FF;
  BDCE : FF;
  BDCF : FF;
  BDD0 : FF;
  BDD1 : FF;
  BDD2 : FF;
  BDD3 : FF;
  BDD4 : FF;
  BDD5 : FF;
  BDD6 : FF;
  BDD7 : FF;
  BDD8 : FF;
  BDD9 : FF;
  BDDA : FF;
  BDDB : FF;
  BDDC : FF;
  BDDD : FF;
  BDDE : FF;
  BDDF : FF;
  BDE0 : FF;
  BDE1 : FF;
  BDE2 : FF;
  BDE3 : FF;
  BDE4 : FF;
  BDE5 : FF;
  BDE6 : FF;
  BDE7 : FF;
  BDE8 : FF;
  BDE9 : FF;
  BDEA : FF;
  BDEB : FF;
  BDEC : FF;
  BDED : FF;
  BDEE : FF;
  BDEF : FF;
  BDF0 : FF;
  BDF1 : FF;
  BDF2 : FF;
  BDF3 : FF;
  BDF4 : FF;
  BDF5 : FF;
  BDF6 : FF;
  BDF7 : FF;
  BDF8 : FF;
  BDF9 : FF;
  BDFA : FF;
  BDFB : FF;
  BDFC : FF;
  BDFD : FF;
  BDFE : FF;
  BDFF : FF;
  BE00 : FF;
  BE01 : FF;
  BE02 : FF;
  BE03 : FF;
  BE04 : FF;
  BE05 : FF;
  BE06 : FF;
  BE07 : FF;
  BE08 : FF;
  BE09 : FF;
  BE0A : FF;
  BE0B : FF;
  BE0C : FF;
  BE0D : FF;
  BE0E : FF;
  BE0F : FF;
  BE10 : FF;
  BE11 : FF;
  BE12 : FF;
  BE13 : FF;
  BE14 : FF;
  BE15 : FF;
  BE16 : FF;
  BE17 : FF;
  BE18 : FF;
  BE19 : FF;
  BE1A : FF;
  BE1B : FF;
  BE1C : FF;
  BE1D : FF;
  BE1E : FF;
  BE1F : FF;
  BE20 : FF;
  BE21 : FF;
  BE22 : FF;
  BE23 : FF;
  BE24 : FF;
  BE25 : FF;
  BE26 : FF;
  BE27 : FF;
  BE28 : FF;
  BE29 : FF;
  BE2A : FF;
  BE2B : FF;
  BE2C : FF;
  BE2D : FF;
  BE2E : FF;
  BE2F : FF;
  BE30 : FF;
  BE31 : FF;
  BE32 : FF;
  BE33 : FF;
  BE34 : FF;
  BE35 : FF;
  BE36 : FF;
  BE37 : FF;
  BE38 : FF;
  BE39 : FF;
  BE3A : FF;
  BE3B : FF;
  BE3C : FF;
  BE3D : FF;
  BE3E : FF;
  BE3F : FF;
  BE40 : FF;
  BE41 : FF;
  BE42 : FF;
  BE43 : FF;
  BE44 : FF;
  BE45 : FF;
  BE46 : FF;
  BE47 : FF;
  BE48 : FF;
  BE49 : FF;
  BE4A : FF;
  BE4B : FF;
  BE4C : FF;
  BE4D : FF;
  BE4E : FF;
  BE4F : FF;
  BE50 : FF;
  BE51 : FF;
  BE52 : FF;
  BE53 : FF;
  BE54 : FF;
  BE55 : FF;
  BE56 : FF;
  BE57 : FF;
  BE58 : FF;
  BE59 : FF;
  BE5A : FF;
  BE5B : FF;
  BE5C : FF;
  BE5D : FF;
  BE5E : FF;
  BE5F : FF;
  BE60 : FF;
  BE61 : FF;
  BE62 : FF;
  BE63 : FF;
  BE64 : FF;
  BE65 : FF;
  BE66 : FF;
  BE67 : FF;
  BE68 : FF;
  BE69 : FF;
  BE6A : FF;
  BE6B : FF;
  BE6C : FF;
  BE6D : FF;
  BE6E : FF;
  BE6F : FF;
  BE70 : FF;
  BE71 : FF;
  BE72 : FF;
  BE73 : FF;
  BE74 : FF;
  BE75 : FF;
  BE76 : FF;
  BE77 : FF;
  BE78 : FF;
  BE79 : FF;
  BE7A : FF;
  BE7B : FF;
  BE7C : FF;
  BE7D : FF;
  BE7E : FF;
  BE7F : FF;
  BE80 : FF;
  BE81 : FF;
  BE82 : FF;
  BE83 : FF;
  BE84 : FF;
  BE85 : FF;
  BE86 : FF;
  BE87 : FF;
  BE88 : FF;
  BE89 : FF;
  BE8A : FF;
  BE8B : FF;
  BE8C : FF;
  BE8D : FF;
  BE8E : FF;
  BE8F : FF;
  BE90 : FF;
  BE91 : FF;
  BE92 : FF;
  BE93 : FF;
  BE94 : FF;
  BE95 : FF;
  BE96 : FF;
  BE97 : FF;
  BE98 : FF;
  BE99 : FF;
  BE9A : FF;
  BE9B : FF;
  BE9C : FF;
  BE9D : FF;
  BE9E : FF;
  BE9F : FF;
  BEA0 : FF;
  BEA1 : FF;
  BEA2 : FF;
  BEA3 : FF;
  BEA4 : FF;
  BEA5 : FF;
  BEA6 : FF;
  BEA7 : FF;
  BEA8 : FF;
  BEA9 : FF;
  BEAA : FF;
  BEAB : FF;
  BEAC : FF;
  BEAD : FF;
  BEAE : FF;
  BEAF : FF;
  BEB0 : FF;
  BEB1 : FF;
  BEB2 : FF;
  BEB3 : FF;
  BEB4 : FF;
  BEB5 : FF;
  BEB6 : FF;
  BEB7 : FF;
  BEB8 : FF;
  BEB9 : FF;
  BEBA : FF;
  BEBB : FF;
  BEBC : FF;
  BEBD : FF;
  BEBE : FF;
  BEBF : FF;
  BEC0 : FF;
  BEC1 : FF;
  BEC2 : FF;
  BEC3 : FF;
  BEC4 : FF;
  BEC5 : FF;
  BEC6 : FF;
  BEC7 : FF;
  BEC8 : FF;
  BEC9 : FF;
  BECA : FF;
  BECB : FF;
  BECC : FF;
  BECD : FF;
  BECE : FF;
  BECF : FF;
  BED0 : FF;
  BED1 : FF;
  BED2 : FF;
  BED3 : FF;
  BED4 : FF;
  BED5 : FF;
  BED6 : FF;
  BED7 : FF;
  BED8 : FF;
  BED9 : FF;
  BEDA : FF;
  BEDB : FF;
  BEDC : FF;
  BEDD : FF;
  BEDE : FF;
  BEDF : FF;
  BEE0 : FF;
  BEE1 : FF;
  BEE2 : FF;
  BEE3 : FF;
  BEE4 : FF;
  BEE5 : FF;
  BEE6 : FF;
  BEE7 : FF;
  BEE8 : FF;
  BEE9 : FF;
  BEEA : FF;
  BEEB : FF;
  BEEC : FF;
  BEED : FF;
  BEEE : FF;
  BEEF : FF;
  BEF0 : FF;
  BEF1 : FF;
  BEF2 : FF;
  BEF3 : FF;
  BEF4 : FF;
  BEF5 : FF;
  BEF6 : FF;
  BEF7 : FF;
  BEF8 : FF;
  BEF9 : FF;
  BEFA : FF;
  BEFB : FF;
  BEFC : FF;
  BEFD : FF;
  BEFE : FF;
  BEFF : FF;
  BF00 : FF;
  BF01 : FF;
  BF02 : FF;
  BF03 : FF;
  BF04 : FF;
  BF05 : FF;
  BF06 : FF;
  BF07 : FF;
  BF08 : FF;
  BF09 : FF;
  BF0A : FF;
  BF0B : FF;
  BF0C : FF;
  BF0D : FF;
  BF0E : FF;
  BF0F : FF;
  BF10 : FF;
  BF11 : FF;
  BF12 : FF;
  BF13 : FF;
  BF14 : FF;
  BF15 : FF;
  BF16 : FF;
  BF17 : FF;
  BF18 : FF;
  BF19 : FF;
  BF1A : FF;
  BF1B : FF;
  BF1C : FF;
  BF1D : FF;
  BF1E : FF;
  BF1F : FF;
  BF20 : FF;
  BF21 : FF;
  BF22 : FF;
  BF23 : FF;
  BF24 : FF;
  BF25 : FF;
  BF26 : FF;
  BF27 : FF;
  BF28 : FF;
  BF29 : FF;
  BF2A : FF;
  BF2B : FF;
  BF2C : FF;
  BF2D : FF;
  BF2E : FF;
  BF2F : FF;
  BF30 : FF;
  BF31 : FF;
  BF32 : FF;
  BF33 : FF;
  BF34 : FF;
  BF35 : FF;
  BF36 : FF;
  BF37 : FF;
  BF38 : FF;
  BF39 : FF;
  BF3A : FF;
  BF3B : FF;
  BF3C : FF;
  BF3D : FF;
  BF3E : FF;
  BF3F : FF;
  BF40 : FF;
  BF41 : FF;
  BF42 : FF;
  BF43 : FF;
  BF44 : FF;
  BF45 : FF;
  BF46 : FF;
  BF47 : FF;
  BF48 : FF;
  BF49 : FF;
  BF4A : FF;
  BF4B : FF;
  BF4C : FF;
  BF4D : FF;
  BF4E : FF;
  BF4F : FF;
  BF50 : FF;
  BF51 : FF;
  BF52 : FF;
  BF53 : FF;
  BF54 : FF;
  BF55 : FF;
  BF56 : FF;
  BF57 : FF;
  BF58 : FF;
  BF59 : FF;
  BF5A : FF;
  BF5B : FF;
  BF5C : FF;
  BF5D : FF;
  BF5E : FF;
  BF5F : FF;
  BF60 : FF;
  BF61 : FF;
  BF62 : FF;
  BF63 : FF;
  BF64 : FF;
  BF65 : FF;
  BF66 : FF;
  BF67 : FF;
  BF68 : FF;
  BF69 : FF;
  BF6A : FF;
  BF6B : FF;
  BF6C : FF;
  BF6D : FF;
  BF6E : FF;
  BF6F : FF;
  BF70 : FF;
  BF71 : FF;
  BF72 : FF;
  BF73 : FF;
  BF74 : FF;
  BF75 : FF;
  BF76 : FF;
  BF77 : FF;
  BF78 : FF;
  BF79 : FF;
  BF7A : FF;
  BF7B : FF;
  BF7C : FF;
  BF7D : FF;
  BF7E : FF;
  BF7F : FF;
  BF80 : FF;
  BF81 : FF;
  BF82 : FF;
  BF83 : FF;
  BF84 : FF;
  BF85 : FF;
  BF86 : FF;
  BF87 : FF;
  BF88 : FF;
  BF89 : FF;
  BF8A : FF;
  BF8B : FF;
  BF8C : FF;
  BF8D : FF;
  BF8E : FF;
  BF8F : FF;
  BF90 : FF;
  BF91 : FF;
  BF92 : FF;
  BF93 : FF;
  BF94 : FF;
  BF95 : FF;
  BF96 : FF;
  BF97 : FF;
  BF98 : FF;
  BF99 : FF;
  BF9A : FF;
  BF9B : FF;
  BF9C : FF;
  BF9D : FF;
  BF9E : FF;
  BF9F : FF;
  BFA0 : FF;
  BFA1 : FF;
  BFA2 : FF;
  BFA3 : FF;
  BFA4 : FF;
  BFA5 : FF;
  BFA6 : FF;
  BFA7 : FF;
  BFA8 : FF;
  BFA9 : FF;
  BFAA : FF;
  BFAB : FF;
  BFAC : FF;
  BFAD : FF;
  BFAE : FF;
  BFAF : FF;
  BFB0 : FF;
  BFB1 : FF;
  BFB2 : FF;
  BFB3 : FF;
  BFB4 : FF;
  BFB5 : FF;
  BFB6 : FF;
  BFB7 : FF;
  BFB8 : FF;
  BFB9 : FF;
  BFBA : FF;
  BFBB : FF;
  BFBC : FF;
  BFBD : FF;
  BFBE : FF;
  BFBF : FF;
  BFC0 : FF;
  BFC1 : FF;
  BFC2 : FF;
  BFC3 : FF;
  BFC4 : FF;
  BFC5 : FF;
  BFC6 : FF;
  BFC7 : FF;
  BFC8 : FF;
  BFC9 : FF;
  BFCA : FF;
  BFCB : FF;
  BFCC : FF;
  BFCD : FF;
  BFCE : FF;
  BFCF : FF;
  BFD0 : FF;
  BFD1 : FF;
  BFD2 : FF;
  BFD3 : FF;
  BFD4 : FF;
  BFD5 : FF;
  BFD6 : FF;
  BFD7 : FF;
  BFD8 : FF;
  BFD9 : FF;
  BFDA : FF;
  BFDB : FF;
  BFDC : FF;
  BFDD : FF;
  BFDE : FF;
  BFDF : FF;
  BFE0 : FF;
  BFE1 : FF;
  BFE2 : FF;
  BFE3 : FF;
  BFE4 : FF;
  BFE5 : FF;
  BFE6 : FF;
  BFE7 : FF;
  BFE8 : FF;
  BFE9 : FF;
  BFEA : FF;
  BFEB : FF;
  BFEC : FF;
  BFED : FF;
  BFEE : FF;
  BFEF : FF;
  BFF0 : FF;
  BFF1 : FF;
  BFF2 : FF;
  BFF3 : FF;
  BFF4 : FF;
  BFF5 : FF;
  BFF6 : FF;
  BFF7 : FF;
  BFF8 : FF;
  BFF9 : FF;
  BFFA : FF;
  BFFB : FF;
  BFFC : FF;
  BFFD : FF;
  BFFE : FF;
  BFFF : FF;
  C000 : FF;
  C001 : FF;
  C002 : FF;
  C003 : FF;
  C004 : FF;
  C005 : FF;
  C006 : FF;
  C007 : FF;
  C008 : FF;
  C009 : FF;
  C00A : FF;
  C00B : FF;
  C00C : FF;
  C00D : FF;
  C00E : FF;
  C00F : FF;
  C010 : FF;
  C011 : FF;
  C012 : FF;
  C013 : FF;
  C014 : FF;
  C015 : FF;
  C016 : FF;
  C017 : FF;
  C018 : FF;
  C019 : FF;
  C01A : FF;
  C01B : FF;
  C01C : FF;
  C01D : FF;
  C01E : FF;
  C01F : FF;
  C020 : FF;
  C021 : FF;
  C022 : FF;
  C023 : FF;
  C024 : FF;
  C025 : FF;
  C026 : FF;
  C027 : FF;
  C028 : FF;
  C029 : FF;
  C02A : FF;
  C02B : FF;
  C02C : FF;
  C02D : FF;
  C02E : FF;
  C02F : FF;
  C030 : FF;
  C031 : FF;
  C032 : FF;
  C033 : FF;
  C034 : FF;
  C035 : FF;
  C036 : FF;
  C037 : FF;
  C038 : FF;
  C039 : FF;
  C03A : FF;
  C03B : FF;
  C03C : FF;
  C03D : FF;
  C03E : FF;
  C03F : FF;
  C040 : FF;
  C041 : FF;
  C042 : FF;
  C043 : FF;
  C044 : FF;
  C045 : FF;
  C046 : FF;
  C047 : FF;
  C048 : FF;
  C049 : FF;
  C04A : FF;
  C04B : FF;
  C04C : FF;
  C04D : FF;
  C04E : FF;
  C04F : FF;
  C050 : FF;
  C051 : FF;
  C052 : FF;
  C053 : FF;
  C054 : FF;
  C055 : FF;
  C056 : FF;
  C057 : FF;
  C058 : FF;
  C059 : FF;
  C05A : FF;
  C05B : FF;
  C05C : FF;
  C05D : FF;
  C05E : FF;
  C05F : FF;
  C060 : FF;
  C061 : FF;
  C062 : FF;
  C063 : FF;
  C064 : FF;
  C065 : FF;
  C066 : FF;
  C067 : FF;
  C068 : FF;
  C069 : FF;
  C06A : FF;
  C06B : FF;
  C06C : FF;
  C06D : FF;
  C06E : FF;
  C06F : FF;
  C070 : FF;
  C071 : FF;
  C072 : FF;
  C073 : FF;
  C074 : FF;
  C075 : FF;
  C076 : FF;
  C077 : FF;
  C078 : FF;
  C079 : FF;
  C07A : FF;
  C07B : FF;
  C07C : FF;
  C07D : FF;
  C07E : FF;
  C07F : FF;
  C080 : FF;
  C081 : FF;
  C082 : FF;
  C083 : FF;
  C084 : FF;
  C085 : FF;
  C086 : FF;
  C087 : FF;
  C088 : FF;
  C089 : FF;
  C08A : FF;
  C08B : FF;
  C08C : FF;
  C08D : FF;
  C08E : FF;
  C08F : FF;
  C090 : FF;
  C091 : FF;
  C092 : FF;
  C093 : FF;
  C094 : FF;
  C095 : FF;
  C096 : FF;
  C097 : FF;
  C098 : FF;
  C099 : FF;
  C09A : FF;
  C09B : FF;
  C09C : FF;
  C09D : FF;
  C09E : FF;
  C09F : FF;
  C0A0 : FF;
  C0A1 : FF;
  C0A2 : FF;
  C0A3 : FF;
  C0A4 : FF;
  C0A5 : FF;
  C0A6 : FF;
  C0A7 : FF;
  C0A8 : FF;
  C0A9 : FF;
  C0AA : FF;
  C0AB : FF;
  C0AC : FF;
  C0AD : FF;
  C0AE : FF;
  C0AF : FF;
  C0B0 : FF;
  C0B1 : FF;
  C0B2 : FF;
  C0B3 : FF;
  C0B4 : FF;
  C0B5 : FF;
  C0B6 : FF;
  C0B7 : FF;
  C0B8 : FF;
  C0B9 : FF;
  C0BA : FF;
  C0BB : FF;
  C0BC : FF;
  C0BD : FF;
  C0BE : FF;
  C0BF : FF;
  C0C0 : FF;
  C0C1 : FF;
  C0C2 : FF;
  C0C3 : FF;
  C0C4 : FF;
  C0C5 : FF;
  C0C6 : FF;
  C0C7 : FF;
  C0C8 : FF;
  C0C9 : FF;
  C0CA : FF;
  C0CB : FF;
  C0CC : FF;
  C0CD : FF;
  C0CE : FF;
  C0CF : FF;
  C0D0 : FF;
  C0D1 : FF;
  C0D2 : FF;
  C0D3 : FF;
  C0D4 : FF;
  C0D5 : FF;
  C0D6 : FF;
  C0D7 : FF;
  C0D8 : FF;
  C0D9 : FF;
  C0DA : FF;
  C0DB : FF;
  C0DC : FF;
  C0DD : FF;
  C0DE : FF;
  C0DF : FF;
  C0E0 : FF;
  C0E1 : FF;
  C0E2 : FF;
  C0E3 : FF;
  C0E4 : FF;
  C0E5 : FF;
  C0E6 : FF;
  C0E7 : FF;
  C0E8 : FF;
  C0E9 : FF;
  C0EA : FF;
  C0EB : FF;
  C0EC : FF;
  C0ED : FF;
  C0EE : FF;
  C0EF : FF;
  C0F0 : FF;
  C0F1 : FF;
  C0F2 : FF;
  C0F3 : FF;
  C0F4 : FF;
  C0F5 : FF;
  C0F6 : FF;
  C0F7 : FF;
  C0F8 : FF;
  C0F9 : FF;
  C0FA : FF;
  C0FB : FF;
  C0FC : FF;
  C0FD : FF;
  C0FE : FF;
  C0FF : FF;
  C100 : FF;
  C101 : FF;
  C102 : FF;
  C103 : FF;
  C104 : FF;
  C105 : FF;
  C106 : FF;
  C107 : FF;
  C108 : FF;
  C109 : FF;
  C10A : FF;
  C10B : FF;
  C10C : FF;
  C10D : FF;
  C10E : FF;
  C10F : FF;
  C110 : FF;
  C111 : FF;
  C112 : FF;
  C113 : FF;
  C114 : FF;
  C115 : FF;
  C116 : FF;
  C117 : FF;
  C118 : FF;
  C119 : FF;
  C11A : FF;
  C11B : FF;
  C11C : FF;
  C11D : FF;
  C11E : FF;
  C11F : FF;
  C120 : FF;
  C121 : FF;
  C122 : FF;
  C123 : FF;
  C124 : FF;
  C125 : FF;
  C126 : FF;
  C127 : FF;
  C128 : FF;
  C129 : FF;
  C12A : FF;
  C12B : FF;
  C12C : FF;
  C12D : FF;
  C12E : FF;
  C12F : FF;
  C130 : FF;
  C131 : FF;
  C132 : FF;
  C133 : FF;
  C134 : FF;
  C135 : FF;
  C136 : FF;
  C137 : FF;
  C138 : FF;
  C139 : FF;
  C13A : FF;
  C13B : FF;
  C13C : FF;
  C13D : FF;
  C13E : FF;
  C13F : FF;
  C140 : FF;
  C141 : FF;
  C142 : FF;
  C143 : FF;
  C144 : FF;
  C145 : FF;
  C146 : FF;
  C147 : FF;
  C148 : FF;
  C149 : FF;
  C14A : FF;
  C14B : FF;
  C14C : FF;
  C14D : FF;
  C14E : FF;
  C14F : FF;
  C150 : FF;
  C151 : FF;
  C152 : FF;
  C153 : FF;
  C154 : FF;
  C155 : FF;
  C156 : FF;
  C157 : FF;
  C158 : FF;
  C159 : FF;
  C15A : FF;
  C15B : FF;
  C15C : FF;
  C15D : FF;
  C15E : FF;
  C15F : FF;
  C160 : FF;
  C161 : FF;
  C162 : FF;
  C163 : FF;
  C164 : FF;
  C165 : FF;
  C166 : FF;
  C167 : FF;
  C168 : FF;
  C169 : FF;
  C16A : FF;
  C16B : FF;
  C16C : FF;
  C16D : FF;
  C16E : FF;
  C16F : FF;
  C170 : FF;
  C171 : FF;
  C172 : FF;
  C173 : FF;
  C174 : FF;
  C175 : FF;
  C176 : FF;
  C177 : FF;
  C178 : FF;
  C179 : FF;
  C17A : FF;
  C17B : FF;
  C17C : FF;
  C17D : FF;
  C17E : FF;
  C17F : FF;
  C180 : FF;
  C181 : FF;
  C182 : FF;
  C183 : FF;
  C184 : FF;
  C185 : FF;
  C186 : FF;
  C187 : FF;
  C188 : FF;
  C189 : FF;
  C18A : FF;
  C18B : FF;
  C18C : FF;
  C18D : FF;
  C18E : FF;
  C18F : FF;
  C190 : FF;
  C191 : FF;
  C192 : FF;
  C193 : FF;
  C194 : FF;
  C195 : FF;
  C196 : FF;
  C197 : FF;
  C198 : FF;
  C199 : FF;
  C19A : FF;
  C19B : FF;
  C19C : FF;
  C19D : FF;
  C19E : FF;
  C19F : FF;
  C1A0 : FF;
  C1A1 : FF;
  C1A2 : FF;
  C1A3 : FF;
  C1A4 : FF;
  C1A5 : FF;
  C1A6 : FF;
  C1A7 : FF;
  C1A8 : FF;
  C1A9 : FF;
  C1AA : FF;
  C1AB : FF;
  C1AC : FF;
  C1AD : FF;
  C1AE : FF;
  C1AF : FF;
  C1B0 : FF;
  C1B1 : FF;
  C1B2 : FF;
  C1B3 : FF;
  C1B4 : FF;
  C1B5 : FF;
  C1B6 : FF;
  C1B7 : FF;
  C1B8 : FF;
  C1B9 : FF;
  C1BA : FF;
  C1BB : FF;
  C1BC : FF;
  C1BD : FF;
  C1BE : FF;
  C1BF : FF;
  C1C0 : FF;
  C1C1 : FF;
  C1C2 : FF;
  C1C3 : FF;
  C1C4 : FF;
  C1C5 : FF;
  C1C6 : FF;
  C1C7 : FF;
  C1C8 : FF;
  C1C9 : FF;
  C1CA : FF;
  C1CB : FF;
  C1CC : FF;
  C1CD : FF;
  C1CE : FF;
  C1CF : FF;
  C1D0 : FF;
  C1D1 : FF;
  C1D2 : FF;
  C1D3 : FF;
  C1D4 : FF;
  C1D5 : FF;
  C1D6 : FF;
  C1D7 : FF;
  C1D8 : FF;
  C1D9 : FF;
  C1DA : FF;
  C1DB : FF;
  C1DC : FF;
  C1DD : FF;
  C1DE : FF;
  C1DF : FF;
  C1E0 : FF;
  C1E1 : FF;
  C1E2 : FF;
  C1E3 : FF;
  C1E4 : FF;
  C1E5 : FF;
  C1E6 : FF;
  C1E7 : FF;
  C1E8 : FF;
  C1E9 : FF;
  C1EA : FF;
  C1EB : FF;
  C1EC : FF;
  C1ED : FF;
  C1EE : FF;
  C1EF : FF;
  C1F0 : FF;
  C1F1 : FF;
  C1F2 : FF;
  C1F3 : FF;
  C1F4 : FF;
  C1F5 : FF;
  C1F6 : FF;
  C1F7 : FF;
  C1F8 : FF;
  C1F9 : FF;
  C1FA : FF;
  C1FB : FF;
  C1FC : FF;
  C1FD : FF;
  C1FE : FF;
  C1FF : FF;
  C200 : FF;
  C201 : FF;
  C202 : FF;
  C203 : FF;
  C204 : FF;
  C205 : FF;
  C206 : FF;
  C207 : FF;
  C208 : FF;
  C209 : FF;
  C20A : FF;
  C20B : FF;
  C20C : FF;
  C20D : FF;
  C20E : FF;
  C20F : FF;
  C210 : FF;
  C211 : FF;
  C212 : FF;
  C213 : FF;
  C214 : FF;
  C215 : FF;
  C216 : FF;
  C217 : FF;
  C218 : FF;
  C219 : FF;
  C21A : FF;
  C21B : FF;
  C21C : FF;
  C21D : FF;
  C21E : FF;
  C21F : FF;
  C220 : FF;
  C221 : FF;
  C222 : FF;
  C223 : FF;
  C224 : FF;
  C225 : FF;
  C226 : FF;
  C227 : FF;
  C228 : FF;
  C229 : FF;
  C22A : FF;
  C22B : FF;
  C22C : FF;
  C22D : FF;
  C22E : FF;
  C22F : FF;
  C230 : FF;
  C231 : FF;
  C232 : FF;
  C233 : FF;
  C234 : FF;
  C235 : FF;
  C236 : FF;
  C237 : FF;
  C238 : FF;
  C239 : FF;
  C23A : FF;
  C23B : FF;
  C23C : FF;
  C23D : FF;
  C23E : FF;
  C23F : FF;
  C240 : FF;
  C241 : FF;
  C242 : FF;
  C243 : FF;
  C244 : FF;
  C245 : FF;
  C246 : FF;
  C247 : FF;
  C248 : FF;
  C249 : FF;
  C24A : FF;
  C24B : FF;
  C24C : FF;
  C24D : FF;
  C24E : FF;
  C24F : FF;
  C250 : FF;
  C251 : FF;
  C252 : FF;
  C253 : FF;
  C254 : FF;
  C255 : FF;
  C256 : FF;
  C257 : FF;
  C258 : FF;
  C259 : FF;
  C25A : FF;
  C25B : FF;
  C25C : FF;
  C25D : FF;
  C25E : FF;
  C25F : FF;
  C260 : FF;
  C261 : FF;
  C262 : FF;
  C263 : FF;
  C264 : FF;
  C265 : FF;
  C266 : FF;
  C267 : FF;
  C268 : FF;
  C269 : FF;
  C26A : FF;
  C26B : FF;
  C26C : FF;
  C26D : FF;
  C26E : FF;
  C26F : FF;
  C270 : FF;
  C271 : FF;
  C272 : FF;
  C273 : FF;
  C274 : FF;
  C275 : FF;
  C276 : FF;
  C277 : FF;
  C278 : FF;
  C279 : FF;
  C27A : FF;
  C27B : FF;
  C27C : FF;
  C27D : FF;
  C27E : FF;
  C27F : FF;
  C280 : FF;
  C281 : FF;
  C282 : FF;
  C283 : FF;
  C284 : FF;
  C285 : FF;
  C286 : FF;
  C287 : FF;
  C288 : FF;
  C289 : FF;
  C28A : FF;
  C28B : FF;
  C28C : FF;
  C28D : FF;
  C28E : FF;
  C28F : FF;
  C290 : FF;
  C291 : FF;
  C292 : FF;
  C293 : FF;
  C294 : FF;
  C295 : FF;
  C296 : FF;
  C297 : FF;
  C298 : FF;
  C299 : FF;
  C29A : FF;
  C29B : FF;
  C29C : FF;
  C29D : FF;
  C29E : FF;
  C29F : FF;
  C2A0 : FF;
  C2A1 : FF;
  C2A2 : FF;
  C2A3 : FF;
  C2A4 : FF;
  C2A5 : FF;
  C2A6 : FF;
  C2A7 : FF;
  C2A8 : FF;
  C2A9 : FF;
  C2AA : FF;
  C2AB : FF;
  C2AC : FF;
  C2AD : FF;
  C2AE : FF;
  C2AF : FF;
  C2B0 : FF;
  C2B1 : FF;
  C2B2 : FF;
  C2B3 : FF;
  C2B4 : FF;
  C2B5 : FF;
  C2B6 : FF;
  C2B7 : FF;
  C2B8 : FF;
  C2B9 : FF;
  C2BA : FF;
  C2BB : FF;
  C2BC : FF;
  C2BD : FF;
  C2BE : FF;
  C2BF : FF;
  C2C0 : FF;
  C2C1 : FF;
  C2C2 : FF;
  C2C3 : FF;
  C2C4 : FF;
  C2C5 : FF;
  C2C6 : FF;
  C2C7 : FF;
  C2C8 : FF;
  C2C9 : FF;
  C2CA : FF;
  C2CB : FF;
  C2CC : FF;
  C2CD : FF;
  C2CE : FF;
  C2CF : FF;
  C2D0 : FF;
  C2D1 : FF;
  C2D2 : FF;
  C2D3 : FF;
  C2D4 : FF;
  C2D5 : FF;
  C2D6 : FF;
  C2D7 : FF;
  C2D8 : FF;
  C2D9 : FF;
  C2DA : FF;
  C2DB : FF;
  C2DC : FF;
  C2DD : FF;
  C2DE : FF;
  C2DF : FF;
  C2E0 : FF;
  C2E1 : FF;
  C2E2 : FF;
  C2E3 : FF;
  C2E4 : FF;
  C2E5 : FF;
  C2E6 : FF;
  C2E7 : FF;
  C2E8 : FF;
  C2E9 : FF;
  C2EA : FF;
  C2EB : FF;
  C2EC : FF;
  C2ED : FF;
  C2EE : FF;
  C2EF : FF;
  C2F0 : FF;
  C2F1 : FF;
  C2F2 : FF;
  C2F3 : FF;
  C2F4 : FF;
  C2F5 : FF;
  C2F6 : FF;
  C2F7 : FF;
  C2F8 : FF;
  C2F9 : FF;
  C2FA : FF;
  C2FB : FF;
  C2FC : FF;
  C2FD : FF;
  C2FE : FF;
  C2FF : FF;
  C300 : FF;
  C301 : FF;
  C302 : FF;
  C303 : FF;
  C304 : FF;
  C305 : FF;
  C306 : FF;
  C307 : FF;
  C308 : FF;
  C309 : FF;
  C30A : FF;
  C30B : FF;
  C30C : FF;
  C30D : FF;
  C30E : FF;
  C30F : FF;
  C310 : FF;
  C311 : FF;
  C312 : FF;
  C313 : FF;
  C314 : FF;
  C315 : FF;
  C316 : FF;
  C317 : FF;
  C318 : FF;
  C319 : FF;
  C31A : FF;
  C31B : FF;
  C31C : FF;
  C31D : FF;
  C31E : FF;
  C31F : FF;
  C320 : FF;
  C321 : FF;
  C322 : FF;
  C323 : FF;
  C324 : FF;
  C325 : FF;
  C326 : FF;
  C327 : FF;
  C328 : FF;
  C329 : FF;
  C32A : FF;
  C32B : FF;
  C32C : FF;
  C32D : FF;
  C32E : FF;
  C32F : FF;
  C330 : FF;
  C331 : FF;
  C332 : FF;
  C333 : FF;
  C334 : FF;
  C335 : FF;
  C336 : FF;
  C337 : FF;
  C338 : FF;
  C339 : FF;
  C33A : FF;
  C33B : FF;
  C33C : FF;
  C33D : FF;
  C33E : FF;
  C33F : FF;
  C340 : FF;
  C341 : FF;
  C342 : FF;
  C343 : FF;
  C344 : FF;
  C345 : FF;
  C346 : FF;
  C347 : FF;
  C348 : FF;
  C349 : FF;
  C34A : FF;
  C34B : FF;
  C34C : FF;
  C34D : FF;
  C34E : FF;
  C34F : FF;
  C350 : FF;
  C351 : FF;
  C352 : FF;
  C353 : FF;
  C354 : FF;
  C355 : FF;
  C356 : FF;
  C357 : FF;
  C358 : FF;
  C359 : FF;
  C35A : FF;
  C35B : FF;
  C35C : FF;
  C35D : FF;
  C35E : FF;
  C35F : FF;
  C360 : FF;
  C361 : FF;
  C362 : FF;
  C363 : FF;
  C364 : FF;
  C365 : FF;
  C366 : FF;
  C367 : FF;
  C368 : FF;
  C369 : FF;
  C36A : FF;
  C36B : FF;
  C36C : FF;
  C36D : FF;
  C36E : FF;
  C36F : FF;
  C370 : FF;
  C371 : FF;
  C372 : FF;
  C373 : FF;
  C374 : FF;
  C375 : FF;
  C376 : FF;
  C377 : FF;
  C378 : FF;
  C379 : FF;
  C37A : FF;
  C37B : FF;
  C37C : FF;
  C37D : FF;
  C37E : FF;
  C37F : FF;
  C380 : FF;
  C381 : FF;
  C382 : FF;
  C383 : FF;
  C384 : FF;
  C385 : FF;
  C386 : FF;
  C387 : FF;
  C388 : FF;
  C389 : FF;
  C38A : FF;
  C38B : FF;
  C38C : FF;
  C38D : FF;
  C38E : FF;
  C38F : FF;
  C390 : FF;
  C391 : FF;
  C392 : FF;
  C393 : FF;
  C394 : FF;
  C395 : FF;
  C396 : FF;
  C397 : FF;
  C398 : FF;
  C399 : FF;
  C39A : FF;
  C39B : FF;
  C39C : FF;
  C39D : FF;
  C39E : FF;
  C39F : FF;
  C3A0 : FF;
  C3A1 : FF;
  C3A2 : FF;
  C3A3 : FF;
  C3A4 : FF;
  C3A5 : FF;
  C3A6 : FF;
  C3A7 : FF;
  C3A8 : FF;
  C3A9 : FF;
  C3AA : FF;
  C3AB : FF;
  C3AC : FF;
  C3AD : FF;
  C3AE : FF;
  C3AF : FF;
  C3B0 : FF;
  C3B1 : FF;
  C3B2 : FF;
  C3B3 : FF;
  C3B4 : FF;
  C3B5 : FF;
  C3B6 : FF;
  C3B7 : FF;
  C3B8 : FF;
  C3B9 : FF;
  C3BA : FF;
  C3BB : FF;
  C3BC : FF;
  C3BD : FF;
  C3BE : FF;
  C3BF : FF;
  C3C0 : FF;
  C3C1 : FF;
  C3C2 : FF;
  C3C3 : FF;
  C3C4 : FF;
  C3C5 : FF;
  C3C6 : FF;
  C3C7 : FF;
  C3C8 : FF;
  C3C9 : FF;
  C3CA : FF;
  C3CB : FF;
  C3CC : FF;
  C3CD : FF;
  C3CE : FF;
  C3CF : FF;
  C3D0 : FF;
  C3D1 : FF;
  C3D2 : FF;
  C3D3 : FF;
  C3D4 : FF;
  C3D5 : FF;
  C3D6 : FF;
  C3D7 : FF;
  C3D8 : FF;
  C3D9 : FF;
  C3DA : FF;
  C3DB : FF;
  C3DC : FF;
  C3DD : FF;
  C3DE : FF;
  C3DF : FF;
  C3E0 : FF;
  C3E1 : FF;
  C3E2 : FF;
  C3E3 : FF;
  C3E4 : FF;
  C3E5 : FF;
  C3E6 : FF;
  C3E7 : FF;
  C3E8 : FF;
  C3E9 : FF;
  C3EA : FF;
  C3EB : FF;
  C3EC : FF;
  C3ED : FF;
  C3EE : FF;
  C3EF : FF;
  C3F0 : FF;
  C3F1 : FF;
  C3F2 : FF;
  C3F3 : FF;
  C3F4 : FF;
  C3F5 : FF;
  C3F6 : FF;
  C3F7 : FF;
  C3F8 : FF;
  C3F9 : FF;
  C3FA : FF;
  C3FB : FF;
  C3FC : FF;
  C3FD : FF;
  C3FE : FF;
  C3FF : FF;
  C400 : FF;
  C401 : FF;
  C402 : FF;
  C403 : FF;
  C404 : FF;
  C405 : FF;
  C406 : FF;
  C407 : FF;
  C408 : FF;
  C409 : FF;
  C40A : FF;
  C40B : FF;
  C40C : FF;
  C40D : FF;
  C40E : FF;
  C40F : FF;
  C410 : FF;
  C411 : FF;
  C412 : FF;
  C413 : FF;
  C414 : FF;
  C415 : FF;
  C416 : FF;
  C417 : FF;
  C418 : FF;
  C419 : FF;
  C41A : FF;
  C41B : FF;
  C41C : FF;
  C41D : FF;
  C41E : FF;
  C41F : FF;
  C420 : FF;
  C421 : FF;
  C422 : FF;
  C423 : FF;
  C424 : FF;
  C425 : FF;
  C426 : FF;
  C427 : FF;
  C428 : FF;
  C429 : FF;
  C42A : FF;
  C42B : FF;
  C42C : FF;
  C42D : FF;
  C42E : FF;
  C42F : FF;
  C430 : FF;
  C431 : FF;
  C432 : FF;
  C433 : FF;
  C434 : FF;
  C435 : FF;
  C436 : FF;
  C437 : FF;
  C438 : FF;
  C439 : FF;
  C43A : FF;
  C43B : FF;
  C43C : FF;
  C43D : FF;
  C43E : FF;
  C43F : FF;
  C440 : FF;
  C441 : FF;
  C442 : FF;
  C443 : FF;
  C444 : FF;
  C445 : FF;
  C446 : FF;
  C447 : FF;
  C448 : FF;
  C449 : FF;
  C44A : FF;
  C44B : FF;
  C44C : FF;
  C44D : FF;
  C44E : FF;
  C44F : FF;
  C450 : FF;
  C451 : FF;
  C452 : FF;
  C453 : FF;
  C454 : FF;
  C455 : FF;
  C456 : FF;
  C457 : FF;
  C458 : FF;
  C459 : FF;
  C45A : FF;
  C45B : FF;
  C45C : FF;
  C45D : FF;
  C45E : FF;
  C45F : FF;
  C460 : FF;
  C461 : FF;
  C462 : FF;
  C463 : FF;
  C464 : FF;
  C465 : FF;
  C466 : FF;
  C467 : FF;
  C468 : FF;
  C469 : FF;
  C46A : FF;
  C46B : FF;
  C46C : FF;
  C46D : FF;
  C46E : FF;
  C46F : FF;
  C470 : FF;
  C471 : FF;
  C472 : FF;
  C473 : FF;
  C474 : FF;
  C475 : FF;
  C476 : FF;
  C477 : FF;
  C478 : FF;
  C479 : FF;
  C47A : FF;
  C47B : FF;
  C47C : FF;
  C47D : FF;
  C47E : FF;
  C47F : FF;
  C480 : FF;
  C481 : FF;
  C482 : FF;
  C483 : FF;
  C484 : FF;
  C485 : FF;
  C486 : FF;
  C487 : FF;
  C488 : FF;
  C489 : FF;
  C48A : FF;
  C48B : FF;
  C48C : FF;
  C48D : FF;
  C48E : FF;
  C48F : FF;
  C490 : FF;
  C491 : FF;
  C492 : FF;
  C493 : FF;
  C494 : FF;
  C495 : FF;
  C496 : FF;
  C497 : FF;
  C498 : FF;
  C499 : FF;
  C49A : FF;
  C49B : FF;
  C49C : FF;
  C49D : FF;
  C49E : FF;
  C49F : FF;
  C4A0 : FF;
  C4A1 : FF;
  C4A2 : FF;
  C4A3 : FF;
  C4A4 : FF;
  C4A5 : FF;
  C4A6 : FF;
  C4A7 : FF;
  C4A8 : FF;
  C4A9 : FF;
  C4AA : FF;
  C4AB : FF;
  C4AC : FF;
  C4AD : FF;
  C4AE : FF;
  C4AF : FF;
  C4B0 : FF;
  C4B1 : FF;
  C4B2 : FF;
  C4B3 : FF;
  C4B4 : FF;
  C4B5 : FF;
  C4B6 : FF;
  C4B7 : FF;
  C4B8 : FF;
  C4B9 : FF;
  C4BA : FF;
  C4BB : FF;
  C4BC : FF;
  C4BD : FF;
  C4BE : FF;
  C4BF : FF;
  C4C0 : FF;
  C4C1 : FF;
  C4C2 : FF;
  C4C3 : FF;
  C4C4 : FF;
  C4C5 : FF;
  C4C6 : FF;
  C4C7 : FF;
  C4C8 : FF;
  C4C9 : FF;
  C4CA : FF;
  C4CB : FF;
  C4CC : FF;
  C4CD : FF;
  C4CE : FF;
  C4CF : FF;
  C4D0 : FF;
  C4D1 : FF;
  C4D2 : FF;
  C4D3 : FF;
  C4D4 : FF;
  C4D5 : FF;
  C4D6 : FF;
  C4D7 : FF;
  C4D8 : FF;
  C4D9 : FF;
  C4DA : FF;
  C4DB : FF;
  C4DC : FF;
  C4DD : FF;
  C4DE : FF;
  C4DF : FF;
  C4E0 : FF;
  C4E1 : FF;
  C4E2 : FF;
  C4E3 : FF;
  C4E4 : FF;
  C4E5 : FF;
  C4E6 : FF;
  C4E7 : FF;
  C4E8 : FF;
  C4E9 : FF;
  C4EA : FF;
  C4EB : FF;
  C4EC : FF;
  C4ED : FF;
  C4EE : FF;
  C4EF : FF;
  C4F0 : FF;
  C4F1 : FF;
  C4F2 : FF;
  C4F3 : FF;
  C4F4 : FF;
  C4F5 : FF;
  C4F6 : FF;
  C4F7 : FF;
  C4F8 : FF;
  C4F9 : FF;
  C4FA : FF;
  C4FB : FF;
  C4FC : FF;
  C4FD : FF;
  C4FE : FF;
  C4FF : FF;
  C500 : FF;
  C501 : FF;
  C502 : FF;
  C503 : FF;
  C504 : FF;
  C505 : FF;
  C506 : FF;
  C507 : FF;
  C508 : FF;
  C509 : FF;
  C50A : FF;
  C50B : FF;
  C50C : FF;
  C50D : FF;
  C50E : FF;
  C50F : FF;
  C510 : FF;
  C511 : FF;
  C512 : FF;
  C513 : FF;
  C514 : FF;
  C515 : FF;
  C516 : FF;
  C517 : FF;
  C518 : FF;
  C519 : FF;
  C51A : FF;
  C51B : FF;
  C51C : FF;
  C51D : FF;
  C51E : FF;
  C51F : FF;
  C520 : FF;
  C521 : FF;
  C522 : FF;
  C523 : FF;
  C524 : FF;
  C525 : FF;
  C526 : FF;
  C527 : FF;
  C528 : FF;
  C529 : FF;
  C52A : FF;
  C52B : FF;
  C52C : FF;
  C52D : FF;
  C52E : FF;
  C52F : FF;
  C530 : FF;
  C531 : FF;
  C532 : FF;
  C533 : FF;
  C534 : FF;
  C535 : FF;
  C536 : FF;
  C537 : FF;
  C538 : FF;
  C539 : FF;
  C53A : FF;
  C53B : FF;
  C53C : FF;
  C53D : FF;
  C53E : FF;
  C53F : FF;
  C540 : FF;
  C541 : FF;
  C542 : FF;
  C543 : FF;
  C544 : FF;
  C545 : FF;
  C546 : FF;
  C547 : FF;
  C548 : FF;
  C549 : FF;
  C54A : FF;
  C54B : FF;
  C54C : FF;
  C54D : FF;
  C54E : FF;
  C54F : FF;
  C550 : FF;
  C551 : FF;
  C552 : FF;
  C553 : FF;
  C554 : FF;
  C555 : FF;
  C556 : FF;
  C557 : FF;
  C558 : FF;
  C559 : FF;
  C55A : FF;
  C55B : FF;
  C55C : FF;
  C55D : FF;
  C55E : FF;
  C55F : FF;
  C560 : FF;
  C561 : FF;
  C562 : FF;
  C563 : FF;
  C564 : FF;
  C565 : FF;
  C566 : FF;
  C567 : FF;
  C568 : FF;
  C569 : FF;
  C56A : FF;
  C56B : FF;
  C56C : FF;
  C56D : FF;
  C56E : FF;
  C56F : FF;
  C570 : FF;
  C571 : FF;
  C572 : FF;
  C573 : FF;
  C574 : FF;
  C575 : FF;
  C576 : FF;
  C577 : FF;
  C578 : FF;
  C579 : FF;
  C57A : FF;
  C57B : FF;
  C57C : FF;
  C57D : FF;
  C57E : FF;
  C57F : FF;
  C580 : FF;
  C581 : FF;
  C582 : FF;
  C583 : FF;
  C584 : FF;
  C585 : FF;
  C586 : FF;
  C587 : FF;
  C588 : FF;
  C589 : FF;
  C58A : FF;
  C58B : FF;
  C58C : FF;
  C58D : FF;
  C58E : FF;
  C58F : FF;
  C590 : FF;
  C591 : FF;
  C592 : FF;
  C593 : FF;
  C594 : FF;
  C595 : FF;
  C596 : FF;
  C597 : FF;
  C598 : FF;
  C599 : FF;
  C59A : FF;
  C59B : FF;
  C59C : FF;
  C59D : FF;
  C59E : FF;
  C59F : FF;
  C5A0 : FF;
  C5A1 : FF;
  C5A2 : FF;
  C5A3 : FF;
  C5A4 : FF;
  C5A5 : FF;
  C5A6 : FF;
  C5A7 : FF;
  C5A8 : FF;
  C5A9 : FF;
  C5AA : FF;
  C5AB : FF;
  C5AC : FF;
  C5AD : FF;
  C5AE : FF;
  C5AF : FF;
  C5B0 : FF;
  C5B1 : FF;
  C5B2 : FF;
  C5B3 : FF;
  C5B4 : FF;
  C5B5 : FF;
  C5B6 : FF;
  C5B7 : FF;
  C5B8 : FF;
  C5B9 : FF;
  C5BA : FF;
  C5BB : FF;
  C5BC : FF;
  C5BD : FF;
  C5BE : FF;
  C5BF : FF;
  C5C0 : FF;
  C5C1 : FF;
  C5C2 : FF;
  C5C3 : FF;
  C5C4 : FF;
  C5C5 : FF;
  C5C6 : FF;
  C5C7 : FF;
  C5C8 : FF;
  C5C9 : FF;
  C5CA : FF;
  C5CB : FF;
  C5CC : FF;
  C5CD : FF;
  C5CE : FF;
  C5CF : FF;
  C5D0 : FF;
  C5D1 : FF;
  C5D2 : FF;
  C5D3 : FF;
  C5D4 : FF;
  C5D5 : FF;
  C5D6 : FF;
  C5D7 : FF;
  C5D8 : FF;
  C5D9 : FF;
  C5DA : FF;
  C5DB : FF;
  C5DC : FF;
  C5DD : FF;
  C5DE : FF;
  C5DF : FF;
  C5E0 : FF;
  C5E1 : FF;
  C5E2 : FF;
  C5E3 : FF;
  C5E4 : FF;
  C5E5 : FF;
  C5E6 : FF;
  C5E7 : FF;
  C5E8 : FF;
  C5E9 : FF;
  C5EA : FF;
  C5EB : FF;
  C5EC : FF;
  C5ED : FF;
  C5EE : FF;
  C5EF : FF;
  C5F0 : FF;
  C5F1 : FF;
  C5F2 : FF;
  C5F3 : FF;
  C5F4 : FF;
  C5F5 : FF;
  C5F6 : FF;
  C5F7 : FF;
  C5F8 : FF;
  C5F9 : FF;
  C5FA : FF;
  C5FB : FF;
  C5FC : FF;
  C5FD : FF;
  C5FE : FF;
  C5FF : FF;
  C600 : FF;
  C601 : FF;
  C602 : FF;
  C603 : FF;
  C604 : FF;
  C605 : FF;
  C606 : FF;
  C607 : FF;
  C608 : FF;
  C609 : FF;
  C60A : FF;
  C60B : FF;
  C60C : FF;
  C60D : FF;
  C60E : FF;
  C60F : FF;
  C610 : FF;
  C611 : FF;
  C612 : FF;
  C613 : FF;
  C614 : FF;
  C615 : FF;
  C616 : FF;
  C617 : FF;
  C618 : FF;
  C619 : FF;
  C61A : FF;
  C61B : FF;
  C61C : FF;
  C61D : FF;
  C61E : FF;
  C61F : FF;
  C620 : FF;
  C621 : FF;
  C622 : FF;
  C623 : FF;
  C624 : FF;
  C625 : FF;
  C626 : FF;
  C627 : FF;
  C628 : FF;
  C629 : FF;
  C62A : FF;
  C62B : FF;
  C62C : FF;
  C62D : FF;
  C62E : FF;
  C62F : FF;
  C630 : FF;
  C631 : FF;
  C632 : FF;
  C633 : FF;
  C634 : FF;
  C635 : FF;
  C636 : FF;
  C637 : FF;
  C638 : FF;
  C639 : FF;
  C63A : FF;
  C63B : FF;
  C63C : FF;
  C63D : FF;
  C63E : FF;
  C63F : FF;
  C640 : FF;
  C641 : FF;
  C642 : FF;
  C643 : FF;
  C644 : FF;
  C645 : FF;
  C646 : FF;
  C647 : FF;
  C648 : FF;
  C649 : FF;
  C64A : FF;
  C64B : FF;
  C64C : FF;
  C64D : FF;
  C64E : FF;
  C64F : FF;
  C650 : FF;
  C651 : FF;
  C652 : FF;
  C653 : FF;
  C654 : FF;
  C655 : FF;
  C656 : FF;
  C657 : FF;
  C658 : FF;
  C659 : FF;
  C65A : FF;
  C65B : FF;
  C65C : FF;
  C65D : FF;
  C65E : FF;
  C65F : FF;
  C660 : FF;
  C661 : FF;
  C662 : FF;
  C663 : FF;
  C664 : FF;
  C665 : FF;
  C666 : FF;
  C667 : FF;
  C668 : FF;
  C669 : FF;
  C66A : FF;
  C66B : FF;
  C66C : FF;
  C66D : FF;
  C66E : FF;
  C66F : FF;
  C670 : FF;
  C671 : FF;
  C672 : FF;
  C673 : FF;
  C674 : FF;
  C675 : FF;
  C676 : FF;
  C677 : FF;
  C678 : FF;
  C679 : FF;
  C67A : FF;
  C67B : FF;
  C67C : FF;
  C67D : FF;
  C67E : FF;
  C67F : FF;
  C680 : FF;
  C681 : FF;
  C682 : FF;
  C683 : FF;
  C684 : FF;
  C685 : FF;
  C686 : FF;
  C687 : FF;
  C688 : FF;
  C689 : FF;
  C68A : FF;
  C68B : FF;
  C68C : FF;
  C68D : FF;
  C68E : FF;
  C68F : FF;
  C690 : FF;
  C691 : FF;
  C692 : FF;
  C693 : FF;
  C694 : FF;
  C695 : FF;
  C696 : FF;
  C697 : FF;
  C698 : FF;
  C699 : FF;
  C69A : FF;
  C69B : FF;
  C69C : FF;
  C69D : FF;
  C69E : FF;
  C69F : FF;
  C6A0 : FF;
  C6A1 : FF;
  C6A2 : FF;
  C6A3 : FF;
  C6A4 : FF;
  C6A5 : FF;
  C6A6 : FF;
  C6A7 : FF;
  C6A8 : FF;
  C6A9 : FF;
  C6AA : FF;
  C6AB : FF;
  C6AC : FF;
  C6AD : FF;
  C6AE : FF;
  C6AF : FF;
  C6B0 : FF;
  C6B1 : FF;
  C6B2 : FF;
  C6B3 : FF;
  C6B4 : FF;
  C6B5 : FF;
  C6B6 : FF;
  C6B7 : FF;
  C6B8 : FF;
  C6B9 : FF;
  C6BA : FF;
  C6BB : FF;
  C6BC : FF;
  C6BD : FF;
  C6BE : FF;
  C6BF : FF;
  C6C0 : FF;
  C6C1 : FF;
  C6C2 : FF;
  C6C3 : FF;
  C6C4 : FF;
  C6C5 : FF;
  C6C6 : FF;
  C6C7 : FF;
  C6C8 : FF;
  C6C9 : FF;
  C6CA : FF;
  C6CB : FF;
  C6CC : FF;
  C6CD : FF;
  C6CE : FF;
  C6CF : FF;
  C6D0 : FF;
  C6D1 : FF;
  C6D2 : FF;
  C6D3 : FF;
  C6D4 : FF;
  C6D5 : FF;
  C6D6 : FF;
  C6D7 : FF;
  C6D8 : FF;
  C6D9 : FF;
  C6DA : FF;
  C6DB : FF;
  C6DC : FF;
  C6DD : FF;
  C6DE : FF;
  C6DF : FF;
  C6E0 : FF;
  C6E1 : FF;
  C6E2 : FF;
  C6E3 : FF;
  C6E4 : FF;
  C6E5 : FF;
  C6E6 : FF;
  C6E7 : FF;
  C6E8 : FF;
  C6E9 : FF;
  C6EA : FF;
  C6EB : FF;
  C6EC : FF;
  C6ED : FF;
  C6EE : FF;
  C6EF : FF;
  C6F0 : FF;
  C6F1 : FF;
  C6F2 : FF;
  C6F3 : FF;
  C6F4 : FF;
  C6F5 : FF;
  C6F6 : FF;
  C6F7 : FF;
  C6F8 : FF;
  C6F9 : FF;
  C6FA : FF;
  C6FB : FF;
  C6FC : FF;
  C6FD : FF;
  C6FE : FF;
  C6FF : FF;
  C700 : FF;
  C701 : FF;
  C702 : FF;
  C703 : FF;
  C704 : FF;
  C705 : FF;
  C706 : FF;
  C707 : FF;
  C708 : FF;
  C709 : FF;
  C70A : FF;
  C70B : FF;
  C70C : FF;
  C70D : FF;
  C70E : FF;
  C70F : FF;
  C710 : FF;
  C711 : FF;
  C712 : FF;
  C713 : FF;
  C714 : FF;
  C715 : FF;
  C716 : FF;
  C717 : FF;
  C718 : FF;
  C719 : FF;
  C71A : FF;
  C71B : FF;
  C71C : FF;
  C71D : FF;
  C71E : FF;
  C71F : FF;
  C720 : FF;
  C721 : FF;
  C722 : FF;
  C723 : FF;
  C724 : FF;
  C725 : FF;
  C726 : FF;
  C727 : FF;
  C728 : FF;
  C729 : FF;
  C72A : FF;
  C72B : FF;
  C72C : FF;
  C72D : FF;
  C72E : FF;
  C72F : FF;
  C730 : FF;
  C731 : FF;
  C732 : FF;
  C733 : FF;
  C734 : FF;
  C735 : FF;
  C736 : FF;
  C737 : FF;
  C738 : FF;
  C739 : FF;
  C73A : FF;
  C73B : FF;
  C73C : FF;
  C73D : FF;
  C73E : FF;
  C73F : FF;
  C740 : FF;
  C741 : FF;
  C742 : FF;
  C743 : FF;
  C744 : FF;
  C745 : FF;
  C746 : FF;
  C747 : FF;
  C748 : FF;
  C749 : FF;
  C74A : FF;
  C74B : FF;
  C74C : FF;
  C74D : FF;
  C74E : FF;
  C74F : FF;
  C750 : FF;
  C751 : FF;
  C752 : FF;
  C753 : FF;
  C754 : FF;
  C755 : FF;
  C756 : FF;
  C757 : FF;
  C758 : FF;
  C759 : FF;
  C75A : FF;
  C75B : FF;
  C75C : FF;
  C75D : FF;
  C75E : FF;
  C75F : FF;
  C760 : FF;
  C761 : FF;
  C762 : FF;
  C763 : FF;
  C764 : FF;
  C765 : FF;
  C766 : FF;
  C767 : FF;
  C768 : FF;
  C769 : FF;
  C76A : FF;
  C76B : FF;
  C76C : FF;
  C76D : FF;
  C76E : FF;
  C76F : FF;
  C770 : FF;
  C771 : FF;
  C772 : FF;
  C773 : FF;
  C774 : FF;
  C775 : FF;
  C776 : FF;
  C777 : FF;
  C778 : FF;
  C779 : FF;
  C77A : FF;
  C77B : FF;
  C77C : FF;
  C77D : FF;
  C77E : FF;
  C77F : FF;
  C780 : FF;
  C781 : FF;
  C782 : FF;
  C783 : FF;
  C784 : FF;
  C785 : FF;
  C786 : FF;
  C787 : FF;
  C788 : FF;
  C789 : FF;
  C78A : FF;
  C78B : FF;
  C78C : FF;
  C78D : FF;
  C78E : FF;
  C78F : FF;
  C790 : FF;
  C791 : FF;
  C792 : FF;
  C793 : FF;
  C794 : FF;
  C795 : FF;
  C796 : FF;
  C797 : FF;
  C798 : FF;
  C799 : FF;
  C79A : FF;
  C79B : FF;
  C79C : FF;
  C79D : FF;
  C79E : FF;
  C79F : FF;
  C7A0 : FF;
  C7A1 : FF;
  C7A2 : FF;
  C7A3 : FF;
  C7A4 : FF;
  C7A5 : FF;
  C7A6 : FF;
  C7A7 : FF;
  C7A8 : FF;
  C7A9 : FF;
  C7AA : FF;
  C7AB : FF;
  C7AC : FF;
  C7AD : FF;
  C7AE : FF;
  C7AF : FF;
  C7B0 : FF;
  C7B1 : FF;
  C7B2 : FF;
  C7B3 : FF;
  C7B4 : FF;
  C7B5 : FF;
  C7B6 : FF;
  C7B7 : FF;
  C7B8 : FF;
  C7B9 : FF;
  C7BA : FF;
  C7BB : FF;
  C7BC : FF;
  C7BD : FF;
  C7BE : FF;
  C7BF : FF;
  C7C0 : FF;
  C7C1 : FF;
  C7C2 : FF;
  C7C3 : FF;
  C7C4 : FF;
  C7C5 : FF;
  C7C6 : FF;
  C7C7 : FF;
  C7C8 : FF;
  C7C9 : FF;
  C7CA : FF;
  C7CB : FF;
  C7CC : FF;
  C7CD : FF;
  C7CE : FF;
  C7CF : FF;
  C7D0 : FF;
  C7D1 : FF;
  C7D2 : FF;
  C7D3 : FF;
  C7D4 : FF;
  C7D5 : FF;
  C7D6 : FF;
  C7D7 : FF;
  C7D8 : FF;
  C7D9 : FF;
  C7DA : FF;
  C7DB : FF;
  C7DC : FF;
  C7DD : FF;
  C7DE : FF;
  C7DF : FF;
  C7E0 : FF;
  C7E1 : FF;
  C7E2 : FF;
  C7E3 : FF;
  C7E4 : FF;
  C7E5 : FF;
  C7E6 : FF;
  C7E7 : FF;
  C7E8 : FF;
  C7E9 : FF;
  C7EA : FF;
  C7EB : FF;
  C7EC : FF;
  C7ED : FF;
  C7EE : FF;
  C7EF : FF;
  C7F0 : FF;
  C7F1 : FF;
  C7F2 : FF;
  C7F3 : FF;
  C7F4 : FF;
  C7F5 : FF;
  C7F6 : FF;
  C7F7 : FF;
  C7F8 : FF;
  C7F9 : FF;
  C7FA : FF;
  C7FB : FF;
  C7FC : FF;
  C7FD : FF;
  C7FE : FF;
  C7FF : FF;
  C800 : FF;
  C801 : FF;
  C802 : FF;
  C803 : FF;
  C804 : FF;
  C805 : FF;
  C806 : FF;
  C807 : FF;
  C808 : FF;
  C809 : FF;
  C80A : FF;
  C80B : FF;
  C80C : FF;
  C80D : FF;
  C80E : FF;
  C80F : FF;
  C810 : FF;
  C811 : FF;
  C812 : FF;
  C813 : FF;
  C814 : FF;
  C815 : FF;
  C816 : FF;
  C817 : FF;
  C818 : FF;
  C819 : FF;
  C81A : FF;
  C81B : FF;
  C81C : FF;
  C81D : FF;
  C81E : FF;
  C81F : FF;
  C820 : FF;
  C821 : FF;
  C822 : FF;
  C823 : FF;
  C824 : FF;
  C825 : FF;
  C826 : FF;
  C827 : FF;
  C828 : FF;
  C829 : FF;
  C82A : FF;
  C82B : FF;
  C82C : FF;
  C82D : FF;
  C82E : FF;
  C82F : FF;
  C830 : FF;
  C831 : FF;
  C832 : FF;
  C833 : FF;
  C834 : FF;
  C835 : FF;
  C836 : FF;
  C837 : FF;
  C838 : FF;
  C839 : FF;
  C83A : FF;
  C83B : FF;
  C83C : FF;
  C83D : FF;
  C83E : FF;
  C83F : FF;
  C840 : FF;
  C841 : FF;
  C842 : FF;
  C843 : FF;
  C844 : FF;
  C845 : FF;
  C846 : FF;
  C847 : FF;
  C848 : FF;
  C849 : FF;
  C84A : FF;
  C84B : FF;
  C84C : FF;
  C84D : FF;
  C84E : FF;
  C84F : FF;
  C850 : FF;
  C851 : FF;
  C852 : FF;
  C853 : FF;
  C854 : FF;
  C855 : FF;
  C856 : FF;
  C857 : FF;
  C858 : FF;
  C859 : FF;
  C85A : FF;
  C85B : FF;
  C85C : FF;
  C85D : FF;
  C85E : FF;
  C85F : FF;
  C860 : FF;
  C861 : FF;
  C862 : FF;
  C863 : FF;
  C864 : FF;
  C865 : FF;
  C866 : FF;
  C867 : FF;
  C868 : FF;
  C869 : FF;
  C86A : FF;
  C86B : FF;
  C86C : FF;
  C86D : FF;
  C86E : FF;
  C86F : FF;
  C870 : FF;
  C871 : FF;
  C872 : FF;
  C873 : FF;
  C874 : FF;
  C875 : FF;
  C876 : FF;
  C877 : FF;
  C878 : FF;
  C879 : FF;
  C87A : FF;
  C87B : FF;
  C87C : FF;
  C87D : FF;
  C87E : FF;
  C87F : FF;
  C880 : FF;
  C881 : FF;
  C882 : FF;
  C883 : FF;
  C884 : FF;
  C885 : FF;
  C886 : FF;
  C887 : FF;
  C888 : FF;
  C889 : FF;
  C88A : FF;
  C88B : FF;
  C88C : FF;
  C88D : FF;
  C88E : FF;
  C88F : FF;
  C890 : FF;
  C891 : FF;
  C892 : FF;
  C893 : FF;
  C894 : FF;
  C895 : FF;
  C896 : FF;
  C897 : FF;
  C898 : FF;
  C899 : FF;
  C89A : FF;
  C89B : FF;
  C89C : FF;
  C89D : FF;
  C89E : FF;
  C89F : FF;
  C8A0 : FF;
  C8A1 : FF;
  C8A2 : FF;
  C8A3 : FF;
  C8A4 : FF;
  C8A5 : FF;
  C8A6 : FF;
  C8A7 : FF;
  C8A8 : FF;
  C8A9 : FF;
  C8AA : FF;
  C8AB : FF;
  C8AC : FF;
  C8AD : FF;
  C8AE : FF;
  C8AF : FF;
  C8B0 : FF;
  C8B1 : FF;
  C8B2 : FF;
  C8B3 : FF;
  C8B4 : FF;
  C8B5 : FF;
  C8B6 : FF;
  C8B7 : FF;
  C8B8 : FF;
  C8B9 : FF;
  C8BA : FF;
  C8BB : FF;
  C8BC : FF;
  C8BD : FF;
  C8BE : FF;
  C8BF : FF;
  C8C0 : FF;
  C8C1 : FF;
  C8C2 : FF;
  C8C3 : FF;
  C8C4 : FF;
  C8C5 : FF;
  C8C6 : FF;
  C8C7 : FF;
  C8C8 : FF;
  C8C9 : FF;
  C8CA : FF;
  C8CB : FF;
  C8CC : FF;
  C8CD : FF;
  C8CE : FF;
  C8CF : FF;
  C8D0 : FF;
  C8D1 : FF;
  C8D2 : FF;
  C8D3 : FF;
  C8D4 : FF;
  C8D5 : FF;
  C8D6 : FF;
  C8D7 : FF;
  C8D8 : FF;
  C8D9 : FF;
  C8DA : FF;
  C8DB : FF;
  C8DC : FF;
  C8DD : FF;
  C8DE : FF;
  C8DF : FF;
  C8E0 : FF;
  C8E1 : FF;
  C8E2 : FF;
  C8E3 : FF;
  C8E4 : FF;
  C8E5 : FF;
  C8E6 : FF;
  C8E7 : FF;
  C8E8 : FF;
  C8E9 : FF;
  C8EA : FF;
  C8EB : FF;
  C8EC : FF;
  C8ED : FF;
  C8EE : FF;
  C8EF : FF;
  C8F0 : FF;
  C8F1 : FF;
  C8F2 : FF;
  C8F3 : FF;
  C8F4 : FF;
  C8F5 : FF;
  C8F6 : FF;
  C8F7 : FF;
  C8F8 : FF;
  C8F9 : FF;
  C8FA : FF;
  C8FB : FF;
  C8FC : FF;
  C8FD : FF;
  C8FE : FF;
  C8FF : FF;
  C900 : FF;
  C901 : FF;
  C902 : FF;
  C903 : FF;
  C904 : FF;
  C905 : FF;
  C906 : FF;
  C907 : FF;
  C908 : FF;
  C909 : FF;
  C90A : FF;
  C90B : FF;
  C90C : FF;
  C90D : FF;
  C90E : FF;
  C90F : FF;
  C910 : FF;
  C911 : FF;
  C912 : FF;
  C913 : FF;
  C914 : FF;
  C915 : FF;
  C916 : FF;
  C917 : FF;
  C918 : FF;
  C919 : FF;
  C91A : FF;
  C91B : FF;
  C91C : FF;
  C91D : FF;
  C91E : FF;
  C91F : FF;
  C920 : FF;
  C921 : FF;
  C922 : FF;
  C923 : FF;
  C924 : FF;
  C925 : FF;
  C926 : FF;
  C927 : FF;
  C928 : FF;
  C929 : FF;
  C92A : FF;
  C92B : FF;
  C92C : FF;
  C92D : FF;
  C92E : FF;
  C92F : FF;
  C930 : FF;
  C931 : FF;
  C932 : FF;
  C933 : FF;
  C934 : FF;
  C935 : FF;
  C936 : FF;
  C937 : FF;
  C938 : FF;
  C939 : FF;
  C93A : FF;
  C93B : FF;
  C93C : FF;
  C93D : FF;
  C93E : FF;
  C93F : FF;
  C940 : FF;
  C941 : FF;
  C942 : FF;
  C943 : FF;
  C944 : FF;
  C945 : FF;
  C946 : FF;
  C947 : FF;
  C948 : FF;
  C949 : FF;
  C94A : FF;
  C94B : FF;
  C94C : FF;
  C94D : FF;
  C94E : FF;
  C94F : FF;
  C950 : FF;
  C951 : FF;
  C952 : FF;
  C953 : FF;
  C954 : FF;
  C955 : FF;
  C956 : FF;
  C957 : FF;
  C958 : FF;
  C959 : FF;
  C95A : FF;
  C95B : FF;
  C95C : FF;
  C95D : FF;
  C95E : FF;
  C95F : FF;
  C960 : FF;
  C961 : FF;
  C962 : FF;
  C963 : FF;
  C964 : FF;
  C965 : FF;
  C966 : FF;
  C967 : FF;
  C968 : FF;
  C969 : FF;
  C96A : FF;
  C96B : FF;
  C96C : FF;
  C96D : FF;
  C96E : FF;
  C96F : FF;
  C970 : FF;
  C971 : FF;
  C972 : FF;
  C973 : FF;
  C974 : FF;
  C975 : FF;
  C976 : FF;
  C977 : FF;
  C978 : FF;
  C979 : FF;
  C97A : FF;
  C97B : FF;
  C97C : FF;
  C97D : FF;
  C97E : FF;
  C97F : FF;
  C980 : FF;
  C981 : FF;
  C982 : FF;
  C983 : FF;
  C984 : FF;
  C985 : FF;
  C986 : FF;
  C987 : FF;
  C988 : FF;
  C989 : FF;
  C98A : FF;
  C98B : FF;
  C98C : FF;
  C98D : FF;
  C98E : FF;
  C98F : FF;
  C990 : FF;
  C991 : FF;
  C992 : FF;
  C993 : FF;
  C994 : FF;
  C995 : FF;
  C996 : FF;
  C997 : FF;
  C998 : FF;
  C999 : FF;
  C99A : FF;
  C99B : FF;
  C99C : FF;
  C99D : FF;
  C99E : FF;
  C99F : FF;
  C9A0 : FF;
  C9A1 : FF;
  C9A2 : FF;
  C9A3 : FF;
  C9A4 : FF;
  C9A5 : FF;
  C9A6 : FF;
  C9A7 : FF;
  C9A8 : FF;
  C9A9 : FF;
  C9AA : FF;
  C9AB : FF;
  C9AC : FF;
  C9AD : FF;
  C9AE : FF;
  C9AF : FF;
  C9B0 : FF;
  C9B1 : FF;
  C9B2 : FF;
  C9B3 : FF;
  C9B4 : FF;
  C9B5 : FF;
  C9B6 : FF;
  C9B7 : FF;
  C9B8 : FF;
  C9B9 : FF;
  C9BA : FF;
  C9BB : FF;
  C9BC : FF;
  C9BD : FF;
  C9BE : FF;
  C9BF : FF;
  C9C0 : FF;
  C9C1 : FF;
  C9C2 : FF;
  C9C3 : FF;
  C9C4 : FF;
  C9C5 : FF;
  C9C6 : FF;
  C9C7 : FF;
  C9C8 : FF;
  C9C9 : FF;
  C9CA : FF;
  C9CB : FF;
  C9CC : FF;
  C9CD : FF;
  C9CE : FF;
  C9CF : FF;
  C9D0 : FF;
  C9D1 : FF;
  C9D2 : FF;
  C9D3 : FF;
  C9D4 : FF;
  C9D5 : FF;
  C9D6 : FF;
  C9D7 : FF;
  C9D8 : FF;
  C9D9 : FF;
  C9DA : FF;
  C9DB : FF;
  C9DC : FF;
  C9DD : FF;
  C9DE : FF;
  C9DF : FF;
  C9E0 : FF;
  C9E1 : FF;
  C9E2 : FF;
  C9E3 : FF;
  C9E4 : FF;
  C9E5 : FF;
  C9E6 : FF;
  C9E7 : FF;
  C9E8 : FF;
  C9E9 : FF;
  C9EA : FF;
  C9EB : FF;
  C9EC : FF;
  C9ED : FF;
  C9EE : FF;
  C9EF : FF;
  C9F0 : FF;
  C9F1 : FF;
  C9F2 : FF;
  C9F3 : FF;
  C9F4 : FF;
  C9F5 : FF;
  C9F6 : FF;
  C9F7 : FF;
  C9F8 : FF;
  C9F9 : FF;
  C9FA : FF;
  C9FB : FF;
  C9FC : FF;
  C9FD : FF;
  C9FE : FF;
  C9FF : FF;
  CA00 : FF;
  CA01 : FF;
  CA02 : FF;
  CA03 : FF;
  CA04 : FF;
  CA05 : FF;
  CA06 : FF;
  CA07 : FF;
  CA08 : FF;
  CA09 : FF;
  CA0A : FF;
  CA0B : FF;
  CA0C : FF;
  CA0D : FF;
  CA0E : FF;
  CA0F : FF;
  CA10 : FF;
  CA11 : FF;
  CA12 : FF;
  CA13 : FF;
  CA14 : FF;
  CA15 : FF;
  CA16 : FF;
  CA17 : FF;
  CA18 : FF;
  CA19 : FF;
  CA1A : FF;
  CA1B : FF;
  CA1C : FF;
  CA1D : FF;
  CA1E : FF;
  CA1F : FF;
  CA20 : FF;
  CA21 : FF;
  CA22 : FF;
  CA23 : FF;
  CA24 : FF;
  CA25 : FF;
  CA26 : FF;
  CA27 : FF;
  CA28 : FF;
  CA29 : FF;
  CA2A : FF;
  CA2B : FF;
  CA2C : FF;
  CA2D : FF;
  CA2E : FF;
  CA2F : FF;
  CA30 : FF;
  CA31 : FF;
  CA32 : FF;
  CA33 : FF;
  CA34 : FF;
  CA35 : FF;
  CA36 : FF;
  CA37 : FF;
  CA38 : FF;
  CA39 : FF;
  CA3A : FF;
  CA3B : FF;
  CA3C : FF;
  CA3D : FF;
  CA3E : FF;
  CA3F : FF;
  CA40 : FF;
  CA41 : FF;
  CA42 : FF;
  CA43 : FF;
  CA44 : FF;
  CA45 : FF;
  CA46 : FF;
  CA47 : FF;
  CA48 : FF;
  CA49 : FF;
  CA4A : FF;
  CA4B : FF;
  CA4C : FF;
  CA4D : FF;
  CA4E : FF;
  CA4F : FF;
  CA50 : FF;
  CA51 : FF;
  CA52 : FF;
  CA53 : FF;
  CA54 : FF;
  CA55 : FF;
  CA56 : FF;
  CA57 : FF;
  CA58 : FF;
  CA59 : FF;
  CA5A : FF;
  CA5B : FF;
  CA5C : FF;
  CA5D : FF;
  CA5E : FF;
  CA5F : FF;
  CA60 : FF;
  CA61 : FF;
  CA62 : FF;
  CA63 : FF;
  CA64 : FF;
  CA65 : FF;
  CA66 : FF;
  CA67 : FF;
  CA68 : FF;
  CA69 : FF;
  CA6A : FF;
  CA6B : FF;
  CA6C : FF;
  CA6D : FF;
  CA6E : FF;
  CA6F : FF;
  CA70 : FF;
  CA71 : FF;
  CA72 : FF;
  CA73 : FF;
  CA74 : FF;
  CA75 : FF;
  CA76 : FF;
  CA77 : FF;
  CA78 : FF;
  CA79 : FF;
  CA7A : FF;
  CA7B : FF;
  CA7C : FF;
  CA7D : FF;
  CA7E : FF;
  CA7F : FF;
  CA80 : FF;
  CA81 : FF;
  CA82 : FF;
  CA83 : FF;
  CA84 : FF;
  CA85 : FF;
  CA86 : FF;
  CA87 : FF;
  CA88 : FF;
  CA89 : FF;
  CA8A : FF;
  CA8B : FF;
  CA8C : FF;
  CA8D : FF;
  CA8E : FF;
  CA8F : FF;
  CA90 : FF;
  CA91 : FF;
  CA92 : FF;
  CA93 : FF;
  CA94 : FF;
  CA95 : FF;
  CA96 : FF;
  CA97 : FF;
  CA98 : FF;
  CA99 : FF;
  CA9A : FF;
  CA9B : FF;
  CA9C : FF;
  CA9D : FF;
  CA9E : FF;
  CA9F : FF;
  CAA0 : FF;
  CAA1 : FF;
  CAA2 : FF;
  CAA3 : FF;
  CAA4 : FF;
  CAA5 : FF;
  CAA6 : FF;
  CAA7 : FF;
  CAA8 : FF;
  CAA9 : FF;
  CAAA : FF;
  CAAB : FF;
  CAAC : FF;
  CAAD : FF;
  CAAE : FF;
  CAAF : FF;
  CAB0 : FF;
  CAB1 : FF;
  CAB2 : FF;
  CAB3 : FF;
  CAB4 : FF;
  CAB5 : FF;
  CAB6 : FF;
  CAB7 : FF;
  CAB8 : FF;
  CAB9 : FF;
  CABA : FF;
  CABB : FF;
  CABC : FF;
  CABD : FF;
  CABE : FF;
  CABF : FF;
  CAC0 : FF;
  CAC1 : FF;
  CAC2 : FF;
  CAC3 : FF;
  CAC4 : FF;
  CAC5 : FF;
  CAC6 : FF;
  CAC7 : FF;
  CAC8 : FF;
  CAC9 : FF;
  CACA : FF;
  CACB : FF;
  CACC : FF;
  CACD : FF;
  CACE : FF;
  CACF : FF;
  CAD0 : FF;
  CAD1 : FF;
  CAD2 : FF;
  CAD3 : FF;
  CAD4 : FF;
  CAD5 : FF;
  CAD6 : FF;
  CAD7 : FF;
  CAD8 : FF;
  CAD9 : FF;
  CADA : FF;
  CADB : FF;
  CADC : FF;
  CADD : FF;
  CADE : FF;
  CADF : FF;
  CAE0 : FF;
  CAE1 : FF;
  CAE2 : FF;
  CAE3 : FF;
  CAE4 : FF;
  CAE5 : FF;
  CAE6 : FF;
  CAE7 : FF;
  CAE8 : FF;
  CAE9 : FF;
  CAEA : FF;
  CAEB : FF;
  CAEC : FF;
  CAED : FF;
  CAEE : FF;
  CAEF : FF;
  CAF0 : FF;
  CAF1 : FF;
  CAF2 : FF;
  CAF3 : FF;
  CAF4 : FF;
  CAF5 : FF;
  CAF6 : FF;
  CAF7 : FF;
  CAF8 : FF;
  CAF9 : FF;
  CAFA : FF;
  CAFB : FF;
  CAFC : FF;
  CAFD : FF;
  CAFE : FF;
  CAFF : FF;
  CB00 : FF;
  CB01 : FF;
  CB02 : FF;
  CB03 : FF;
  CB04 : FF;
  CB05 : FF;
  CB06 : FF;
  CB07 : FF;
  CB08 : FF;
  CB09 : FF;
  CB0A : FF;
  CB0B : FF;
  CB0C : FF;
  CB0D : FF;
  CB0E : FF;
  CB0F : FF;
  CB10 : FF;
  CB11 : FF;
  CB12 : FF;
  CB13 : FF;
  CB14 : FF;
  CB15 : FF;
  CB16 : FF;
  CB17 : FF;
  CB18 : FF;
  CB19 : FF;
  CB1A : FF;
  CB1B : FF;
  CB1C : FF;
  CB1D : FF;
  CB1E : FF;
  CB1F : FF;
  CB20 : FF;
  CB21 : FF;
  CB22 : FF;
  CB23 : FF;
  CB24 : FF;
  CB25 : FF;
  CB26 : FF;
  CB27 : FF;
  CB28 : FF;
  CB29 : FF;
  CB2A : FF;
  CB2B : FF;
  CB2C : FF;
  CB2D : FF;
  CB2E : FF;
  CB2F : FF;
  CB30 : FF;
  CB31 : FF;
  CB32 : FF;
  CB33 : FF;
  CB34 : FF;
  CB35 : FF;
  CB36 : FF;
  CB37 : FF;
  CB38 : FF;
  CB39 : FF;
  CB3A : FF;
  CB3B : FF;
  CB3C : FF;
  CB3D : FF;
  CB3E : FF;
  CB3F : FF;
  CB40 : FF;
  CB41 : FF;
  CB42 : FF;
  CB43 : FF;
  CB44 : FF;
  CB45 : FF;
  CB46 : FF;
  CB47 : FF;
  CB48 : FF;
  CB49 : FF;
  CB4A : FF;
  CB4B : FF;
  CB4C : FF;
  CB4D : FF;
  CB4E : FF;
  CB4F : FF;
  CB50 : FF;
  CB51 : FF;
  CB52 : FF;
  CB53 : FF;
  CB54 : FF;
  CB55 : FF;
  CB56 : FF;
  CB57 : FF;
  CB58 : FF;
  CB59 : FF;
  CB5A : FF;
  CB5B : FF;
  CB5C : FF;
  CB5D : FF;
  CB5E : FF;
  CB5F : FF;
  CB60 : FF;
  CB61 : FF;
  CB62 : FF;
  CB63 : FF;
  CB64 : FF;
  CB65 : FF;
  CB66 : FF;
  CB67 : FF;
  CB68 : FF;
  CB69 : FF;
  CB6A : FF;
  CB6B : FF;
  CB6C : FF;
  CB6D : FF;
  CB6E : FF;
  CB6F : FF;
  CB70 : FF;
  CB71 : FF;
  CB72 : FF;
  CB73 : FF;
  CB74 : FF;
  CB75 : FF;
  CB76 : FF;
  CB77 : FF;
  CB78 : FF;
  CB79 : FF;
  CB7A : FF;
  CB7B : FF;
  CB7C : FF;
  CB7D : FF;
  CB7E : FF;
  CB7F : FF;
  CB80 : FF;
  CB81 : FF;
  CB82 : FF;
  CB83 : FF;
  CB84 : FF;
  CB85 : FF;
  CB86 : FF;
  CB87 : FF;
  CB88 : FF;
  CB89 : FF;
  CB8A : FF;
  CB8B : FF;
  CB8C : FF;
  CB8D : FF;
  CB8E : FF;
  CB8F : FF;
  CB90 : FF;
  CB91 : FF;
  CB92 : FF;
  CB93 : FF;
  CB94 : FF;
  CB95 : FF;
  CB96 : FF;
  CB97 : FF;
  CB98 : FF;
  CB99 : FF;
  CB9A : FF;
  CB9B : FF;
  CB9C : FF;
  CB9D : FF;
  CB9E : FF;
  CB9F : FF;
  CBA0 : FF;
  CBA1 : FF;
  CBA2 : FF;
  CBA3 : FF;
  CBA4 : FF;
  CBA5 : FF;
  CBA6 : FF;
  CBA7 : FF;
  CBA8 : FF;
  CBA9 : FF;
  CBAA : FF;
  CBAB : FF;
  CBAC : FF;
  CBAD : FF;
  CBAE : FF;
  CBAF : FF;
  CBB0 : FF;
  CBB1 : FF;
  CBB2 : FF;
  CBB3 : FF;
  CBB4 : FF;
  CBB5 : FF;
  CBB6 : FF;
  CBB7 : FF;
  CBB8 : FF;
  CBB9 : FF;
  CBBA : FF;
  CBBB : FF;
  CBBC : FF;
  CBBD : FF;
  CBBE : FF;
  CBBF : FF;
  CBC0 : FF;
  CBC1 : FF;
  CBC2 : FF;
  CBC3 : FF;
  CBC4 : FF;
  CBC5 : FF;
  CBC6 : FF;
  CBC7 : FF;
  CBC8 : FF;
  CBC9 : FF;
  CBCA : FF;
  CBCB : FF;
  CBCC : FF;
  CBCD : FF;
  CBCE : FF;
  CBCF : FF;
  CBD0 : FF;
  CBD1 : FF;
  CBD2 : FF;
  CBD3 : FF;
  CBD4 : FF;
  CBD5 : FF;
  CBD6 : FF;
  CBD7 : FF;
  CBD8 : FF;
  CBD9 : FF;
  CBDA : FF;
  CBDB : FF;
  CBDC : FF;
  CBDD : FF;
  CBDE : FF;
  CBDF : FF;
  CBE0 : FF;
  CBE1 : FF;
  CBE2 : FF;
  CBE3 : FF;
  CBE4 : FF;
  CBE5 : FF;
  CBE6 : FF;
  CBE7 : FF;
  CBE8 : FF;
  CBE9 : FF;
  CBEA : FF;
  CBEB : FF;
  CBEC : FF;
  CBED : FF;
  CBEE : FF;
  CBEF : FF;
  CBF0 : FF;
  CBF1 : FF;
  CBF2 : FF;
  CBF3 : FF;
  CBF4 : FF;
  CBF5 : FF;
  CBF6 : FF;
  CBF7 : FF;
  CBF8 : FF;
  CBF9 : FF;
  CBFA : FF;
  CBFB : FF;
  CBFC : FF;
  CBFD : FF;
  CBFE : FF;
  CBFF : FF;
  CC00 : FF;
  CC01 : FF;
  CC02 : FF;
  CC03 : FF;
  CC04 : FF;
  CC05 : FF;
  CC06 : FF;
  CC07 : FF;
  CC08 : FF;
  CC09 : FF;
  CC0A : FF;
  CC0B : FF;
  CC0C : FF;
  CC0D : FF;
  CC0E : FF;
  CC0F : FF;
  CC10 : FF;
  CC11 : FF;
  CC12 : FF;
  CC13 : FF;
  CC14 : FF;
  CC15 : FF;
  CC16 : FF;
  CC17 : FF;
  CC18 : FF;
  CC19 : FF;
  CC1A : FF;
  CC1B : FF;
  CC1C : FF;
  CC1D : FF;
  CC1E : FF;
  CC1F : FF;
  CC20 : FF;
  CC21 : FF;
  CC22 : FF;
  CC23 : FF;
  CC24 : FF;
  CC25 : FF;
  CC26 : FF;
  CC27 : FF;
  CC28 : FF;
  CC29 : FF;
  CC2A : FF;
  CC2B : FF;
  CC2C : FF;
  CC2D : FF;
  CC2E : FF;
  CC2F : FF;
  CC30 : FF;
  CC31 : FF;
  CC32 : FF;
  CC33 : FF;
  CC34 : FF;
  CC35 : FF;
  CC36 : FF;
  CC37 : FF;
  CC38 : FF;
  CC39 : FF;
  CC3A : FF;
  CC3B : FF;
  CC3C : FF;
  CC3D : FF;
  CC3E : FF;
  CC3F : FF;
  CC40 : FF;
  CC41 : FF;
  CC42 : FF;
  CC43 : FF;
  CC44 : FF;
  CC45 : FF;
  CC46 : FF;
  CC47 : FF;
  CC48 : FF;
  CC49 : FF;
  CC4A : FF;
  CC4B : FF;
  CC4C : FF;
  CC4D : FF;
  CC4E : FF;
  CC4F : FF;
  CC50 : FF;
  CC51 : FF;
  CC52 : FF;
  CC53 : FF;
  CC54 : FF;
  CC55 : FF;
  CC56 : FF;
  CC57 : FF;
  CC58 : FF;
  CC59 : FF;
  CC5A : FF;
  CC5B : FF;
  CC5C : FF;
  CC5D : FF;
  CC5E : FF;
  CC5F : FF;
  CC60 : FF;
  CC61 : FF;
  CC62 : FF;
  CC63 : FF;
  CC64 : FF;
  CC65 : FF;
  CC66 : FF;
  CC67 : FF;
  CC68 : FF;
  CC69 : FF;
  CC6A : FF;
  CC6B : FF;
  CC6C : FF;
  CC6D : FF;
  CC6E : FF;
  CC6F : FF;
  CC70 : FF;
  CC71 : FF;
  CC72 : FF;
  CC73 : FF;
  CC74 : FF;
  CC75 : FF;
  CC76 : FF;
  CC77 : FF;
  CC78 : FF;
  CC79 : FF;
  CC7A : FF;
  CC7B : FF;
  CC7C : FF;
  CC7D : FF;
  CC7E : FF;
  CC7F : FF;
  CC80 : FF;
  CC81 : FF;
  CC82 : FF;
  CC83 : FF;
  CC84 : FF;
  CC85 : FF;
  CC86 : FF;
  CC87 : FF;
  CC88 : FF;
  CC89 : FF;
  CC8A : FF;
  CC8B : FF;
  CC8C : FF;
  CC8D : FF;
  CC8E : FF;
  CC8F : FF;
  CC90 : FF;
  CC91 : FF;
  CC92 : FF;
  CC93 : FF;
  CC94 : FF;
  CC95 : FF;
  CC96 : FF;
  CC97 : FF;
  CC98 : FF;
  CC99 : FF;
  CC9A : FF;
  CC9B : FF;
  CC9C : FF;
  CC9D : FF;
  CC9E : FF;
  CC9F : FF;
  CCA0 : FF;
  CCA1 : FF;
  CCA2 : FF;
  CCA3 : FF;
  CCA4 : FF;
  CCA5 : FF;
  CCA6 : FF;
  CCA7 : FF;
  CCA8 : FF;
  CCA9 : FF;
  CCAA : FF;
  CCAB : FF;
  CCAC : FF;
  CCAD : FF;
  CCAE : FF;
  CCAF : FF;
  CCB0 : FF;
  CCB1 : FF;
  CCB2 : FF;
  CCB3 : FF;
  CCB4 : FF;
  CCB5 : FF;
  CCB6 : FF;
  CCB7 : FF;
  CCB8 : FF;
  CCB9 : FF;
  CCBA : FF;
  CCBB : FF;
  CCBC : FF;
  CCBD : FF;
  CCBE : FF;
  CCBF : FF;
  CCC0 : FF;
  CCC1 : FF;
  CCC2 : FF;
  CCC3 : FF;
  CCC4 : FF;
  CCC5 : FF;
  CCC6 : FF;
  CCC7 : FF;
  CCC8 : FF;
  CCC9 : FF;
  CCCA : FF;
  CCCB : FF;
  CCCC : FF;
  CCCD : FF;
  CCCE : FF;
  CCCF : FF;
  CCD0 : FF;
  CCD1 : FF;
  CCD2 : FF;
  CCD3 : FF;
  CCD4 : FF;
  CCD5 : FF;
  CCD6 : FF;
  CCD7 : FF;
  CCD8 : FF;
  CCD9 : FF;
  CCDA : FF;
  CCDB : FF;
  CCDC : FF;
  CCDD : FF;
  CCDE : FF;
  CCDF : FF;
  CCE0 : FF;
  CCE1 : FF;
  CCE2 : FF;
  CCE3 : FF;
  CCE4 : FF;
  CCE5 : FF;
  CCE6 : FF;
  CCE7 : FF;
  CCE8 : FF;
  CCE9 : FF;
  CCEA : FF;
  CCEB : FF;
  CCEC : FF;
  CCED : FF;
  CCEE : FF;
  CCEF : FF;
  CCF0 : FF;
  CCF1 : FF;
  CCF2 : FF;
  CCF3 : FF;
  CCF4 : FF;
  CCF5 : FF;
  CCF6 : FF;
  CCF7 : FF;
  CCF8 : FF;
  CCF9 : FF;
  CCFA : FF;
  CCFB : FF;
  CCFC : FF;
  CCFD : FF;
  CCFE : FF;
  CCFF : FF;
  CD00 : FF;
  CD01 : FF;
  CD02 : FF;
  CD03 : FF;
  CD04 : FF;
  CD05 : FF;
  CD06 : FF;
  CD07 : FF;
  CD08 : FF;
  CD09 : FF;
  CD0A : FF;
  CD0B : FF;
  CD0C : FF;
  CD0D : FF;
  CD0E : FF;
  CD0F : FF;
  CD10 : FF;
  CD11 : FF;
  CD12 : FF;
  CD13 : FF;
  CD14 : FF;
  CD15 : FF;
  CD16 : FF;
  CD17 : FF;
  CD18 : FF;
  CD19 : FF;
  CD1A : FF;
  CD1B : FF;
  CD1C : FF;
  CD1D : FF;
  CD1E : FF;
  CD1F : FF;
  CD20 : FF;
  CD21 : FF;
  CD22 : FF;
  CD23 : FF;
  CD24 : FF;
  CD25 : FF;
  CD26 : FF;
  CD27 : FF;
  CD28 : FF;
  CD29 : FF;
  CD2A : FF;
  CD2B : FF;
  CD2C : FF;
  CD2D : FF;
  CD2E : FF;
  CD2F : FF;
  CD30 : FF;
  CD31 : FF;
  CD32 : FF;
  CD33 : FF;
  CD34 : FF;
  CD35 : FF;
  CD36 : FF;
  CD37 : FF;
  CD38 : FF;
  CD39 : FF;
  CD3A : FF;
  CD3B : FF;
  CD3C : FF;
  CD3D : FF;
  CD3E : FF;
  CD3F : FF;
  CD40 : FF;
  CD41 : FF;
  CD42 : FF;
  CD43 : FF;
  CD44 : FF;
  CD45 : FF;
  CD46 : FF;
  CD47 : FF;
  CD48 : FF;
  CD49 : FF;
  CD4A : FF;
  CD4B : FF;
  CD4C : FF;
  CD4D : FF;
  CD4E : FF;
  CD4F : FF;
  CD50 : FF;
  CD51 : FF;
  CD52 : FF;
  CD53 : FF;
  CD54 : FF;
  CD55 : FF;
  CD56 : FF;
  CD57 : FF;
  CD58 : FF;
  CD59 : FF;
  CD5A : FF;
  CD5B : FF;
  CD5C : FF;
  CD5D : FF;
  CD5E : FF;
  CD5F : FF;
  CD60 : FF;
  CD61 : FF;
  CD62 : FF;
  CD63 : FF;
  CD64 : FF;
  CD65 : FF;
  CD66 : FF;
  CD67 : FF;
  CD68 : FF;
  CD69 : FF;
  CD6A : FF;
  CD6B : FF;
  CD6C : FF;
  CD6D : FF;
  CD6E : FF;
  CD6F : FF;
  CD70 : FF;
  CD71 : FF;
  CD72 : FF;
  CD73 : FF;
  CD74 : FF;
  CD75 : FF;
  CD76 : FF;
  CD77 : FF;
  CD78 : FF;
  CD79 : FF;
  CD7A : FF;
  CD7B : FF;
  CD7C : FF;
  CD7D : FF;
  CD7E : FF;
  CD7F : FF;
  CD80 : FF;
  CD81 : FF;
  CD82 : FF;
  CD83 : FF;
  CD84 : FF;
  CD85 : FF;
  CD86 : FF;
  CD87 : FF;
  CD88 : FF;
  CD89 : FF;
  CD8A : FF;
  CD8B : FF;
  CD8C : FF;
  CD8D : FF;
  CD8E : FF;
  CD8F : FF;
  CD90 : FF;
  CD91 : FF;
  CD92 : FF;
  CD93 : FF;
  CD94 : FF;
  CD95 : FF;
  CD96 : FF;
  CD97 : FF;
  CD98 : FF;
  CD99 : FF;
  CD9A : FF;
  CD9B : FF;
  CD9C : FF;
  CD9D : FF;
  CD9E : FF;
  CD9F : FF;
  CDA0 : FF;
  CDA1 : FF;
  CDA2 : FF;
  CDA3 : FF;
  CDA4 : FF;
  CDA5 : FF;
  CDA6 : FF;
  CDA7 : FF;
  CDA8 : FF;
  CDA9 : FF;
  CDAA : FF;
  CDAB : FF;
  CDAC : FF;
  CDAD : FF;
  CDAE : FF;
  CDAF : FF;
  CDB0 : FF;
  CDB1 : FF;
  CDB2 : FF;
  CDB3 : FF;
  CDB4 : FF;
  CDB5 : FF;
  CDB6 : FF;
  CDB7 : FF;
  CDB8 : FF;
  CDB9 : FF;
  CDBA : FF;
  CDBB : FF;
  CDBC : FF;
  CDBD : FF;
  CDBE : FF;
  CDBF : FF;
  CDC0 : FF;
  CDC1 : FF;
  CDC2 : FF;
  CDC3 : FF;
  CDC4 : FF;
  CDC5 : FF;
  CDC6 : FF;
  CDC7 : FF;
  CDC8 : FF;
  CDC9 : FF;
  CDCA : FF;
  CDCB : FF;
  CDCC : FF;
  CDCD : FF;
  CDCE : FF;
  CDCF : FF;
  CDD0 : FF;
  CDD1 : FF;
  CDD2 : FF;
  CDD3 : FF;
  CDD4 : FF;
  CDD5 : FF;
  CDD6 : FF;
  CDD7 : FF;
  CDD8 : FF;
  CDD9 : FF;
  CDDA : FF;
  CDDB : FF;
  CDDC : FF;
  CDDD : FF;
  CDDE : FF;
  CDDF : FF;
  CDE0 : FF;
  CDE1 : FF;
  CDE2 : FF;
  CDE3 : FF;
  CDE4 : FF;
  CDE5 : FF;
  CDE6 : FF;
  CDE7 : FF;
  CDE8 : FF;
  CDE9 : FF;
  CDEA : FF;
  CDEB : FF;
  CDEC : FF;
  CDED : FF;
  CDEE : FF;
  CDEF : FF;
  CDF0 : FF;
  CDF1 : FF;
  CDF2 : FF;
  CDF3 : FF;
  CDF4 : FF;
  CDF5 : FF;
  CDF6 : FF;
  CDF7 : FF;
  CDF8 : FF;
  CDF9 : FF;
  CDFA : FF;
  CDFB : FF;
  CDFC : FF;
  CDFD : FF;
  CDFE : FF;
  CDFF : FF;
  CE00 : FF;
  CE01 : FF;
  CE02 : FF;
  CE03 : FF;
  CE04 : FF;
  CE05 : FF;
  CE06 : FF;
  CE07 : FF;
  CE08 : FF;
  CE09 : FF;
  CE0A : FF;
  CE0B : FF;
  CE0C : FF;
  CE0D : FF;
  CE0E : FF;
  CE0F : FF;
  CE10 : FF;
  CE11 : FF;
  CE12 : FF;
  CE13 : FF;
  CE14 : FF;
  CE15 : FF;
  CE16 : FF;
  CE17 : FF;
  CE18 : FF;
  CE19 : FF;
  CE1A : FF;
  CE1B : FF;
  CE1C : FF;
  CE1D : FF;
  CE1E : FF;
  CE1F : FF;
  CE20 : FF;
  CE21 : FF;
  CE22 : FF;
  CE23 : FF;
  CE24 : FF;
  CE25 : FF;
  CE26 : FF;
  CE27 : FF;
  CE28 : FF;
  CE29 : FF;
  CE2A : FF;
  CE2B : FF;
  CE2C : FF;
  CE2D : FF;
  CE2E : FF;
  CE2F : FF;
  CE30 : FF;
  CE31 : FF;
  CE32 : FF;
  CE33 : FF;
  CE34 : FF;
  CE35 : FF;
  CE36 : FF;
  CE37 : FF;
  CE38 : FF;
  CE39 : FF;
  CE3A : FF;
  CE3B : FF;
  CE3C : FF;
  CE3D : FF;
  CE3E : FF;
  CE3F : FF;
  CE40 : FF;
  CE41 : FF;
  CE42 : FF;
  CE43 : FF;
  CE44 : FF;
  CE45 : FF;
  CE46 : FF;
  CE47 : FF;
  CE48 : FF;
  CE49 : FF;
  CE4A : FF;
  CE4B : FF;
  CE4C : FF;
  CE4D : FF;
  CE4E : FF;
  CE4F : FF;
  CE50 : FF;
  CE51 : FF;
  CE52 : FF;
  CE53 : FF;
  CE54 : FF;
  CE55 : FF;
  CE56 : FF;
  CE57 : FF;
  CE58 : FF;
  CE59 : FF;
  CE5A : FF;
  CE5B : FF;
  CE5C : FF;
  CE5D : FF;
  CE5E : FF;
  CE5F : FF;
  CE60 : FF;
  CE61 : FF;
  CE62 : FF;
  CE63 : FF;
  CE64 : FF;
  CE65 : FF;
  CE66 : FF;
  CE67 : FF;
  CE68 : FF;
  CE69 : FF;
  CE6A : FF;
  CE6B : FF;
  CE6C : FF;
  CE6D : FF;
  CE6E : FF;
  CE6F : FF;
  CE70 : FF;
  CE71 : FF;
  CE72 : FF;
  CE73 : FF;
  CE74 : FF;
  CE75 : FF;
  CE76 : FF;
  CE77 : FF;
  CE78 : FF;
  CE79 : FF;
  CE7A : FF;
  CE7B : FF;
  CE7C : FF;
  CE7D : FF;
  CE7E : FF;
  CE7F : FF;
  CE80 : FF;
  CE81 : FF;
  CE82 : FF;
  CE83 : FF;
  CE84 : FF;
  CE85 : FF;
  CE86 : FF;
  CE87 : FF;
  CE88 : FF;
  CE89 : FF;
  CE8A : FF;
  CE8B : FF;
  CE8C : FF;
  CE8D : FF;
  CE8E : FF;
  CE8F : FF;
  CE90 : FF;
  CE91 : FF;
  CE92 : FF;
  CE93 : FF;
  CE94 : FF;
  CE95 : FF;
  CE96 : FF;
  CE97 : FF;
  CE98 : FF;
  CE99 : FF;
  CE9A : FF;
  CE9B : FF;
  CE9C : FF;
  CE9D : FF;
  CE9E : FF;
  CE9F : FF;
  CEA0 : FF;
  CEA1 : FF;
  CEA2 : FF;
  CEA3 : FF;
  CEA4 : FF;
  CEA5 : FF;
  CEA6 : FF;
  CEA7 : FF;
  CEA8 : FF;
  CEA9 : FF;
  CEAA : FF;
  CEAB : FF;
  CEAC : FF;
  CEAD : FF;
  CEAE : FF;
  CEAF : FF;
  CEB0 : FF;
  CEB1 : FF;
  CEB2 : FF;
  CEB3 : FF;
  CEB4 : FF;
  CEB5 : FF;
  CEB6 : FF;
  CEB7 : FF;
  CEB8 : FF;
  CEB9 : FF;
  CEBA : FF;
  CEBB : FF;
  CEBC : FF;
  CEBD : FF;
  CEBE : FF;
  CEBF : FF;
  CEC0 : FF;
  CEC1 : FF;
  CEC2 : FF;
  CEC3 : FF;
  CEC4 : FF;
  CEC5 : FF;
  CEC6 : FF;
  CEC7 : FF;
  CEC8 : FF;
  CEC9 : FF;
  CECA : FF;
  CECB : FF;
  CECC : FF;
  CECD : FF;
  CECE : FF;
  CECF : FF;
  CED0 : FF;
  CED1 : FF;
  CED2 : FF;
  CED3 : FF;
  CED4 : FF;
  CED5 : FF;
  CED6 : FF;
  CED7 : FF;
  CED8 : FF;
  CED9 : FF;
  CEDA : FF;
  CEDB : FF;
  CEDC : FF;
  CEDD : FF;
  CEDE : FF;
  CEDF : FF;
  CEE0 : FF;
  CEE1 : FF;
  CEE2 : FF;
  CEE3 : FF;
  CEE4 : FF;
  CEE5 : FF;
  CEE6 : FF;
  CEE7 : FF;
  CEE8 : FF;
  CEE9 : FF;
  CEEA : FF;
  CEEB : FF;
  CEEC : FF;
  CEED : FF;
  CEEE : FF;
  CEEF : FF;
  CEF0 : FF;
  CEF1 : FF;
  CEF2 : FF;
  CEF3 : FF;
  CEF4 : FF;
  CEF5 : FF;
  CEF6 : FF;
  CEF7 : FF;
  CEF8 : FF;
  CEF9 : FF;
  CEFA : FF;
  CEFB : FF;
  CEFC : FF;
  CEFD : FF;
  CEFE : FF;
  CEFF : FF;
  CF00 : FF;
  CF01 : FF;
  CF02 : FF;
  CF03 : FF;
  CF04 : FF;
  CF05 : FF;
  CF06 : FF;
  CF07 : FF;
  CF08 : FF;
  CF09 : FF;
  CF0A : FF;
  CF0B : FF;
  CF0C : FF;
  CF0D : FF;
  CF0E : FF;
  CF0F : FF;
  CF10 : FF;
  CF11 : FF;
  CF12 : FF;
  CF13 : FF;
  CF14 : FF;
  CF15 : FF;
  CF16 : FF;
  CF17 : FF;
  CF18 : FF;
  CF19 : FF;
  CF1A : FF;
  CF1B : FF;
  CF1C : FF;
  CF1D : FF;
  CF1E : FF;
  CF1F : FF;
  CF20 : FF;
  CF21 : FF;
  CF22 : FF;
  CF23 : FF;
  CF24 : FF;
  CF25 : FF;
  CF26 : FF;
  CF27 : FF;
  CF28 : FF;
  CF29 : FF;
  CF2A : FF;
  CF2B : FF;
  CF2C : FF;
  CF2D : FF;
  CF2E : FF;
  CF2F : FF;
  CF30 : FF;
  CF31 : FF;
  CF32 : FF;
  CF33 : FF;
  CF34 : FF;
  CF35 : FF;
  CF36 : FF;
  CF37 : FF;
  CF38 : FF;
  CF39 : FF;
  CF3A : FF;
  CF3B : FF;
  CF3C : FF;
  CF3D : FF;
  CF3E : FF;
  CF3F : FF;
  CF40 : FF;
  CF41 : FF;
  CF42 : FF;
  CF43 : FF;
  CF44 : FF;
  CF45 : FF;
  CF46 : FF;
  CF47 : FF;
  CF48 : FF;
  CF49 : FF;
  CF4A : FF;
  CF4B : FF;
  CF4C : FF;
  CF4D : FF;
  CF4E : FF;
  CF4F : FF;
  CF50 : FF;
  CF51 : FF;
  CF52 : FF;
  CF53 : FF;
  CF54 : FF;
  CF55 : FF;
  CF56 : FF;
  CF57 : FF;
  CF58 : FF;
  CF59 : FF;
  CF5A : FF;
  CF5B : FF;
  CF5C : FF;
  CF5D : FF;
  CF5E : FF;
  CF5F : FF;
  CF60 : FF;
  CF61 : FF;
  CF62 : FF;
  CF63 : FF;
  CF64 : FF;
  CF65 : FF;
  CF66 : FF;
  CF67 : FF;
  CF68 : FF;
  CF69 : FF;
  CF6A : FF;
  CF6B : FF;
  CF6C : FF;
  CF6D : FF;
  CF6E : FF;
  CF6F : FF;
  CF70 : FF;
  CF71 : FF;
  CF72 : FF;
  CF73 : FF;
  CF74 : FF;
  CF75 : FF;
  CF76 : FF;
  CF77 : FF;
  CF78 : FF;
  CF79 : FF;
  CF7A : FF;
  CF7B : FF;
  CF7C : FF;
  CF7D : FF;
  CF7E : FF;
  CF7F : FF;
  CF80 : FF;
  CF81 : FF;
  CF82 : FF;
  CF83 : FF;
  CF84 : FF;
  CF85 : FF;
  CF86 : FF;
  CF87 : FF;
  CF88 : FF;
  CF89 : FF;
  CF8A : FF;
  CF8B : FF;
  CF8C : FF;
  CF8D : FF;
  CF8E : FF;
  CF8F : FF;
  CF90 : FF;
  CF91 : FF;
  CF92 : FF;
  CF93 : FF;
  CF94 : FF;
  CF95 : FF;
  CF96 : FF;
  CF97 : FF;
  CF98 : FF;
  CF99 : FF;
  CF9A : FF;
  CF9B : FF;
  CF9C : FF;
  CF9D : FF;
  CF9E : FF;
  CF9F : FF;
  CFA0 : FF;
  CFA1 : FF;
  CFA2 : FF;
  CFA3 : FF;
  CFA4 : FF;
  CFA5 : FF;
  CFA6 : FF;
  CFA7 : FF;
  CFA8 : FF;
  CFA9 : FF;
  CFAA : FF;
  CFAB : FF;
  CFAC : FF;
  CFAD : FF;
  CFAE : FF;
  CFAF : FF;
  CFB0 : FF;
  CFB1 : FF;
  CFB2 : FF;
  CFB3 : FF;
  CFB4 : FF;
  CFB5 : FF;
  CFB6 : FF;
  CFB7 : FF;
  CFB8 : FF;
  CFB9 : FF;
  CFBA : FF;
  CFBB : FF;
  CFBC : FF;
  CFBD : FF;
  CFBE : FF;
  CFBF : FF;
  CFC0 : FF;
  CFC1 : FF;
  CFC2 : FF;
  CFC3 : FF;
  CFC4 : FF;
  CFC5 : FF;
  CFC6 : FF;
  CFC7 : FF;
  CFC8 : FF;
  CFC9 : FF;
  CFCA : FF;
  CFCB : FF;
  CFCC : FF;
  CFCD : FF;
  CFCE : FF;
  CFCF : FF;
  CFD0 : FF;
  CFD1 : FF;
  CFD2 : FF;
  CFD3 : FF;
  CFD4 : FF;
  CFD5 : FF;
  CFD6 : FF;
  CFD7 : FF;
  CFD8 : FF;
  CFD9 : FF;
  CFDA : FF;
  CFDB : FF;
  CFDC : FF;
  CFDD : FF;
  CFDE : FF;
  CFDF : FF;
  CFE0 : FF;
  CFE1 : FF;
  CFE2 : FF;
  CFE3 : FF;
  CFE4 : FF;
  CFE5 : FF;
  CFE6 : FF;
  CFE7 : FF;
  CFE8 : FF;
  CFE9 : FF;
  CFEA : FF;
  CFEB : FF;
  CFEC : FF;
  CFED : FF;
  CFEE : FF;
  CFEF : FF;
  CFF0 : FF;
  CFF1 : FF;
  CFF2 : FF;
  CFF3 : FF;
  CFF4 : FF;
  CFF5 : FF;
  CFF6 : FF;
  CFF7 : FF;
  CFF8 : FF;
  CFF9 : FF;
  CFFA : FF;
  CFFB : FF;
  CFFC : FF;
  CFFD : FF;
  CFFE : FF;
  CFFF : FF;
  D000 : FF;
  D001 : FF;
  D002 : FF;
  D003 : FF;
  D004 : FF;
  D005 : FF;
  D006 : FF;
  D007 : FF;
  D008 : FF;
  D009 : FF;
  D00A : FF;
  D00B : FF;
  D00C : FF;
  D00D : FF;
  D00E : FF;
  D00F : FF;
  D010 : FF;
  D011 : FF;
  D012 : FF;
  D013 : FF;
  D014 : FF;
  D015 : FF;
  D016 : FF;
  D017 : FF;
  D018 : FF;
  D019 : FF;
  D01A : FF;
  D01B : FF;
  D01C : FF;
  D01D : FF;
  D01E : FF;
  D01F : FF;
  D020 : FF;
  D021 : FF;
  D022 : FF;
  D023 : FF;
  D024 : FF;
  D025 : FF;
  D026 : FF;
  D027 : FF;
  D028 : FF;
  D029 : FF;
  D02A : FF;
  D02B : FF;
  D02C : FF;
  D02D : FF;
  D02E : FF;
  D02F : FF;
  D030 : FF;
  D031 : FF;
  D032 : FF;
  D033 : FF;
  D034 : FF;
  D035 : FF;
  D036 : FF;
  D037 : FF;
  D038 : FF;
  D039 : FF;
  D03A : FF;
  D03B : FF;
  D03C : FF;
  D03D : FF;
  D03E : FF;
  D03F : FF;
  D040 : FF;
  D041 : FF;
  D042 : FF;
  D043 : FF;
  D044 : FF;
  D045 : FF;
  D046 : FF;
  D047 : FF;
  D048 : FF;
  D049 : FF;
  D04A : FF;
  D04B : FF;
  D04C : FF;
  D04D : FF;
  D04E : FF;
  D04F : FF;
  D050 : FF;
  D051 : FF;
  D052 : FF;
  D053 : FF;
  D054 : FF;
  D055 : FF;
  D056 : FF;
  D057 : FF;
  D058 : FF;
  D059 : FF;
  D05A : FF;
  D05B : FF;
  D05C : FF;
  D05D : FF;
  D05E : FF;
  D05F : FF;
  D060 : FF;
  D061 : FF;
  D062 : FF;
  D063 : FF;
  D064 : FF;
  D065 : FF;
  D066 : FF;
  D067 : FF;
  D068 : FF;
  D069 : FF;
  D06A : FF;
  D06B : FF;
  D06C : FF;
  D06D : FF;
  D06E : FF;
  D06F : FF;
  D070 : FF;
  D071 : FF;
  D072 : FF;
  D073 : FF;
  D074 : FF;
  D075 : FF;
  D076 : FF;
  D077 : FF;
  D078 : FF;
  D079 : FF;
  D07A : FF;
  D07B : FF;
  D07C : FF;
  D07D : FF;
  D07E : FF;
  D07F : FF;
  D080 : FF;
  D081 : FF;
  D082 : FF;
  D083 : FF;
  D084 : FF;
  D085 : FF;
  D086 : FF;
  D087 : FF;
  D088 : FF;
  D089 : FF;
  D08A : FF;
  D08B : FF;
  D08C : FF;
  D08D : FF;
  D08E : FF;
  D08F : FF;
  D090 : FF;
  D091 : FF;
  D092 : FF;
  D093 : FF;
  D094 : FF;
  D095 : FF;
  D096 : FF;
  D097 : FF;
  D098 : FF;
  D099 : FF;
  D09A : FF;
  D09B : FF;
  D09C : FF;
  D09D : FF;
  D09E : FF;
  D09F : FF;
  D0A0 : FF;
  D0A1 : FF;
  D0A2 : FF;
  D0A3 : FF;
  D0A4 : FF;
  D0A5 : FF;
  D0A6 : FF;
  D0A7 : FF;
  D0A8 : FF;
  D0A9 : FF;
  D0AA : FF;
  D0AB : FF;
  D0AC : FF;
  D0AD : FF;
  D0AE : FF;
  D0AF : FF;
  D0B0 : FF;
  D0B1 : FF;
  D0B2 : FF;
  D0B3 : FF;
  D0B4 : FF;
  D0B5 : FF;
  D0B6 : FF;
  D0B7 : FF;
  D0B8 : FF;
  D0B9 : FF;
  D0BA : FF;
  D0BB : FF;
  D0BC : FF;
  D0BD : FF;
  D0BE : FF;
  D0BF : FF;
  D0C0 : FF;
  D0C1 : FF;
  D0C2 : FF;
  D0C3 : FF;
  D0C4 : FF;
  D0C5 : FF;
  D0C6 : FF;
  D0C7 : FF;
  D0C8 : FF;
  D0C9 : FF;
  D0CA : FF;
  D0CB : FF;
  D0CC : FF;
  D0CD : FF;
  D0CE : FF;
  D0CF : FF;
  D0D0 : FF;
  D0D1 : FF;
  D0D2 : FF;
  D0D3 : FF;
  D0D4 : FF;
  D0D5 : FF;
  D0D6 : FF;
  D0D7 : FF;
  D0D8 : FF;
  D0D9 : FF;
  D0DA : FF;
  D0DB : FF;
  D0DC : FF;
  D0DD : FF;
  D0DE : FF;
  D0DF : FF;
  D0E0 : FF;
  D0E1 : FF;
  D0E2 : FF;
  D0E3 : FF;
  D0E4 : FF;
  D0E5 : FF;
  D0E6 : FF;
  D0E7 : FF;
  D0E8 : FF;
  D0E9 : FF;
  D0EA : FF;
  D0EB : FF;
  D0EC : FF;
  D0ED : FF;
  D0EE : FF;
  D0EF : FF;
  D0F0 : FF;
  D0F1 : FF;
  D0F2 : FF;
  D0F3 : FF;
  D0F4 : FF;
  D0F5 : FF;
  D0F6 : FF;
  D0F7 : FF;
  D0F8 : FF;
  D0F9 : FF;
  D0FA : FF;
  D0FB : FF;
  D0FC : FF;
  D0FD : FF;
  D0FE : FF;
  D0FF : FF;
  D100 : FF;
  D101 : FF;
  D102 : FF;
  D103 : FF;
  D104 : FF;
  D105 : FF;
  D106 : FF;
  D107 : FF;
  D108 : FF;
  D109 : FF;
  D10A : FF;
  D10B : FF;
  D10C : FF;
  D10D : FF;
  D10E : FF;
  D10F : FF;
  D110 : FF;
  D111 : FF;
  D112 : FF;
  D113 : FF;
  D114 : FF;
  D115 : FF;
  D116 : FF;
  D117 : FF;
  D118 : FF;
  D119 : FF;
  D11A : FF;
  D11B : FF;
  D11C : FF;
  D11D : FF;
  D11E : FF;
  D11F : FF;
  D120 : FF;
  D121 : FF;
  D122 : FF;
  D123 : FF;
  D124 : FF;
  D125 : FF;
  D126 : FF;
  D127 : FF;
  D128 : FF;
  D129 : FF;
  D12A : FF;
  D12B : FF;
  D12C : FF;
  D12D : FF;
  D12E : FF;
  D12F : FF;
  D130 : FF;
  D131 : FF;
  D132 : FF;
  D133 : FF;
  D134 : FF;
  D135 : FF;
  D136 : FF;
  D137 : FF;
  D138 : FF;
  D139 : FF;
  D13A : FF;
  D13B : FF;
  D13C : FF;
  D13D : FF;
  D13E : FF;
  D13F : FF;
  D140 : FF;
  D141 : FF;
  D142 : FF;
  D143 : FF;
  D144 : FF;
  D145 : FF;
  D146 : FF;
  D147 : FF;
  D148 : FF;
  D149 : FF;
  D14A : FF;
  D14B : FF;
  D14C : FF;
  D14D : FF;
  D14E : FF;
  D14F : FF;
  D150 : FF;
  D151 : FF;
  D152 : FF;
  D153 : FF;
  D154 : FF;
  D155 : FF;
  D156 : FF;
  D157 : FF;
  D158 : FF;
  D159 : FF;
  D15A : FF;
  D15B : FF;
  D15C : FF;
  D15D : FF;
  D15E : FF;
  D15F : FF;
  D160 : FF;
  D161 : FF;
  D162 : FF;
  D163 : FF;
  D164 : FF;
  D165 : FF;
  D166 : FF;
  D167 : FF;
  D168 : FF;
  D169 : FF;
  D16A : FF;
  D16B : FF;
  D16C : FF;
  D16D : FF;
  D16E : FF;
  D16F : FF;
  D170 : FF;
  D171 : FF;
  D172 : FF;
  D173 : FF;
  D174 : FF;
  D175 : FF;
  D176 : FF;
  D177 : FF;
  D178 : FF;
  D179 : FF;
  D17A : FF;
  D17B : FF;
  D17C : FF;
  D17D : FF;
  D17E : FF;
  D17F : FF;
  D180 : FF;
  D181 : FF;
  D182 : FF;
  D183 : FF;
  D184 : FF;
  D185 : FF;
  D186 : FF;
  D187 : FF;
  D188 : FF;
  D189 : FF;
  D18A : FF;
  D18B : FF;
  D18C : FF;
  D18D : FF;
  D18E : FF;
  D18F : FF;
  D190 : FF;
  D191 : FF;
  D192 : FF;
  D193 : FF;
  D194 : FF;
  D195 : FF;
  D196 : FF;
  D197 : FF;
  D198 : FF;
  D199 : FF;
  D19A : FF;
  D19B : FF;
  D19C : FF;
  D19D : FF;
  D19E : FF;
  D19F : FF;
  D1A0 : FF;
  D1A1 : FF;
  D1A2 : FF;
  D1A3 : FF;
  D1A4 : FF;
  D1A5 : FF;
  D1A6 : FF;
  D1A7 : FF;
  D1A8 : FF;
  D1A9 : FF;
  D1AA : FF;
  D1AB : FF;
  D1AC : FF;
  D1AD : FF;
  D1AE : FF;
  D1AF : FF;
  D1B0 : FF;
  D1B1 : FF;
  D1B2 : FF;
  D1B3 : FF;
  D1B4 : FF;
  D1B5 : FF;
  D1B6 : FF;
  D1B7 : FF;
  D1B8 : FF;
  D1B9 : FF;
  D1BA : FF;
  D1BB : FF;
  D1BC : FF;
  D1BD : FF;
  D1BE : FF;
  D1BF : FF;
  D1C0 : FF;
  D1C1 : FF;
  D1C2 : FF;
  D1C3 : FF;
  D1C4 : FF;
  D1C5 : FF;
  D1C6 : FF;
  D1C7 : FF;
  D1C8 : FF;
  D1C9 : FF;
  D1CA : FF;
  D1CB : FF;
  D1CC : FF;
  D1CD : FF;
  D1CE : FF;
  D1CF : FF;
  D1D0 : FF;
  D1D1 : FF;
  D1D2 : FF;
  D1D3 : FF;
  D1D4 : FF;
  D1D5 : FF;
  D1D6 : FF;
  D1D7 : FF;
  D1D8 : FF;
  D1D9 : FF;
  D1DA : FF;
  D1DB : FF;
  D1DC : FF;
  D1DD : FF;
  D1DE : FF;
  D1DF : FF;
  D1E0 : FF;
  D1E1 : FF;
  D1E2 : FF;
  D1E3 : FF;
  D1E4 : FF;
  D1E5 : FF;
  D1E6 : FF;
  D1E7 : FF;
  D1E8 : FF;
  D1E9 : FF;
  D1EA : FF;
  D1EB : FF;
  D1EC : FF;
  D1ED : FF;
  D1EE : FF;
  D1EF : FF;
  D1F0 : FF;
  D1F1 : FF;
  D1F2 : FF;
  D1F3 : FF;
  D1F4 : FF;
  D1F5 : FF;
  D1F6 : FF;
  D1F7 : FF;
  D1F8 : FF;
  D1F9 : FF;
  D1FA : FF;
  D1FB : FF;
  D1FC : FF;
  D1FD : FF;
  D1FE : FF;
  D1FF : FF;
  D200 : FF;
  D201 : FF;
  D202 : FF;
  D203 : FF;
  D204 : FF;
  D205 : FF;
  D206 : FF;
  D207 : FF;
  D208 : FF;
  D209 : FF;
  D20A : FF;
  D20B : FF;
  D20C : FF;
  D20D : FF;
  D20E : FF;
  D20F : FF;
  D210 : FF;
  D211 : FF;
  D212 : FF;
  D213 : FF;
  D214 : FF;
  D215 : FF;
  D216 : FF;
  D217 : FF;
  D218 : FF;
  D219 : FF;
  D21A : FF;
  D21B : FF;
  D21C : FF;
  D21D : FF;
  D21E : FF;
  D21F : FF;
  D220 : FF;
  D221 : FF;
  D222 : FF;
  D223 : FF;
  D224 : FF;
  D225 : FF;
  D226 : FF;
  D227 : FF;
  D228 : FF;
  D229 : FF;
  D22A : FF;
  D22B : FF;
  D22C : FF;
  D22D : FF;
  D22E : FF;
  D22F : FF;
  D230 : FF;
  D231 : FF;
  D232 : FF;
  D233 : FF;
  D234 : FF;
  D235 : FF;
  D236 : FF;
  D237 : FF;
  D238 : FF;
  D239 : FF;
  D23A : FF;
  D23B : FF;
  D23C : FF;
  D23D : FF;
  D23E : FF;
  D23F : FF;
  D240 : FF;
  D241 : FF;
  D242 : FF;
  D243 : FF;
  D244 : FF;
  D245 : FF;
  D246 : FF;
  D247 : FF;
  D248 : FF;
  D249 : FF;
  D24A : FF;
  D24B : FF;
  D24C : FF;
  D24D : FF;
  D24E : FF;
  D24F : FF;
  D250 : FF;
  D251 : FF;
  D252 : FF;
  D253 : FF;
  D254 : FF;
  D255 : FF;
  D256 : FF;
  D257 : FF;
  D258 : FF;
  D259 : FF;
  D25A : FF;
  D25B : FF;
  D25C : FF;
  D25D : FF;
  D25E : FF;
  D25F : FF;
  D260 : FF;
  D261 : FF;
  D262 : FF;
  D263 : FF;
  D264 : FF;
  D265 : FF;
  D266 : FF;
  D267 : FF;
  D268 : FF;
  D269 : FF;
  D26A : FF;
  D26B : FF;
  D26C : FF;
  D26D : FF;
  D26E : FF;
  D26F : FF;
  D270 : FF;
  D271 : FF;
  D272 : FF;
  D273 : FF;
  D274 : FF;
  D275 : FF;
  D276 : FF;
  D277 : FF;
  D278 : FF;
  D279 : FF;
  D27A : FF;
  D27B : FF;
  D27C : FF;
  D27D : FF;
  D27E : FF;
  D27F : FF;
  D280 : FF;
  D281 : FF;
  D282 : FF;
  D283 : FF;
  D284 : FF;
  D285 : FF;
  D286 : FF;
  D287 : FF;
  D288 : FF;
  D289 : FF;
  D28A : FF;
  D28B : FF;
  D28C : FF;
  D28D : FF;
  D28E : FF;
  D28F : FF;
  D290 : FF;
  D291 : FF;
  D292 : FF;
  D293 : FF;
  D294 : FF;
  D295 : FF;
  D296 : FF;
  D297 : FF;
  D298 : FF;
  D299 : FF;
  D29A : FF;
  D29B : FF;
  D29C : FF;
  D29D : FF;
  D29E : FF;
  D29F : FF;
  D2A0 : FF;
  D2A1 : FF;
  D2A2 : FF;
  D2A3 : FF;
  D2A4 : FF;
  D2A5 : FF;
  D2A6 : FF;
  D2A7 : FF;
  D2A8 : FF;
  D2A9 : FF;
  D2AA : FF;
  D2AB : FF;
  D2AC : FF;
  D2AD : FF;
  D2AE : FF;
  D2AF : FF;
  D2B0 : FF;
  D2B1 : FF;
  D2B2 : FF;
  D2B3 : FF;
  D2B4 : FF;
  D2B5 : FF;
  D2B6 : FF;
  D2B7 : FF;
  D2B8 : FF;
  D2B9 : FF;
  D2BA : FF;
  D2BB : FF;
  D2BC : FF;
  D2BD : FF;
  D2BE : FF;
  D2BF : FF;
  D2C0 : FF;
  D2C1 : FF;
  D2C2 : FF;
  D2C3 : FF;
  D2C4 : FF;
  D2C5 : FF;
  D2C6 : FF;
  D2C7 : FF;
  D2C8 : FF;
  D2C9 : FF;
  D2CA : FF;
  D2CB : FF;
  D2CC : FF;
  D2CD : FF;
  D2CE : FF;
  D2CF : FF;
  D2D0 : FF;
  D2D1 : FF;
  D2D2 : FF;
  D2D3 : FF;
  D2D4 : FF;
  D2D5 : FF;
  D2D6 : FF;
  D2D7 : FF;
  D2D8 : FF;
  D2D9 : FF;
  D2DA : FF;
  D2DB : FF;
  D2DC : FF;
  D2DD : FF;
  D2DE : FF;
  D2DF : FF;
  D2E0 : FF;
  D2E1 : FF;
  D2E2 : FF;
  D2E3 : FF;
  D2E4 : FF;
  D2E5 : FF;
  D2E6 : FF;
  D2E7 : FF;
  D2E8 : FF;
  D2E9 : FF;
  D2EA : FF;
  D2EB : FF;
  D2EC : FF;
  D2ED : FF;
  D2EE : FF;
  D2EF : FF;
  D2F0 : FF;
  D2F1 : FF;
  D2F2 : FF;
  D2F3 : FF;
  D2F4 : FF;
  D2F5 : FF;
  D2F6 : FF;
  D2F7 : FF;
  D2F8 : FF;
  D2F9 : FF;
  D2FA : FF;
  D2FB : FF;
  D2FC : FF;
  D2FD : FF;
  D2FE : FF;
  D2FF : FF;
  D300 : FF;
  D301 : FF;
  D302 : FF;
  D303 : FF;
  D304 : FF;
  D305 : FF;
  D306 : FF;
  D307 : FF;
  D308 : FF;
  D309 : FF;
  D30A : FF;
  D30B : FF;
  D30C : FF;
  D30D : FF;
  D30E : FF;
  D30F : FF;
  D310 : FF;
  D311 : FF;
  D312 : FF;
  D313 : FF;
  D314 : FF;
  D315 : FF;
  D316 : FF;
  D317 : FF;
  D318 : FF;
  D319 : FF;
  D31A : FF;
  D31B : FF;
  D31C : FF;
  D31D : FF;
  D31E : FF;
  D31F : FF;
  D320 : FF;
  D321 : FF;
  D322 : FF;
  D323 : FF;
  D324 : FF;
  D325 : FF;
  D326 : FF;
  D327 : FF;
  D328 : FF;
  D329 : FF;
  D32A : FF;
  D32B : FF;
  D32C : FF;
  D32D : FF;
  D32E : FF;
  D32F : FF;
  D330 : FF;
  D331 : FF;
  D332 : FF;
  D333 : FF;
  D334 : FF;
  D335 : FF;
  D336 : FF;
  D337 : FF;
  D338 : FF;
  D339 : FF;
  D33A : FF;
  D33B : FF;
  D33C : FF;
  D33D : FF;
  D33E : FF;
  D33F : FF;
  D340 : FF;
  D341 : FF;
  D342 : FF;
  D343 : FF;
  D344 : FF;
  D345 : FF;
  D346 : FF;
  D347 : FF;
  D348 : FF;
  D349 : FF;
  D34A : FF;
  D34B : FF;
  D34C : FF;
  D34D : FF;
  D34E : FF;
  D34F : FF;
  D350 : FF;
  D351 : FF;
  D352 : FF;
  D353 : FF;
  D354 : FF;
  D355 : FF;
  D356 : FF;
  D357 : FF;
  D358 : FF;
  D359 : FF;
  D35A : FF;
  D35B : FF;
  D35C : FF;
  D35D : FF;
  D35E : FF;
  D35F : FF;
  D360 : FF;
  D361 : FF;
  D362 : FF;
  D363 : FF;
  D364 : FF;
  D365 : FF;
  D366 : FF;
  D367 : FF;
  D368 : FF;
  D369 : FF;
  D36A : FF;
  D36B : FF;
  D36C : FF;
  D36D : FF;
  D36E : FF;
  D36F : FF;
  D370 : FF;
  D371 : FF;
  D372 : FF;
  D373 : FF;
  D374 : FF;
  D375 : FF;
  D376 : FF;
  D377 : FF;
  D378 : FF;
  D379 : FF;
  D37A : FF;
  D37B : FF;
  D37C : FF;
  D37D : FF;
  D37E : FF;
  D37F : FF;
  D380 : FF;
  D381 : FF;
  D382 : FF;
  D383 : FF;
  D384 : FF;
  D385 : FF;
  D386 : FF;
  D387 : FF;
  D388 : FF;
  D389 : FF;
  D38A : FF;
  D38B : FF;
  D38C : FF;
  D38D : FF;
  D38E : FF;
  D38F : FF;
  D390 : FF;
  D391 : FF;
  D392 : FF;
  D393 : FF;
  D394 : FF;
  D395 : FF;
  D396 : FF;
  D397 : FF;
  D398 : FF;
  D399 : FF;
  D39A : FF;
  D39B : FF;
  D39C : FF;
  D39D : FF;
  D39E : FF;
  D39F : FF;
  D3A0 : FF;
  D3A1 : FF;
  D3A2 : FF;
  D3A3 : FF;
  D3A4 : FF;
  D3A5 : FF;
  D3A6 : FF;
  D3A7 : FF;
  D3A8 : FF;
  D3A9 : FF;
  D3AA : FF;
  D3AB : FF;
  D3AC : FF;
  D3AD : FF;
  D3AE : FF;
  D3AF : FF;
  D3B0 : FF;
  D3B1 : FF;
  D3B2 : FF;
  D3B3 : FF;
  D3B4 : FF;
  D3B5 : FF;
  D3B6 : FF;
  D3B7 : FF;
  D3B8 : FF;
  D3B9 : FF;
  D3BA : FF;
  D3BB : FF;
  D3BC : FF;
  D3BD : FF;
  D3BE : FF;
  D3BF : FF;
  D3C0 : FF;
  D3C1 : FF;
  D3C2 : FF;
  D3C3 : FF;
  D3C4 : FF;
  D3C5 : FF;
  D3C6 : FF;
  D3C7 : FF;
  D3C8 : FF;
  D3C9 : FF;
  D3CA : FF;
  D3CB : FF;
  D3CC : FF;
  D3CD : FF;
  D3CE : FF;
  D3CF : FF;
  D3D0 : FF;
  D3D1 : FF;
  D3D2 : FF;
  D3D3 : FF;
  D3D4 : FF;
  D3D5 : FF;
  D3D6 : FF;
  D3D7 : FF;
  D3D8 : FF;
  D3D9 : FF;
  D3DA : FF;
  D3DB : FF;
  D3DC : FF;
  D3DD : FF;
  D3DE : FF;
  D3DF : FF;
  D3E0 : FF;
  D3E1 : FF;
  D3E2 : FF;
  D3E3 : FF;
  D3E4 : FF;
  D3E5 : FF;
  D3E6 : FF;
  D3E7 : FF;
  D3E8 : FF;
  D3E9 : FF;
  D3EA : FF;
  D3EB : FF;
  D3EC : FF;
  D3ED : FF;
  D3EE : FF;
  D3EF : FF;
  D3F0 : FF;
  D3F1 : FF;
  D3F2 : FF;
  D3F3 : FF;
  D3F4 : FF;
  D3F5 : FF;
  D3F6 : FF;
  D3F7 : FF;
  D3F8 : FF;
  D3F9 : FF;
  D3FA : FF;
  D3FB : FF;
  D3FC : FF;
  D3FD : FF;
  D3FE : FF;
  D3FF : FF;
  D400 : FF;
  D401 : FF;
  D402 : FF;
  D403 : FF;
  D404 : FF;
  D405 : FF;
  D406 : FF;
  D407 : FF;
  D408 : FF;
  D409 : FF;
  D40A : FF;
  D40B : FF;
  D40C : FF;
  D40D : FF;
  D40E : FF;
  D40F : FF;
  D410 : FF;
  D411 : FF;
  D412 : FF;
  D413 : FF;
  D414 : FF;
  D415 : FF;
  D416 : FF;
  D417 : FF;
  D418 : FF;
  D419 : FF;
  D41A : FF;
  D41B : FF;
  D41C : FF;
  D41D : FF;
  D41E : FF;
  D41F : FF;
  D420 : FF;
  D421 : FF;
  D422 : FF;
  D423 : FF;
  D424 : FF;
  D425 : FF;
  D426 : FF;
  D427 : FF;
  D428 : FF;
  D429 : FF;
  D42A : FF;
  D42B : FF;
  D42C : FF;
  D42D : FF;
  D42E : FF;
  D42F : FF;
  D430 : FF;
  D431 : FF;
  D432 : FF;
  D433 : FF;
  D434 : FF;
  D435 : FF;
  D436 : FF;
  D437 : FF;
  D438 : FF;
  D439 : FF;
  D43A : FF;
  D43B : FF;
  D43C : FF;
  D43D : FF;
  D43E : FF;
  D43F : FF;
  D440 : FF;
  D441 : FF;
  D442 : FF;
  D443 : FF;
  D444 : FF;
  D445 : FF;
  D446 : FF;
  D447 : FF;
  D448 : FF;
  D449 : FF;
  D44A : FF;
  D44B : FF;
  D44C : FF;
  D44D : FF;
  D44E : FF;
  D44F : FF;
  D450 : FF;
  D451 : FF;
  D452 : FF;
  D453 : FF;
  D454 : FF;
  D455 : FF;
  D456 : FF;
  D457 : FF;
  D458 : FF;
  D459 : FF;
  D45A : FF;
  D45B : FF;
  D45C : FF;
  D45D : FF;
  D45E : FF;
  D45F : FF;
  D460 : FF;
  D461 : FF;
  D462 : FF;
  D463 : FF;
  D464 : FF;
  D465 : FF;
  D466 : FF;
  D467 : FF;
  D468 : FF;
  D469 : FF;
  D46A : FF;
  D46B : FF;
  D46C : FF;
  D46D : FF;
  D46E : FF;
  D46F : FF;
  D470 : FF;
  D471 : FF;
  D472 : FF;
  D473 : FF;
  D474 : FF;
  D475 : FF;
  D476 : FF;
  D477 : FF;
  D478 : FF;
  D479 : FF;
  D47A : FF;
  D47B : FF;
  D47C : FF;
  D47D : FF;
  D47E : FF;
  D47F : FF;
  D480 : FF;
  D481 : FF;
  D482 : FF;
  D483 : FF;
  D484 : FF;
  D485 : FF;
  D486 : FF;
  D487 : FF;
  D488 : FF;
  D489 : FF;
  D48A : FF;
  D48B : FF;
  D48C : FF;
  D48D : FF;
  D48E : FF;
  D48F : FF;
  D490 : FF;
  D491 : FF;
  D492 : FF;
  D493 : FF;
  D494 : FF;
  D495 : FF;
  D496 : FF;
  D497 : FF;
  D498 : FF;
  D499 : FF;
  D49A : FF;
  D49B : FF;
  D49C : FF;
  D49D : FF;
  D49E : FF;
  D49F : FF;
  D4A0 : FF;
  D4A1 : FF;
  D4A2 : FF;
  D4A3 : FF;
  D4A4 : FF;
  D4A5 : FF;
  D4A6 : FF;
  D4A7 : FF;
  D4A8 : FF;
  D4A9 : FF;
  D4AA : FF;
  D4AB : FF;
  D4AC : FF;
  D4AD : FF;
  D4AE : FF;
  D4AF : FF;
  D4B0 : FF;
  D4B1 : FF;
  D4B2 : FF;
  D4B3 : FF;
  D4B4 : FF;
  D4B5 : FF;
  D4B6 : FF;
  D4B7 : FF;
  D4B8 : FF;
  D4B9 : FF;
  D4BA : FF;
  D4BB : FF;
  D4BC : FF;
  D4BD : FF;
  D4BE : FF;
  D4BF : FF;
  D4C0 : FF;
  D4C1 : FF;
  D4C2 : FF;
  D4C3 : FF;
  D4C4 : FF;
  D4C5 : FF;
  D4C6 : FF;
  D4C7 : FF;
  D4C8 : FF;
  D4C9 : FF;
  D4CA : FF;
  D4CB : FF;
  D4CC : FF;
  D4CD : FF;
  D4CE : FF;
  D4CF : FF;
  D4D0 : FF;
  D4D1 : FF;
  D4D2 : FF;
  D4D3 : FF;
  D4D4 : FF;
  D4D5 : FF;
  D4D6 : FF;
  D4D7 : FF;
  D4D8 : FF;
  D4D9 : FF;
  D4DA : FF;
  D4DB : FF;
  D4DC : FF;
  D4DD : FF;
  D4DE : FF;
  D4DF : FF;
  D4E0 : FF;
  D4E1 : FF;
  D4E2 : FF;
  D4E3 : FF;
  D4E4 : FF;
  D4E5 : FF;
  D4E6 : FF;
  D4E7 : FF;
  D4E8 : FF;
  D4E9 : FF;
  D4EA : FF;
  D4EB : FF;
  D4EC : FF;
  D4ED : FF;
  D4EE : FF;
  D4EF : FF;
  D4F0 : FF;
  D4F1 : FF;
  D4F2 : FF;
  D4F3 : FF;
  D4F4 : FF;
  D4F5 : FF;
  D4F6 : FF;
  D4F7 : FF;
  D4F8 : FF;
  D4F9 : FF;
  D4FA : FF;
  D4FB : FF;
  D4FC : FF;
  D4FD : FF;
  D4FE : FF;
  D4FF : FF;
  D500 : FF;
  D501 : FF;
  D502 : FF;
  D503 : FF;
  D504 : FF;
  D505 : FF;
  D506 : FF;
  D507 : FF;
  D508 : FF;
  D509 : FF;
  D50A : FF;
  D50B : FF;
  D50C : FF;
  D50D : FF;
  D50E : FF;
  D50F : FF;
  D510 : FF;
  D511 : FF;
  D512 : FF;
  D513 : FF;
  D514 : FF;
  D515 : FF;
  D516 : FF;
  D517 : FF;
  D518 : FF;
  D519 : FF;
  D51A : FF;
  D51B : FF;
  D51C : FF;
  D51D : FF;
  D51E : FF;
  D51F : FF;
  D520 : FF;
  D521 : FF;
  D522 : FF;
  D523 : FF;
  D524 : FF;
  D525 : FF;
  D526 : FF;
  D527 : FF;
  D528 : FF;
  D529 : FF;
  D52A : FF;
  D52B : FF;
  D52C : FF;
  D52D : FF;
  D52E : FF;
  D52F : FF;
  D530 : FF;
  D531 : FF;
  D532 : FF;
  D533 : FF;
  D534 : FF;
  D535 : FF;
  D536 : FF;
  D537 : FF;
  D538 : FF;
  D539 : FF;
  D53A : FF;
  D53B : FF;
  D53C : FF;
  D53D : FF;
  D53E : FF;
  D53F : FF;
  D540 : FF;
  D541 : FF;
  D542 : FF;
  D543 : FF;
  D544 : FF;
  D545 : FF;
  D546 : FF;
  D547 : FF;
  D548 : FF;
  D549 : FF;
  D54A : FF;
  D54B : FF;
  D54C : FF;
  D54D : FF;
  D54E : FF;
  D54F : FF;
  D550 : FF;
  D551 : FF;
  D552 : FF;
  D553 : FF;
  D554 : FF;
  D555 : FF;
  D556 : FF;
  D557 : FF;
  D558 : FF;
  D559 : FF;
  D55A : FF;
  D55B : FF;
  D55C : FF;
  D55D : FF;
  D55E : FF;
  D55F : FF;
  D560 : FF;
  D561 : FF;
  D562 : FF;
  D563 : FF;
  D564 : FF;
  D565 : FF;
  D566 : FF;
  D567 : FF;
  D568 : FF;
  D569 : FF;
  D56A : FF;
  D56B : FF;
  D56C : FF;
  D56D : FF;
  D56E : FF;
  D56F : FF;
  D570 : FF;
  D571 : FF;
  D572 : FF;
  D573 : FF;
  D574 : FF;
  D575 : FF;
  D576 : FF;
  D577 : FF;
  D578 : FF;
  D579 : FF;
  D57A : FF;
  D57B : FF;
  D57C : FF;
  D57D : FF;
  D57E : FF;
  D57F : FF;
  D580 : FF;
  D581 : FF;
  D582 : FF;
  D583 : FF;
  D584 : FF;
  D585 : FF;
  D586 : FF;
  D587 : FF;
  D588 : FF;
  D589 : FF;
  D58A : FF;
  D58B : FF;
  D58C : FF;
  D58D : FF;
  D58E : FF;
  D58F : FF;
  D590 : FF;
  D591 : FF;
  D592 : FF;
  D593 : FF;
  D594 : FF;
  D595 : FF;
  D596 : FF;
  D597 : FF;
  D598 : FF;
  D599 : FF;
  D59A : FF;
  D59B : FF;
  D59C : FF;
  D59D : FF;
  D59E : FF;
  D59F : FF;
  D5A0 : FF;
  D5A1 : FF;
  D5A2 : FF;
  D5A3 : FF;
  D5A4 : FF;
  D5A5 : FF;
  D5A6 : FF;
  D5A7 : FF;
  D5A8 : FF;
  D5A9 : FF;
  D5AA : FF;
  D5AB : FF;
  D5AC : FF;
  D5AD : FF;
  D5AE : FF;
  D5AF : FF;
  D5B0 : FF;
  D5B1 : FF;
  D5B2 : FF;
  D5B3 : FF;
  D5B4 : FF;
  D5B5 : FF;
  D5B6 : FF;
  D5B7 : FF;
  D5B8 : FF;
  D5B9 : FF;
  D5BA : FF;
  D5BB : FF;
  D5BC : FF;
  D5BD : FF;
  D5BE : FF;
  D5BF : FF;
  D5C0 : FF;
  D5C1 : FF;
  D5C2 : FF;
  D5C3 : FF;
  D5C4 : FF;
  D5C5 : FF;
  D5C6 : FF;
  D5C7 : FF;
  D5C8 : FF;
  D5C9 : FF;
  D5CA : FF;
  D5CB : FF;
  D5CC : FF;
  D5CD : FF;
  D5CE : FF;
  D5CF : FF;
  D5D0 : FF;
  D5D1 : FF;
  D5D2 : FF;
  D5D3 : FF;
  D5D4 : FF;
  D5D5 : FF;
  D5D6 : FF;
  D5D7 : FF;
  D5D8 : FF;
  D5D9 : FF;
  D5DA : FF;
  D5DB : FF;
  D5DC : FF;
  D5DD : FF;
  D5DE : FF;
  D5DF : FF;
  D5E0 : FF;
  D5E1 : FF;
  D5E2 : FF;
  D5E3 : FF;
  D5E4 : FF;
  D5E5 : FF;
  D5E6 : FF;
  D5E7 : FF;
  D5E8 : FF;
  D5E9 : FF;
  D5EA : FF;
  D5EB : FF;
  D5EC : FF;
  D5ED : FF;
  D5EE : FF;
  D5EF : FF;
  D5F0 : FF;
  D5F1 : FF;
  D5F2 : FF;
  D5F3 : FF;
  D5F4 : FF;
  D5F5 : FF;
  D5F6 : FF;
  D5F7 : FF;
  D5F8 : FF;
  D5F9 : FF;
  D5FA : FF;
  D5FB : FF;
  D5FC : FF;
  D5FD : FF;
  D5FE : FF;
  D5FF : FF;
  D600 : FF;
  D601 : FF;
  D602 : FF;
  D603 : FF;
  D604 : FF;
  D605 : FF;
  D606 : FF;
  D607 : FF;
  D608 : FF;
  D609 : FF;
  D60A : FF;
  D60B : FF;
  D60C : FF;
  D60D : FF;
  D60E : FF;
  D60F : FF;
  D610 : FF;
  D611 : FF;
  D612 : FF;
  D613 : FF;
  D614 : FF;
  D615 : FF;
  D616 : FF;
  D617 : FF;
  D618 : FF;
  D619 : FF;
  D61A : FF;
  D61B : FF;
  D61C : FF;
  D61D : FF;
  D61E : FF;
  D61F : FF;
  D620 : FF;
  D621 : FF;
  D622 : FF;
  D623 : FF;
  D624 : FF;
  D625 : FF;
  D626 : FF;
  D627 : FF;
  D628 : FF;
  D629 : FF;
  D62A : FF;
  D62B : FF;
  D62C : FF;
  D62D : FF;
  D62E : FF;
  D62F : FF;
  D630 : FF;
  D631 : FF;
  D632 : FF;
  D633 : FF;
  D634 : FF;
  D635 : FF;
  D636 : FF;
  D637 : FF;
  D638 : FF;
  D639 : FF;
  D63A : FF;
  D63B : FF;
  D63C : FF;
  D63D : FF;
  D63E : FF;
  D63F : FF;
  D640 : FF;
  D641 : FF;
  D642 : FF;
  D643 : FF;
  D644 : FF;
  D645 : FF;
  D646 : FF;
  D647 : FF;
  D648 : FF;
  D649 : FF;
  D64A : FF;
  D64B : FF;
  D64C : FF;
  D64D : FF;
  D64E : FF;
  D64F : FF;
  D650 : FF;
  D651 : FF;
  D652 : FF;
  D653 : FF;
  D654 : FF;
  D655 : FF;
  D656 : FF;
  D657 : FF;
  D658 : FF;
  D659 : FF;
  D65A : FF;
  D65B : FF;
  D65C : FF;
  D65D : FF;
  D65E : FF;
  D65F : FF;
  D660 : FF;
  D661 : FF;
  D662 : FF;
  D663 : FF;
  D664 : FF;
  D665 : FF;
  D666 : FF;
  D667 : FF;
  D668 : FF;
  D669 : FF;
  D66A : FF;
  D66B : FF;
  D66C : FF;
  D66D : FF;
  D66E : FF;
  D66F : FF;
  D670 : FF;
  D671 : FF;
  D672 : FF;
  D673 : FF;
  D674 : FF;
  D675 : FF;
  D676 : FF;
  D677 : FF;
  D678 : FF;
  D679 : FF;
  D67A : FF;
  D67B : FF;
  D67C : FF;
  D67D : FF;
  D67E : FF;
  D67F : FF;
  D680 : FF;
  D681 : FF;
  D682 : FF;
  D683 : FF;
  D684 : FF;
  D685 : FF;
  D686 : FF;
  D687 : FF;
  D688 : FF;
  D689 : FF;
  D68A : FF;
  D68B : FF;
  D68C : FF;
  D68D : FF;
  D68E : FF;
  D68F : FF;
  D690 : FF;
  D691 : FF;
  D692 : FF;
  D693 : FF;
  D694 : FF;
  D695 : FF;
  D696 : FF;
  D697 : FF;
  D698 : FF;
  D699 : FF;
  D69A : FF;
  D69B : FF;
  D69C : FF;
  D69D : FF;
  D69E : FF;
  D69F : FF;
  D6A0 : FF;
  D6A1 : FF;
  D6A2 : FF;
  D6A3 : FF;
  D6A4 : FF;
  D6A5 : FF;
  D6A6 : FF;
  D6A7 : FF;
  D6A8 : FF;
  D6A9 : FF;
  D6AA : FF;
  D6AB : FF;
  D6AC : FF;
  D6AD : FF;
  D6AE : FF;
  D6AF : FF;
  D6B0 : FF;
  D6B1 : FF;
  D6B2 : FF;
  D6B3 : FF;
  D6B4 : FF;
  D6B5 : FF;
  D6B6 : FF;
  D6B7 : FF;
  D6B8 : FF;
  D6B9 : FF;
  D6BA : FF;
  D6BB : FF;
  D6BC : FF;
  D6BD : FF;
  D6BE : FF;
  D6BF : FF;
  D6C0 : FF;
  D6C1 : FF;
  D6C2 : FF;
  D6C3 : FF;
  D6C4 : FF;
  D6C5 : FF;
  D6C6 : FF;
  D6C7 : FF;
  D6C8 : FF;
  D6C9 : FF;
  D6CA : FF;
  D6CB : FF;
  D6CC : FF;
  D6CD : FF;
  D6CE : FF;
  D6CF : FF;
  D6D0 : FF;
  D6D1 : FF;
  D6D2 : FF;
  D6D3 : FF;
  D6D4 : FF;
  D6D5 : FF;
  D6D6 : FF;
  D6D7 : FF;
  D6D8 : FF;
  D6D9 : FF;
  D6DA : FF;
  D6DB : FF;
  D6DC : FF;
  D6DD : FF;
  D6DE : FF;
  D6DF : FF;
  D6E0 : FF;
  D6E1 : FF;
  D6E2 : FF;
  D6E3 : FF;
  D6E4 : FF;
  D6E5 : FF;
  D6E6 : FF;
  D6E7 : FF;
  D6E8 : FF;
  D6E9 : FF;
  D6EA : FF;
  D6EB : FF;
  D6EC : FF;
  D6ED : FF;
  D6EE : FF;
  D6EF : FF;
  D6F0 : FF;
  D6F1 : FF;
  D6F2 : FF;
  D6F3 : FF;
  D6F4 : FF;
  D6F5 : FF;
  D6F6 : FF;
  D6F7 : FF;
  D6F8 : FF;
  D6F9 : FF;
  D6FA : FF;
  D6FB : FF;
  D6FC : FF;
  D6FD : FF;
  D6FE : FF;
  D6FF : FF;
  D700 : FF;
  D701 : FF;
  D702 : FF;
  D703 : FF;
  D704 : FF;
  D705 : FF;
  D706 : FF;
  D707 : FF;
  D708 : FF;
  D709 : FF;
  D70A : FF;
  D70B : FF;
  D70C : FF;
  D70D : FF;
  D70E : FF;
  D70F : FF;
  D710 : FF;
  D711 : FF;
  D712 : FF;
  D713 : FF;
  D714 : FF;
  D715 : FF;
  D716 : FF;
  D717 : FF;
  D718 : FF;
  D719 : FF;
  D71A : FF;
  D71B : FF;
  D71C : FF;
  D71D : FF;
  D71E : FF;
  D71F : FF;
  D720 : FF;
  D721 : FF;
  D722 : FF;
  D723 : FF;
  D724 : FF;
  D725 : FF;
  D726 : FF;
  D727 : FF;
  D728 : FF;
  D729 : FF;
  D72A : FF;
  D72B : FF;
  D72C : FF;
  D72D : FF;
  D72E : FF;
  D72F : FF;
  D730 : FF;
  D731 : FF;
  D732 : FF;
  D733 : FF;
  D734 : FF;
  D735 : FF;
  D736 : FF;
  D737 : FF;
  D738 : FF;
  D739 : FF;
  D73A : FF;
  D73B : FF;
  D73C : FF;
  D73D : FF;
  D73E : FF;
  D73F : FF;
  D740 : FF;
  D741 : FF;
  D742 : FF;
  D743 : FF;
  D744 : FF;
  D745 : FF;
  D746 : FF;
  D747 : FF;
  D748 : FF;
  D749 : FF;
  D74A : FF;
  D74B : FF;
  D74C : FF;
  D74D : FF;
  D74E : FF;
  D74F : FF;
  D750 : FF;
  D751 : FF;
  D752 : FF;
  D753 : FF;
  D754 : FF;
  D755 : FF;
  D756 : FF;
  D757 : FF;
  D758 : FF;
  D759 : FF;
  D75A : FF;
  D75B : FF;
  D75C : FF;
  D75D : FF;
  D75E : FF;
  D75F : FF;
  D760 : FF;
  D761 : FF;
  D762 : FF;
  D763 : FF;
  D764 : FF;
  D765 : FF;
  D766 : FF;
  D767 : FF;
  D768 : FF;
  D769 : FF;
  D76A : FF;
  D76B : FF;
  D76C : FF;
  D76D : FF;
  D76E : FF;
  D76F : FF;
  D770 : FF;
  D771 : FF;
  D772 : FF;
  D773 : FF;
  D774 : FF;
  D775 : FF;
  D776 : FF;
  D777 : FF;
  D778 : FF;
  D779 : FF;
  D77A : FF;
  D77B : FF;
  D77C : FF;
  D77D : FF;
  D77E : FF;
  D77F : FF;
  D780 : FF;
  D781 : FF;
  D782 : FF;
  D783 : FF;
  D784 : FF;
  D785 : FF;
  D786 : FF;
  D787 : FF;
  D788 : FF;
  D789 : FF;
  D78A : FF;
  D78B : FF;
  D78C : FF;
  D78D : FF;
  D78E : FF;
  D78F : FF;
  D790 : FF;
  D791 : FF;
  D792 : FF;
  D793 : FF;
  D794 : FF;
  D795 : FF;
  D796 : FF;
  D797 : FF;
  D798 : FF;
  D799 : FF;
  D79A : FF;
  D79B : FF;
  D79C : FF;
  D79D : FF;
  D79E : FF;
  D79F : FF;
  D7A0 : FF;
  D7A1 : FF;
  D7A2 : FF;
  D7A3 : FF;
  D7A4 : FF;
  D7A5 : FF;
  D7A6 : FF;
  D7A7 : FF;
  D7A8 : FF;
  D7A9 : FF;
  D7AA : FF;
  D7AB : FF;
  D7AC : FF;
  D7AD : FF;
  D7AE : FF;
  D7AF : FF;
  D7B0 : FF;
  D7B1 : FF;
  D7B2 : FF;
  D7B3 : FF;
  D7B4 : FF;
  D7B5 : FF;
  D7B6 : FF;
  D7B7 : FF;
  D7B8 : FF;
  D7B9 : FF;
  D7BA : FF;
  D7BB : FF;
  D7BC : FF;
  D7BD : FF;
  D7BE : FF;
  D7BF : FF;
  D7C0 : FF;
  D7C1 : FF;
  D7C2 : FF;
  D7C3 : FF;
  D7C4 : FF;
  D7C5 : FF;
  D7C6 : FF;
  D7C7 : FF;
  D7C8 : FF;
  D7C9 : FF;
  D7CA : FF;
  D7CB : FF;
  D7CC : FF;
  D7CD : FF;
  D7CE : FF;
  D7CF : FF;
  D7D0 : FF;
  D7D1 : FF;
  D7D2 : FF;
  D7D3 : FF;
  D7D4 : FF;
  D7D5 : FF;
  D7D6 : FF;
  D7D7 : FF;
  D7D8 : FF;
  D7D9 : FF;
  D7DA : FF;
  D7DB : FF;
  D7DC : FF;
  D7DD : FF;
  D7DE : FF;
  D7DF : FF;
  D7E0 : FF;
  D7E1 : FF;
  D7E2 : FF;
  D7E3 : FF;
  D7E4 : FF;
  D7E5 : FF;
  D7E6 : FF;
  D7E7 : FF;
  D7E8 : FF;
  D7E9 : FF;
  D7EA : FF;
  D7EB : FF;
  D7EC : FF;
  D7ED : FF;
  D7EE : FF;
  D7EF : FF;
  D7F0 : FF;
  D7F1 : FF;
  D7F2 : FF;
  D7F3 : FF;
  D7F4 : FF;
  D7F5 : FF;
  D7F6 : FF;
  D7F7 : FF;
  D7F8 : FF;
  D7F9 : FF;
  D7FA : FF;
  D7FB : FF;
  D7FC : FF;
  D7FD : FF;
  D7FE : FF;
  D7FF : FF;
  D800 : FF;
  D801 : FF;
  D802 : FF;
  D803 : FF;
  D804 : FF;
  D805 : FF;
  D806 : FF;
  D807 : FF;
  D808 : FF;
  D809 : FF;
  D80A : FF;
  D80B : FF;
  D80C : FF;
  D80D : FF;
  D80E : FF;
  D80F : FF;
  D810 : FF;
  D811 : FF;
  D812 : FF;
  D813 : FF;
  D814 : FF;
  D815 : FF;
  D816 : FF;
  D817 : FF;
  D818 : FF;
  D819 : FF;
  D81A : FF;
  D81B : FF;
  D81C : FF;
  D81D : FF;
  D81E : FF;
  D81F : FF;
  D820 : FF;
  D821 : FF;
  D822 : FF;
  D823 : FF;
  D824 : FF;
  D825 : FF;
  D826 : FF;
  D827 : FF;
  D828 : FF;
  D829 : FF;
  D82A : FF;
  D82B : FF;
  D82C : FF;
  D82D : FF;
  D82E : FF;
  D82F : FF;
  D830 : FF;
  D831 : FF;
  D832 : FF;
  D833 : FF;
  D834 : FF;
  D835 : FF;
  D836 : FF;
  D837 : FF;
  D838 : FF;
  D839 : FF;
  D83A : FF;
  D83B : FF;
  D83C : FF;
  D83D : FF;
  D83E : FF;
  D83F : FF;
  D840 : FF;
  D841 : FF;
  D842 : FF;
  D843 : FF;
  D844 : FF;
  D845 : FF;
  D846 : FF;
  D847 : FF;
  D848 : FF;
  D849 : FF;
  D84A : FF;
  D84B : FF;
  D84C : FF;
  D84D : FF;
  D84E : FF;
  D84F : FF;
  D850 : FF;
  D851 : FF;
  D852 : FF;
  D853 : FF;
  D854 : FF;
  D855 : FF;
  D856 : FF;
  D857 : FF;
  D858 : FF;
  D859 : FF;
  D85A : FF;
  D85B : FF;
  D85C : FF;
  D85D : FF;
  D85E : FF;
  D85F : FF;
  D860 : FF;
  D861 : FF;
  D862 : FF;
  D863 : FF;
  D864 : FF;
  D865 : FF;
  D866 : FF;
  D867 : FF;
  D868 : FF;
  D869 : FF;
  D86A : FF;
  D86B : FF;
  D86C : FF;
  D86D : FF;
  D86E : FF;
  D86F : FF;
  D870 : FF;
  D871 : FF;
  D872 : FF;
  D873 : FF;
  D874 : FF;
  D875 : FF;
  D876 : FF;
  D877 : FF;
  D878 : FF;
  D879 : FF;
  D87A : FF;
  D87B : FF;
  D87C : FF;
  D87D : FF;
  D87E : FF;
  D87F : FF;
  D880 : FF;
  D881 : FF;
  D882 : FF;
  D883 : FF;
  D884 : FF;
  D885 : FF;
  D886 : FF;
  D887 : FF;
  D888 : FF;
  D889 : FF;
  D88A : FF;
  D88B : FF;
  D88C : FF;
  D88D : FF;
  D88E : FF;
  D88F : FF;
  D890 : FF;
  D891 : FF;
  D892 : FF;
  D893 : FF;
  D894 : FF;
  D895 : FF;
  D896 : FF;
  D897 : FF;
  D898 : FF;
  D899 : FF;
  D89A : FF;
  D89B : FF;
  D89C : FF;
  D89D : FF;
  D89E : FF;
  D89F : FF;
  D8A0 : FF;
  D8A1 : FF;
  D8A2 : FF;
  D8A3 : FF;
  D8A4 : FF;
  D8A5 : FF;
  D8A6 : FF;
  D8A7 : FF;
  D8A8 : FF;
  D8A9 : FF;
  D8AA : FF;
  D8AB : FF;
  D8AC : FF;
  D8AD : FF;
  D8AE : FF;
  D8AF : FF;
  D8B0 : FF;
  D8B1 : FF;
  D8B2 : FF;
  D8B3 : FF;
  D8B4 : FF;
  D8B5 : FF;
  D8B6 : FF;
  D8B7 : FF;
  D8B8 : FF;
  D8B9 : FF;
  D8BA : FF;
  D8BB : FF;
  D8BC : FF;
  D8BD : FF;
  D8BE : FF;
  D8BF : FF;
  D8C0 : FF;
  D8C1 : FF;
  D8C2 : FF;
  D8C3 : FF;
  D8C4 : FF;
  D8C5 : FF;
  D8C6 : FF;
  D8C7 : FF;
  D8C8 : FF;
  D8C9 : FF;
  D8CA : FF;
  D8CB : FF;
  D8CC : FF;
  D8CD : FF;
  D8CE : FF;
  D8CF : FF;
  D8D0 : FF;
  D8D1 : FF;
  D8D2 : FF;
  D8D3 : FF;
  D8D4 : FF;
  D8D5 : FF;
  D8D6 : FF;
  D8D7 : FF;
  D8D8 : FF;
  D8D9 : FF;
  D8DA : FF;
  D8DB : FF;
  D8DC : FF;
  D8DD : FF;
  D8DE : FF;
  D8DF : FF;
  D8E0 : FF;
  D8E1 : FF;
  D8E2 : FF;
  D8E3 : FF;
  D8E4 : FF;
  D8E5 : FF;
  D8E6 : FF;
  D8E7 : FF;
  D8E8 : FF;
  D8E9 : FF;
  D8EA : FF;
  D8EB : FF;
  D8EC : FF;
  D8ED : FF;
  D8EE : FF;
  D8EF : FF;
  D8F0 : FF;
  D8F1 : FF;
  D8F2 : FF;
  D8F3 : FF;
  D8F4 : FF;
  D8F5 : FF;
  D8F6 : FF;
  D8F7 : FF;
  D8F8 : FF;
  D8F9 : FF;
  D8FA : FF;
  D8FB : FF;
  D8FC : FF;
  D8FD : FF;
  D8FE : FF;
  D8FF : FF;
  D900 : FF;
  D901 : FF;
  D902 : FF;
  D903 : FF;
  D904 : FF;
  D905 : FF;
  D906 : FF;
  D907 : FF;
  D908 : FF;
  D909 : FF;
  D90A : FF;
  D90B : FF;
  D90C : FF;
  D90D : FF;
  D90E : FF;
  D90F : FF;
  D910 : FF;
  D911 : FF;
  D912 : FF;
  D913 : FF;
  D914 : FF;
  D915 : FF;
  D916 : FF;
  D917 : FF;
  D918 : FF;
  D919 : FF;
  D91A : FF;
  D91B : FF;
  D91C : FF;
  D91D : FF;
  D91E : FF;
  D91F : FF;
  D920 : FF;
  D921 : FF;
  D922 : FF;
  D923 : FF;
  D924 : FF;
  D925 : FF;
  D926 : FF;
  D927 : FF;
  D928 : FF;
  D929 : FF;
  D92A : FF;
  D92B : FF;
  D92C : FF;
  D92D : FF;
  D92E : FF;
  D92F : FF;
  D930 : FF;
  D931 : FF;
  D932 : FF;
  D933 : FF;
  D934 : FF;
  D935 : FF;
  D936 : FF;
  D937 : FF;
  D938 : FF;
  D939 : FF;
  D93A : FF;
  D93B : FF;
  D93C : FF;
  D93D : FF;
  D93E : FF;
  D93F : FF;
  D940 : FF;
  D941 : FF;
  D942 : FF;
  D943 : FF;
  D944 : FF;
  D945 : FF;
  D946 : FF;
  D947 : FF;
  D948 : FF;
  D949 : FF;
  D94A : FF;
  D94B : FF;
  D94C : FF;
  D94D : FF;
  D94E : FF;
  D94F : FF;
  D950 : FF;
  D951 : FF;
  D952 : FF;
  D953 : FF;
  D954 : FF;
  D955 : FF;
  D956 : FF;
  D957 : FF;
  D958 : FF;
  D959 : FF;
  D95A : FF;
  D95B : FF;
  D95C : FF;
  D95D : FF;
  D95E : FF;
  D95F : FF;
  D960 : FF;
  D961 : FF;
  D962 : FF;
  D963 : FF;
  D964 : FF;
  D965 : FF;
  D966 : FF;
  D967 : FF;
  D968 : FF;
  D969 : FF;
  D96A : FF;
  D96B : FF;
  D96C : FF;
  D96D : FF;
  D96E : FF;
  D96F : FF;
  D970 : FF;
  D971 : FF;
  D972 : FF;
  D973 : FF;
  D974 : FF;
  D975 : FF;
  D976 : FF;
  D977 : FF;
  D978 : FF;
  D979 : FF;
  D97A : FF;
  D97B : FF;
  D97C : FF;
  D97D : FF;
  D97E : FF;
  D97F : FF;
  D980 : FF;
  D981 : FF;
  D982 : FF;
  D983 : FF;
  D984 : FF;
  D985 : FF;
  D986 : FF;
  D987 : FF;
  D988 : FF;
  D989 : FF;
  D98A : FF;
  D98B : FF;
  D98C : FF;
  D98D : FF;
  D98E : FF;
  D98F : FF;
  D990 : FF;
  D991 : FF;
  D992 : FF;
  D993 : FF;
  D994 : FF;
  D995 : FF;
  D996 : FF;
  D997 : FF;
  D998 : FF;
  D999 : FF;
  D99A : FF;
  D99B : FF;
  D99C : FF;
  D99D : FF;
  D99E : FF;
  D99F : FF;
  D9A0 : FF;
  D9A1 : FF;
  D9A2 : FF;
  D9A3 : FF;
  D9A4 : FF;
  D9A5 : FF;
  D9A6 : FF;
  D9A7 : FF;
  D9A8 : FF;
  D9A9 : FF;
  D9AA : FF;
  D9AB : FF;
  D9AC : FF;
  D9AD : FF;
  D9AE : FF;
  D9AF : FF;
  D9B0 : FF;
  D9B1 : FF;
  D9B2 : FF;
  D9B3 : FF;
  D9B4 : FF;
  D9B5 : FF;
  D9B6 : FF;
  D9B7 : FF;
  D9B8 : FF;
  D9B9 : FF;
  D9BA : FF;
  D9BB : FF;
  D9BC : FF;
  D9BD : FF;
  D9BE : FF;
  D9BF : FF;
  D9C0 : FF;
  D9C1 : FF;
  D9C2 : FF;
  D9C3 : FF;
  D9C4 : FF;
  D9C5 : FF;
  D9C6 : FF;
  D9C7 : FF;
  D9C8 : FF;
  D9C9 : FF;
  D9CA : FF;
  D9CB : FF;
  D9CC : FF;
  D9CD : FF;
  D9CE : FF;
  D9CF : FF;
  D9D0 : FF;
  D9D1 : FF;
  D9D2 : FF;
  D9D3 : FF;
  D9D4 : FF;
  D9D5 : FF;
  D9D6 : FF;
  D9D7 : FF;
  D9D8 : FF;
  D9D9 : FF;
  D9DA : FF;
  D9DB : FF;
  D9DC : FF;
  D9DD : FF;
  D9DE : FF;
  D9DF : FF;
  D9E0 : FF;
  D9E1 : FF;
  D9E2 : FF;
  D9E3 : FF;
  D9E4 : FF;
  D9E5 : FF;
  D9E6 : FF;
  D9E7 : FF;
  D9E8 : FF;
  D9E9 : FF;
  D9EA : FF;
  D9EB : FF;
  D9EC : FF;
  D9ED : FF;
  D9EE : FF;
  D9EF : FF;
  D9F0 : FF;
  D9F1 : FF;
  D9F2 : FF;
  D9F3 : FF;
  D9F4 : FF;
  D9F5 : FF;
  D9F6 : FF;
  D9F7 : FF;
  D9F8 : FF;
  D9F9 : FF;
  D9FA : FF;
  D9FB : FF;
  D9FC : FF;
  D9FD : FF;
  D9FE : FF;
  D9FF : FF;
  DA00 : FF;
  DA01 : FF;
  DA02 : FF;
  DA03 : FF;
  DA04 : FF;
  DA05 : FF;
  DA06 : FF;
  DA07 : FF;
  DA08 : FF;
  DA09 : FF;
  DA0A : FF;
  DA0B : FF;
  DA0C : FF;
  DA0D : FF;
  DA0E : FF;
  DA0F : FF;
  DA10 : FF;
  DA11 : FF;
  DA12 : FF;
  DA13 : FF;
  DA14 : FF;
  DA15 : FF;
  DA16 : FF;
  DA17 : FF;
  DA18 : FF;
  DA19 : FF;
  DA1A : FF;
  DA1B : FF;
  DA1C : FF;
  DA1D : FF;
  DA1E : FF;
  DA1F : FF;
  DA20 : FF;
  DA21 : FF;
  DA22 : FF;
  DA23 : FF;
  DA24 : FF;
  DA25 : FF;
  DA26 : FF;
  DA27 : FF;
  DA28 : FF;
  DA29 : FF;
  DA2A : FF;
  DA2B : FF;
  DA2C : FF;
  DA2D : FF;
  DA2E : FF;
  DA2F : FF;
  DA30 : FF;
  DA31 : FF;
  DA32 : FF;
  DA33 : FF;
  DA34 : FF;
  DA35 : FF;
  DA36 : FF;
  DA37 : FF;
  DA38 : FF;
  DA39 : FF;
  DA3A : FF;
  DA3B : FF;
  DA3C : FF;
  DA3D : FF;
  DA3E : FF;
  DA3F : FF;
  DA40 : FF;
  DA41 : FF;
  DA42 : FF;
  DA43 : FF;
  DA44 : FF;
  DA45 : FF;
  DA46 : FF;
  DA47 : FF;
  DA48 : FF;
  DA49 : FF;
  DA4A : FF;
  DA4B : FF;
  DA4C : FF;
  DA4D : FF;
  DA4E : FF;
  DA4F : FF;
  DA50 : FF;
  DA51 : FF;
  DA52 : FF;
  DA53 : FF;
  DA54 : FF;
  DA55 : FF;
  DA56 : FF;
  DA57 : FF;
  DA58 : FF;
  DA59 : FF;
  DA5A : FF;
  DA5B : FF;
  DA5C : FF;
  DA5D : FF;
  DA5E : FF;
  DA5F : FF;
  DA60 : FF;
  DA61 : FF;
  DA62 : FF;
  DA63 : FF;
  DA64 : FF;
  DA65 : FF;
  DA66 : FF;
  DA67 : FF;
  DA68 : FF;
  DA69 : FF;
  DA6A : FF;
  DA6B : FF;
  DA6C : FF;
  DA6D : FF;
  DA6E : FF;
  DA6F : FF;
  DA70 : FF;
  DA71 : FF;
  DA72 : FF;
  DA73 : FF;
  DA74 : FF;
  DA75 : FF;
  DA76 : FF;
  DA77 : FF;
  DA78 : FF;
  DA79 : FF;
  DA7A : FF;
  DA7B : FF;
  DA7C : FF;
  DA7D : FF;
  DA7E : FF;
  DA7F : FF;
  DA80 : FF;
  DA81 : FF;
  DA82 : FF;
  DA83 : FF;
  DA84 : FF;
  DA85 : FF;
  DA86 : FF;
  DA87 : FF;
  DA88 : FF;
  DA89 : FF;
  DA8A : FF;
  DA8B : FF;
  DA8C : FF;
  DA8D : FF;
  DA8E : FF;
  DA8F : FF;
  DA90 : FF;
  DA91 : FF;
  DA92 : FF;
  DA93 : FF;
  DA94 : FF;
  DA95 : FF;
  DA96 : FF;
  DA97 : FF;
  DA98 : FF;
  DA99 : FF;
  DA9A : FF;
  DA9B : FF;
  DA9C : FF;
  DA9D : FF;
  DA9E : FF;
  DA9F : FF;
  DAA0 : FF;
  DAA1 : FF;
  DAA2 : FF;
  DAA3 : FF;
  DAA4 : FF;
  DAA5 : FF;
  DAA6 : FF;
  DAA7 : FF;
  DAA8 : FF;
  DAA9 : FF;
  DAAA : FF;
  DAAB : FF;
  DAAC : FF;
  DAAD : FF;
  DAAE : FF;
  DAAF : FF;
  DAB0 : FF;
  DAB1 : FF;
  DAB2 : FF;
  DAB3 : FF;
  DAB4 : FF;
  DAB5 : FF;
  DAB6 : FF;
  DAB7 : FF;
  DAB8 : FF;
  DAB9 : FF;
  DABA : FF;
  DABB : FF;
  DABC : FF;
  DABD : FF;
  DABE : FF;
  DABF : FF;
  DAC0 : FF;
  DAC1 : FF;
  DAC2 : FF;
  DAC3 : FF;
  DAC4 : FF;
  DAC5 : FF;
  DAC6 : FF;
  DAC7 : FF;
  DAC8 : FF;
  DAC9 : FF;
  DACA : FF;
  DACB : FF;
  DACC : FF;
  DACD : FF;
  DACE : FF;
  DACF : FF;
  DAD0 : FF;
  DAD1 : FF;
  DAD2 : FF;
  DAD3 : FF;
  DAD4 : FF;
  DAD5 : FF;
  DAD6 : FF;
  DAD7 : FF;
  DAD8 : FF;
  DAD9 : FF;
  DADA : FF;
  DADB : FF;
  DADC : FF;
  DADD : FF;
  DADE : FF;
  DADF : FF;
  DAE0 : FF;
  DAE1 : FF;
  DAE2 : FF;
  DAE3 : FF;
  DAE4 : FF;
  DAE5 : FF;
  DAE6 : FF;
  DAE7 : FF;
  DAE8 : FF;
  DAE9 : FF;
  DAEA : FF;
  DAEB : FF;
  DAEC : FF;
  DAED : FF;
  DAEE : FF;
  DAEF : FF;
  DAF0 : FF;
  DAF1 : FF;
  DAF2 : FF;
  DAF3 : FF;
  DAF4 : FF;
  DAF5 : FF;
  DAF6 : FF;
  DAF7 : FF;
  DAF8 : FF;
  DAF9 : FF;
  DAFA : FF;
  DAFB : FF;
  DAFC : FF;
  DAFD : FF;
  DAFE : FF;
  DAFF : FF;
  DB00 : FF;
  DB01 : FF;
  DB02 : FF;
  DB03 : FF;
  DB04 : FF;
  DB05 : FF;
  DB06 : FF;
  DB07 : FF;
  DB08 : FF;
  DB09 : FF;
  DB0A : FF;
  DB0B : FF;
  DB0C : FF;
  DB0D : FF;
  DB0E : FF;
  DB0F : FF;
  DB10 : FF;
  DB11 : FF;
  DB12 : FF;
  DB13 : FF;
  DB14 : FF;
  DB15 : FF;
  DB16 : FF;
  DB17 : FF;
  DB18 : FF;
  DB19 : FF;
  DB1A : FF;
  DB1B : FF;
  DB1C : FF;
  DB1D : FF;
  DB1E : FF;
  DB1F : FF;
  DB20 : FF;
  DB21 : FF;
  DB22 : FF;
  DB23 : FF;
  DB24 : FF;
  DB25 : FF;
  DB26 : FF;
  DB27 : FF;
  DB28 : FF;
  DB29 : FF;
  DB2A : FF;
  DB2B : FF;
  DB2C : FF;
  DB2D : FF;
  DB2E : FF;
  DB2F : FF;
  DB30 : FF;
  DB31 : FF;
  DB32 : FF;
  DB33 : FF;
  DB34 : FF;
  DB35 : FF;
  DB36 : FF;
  DB37 : FF;
  DB38 : FF;
  DB39 : FF;
  DB3A : FF;
  DB3B : FF;
  DB3C : FF;
  DB3D : FF;
  DB3E : FF;
  DB3F : FF;
  DB40 : FF;
  DB41 : FF;
  DB42 : FF;
  DB43 : FF;
  DB44 : FF;
  DB45 : FF;
  DB46 : FF;
  DB47 : FF;
  DB48 : FF;
  DB49 : FF;
  DB4A : FF;
  DB4B : FF;
  DB4C : FF;
  DB4D : FF;
  DB4E : FF;
  DB4F : FF;
  DB50 : FF;
  DB51 : FF;
  DB52 : FF;
  DB53 : FF;
  DB54 : FF;
  DB55 : FF;
  DB56 : FF;
  DB57 : FF;
  DB58 : FF;
  DB59 : FF;
  DB5A : FF;
  DB5B : FF;
  DB5C : FF;
  DB5D : FF;
  DB5E : FF;
  DB5F : FF;
  DB60 : FF;
  DB61 : FF;
  DB62 : FF;
  DB63 : FF;
  DB64 : FF;
  DB65 : FF;
  DB66 : FF;
  DB67 : FF;
  DB68 : FF;
  DB69 : FF;
  DB6A : FF;
  DB6B : FF;
  DB6C : FF;
  DB6D : FF;
  DB6E : FF;
  DB6F : FF;
  DB70 : FF;
  DB71 : FF;
  DB72 : FF;
  DB73 : FF;
  DB74 : FF;
  DB75 : FF;
  DB76 : FF;
  DB77 : FF;
  DB78 : FF;
  DB79 : FF;
  DB7A : FF;
  DB7B : FF;
  DB7C : FF;
  DB7D : FF;
  DB7E : FF;
  DB7F : FF;
  DB80 : FF;
  DB81 : FF;
  DB82 : FF;
  DB83 : FF;
  DB84 : FF;
  DB85 : FF;
  DB86 : FF;
  DB87 : FF;
  DB88 : FF;
  DB89 : FF;
  DB8A : FF;
  DB8B : FF;
  DB8C : FF;
  DB8D : FF;
  DB8E : FF;
  DB8F : FF;
  DB90 : FF;
  DB91 : FF;
  DB92 : FF;
  DB93 : FF;
  DB94 : FF;
  DB95 : FF;
  DB96 : FF;
  DB97 : FF;
  DB98 : FF;
  DB99 : FF;
  DB9A : FF;
  DB9B : FF;
  DB9C : FF;
  DB9D : FF;
  DB9E : FF;
  DB9F : FF;
  DBA0 : FF;
  DBA1 : FF;
  DBA2 : FF;
  DBA3 : FF;
  DBA4 : FF;
  DBA5 : FF;
  DBA6 : FF;
  DBA7 : FF;
  DBA8 : FF;
  DBA9 : FF;
  DBAA : FF;
  DBAB : FF;
  DBAC : FF;
  DBAD : FF;
  DBAE : FF;
  DBAF : FF;
  DBB0 : FF;
  DBB1 : FF;
  DBB2 : FF;
  DBB3 : FF;
  DBB4 : FF;
  DBB5 : FF;
  DBB6 : FF;
  DBB7 : FF;
  DBB8 : FF;
  DBB9 : FF;
  DBBA : FF;
  DBBB : FF;
  DBBC : FF;
  DBBD : FF;
  DBBE : FF;
  DBBF : FF;
  DBC0 : FF;
  DBC1 : FF;
  DBC2 : FF;
  DBC3 : FF;
  DBC4 : FF;
  DBC5 : FF;
  DBC6 : FF;
  DBC7 : FF;
  DBC8 : FF;
  DBC9 : FF;
  DBCA : FF;
  DBCB : FF;
  DBCC : FF;
  DBCD : FF;
  DBCE : FF;
  DBCF : FF;
  DBD0 : FF;
  DBD1 : FF;
  DBD2 : FF;
  DBD3 : FF;
  DBD4 : FF;
  DBD5 : FF;
  DBD6 : FF;
  DBD7 : FF;
  DBD8 : FF;
  DBD9 : FF;
  DBDA : FF;
  DBDB : FF;
  DBDC : FF;
  DBDD : FF;
  DBDE : FF;
  DBDF : FF;
  DBE0 : FF;
  DBE1 : FF;
  DBE2 : FF;
  DBE3 : FF;
  DBE4 : FF;
  DBE5 : FF;
  DBE6 : FF;
  DBE7 : FF;
  DBE8 : FF;
  DBE9 : FF;
  DBEA : FF;
  DBEB : FF;
  DBEC : FF;
  DBED : FF;
  DBEE : FF;
  DBEF : FF;
  DBF0 : FF;
  DBF1 : FF;
  DBF2 : FF;
  DBF3 : FF;
  DBF4 : FF;
  DBF5 : FF;
  DBF6 : FF;
  DBF7 : FF;
  DBF8 : FF;
  DBF9 : FF;
  DBFA : FF;
  DBFB : FF;
  DBFC : FF;
  DBFD : FF;
  DBFE : FF;
  DBFF : FF;
  DC00 : FF;
  DC01 : FF;
  DC02 : FF;
  DC03 : FF;
  DC04 : FF;
  DC05 : FF;
  DC06 : FF;
  DC07 : FF;
  DC08 : FF;
  DC09 : FF;
  DC0A : FF;
  DC0B : FF;
  DC0C : FF;
  DC0D : FF;
  DC0E : FF;
  DC0F : FF;
  DC10 : FF;
  DC11 : FF;
  DC12 : FF;
  DC13 : FF;
  DC14 : FF;
  DC15 : FF;
  DC16 : FF;
  DC17 : FF;
  DC18 : FF;
  DC19 : FF;
  DC1A : FF;
  DC1B : FF;
  DC1C : FF;
  DC1D : FF;
  DC1E : FF;
  DC1F : FF;
  DC20 : FF;
  DC21 : FF;
  DC22 : FF;
  DC23 : FF;
  DC24 : FF;
  DC25 : FF;
  DC26 : FF;
  DC27 : FF;
  DC28 : FF;
  DC29 : FF;
  DC2A : FF;
  DC2B : FF;
  DC2C : FF;
  DC2D : FF;
  DC2E : FF;
  DC2F : FF;
  DC30 : FF;
  DC31 : FF;
  DC32 : FF;
  DC33 : FF;
  DC34 : FF;
  DC35 : FF;
  DC36 : FF;
  DC37 : FF;
  DC38 : FF;
  DC39 : FF;
  DC3A : FF;
  DC3B : FF;
  DC3C : FF;
  DC3D : FF;
  DC3E : FF;
  DC3F : FF;
  DC40 : FF;
  DC41 : FF;
  DC42 : FF;
  DC43 : FF;
  DC44 : FF;
  DC45 : FF;
  DC46 : FF;
  DC47 : FF;
  DC48 : FF;
  DC49 : FF;
  DC4A : FF;
  DC4B : FF;
  DC4C : FF;
  DC4D : FF;
  DC4E : FF;
  DC4F : FF;
  DC50 : FF;
  DC51 : FF;
  DC52 : FF;
  DC53 : FF;
  DC54 : FF;
  DC55 : FF;
  DC56 : FF;
  DC57 : FF;
  DC58 : FF;
  DC59 : FF;
  DC5A : FF;
  DC5B : FF;
  DC5C : FF;
  DC5D : FF;
  DC5E : FF;
  DC5F : FF;
  DC60 : FF;
  DC61 : FF;
  DC62 : FF;
  DC63 : FF;
  DC64 : FF;
  DC65 : FF;
  DC66 : FF;
  DC67 : FF;
  DC68 : FF;
  DC69 : FF;
  DC6A : FF;
  DC6B : FF;
  DC6C : FF;
  DC6D : FF;
  DC6E : FF;
  DC6F : FF;
  DC70 : FF;
  DC71 : FF;
  DC72 : FF;
  DC73 : FF;
  DC74 : FF;
  DC75 : FF;
  DC76 : FF;
  DC77 : FF;
  DC78 : FF;
  DC79 : FF;
  DC7A : FF;
  DC7B : FF;
  DC7C : FF;
  DC7D : FF;
  DC7E : FF;
  DC7F : FF;
  DC80 : FF;
  DC81 : FF;
  DC82 : FF;
  DC83 : FF;
  DC84 : FF;
  DC85 : FF;
  DC86 : FF;
  DC87 : FF;
  DC88 : FF;
  DC89 : FF;
  DC8A : FF;
  DC8B : FF;
  DC8C : FF;
  DC8D : FF;
  DC8E : FF;
  DC8F : FF;
  DC90 : FF;
  DC91 : FF;
  DC92 : FF;
  DC93 : FF;
  DC94 : FF;
  DC95 : FF;
  DC96 : FF;
  DC97 : FF;
  DC98 : FF;
  DC99 : FF;
  DC9A : FF;
  DC9B : FF;
  DC9C : FF;
  DC9D : FF;
  DC9E : FF;
  DC9F : FF;
  DCA0 : FF;
  DCA1 : FF;
  DCA2 : FF;
  DCA3 : FF;
  DCA4 : FF;
  DCA5 : FF;
  DCA6 : FF;
  DCA7 : FF;
  DCA8 : FF;
  DCA9 : FF;
  DCAA : FF;
  DCAB : FF;
  DCAC : FF;
  DCAD : FF;
  DCAE : FF;
  DCAF : FF;
  DCB0 : FF;
  DCB1 : FF;
  DCB2 : FF;
  DCB3 : FF;
  DCB4 : FF;
  DCB5 : FF;
  DCB6 : FF;
  DCB7 : FF;
  DCB8 : FF;
  DCB9 : FF;
  DCBA : FF;
  DCBB : FF;
  DCBC : FF;
  DCBD : FF;
  DCBE : FF;
  DCBF : FF;
  DCC0 : FF;
  DCC1 : FF;
  DCC2 : FF;
  DCC3 : FF;
  DCC4 : FF;
  DCC5 : FF;
  DCC6 : FF;
  DCC7 : FF;
  DCC8 : FF;
  DCC9 : FF;
  DCCA : FF;
  DCCB : FF;
  DCCC : FF;
  DCCD : FF;
  DCCE : FF;
  DCCF : FF;
  DCD0 : FF;
  DCD1 : FF;
  DCD2 : FF;
  DCD3 : FF;
  DCD4 : FF;
  DCD5 : FF;
  DCD6 : FF;
  DCD7 : FF;
  DCD8 : FF;
  DCD9 : FF;
  DCDA : FF;
  DCDB : FF;
  DCDC : FF;
  DCDD : FF;
  DCDE : FF;
  DCDF : FF;
  DCE0 : FF;
  DCE1 : FF;
  DCE2 : FF;
  DCE3 : FF;
  DCE4 : FF;
  DCE5 : FF;
  DCE6 : FF;
  DCE7 : FF;
  DCE8 : FF;
  DCE9 : FF;
  DCEA : FF;
  DCEB : FF;
  DCEC : FF;
  DCED : FF;
  DCEE : FF;
  DCEF : FF;
  DCF0 : FF;
  DCF1 : FF;
  DCF2 : FF;
  DCF3 : FF;
  DCF4 : FF;
  DCF5 : FF;
  DCF6 : FF;
  DCF7 : FF;
  DCF8 : FF;
  DCF9 : FF;
  DCFA : FF;
  DCFB : FF;
  DCFC : FF;
  DCFD : FF;
  DCFE : FF;
  DCFF : FF;
  DD00 : FF;
  DD01 : FF;
  DD02 : FF;
  DD03 : FF;
  DD04 : FF;
  DD05 : FF;
  DD06 : FF;
  DD07 : FF;
  DD08 : FF;
  DD09 : FF;
  DD0A : FF;
  DD0B : FF;
  DD0C : FF;
  DD0D : FF;
  DD0E : FF;
  DD0F : FF;
  DD10 : FF;
  DD11 : FF;
  DD12 : FF;
  DD13 : FF;
  DD14 : FF;
  DD15 : FF;
  DD16 : FF;
  DD17 : FF;
  DD18 : FF;
  DD19 : FF;
  DD1A : FF;
  DD1B : FF;
  DD1C : FF;
  DD1D : FF;
  DD1E : FF;
  DD1F : FF;
  DD20 : FF;
  DD21 : FF;
  DD22 : FF;
  DD23 : FF;
  DD24 : FF;
  DD25 : FF;
  DD26 : FF;
  DD27 : FF;
  DD28 : FF;
  DD29 : FF;
  DD2A : FF;
  DD2B : FF;
  DD2C : FF;
  DD2D : FF;
  DD2E : FF;
  DD2F : FF;
  DD30 : FF;
  DD31 : FF;
  DD32 : FF;
  DD33 : FF;
  DD34 : FF;
  DD35 : FF;
  DD36 : FF;
  DD37 : FF;
  DD38 : FF;
  DD39 : FF;
  DD3A : FF;
  DD3B : FF;
  DD3C : FF;
  DD3D : FF;
  DD3E : FF;
  DD3F : FF;
  DD40 : FF;
  DD41 : FF;
  DD42 : FF;
  DD43 : FF;
  DD44 : FF;
  DD45 : FF;
  DD46 : FF;
  DD47 : FF;
  DD48 : FF;
  DD49 : FF;
  DD4A : FF;
  DD4B : FF;
  DD4C : FF;
  DD4D : FF;
  DD4E : FF;
  DD4F : FF;
  DD50 : FF;
  DD51 : FF;
  DD52 : FF;
  DD53 : FF;
  DD54 : FF;
  DD55 : FF;
  DD56 : FF;
  DD57 : FF;
  DD58 : FF;
  DD59 : FF;
  DD5A : FF;
  DD5B : FF;
  DD5C : FF;
  DD5D : FF;
  DD5E : FF;
  DD5F : FF;
  DD60 : FF;
  DD61 : FF;
  DD62 : FF;
  DD63 : FF;
  DD64 : FF;
  DD65 : FF;
  DD66 : FF;
  DD67 : FF;
  DD68 : FF;
  DD69 : FF;
  DD6A : FF;
  DD6B : FF;
  DD6C : FF;
  DD6D : FF;
  DD6E : FF;
  DD6F : FF;
  DD70 : FF;
  DD71 : FF;
  DD72 : FF;
  DD73 : FF;
  DD74 : FF;
  DD75 : FF;
  DD76 : FF;
  DD77 : FF;
  DD78 : FF;
  DD79 : FF;
  DD7A : FF;
  DD7B : FF;
  DD7C : FF;
  DD7D : FF;
  DD7E : FF;
  DD7F : FF;
  DD80 : FF;
  DD81 : FF;
  DD82 : FF;
  DD83 : FF;
  DD84 : FF;
  DD85 : FF;
  DD86 : FF;
  DD87 : FF;
  DD88 : FF;
  DD89 : FF;
  DD8A : FF;
  DD8B : FF;
  DD8C : FF;
  DD8D : FF;
  DD8E : FF;
  DD8F : FF;
  DD90 : FF;
  DD91 : FF;
  DD92 : FF;
  DD93 : FF;
  DD94 : FF;
  DD95 : FF;
  DD96 : FF;
  DD97 : FF;
  DD98 : FF;
  DD99 : FF;
  DD9A : FF;
  DD9B : FF;
  DD9C : FF;
  DD9D : FF;
  DD9E : FF;
  DD9F : FF;
  DDA0 : FF;
  DDA1 : FF;
  DDA2 : FF;
  DDA3 : FF;
  DDA4 : FF;
  DDA5 : FF;
  DDA6 : FF;
  DDA7 : FF;
  DDA8 : FF;
  DDA9 : FF;
  DDAA : FF;
  DDAB : FF;
  DDAC : FF;
  DDAD : FF;
  DDAE : FF;
  DDAF : FF;
  DDB0 : FF;
  DDB1 : FF;
  DDB2 : FF;
  DDB3 : FF;
  DDB4 : FF;
  DDB5 : FF;
  DDB6 : FF;
  DDB7 : FF;
  DDB8 : FF;
  DDB9 : FF;
  DDBA : FF;
  DDBB : FF;
  DDBC : FF;
  DDBD : FF;
  DDBE : FF;
  DDBF : FF;
  DDC0 : FF;
  DDC1 : FF;
  DDC2 : FF;
  DDC3 : FF;
  DDC4 : FF;
  DDC5 : FF;
  DDC6 : FF;
  DDC7 : FF;
  DDC8 : FF;
  DDC9 : FF;
  DDCA : FF;
  DDCB : FF;
  DDCC : FF;
  DDCD : FF;
  DDCE : FF;
  DDCF : FF;
  DDD0 : FF;
  DDD1 : FF;
  DDD2 : FF;
  DDD3 : FF;
  DDD4 : FF;
  DDD5 : FF;
  DDD6 : FF;
  DDD7 : FF;
  DDD8 : FF;
  DDD9 : FF;
  DDDA : FF;
  DDDB : FF;
  DDDC : FF;
  DDDD : FF;
  DDDE : FF;
  DDDF : FF;
  DDE0 : FF;
  DDE1 : FF;
  DDE2 : FF;
  DDE3 : FF;
  DDE4 : FF;
  DDE5 : FF;
  DDE6 : FF;
  DDE7 : FF;
  DDE8 : FF;
  DDE9 : FF;
  DDEA : FF;
  DDEB : FF;
  DDEC : FF;
  DDED : FF;
  DDEE : FF;
  DDEF : FF;
  DDF0 : FF;
  DDF1 : FF;
  DDF2 : FF;
  DDF3 : FF;
  DDF4 : FF;
  DDF5 : FF;
  DDF6 : FF;
  DDF7 : FF;
  DDF8 : FF;
  DDF9 : FF;
  DDFA : FF;
  DDFB : FF;
  DDFC : FF;
  DDFD : FF;
  DDFE : FF;
  DDFF : FF;
  DE00 : FF;
  DE01 : FF;
  DE02 : FF;
  DE03 : FF;
  DE04 : FF;
  DE05 : FF;
  DE06 : FF;
  DE07 : FF;
  DE08 : FF;
  DE09 : FF;
  DE0A : FF;
  DE0B : FF;
  DE0C : FF;
  DE0D : FF;
  DE0E : FF;
  DE0F : FF;
  DE10 : FF;
  DE11 : FF;
  DE12 : FF;
  DE13 : FF;
  DE14 : FF;
  DE15 : FF;
  DE16 : FF;
  DE17 : FF;
  DE18 : FF;
  DE19 : FF;
  DE1A : FF;
  DE1B : FF;
  DE1C : FF;
  DE1D : FF;
  DE1E : FF;
  DE1F : FF;
  DE20 : FF;
  DE21 : FF;
  DE22 : FF;
  DE23 : FF;
  DE24 : FF;
  DE25 : FF;
  DE26 : FF;
  DE27 : FF;
  DE28 : FF;
  DE29 : FF;
  DE2A : FF;
  DE2B : FF;
  DE2C : FF;
  DE2D : FF;
  DE2E : FF;
  DE2F : FF;
  DE30 : FF;
  DE31 : FF;
  DE32 : FF;
  DE33 : FF;
  DE34 : FF;
  DE35 : FF;
  DE36 : FF;
  DE37 : FF;
  DE38 : FF;
  DE39 : FF;
  DE3A : FF;
  DE3B : FF;
  DE3C : FF;
  DE3D : FF;
  DE3E : FF;
  DE3F : FF;
  DE40 : FF;
  DE41 : FF;
  DE42 : FF;
  DE43 : FF;
  DE44 : FF;
  DE45 : FF;
  DE46 : FF;
  DE47 : FF;
  DE48 : FF;
  DE49 : FF;
  DE4A : FF;
  DE4B : FF;
  DE4C : FF;
  DE4D : FF;
  DE4E : FF;
  DE4F : FF;
  DE50 : FF;
  DE51 : FF;
  DE52 : FF;
  DE53 : FF;
  DE54 : FF;
  DE55 : FF;
  DE56 : FF;
  DE57 : FF;
  DE58 : FF;
  DE59 : FF;
  DE5A : FF;
  DE5B : FF;
  DE5C : FF;
  DE5D : FF;
  DE5E : FF;
  DE5F : FF;
  DE60 : FF;
  DE61 : FF;
  DE62 : FF;
  DE63 : FF;
  DE64 : FF;
  DE65 : FF;
  DE66 : FF;
  DE67 : FF;
  DE68 : FF;
  DE69 : FF;
  DE6A : FF;
  DE6B : FF;
  DE6C : FF;
  DE6D : FF;
  DE6E : FF;
  DE6F : FF;
  DE70 : FF;
  DE71 : FF;
  DE72 : FF;
  DE73 : FF;
  DE74 : FF;
  DE75 : FF;
  DE76 : FF;
  DE77 : FF;
  DE78 : FF;
  DE79 : FF;
  DE7A : FF;
  DE7B : FF;
  DE7C : FF;
  DE7D : FF;
  DE7E : FF;
  DE7F : FF;
  DE80 : FF;
  DE81 : FF;
  DE82 : FF;
  DE83 : FF;
  DE84 : FF;
  DE85 : FF;
  DE86 : FF;
  DE87 : FF;
  DE88 : FF;
  DE89 : FF;
  DE8A : FF;
  DE8B : FF;
  DE8C : FF;
  DE8D : FF;
  DE8E : FF;
  DE8F : FF;
  DE90 : FF;
  DE91 : FF;
  DE92 : FF;
  DE93 : FF;
  DE94 : FF;
  DE95 : FF;
  DE96 : FF;
  DE97 : FF;
  DE98 : FF;
  DE99 : FF;
  DE9A : FF;
  DE9B : FF;
  DE9C : FF;
  DE9D : FF;
  DE9E : FF;
  DE9F : FF;
  DEA0 : FF;
  DEA1 : FF;
  DEA2 : FF;
  DEA3 : FF;
  DEA4 : FF;
  DEA5 : FF;
  DEA6 : FF;
  DEA7 : FF;
  DEA8 : FF;
  DEA9 : FF;
  DEAA : FF;
  DEAB : FF;
  DEAC : FF;
  DEAD : FF;
  DEAE : FF;
  DEAF : FF;
  DEB0 : FF;
  DEB1 : FF;
  DEB2 : FF;
  DEB3 : FF;
  DEB4 : FF;
  DEB5 : FF;
  DEB6 : FF;
  DEB7 : FF;
  DEB8 : FF;
  DEB9 : FF;
  DEBA : FF;
  DEBB : FF;
  DEBC : FF;
  DEBD : FF;
  DEBE : FF;
  DEBF : FF;
  DEC0 : FF;
  DEC1 : FF;
  DEC2 : FF;
  DEC3 : FF;
  DEC4 : FF;
  DEC5 : FF;
  DEC6 : FF;
  DEC7 : FF;
  DEC8 : FF;
  DEC9 : FF;
  DECA : FF;
  DECB : FF;
  DECC : FF;
  DECD : FF;
  DECE : FF;
  DECF : FF;
  DED0 : FF;
  DED1 : FF;
  DED2 : FF;
  DED3 : FF;
  DED4 : FF;
  DED5 : FF;
  DED6 : FF;
  DED7 : FF;
  DED8 : FF;
  DED9 : FF;
  DEDA : FF;
  DEDB : FF;
  DEDC : FF;
  DEDD : FF;
  DEDE : FF;
  DEDF : FF;
  DEE0 : FF;
  DEE1 : FF;
  DEE2 : FF;
  DEE3 : FF;
  DEE4 : FF;
  DEE5 : FF;
  DEE6 : FF;
  DEE7 : FF;
  DEE8 : FF;
  DEE9 : FF;
  DEEA : FF;
  DEEB : FF;
  DEEC : FF;
  DEED : FF;
  DEEE : FF;
  DEEF : FF;
  DEF0 : FF;
  DEF1 : FF;
  DEF2 : FF;
  DEF3 : FF;
  DEF4 : FF;
  DEF5 : FF;
  DEF6 : FF;
  DEF7 : FF;
  DEF8 : FF;
  DEF9 : FF;
  DEFA : FF;
  DEFB : FF;
  DEFC : FF;
  DEFD : FF;
  DEFE : FF;
  DEFF : FF;
  DF00 : FF;
  DF01 : FF;
  DF02 : FF;
  DF03 : FF;
  DF04 : FF;
  DF05 : FF;
  DF06 : FF;
  DF07 : FF;
  DF08 : FF;
  DF09 : FF;
  DF0A : FF;
  DF0B : FF;
  DF0C : FF;
  DF0D : FF;
  DF0E : FF;
  DF0F : FF;
  DF10 : FF;
  DF11 : FF;
  DF12 : FF;
  DF13 : FF;
  DF14 : FF;
  DF15 : FF;
  DF16 : FF;
  DF17 : FF;
  DF18 : FF;
  DF19 : FF;
  DF1A : FF;
  DF1B : FF;
  DF1C : FF;
  DF1D : FF;
  DF1E : FF;
  DF1F : FF;
  DF20 : FF;
  DF21 : FF;
  DF22 : FF;
  DF23 : FF;
  DF24 : FF;
  DF25 : FF;
  DF26 : FF;
  DF27 : FF;
  DF28 : FF;
  DF29 : FF;
  DF2A : FF;
  DF2B : FF;
  DF2C : FF;
  DF2D : FF;
  DF2E : FF;
  DF2F : FF;
  DF30 : FF;
  DF31 : FF;
  DF32 : FF;
  DF33 : FF;
  DF34 : FF;
  DF35 : FF;
  DF36 : FF;
  DF37 : FF;
  DF38 : FF;
  DF39 : FF;
  DF3A : FF;
  DF3B : FF;
  DF3C : FF;
  DF3D : FF;
  DF3E : FF;
  DF3F : FF;
  DF40 : FF;
  DF41 : FF;
  DF42 : FF;
  DF43 : FF;
  DF44 : FF;
  DF45 : FF;
  DF46 : FF;
  DF47 : FF;
  DF48 : FF;
  DF49 : FF;
  DF4A : FF;
  DF4B : FF;
  DF4C : FF;
  DF4D : FF;
  DF4E : FF;
  DF4F : FF;
  DF50 : FF;
  DF51 : FF;
  DF52 : FF;
  DF53 : FF;
  DF54 : FF;
  DF55 : FF;
  DF56 : FF;
  DF57 : FF;
  DF58 : FF;
  DF59 : FF;
  DF5A : FF;
  DF5B : FF;
  DF5C : FF;
  DF5D : FF;
  DF5E : FF;
  DF5F : FF;
  DF60 : FF;
  DF61 : FF;
  DF62 : FF;
  DF63 : FF;
  DF64 : FF;
  DF65 : FF;
  DF66 : FF;
  DF67 : FF;
  DF68 : FF;
  DF69 : FF;
  DF6A : FF;
  DF6B : FF;
  DF6C : FF;
  DF6D : FF;
  DF6E : FF;
  DF6F : FF;
  DF70 : FF;
  DF71 : FF;
  DF72 : FF;
  DF73 : FF;
  DF74 : FF;
  DF75 : FF;
  DF76 : FF;
  DF77 : FF;
  DF78 : FF;
  DF79 : FF;
  DF7A : FF;
  DF7B : FF;
  DF7C : FF;
  DF7D : FF;
  DF7E : FF;
  DF7F : FF;
  DF80 : FF;
  DF81 : FF;
  DF82 : FF;
  DF83 : FF;
  DF84 : FF;
  DF85 : FF;
  DF86 : FF;
  DF87 : FF;
  DF88 : FF;
  DF89 : FF;
  DF8A : FF;
  DF8B : FF;
  DF8C : FF;
  DF8D : FF;
  DF8E : FF;
  DF8F : FF;
  DF90 : FF;
  DF91 : FF;
  DF92 : FF;
  DF93 : FF;
  DF94 : FF;
  DF95 : FF;
  DF96 : FF;
  DF97 : FF;
  DF98 : FF;
  DF99 : FF;
  DF9A : FF;
  DF9B : FF;
  DF9C : FF;
  DF9D : FF;
  DF9E : FF;
  DF9F : FF;
  DFA0 : FF;
  DFA1 : FF;
  DFA2 : FF;
  DFA3 : FF;
  DFA4 : FF;
  DFA5 : FF;
  DFA6 : FF;
  DFA7 : FF;
  DFA8 : FF;
  DFA9 : FF;
  DFAA : FF;
  DFAB : FF;
  DFAC : FF;
  DFAD : FF;
  DFAE : FF;
  DFAF : FF;
  DFB0 : FF;
  DFB1 : FF;
  DFB2 : FF;
  DFB3 : FF;
  DFB4 : FF;
  DFB5 : FF;
  DFB6 : FF;
  DFB7 : FF;
  DFB8 : FF;
  DFB9 : FF;
  DFBA : FF;
  DFBB : FF;
  DFBC : FF;
  DFBD : FF;
  DFBE : FF;
  DFBF : FF;
  DFC0 : FF;
  DFC1 : FF;
  DFC2 : FF;
  DFC3 : FF;
  DFC4 : FF;
  DFC5 : FF;
  DFC6 : FF;
  DFC7 : FF;
  DFC8 : FF;
  DFC9 : FF;
  DFCA : FF;
  DFCB : FF;
  DFCC : FF;
  DFCD : FF;
  DFCE : FF;
  DFCF : FF;
  DFD0 : FF;
  DFD1 : FF;
  DFD2 : FF;
  DFD3 : FF;
  DFD4 : FF;
  DFD5 : FF;
  DFD6 : FF;
  DFD7 : FF;
  DFD8 : FF;
  DFD9 : FF;
  DFDA : FF;
  DFDB : FF;
  DFDC : FF;
  DFDD : FF;
  DFDE : FF;
  DFDF : FF;
  DFE0 : FF;
  DFE1 : FF;
  DFE2 : FF;
  DFE3 : FF;
  DFE4 : FF;
  DFE5 : FF;
  DFE6 : FF;
  DFE7 : FF;
  DFE8 : FF;
  DFE9 : FF;
  DFEA : FF;
  DFEB : FF;
  DFEC : FF;
  DFED : FF;
  DFEE : FF;
  DFEF : FF;
  DFF0 : FF;
  DFF1 : FF;
  DFF2 : FF;
  DFF3 : FF;
  DFF4 : FF;
  DFF5 : FF;
  DFF6 : FF;
  DFF7 : FF;
  DFF8 : FF;
  DFF9 : FF;
  DFFA : FF;
  DFFB : FF;
  DFFC : FF;
  DFFD : FF;
  DFFE : FF;
  DFFF : FF;
  E000 : FF;
  E001 : FF;
  E002 : FF;
  E003 : FF;
  E004 : FF;
  E005 : FF;
  E006 : FF;
  E007 : FF;
  E008 : FF;
  E009 : FF;
  E00A : FF;
  E00B : FF;
  E00C : FF;
  E00D : FF;
  E00E : FF;
  E00F : FF;
  E010 : FF;
  E011 : FF;
  E012 : FF;
  E013 : FF;
  E014 : FF;
  E015 : FF;
  E016 : FF;
  E017 : FF;
  E018 : FF;
  E019 : FF;
  E01A : FF;
  E01B : FF;
  E01C : FF;
  E01D : FF;
  E01E : FF;
  E01F : FF;
  E020 : FF;
  E021 : FF;
  E022 : FF;
  E023 : FF;
  E024 : FF;
  E025 : FF;
  E026 : FF;
  E027 : FF;
  E028 : FF;
  E029 : FF;
  E02A : FF;
  E02B : FF;
  E02C : FF;
  E02D : FF;
  E02E : FF;
  E02F : FF;
  E030 : FF;
  E031 : FF;
  E032 : FF;
  E033 : FF;
  E034 : FF;
  E035 : FF;
  E036 : FF;
  E037 : FF;
  E038 : FF;
  E039 : FF;
  E03A : FF;
  E03B : FF;
  E03C : FF;
  E03D : FF;
  E03E : FF;
  E03F : FF;
  E040 : FF;
  E041 : FF;
  E042 : FF;
  E043 : FF;
  E044 : FF;
  E045 : FF;
  E046 : FF;
  E047 : FF;
  E048 : FF;
  E049 : FF;
  E04A : FF;
  E04B : FF;
  E04C : FF;
  E04D : FF;
  E04E : FF;
  E04F : FF;
  E050 : FF;
  E051 : FF;
  E052 : FF;
  E053 : FF;
  E054 : FF;
  E055 : FF;
  E056 : FF;
  E057 : FF;
  E058 : FF;
  E059 : FF;
  E05A : FF;
  E05B : FF;
  E05C : FF;
  E05D : FF;
  E05E : FF;
  E05F : FF;
  E060 : FF;
  E061 : FF;
  E062 : FF;
  E063 : FF;
  E064 : FF;
  E065 : FF;
  E066 : FF;
  E067 : FF;
  E068 : FF;
  E069 : FF;
  E06A : FF;
  E06B : FF;
  E06C : FF;
  E06D : FF;
  E06E : FF;
  E06F : FF;
  E070 : FF;
  E071 : FF;
  E072 : FF;
  E073 : FF;
  E074 : FF;
  E075 : FF;
  E076 : FF;
  E077 : FF;
  E078 : FF;
  E079 : FF;
  E07A : FF;
  E07B : FF;
  E07C : FF;
  E07D : FF;
  E07E : FF;
  E07F : FF;
  E080 : FF;
  E081 : FF;
  E082 : FF;
  E083 : FF;
  E084 : FF;
  E085 : FF;
  E086 : FF;
  E087 : FF;
  E088 : FF;
  E089 : FF;
  E08A : FF;
  E08B : FF;
  E08C : FF;
  E08D : FF;
  E08E : FF;
  E08F : FF;
  E090 : FF;
  E091 : FF;
  E092 : FF;
  E093 : FF;
  E094 : FF;
  E095 : FF;
  E096 : FF;
  E097 : FF;
  E098 : FF;
  E099 : FF;
  E09A : FF;
  E09B : FF;
  E09C : FF;
  E09D : FF;
  E09E : FF;
  E09F : FF;
  E0A0 : FF;
  E0A1 : FF;
  E0A2 : FF;
  E0A3 : FF;
  E0A4 : FF;
  E0A5 : FF;
  E0A6 : FF;
  E0A7 : FF;
  E0A8 : FF;
  E0A9 : FF;
  E0AA : FF;
  E0AB : FF;
  E0AC : FF;
  E0AD : FF;
  E0AE : FF;
  E0AF : FF;
  E0B0 : FF;
  E0B1 : FF;
  E0B2 : FF;
  E0B3 : FF;
  E0B4 : FF;
  E0B5 : FF;
  E0B6 : FF;
  E0B7 : FF;
  E0B8 : FF;
  E0B9 : FF;
  E0BA : FF;
  E0BB : FF;
  E0BC : FF;
  E0BD : FF;
  E0BE : FF;
  E0BF : FF;
  E0C0 : FF;
  E0C1 : FF;
  E0C2 : FF;
  E0C3 : FF;
  E0C4 : FF;
  E0C5 : FF;
  E0C6 : FF;
  E0C7 : FF;
  E0C8 : FF;
  E0C9 : FF;
  E0CA : FF;
  E0CB : FF;
  E0CC : FF;
  E0CD : FF;
  E0CE : FF;
  E0CF : FF;
  E0D0 : FF;
  E0D1 : FF;
  E0D2 : FF;
  E0D3 : FF;
  E0D4 : FF;
  E0D5 : FF;
  E0D6 : FF;
  E0D7 : FF;
  E0D8 : FF;
  E0D9 : FF;
  E0DA : FF;
  E0DB : FF;
  E0DC : FF;
  E0DD : FF;
  E0DE : FF;
  E0DF : FF;
  E0E0 : FF;
  E0E1 : FF;
  E0E2 : FF;
  E0E3 : FF;
  E0E4 : FF;
  E0E5 : FF;
  E0E6 : FF;
  E0E7 : FF;
  E0E8 : FF;
  E0E9 : FF;
  E0EA : FF;
  E0EB : FF;
  E0EC : FF;
  E0ED : FF;
  E0EE : FF;
  E0EF : FF;
  E0F0 : FF;
  E0F1 : FF;
  E0F2 : FF;
  E0F3 : FF;
  E0F4 : FF;
  E0F5 : FF;
  E0F6 : FF;
  E0F7 : FF;
  E0F8 : FF;
  E0F9 : FF;
  E0FA : FF;
  E0FB : FF;
  E0FC : FF;
  E0FD : FF;
  E0FE : FF;
  E0FF : FF;
  E100 : FF;
  E101 : FF;
  E102 : FF;
  E103 : FF;
  E104 : FF;
  E105 : FF;
  E106 : FF;
  E107 : FF;
  E108 : FF;
  E109 : FF;
  E10A : FF;
  E10B : FF;
  E10C : FF;
  E10D : FF;
  E10E : FF;
  E10F : FF;
  E110 : FF;
  E111 : FF;
  E112 : FF;
  E113 : FF;
  E114 : FF;
  E115 : FF;
  E116 : FF;
  E117 : FF;
  E118 : FF;
  E119 : FF;
  E11A : FF;
  E11B : FF;
  E11C : FF;
  E11D : FF;
  E11E : FF;
  E11F : FF;
  E120 : FF;
  E121 : FF;
  E122 : FF;
  E123 : FF;
  E124 : FF;
  E125 : FF;
  E126 : FF;
  E127 : FF;
  E128 : FF;
  E129 : FF;
  E12A : FF;
  E12B : FF;
  E12C : FF;
  E12D : FF;
  E12E : FF;
  E12F : FF;
  E130 : FF;
  E131 : FF;
  E132 : FF;
  E133 : FF;
  E134 : FF;
  E135 : FF;
  E136 : FF;
  E137 : FF;
  E138 : FF;
  E139 : FF;
  E13A : FF;
  E13B : FF;
  E13C : FF;
  E13D : FF;
  E13E : FF;
  E13F : FF;
  E140 : FF;
  E141 : FF;
  E142 : FF;
  E143 : FF;
  E144 : FF;
  E145 : FF;
  E146 : FF;
  E147 : FF;
  E148 : FF;
  E149 : FF;
  E14A : FF;
  E14B : FF;
  E14C : FF;
  E14D : FF;
  E14E : FF;
  E14F : FF;
  E150 : FF;
  E151 : FF;
  E152 : FF;
  E153 : FF;
  E154 : FF;
  E155 : FF;
  E156 : FF;
  E157 : FF;
  E158 : FF;
  E159 : FF;
  E15A : FF;
  E15B : FF;
  E15C : FF;
  E15D : FF;
  E15E : FF;
  E15F : FF;
  E160 : FF;
  E161 : FF;
  E162 : FF;
  E163 : FF;
  E164 : FF;
  E165 : FF;
  E166 : FF;
  E167 : FF;
  E168 : FF;
  E169 : FF;
  E16A : FF;
  E16B : FF;
  E16C : FF;
  E16D : FF;
  E16E : FF;
  E16F : FF;
  E170 : FF;
  E171 : FF;
  E172 : FF;
  E173 : FF;
  E174 : FF;
  E175 : FF;
  E176 : FF;
  E177 : FF;
  E178 : FF;
  E179 : FF;
  E17A : FF;
  E17B : FF;
  E17C : FF;
  E17D : FF;
  E17E : FF;
  E17F : FF;
  E180 : FF;
  E181 : FF;
  E182 : FF;
  E183 : FF;
  E184 : FF;
  E185 : FF;
  E186 : FF;
  E187 : FF;
  E188 : FF;
  E189 : FF;
  E18A : FF;
  E18B : FF;
  E18C : FF;
  E18D : FF;
  E18E : FF;
  E18F : FF;
  E190 : FF;
  E191 : FF;
  E192 : FF;
  E193 : FF;
  E194 : FF;
  E195 : FF;
  E196 : FF;
  E197 : FF;
  E198 : FF;
  E199 : FF;
  E19A : FF;
  E19B : FF;
  E19C : FF;
  E19D : FF;
  E19E : FF;
  E19F : FF;
  E1A0 : FF;
  E1A1 : FF;
  E1A2 : FF;
  E1A3 : FF;
  E1A4 : FF;
  E1A5 : FF;
  E1A6 : FF;
  E1A7 : FF;
  E1A8 : FF;
  E1A9 : FF;
  E1AA : FF;
  E1AB : FF;
  E1AC : FF;
  E1AD : FF;
  E1AE : FF;
  E1AF : FF;
  E1B0 : FF;
  E1B1 : FF;
  E1B2 : FF;
  E1B3 : FF;
  E1B4 : FF;
  E1B5 : FF;
  E1B6 : FF;
  E1B7 : FF;
  E1B8 : FF;
  E1B9 : FF;
  E1BA : FF;
  E1BB : FF;
  E1BC : FF;
  E1BD : FF;
  E1BE : FF;
  E1BF : FF;
  E1C0 : FF;
  E1C1 : FF;
  E1C2 : FF;
  E1C3 : FF;
  E1C4 : FF;
  E1C5 : FF;
  E1C6 : FF;
  E1C7 : FF;
  E1C8 : FF;
  E1C9 : FF;
  E1CA : FF;
  E1CB : FF;
  E1CC : FF;
  E1CD : FF;
  E1CE : FF;
  E1CF : FF;
  E1D0 : FF;
  E1D1 : FF;
  E1D2 : FF;
  E1D3 : FF;
  E1D4 : FF;
  E1D5 : FF;
  E1D6 : FF;
  E1D7 : FF;
  E1D8 : FF;
  E1D9 : FF;
  E1DA : FF;
  E1DB : FF;
  E1DC : FF;
  E1DD : FF;
  E1DE : FF;
  E1DF : FF;
  E1E0 : FF;
  E1E1 : FF;
  E1E2 : FF;
  E1E3 : FF;
  E1E4 : FF;
  E1E5 : FF;
  E1E6 : FF;
  E1E7 : FF;
  E1E8 : FF;
  E1E9 : FF;
  E1EA : FF;
  E1EB : FF;
  E1EC : FF;
  E1ED : FF;
  E1EE : FF;
  E1EF : FF;
  E1F0 : FF;
  E1F1 : FF;
  E1F2 : FF;
  E1F3 : FF;
  E1F4 : FF;
  E1F5 : FF;
  E1F6 : FF;
  E1F7 : FF;
  E1F8 : FF;
  E1F9 : FF;
  E1FA : FF;
  E1FB : FF;
  E1FC : FF;
  E1FD : FF;
  E1FE : FF;
  E1FF : FF;
  E200 : FF;
  E201 : FF;
  E202 : FF;
  E203 : FF;
  E204 : FF;
  E205 : FF;
  E206 : FF;
  E207 : FF;
  E208 : FF;
  E209 : FF;
  E20A : FF;
  E20B : FF;
  E20C : FF;
  E20D : FF;
  E20E : FF;
  E20F : FF;
  E210 : FF;
  E211 : FF;
  E212 : FF;
  E213 : FF;
  E214 : FF;
  E215 : FF;
  E216 : FF;
  E217 : FF;
  E218 : FF;
  E219 : FF;
  E21A : FF;
  E21B : FF;
  E21C : FF;
  E21D : FF;
  E21E : FF;
  E21F : FF;
  E220 : FF;
  E221 : FF;
  E222 : FF;
  E223 : FF;
  E224 : FF;
  E225 : FF;
  E226 : FF;
  E227 : FF;
  E228 : FF;
  E229 : FF;
  E22A : FF;
  E22B : FF;
  E22C : FF;
  E22D : FF;
  E22E : FF;
  E22F : FF;
  E230 : FF;
  E231 : FF;
  E232 : FF;
  E233 : FF;
  E234 : FF;
  E235 : FF;
  E236 : FF;
  E237 : FF;
  E238 : FF;
  E239 : FF;
  E23A : FF;
  E23B : FF;
  E23C : FF;
  E23D : FF;
  E23E : FF;
  E23F : FF;
  E240 : FF;
  E241 : FF;
  E242 : FF;
  E243 : FF;
  E244 : FF;
  E245 : FF;
  E246 : FF;
  E247 : FF;
  E248 : FF;
  E249 : FF;
  E24A : FF;
  E24B : FF;
  E24C : FF;
  E24D : FF;
  E24E : FF;
  E24F : FF;
  E250 : FF;
  E251 : FF;
  E252 : FF;
  E253 : FF;
  E254 : FF;
  E255 : FF;
  E256 : FF;
  E257 : FF;
  E258 : FF;
  E259 : FF;
  E25A : FF;
  E25B : FF;
  E25C : FF;
  E25D : FF;
  E25E : FF;
  E25F : FF;
  E260 : FF;
  E261 : FF;
  E262 : FF;
  E263 : FF;
  E264 : FF;
  E265 : FF;
  E266 : FF;
  E267 : FF;
  E268 : FF;
  E269 : FF;
  E26A : FF;
  E26B : FF;
  E26C : FF;
  E26D : FF;
  E26E : FF;
  E26F : FF;
  E270 : FF;
  E271 : FF;
  E272 : FF;
  E273 : FF;
  E274 : FF;
  E275 : FF;
  E276 : FF;
  E277 : FF;
  E278 : FF;
  E279 : FF;
  E27A : FF;
  E27B : FF;
  E27C : FF;
  E27D : FF;
  E27E : FF;
  E27F : FF;
  E280 : FF;
  E281 : FF;
  E282 : FF;
  E283 : FF;
  E284 : FF;
  E285 : FF;
  E286 : FF;
  E287 : FF;
  E288 : FF;
  E289 : FF;
  E28A : FF;
  E28B : FF;
  E28C : FF;
  E28D : FF;
  E28E : FF;
  E28F : FF;
  E290 : FF;
  E291 : FF;
  E292 : FF;
  E293 : FF;
  E294 : FF;
  E295 : FF;
  E296 : FF;
  E297 : FF;
  E298 : FF;
  E299 : FF;
  E29A : FF;
  E29B : FF;
  E29C : FF;
  E29D : FF;
  E29E : FF;
  E29F : FF;
  E2A0 : FF;
  E2A1 : FF;
  E2A2 : FF;
  E2A3 : FF;
  E2A4 : FF;
  E2A5 : FF;
  E2A6 : FF;
  E2A7 : FF;
  E2A8 : FF;
  E2A9 : FF;
  E2AA : FF;
  E2AB : FF;
  E2AC : FF;
  E2AD : FF;
  E2AE : FF;
  E2AF : FF;
  E2B0 : FF;
  E2B1 : FF;
  E2B2 : FF;
  E2B3 : FF;
  E2B4 : FF;
  E2B5 : FF;
  E2B6 : FF;
  E2B7 : FF;
  E2B8 : FF;
  E2B9 : FF;
  E2BA : FF;
  E2BB : FF;
  E2BC : FF;
  E2BD : FF;
  E2BE : FF;
  E2BF : FF;
  E2C0 : FF;
  E2C1 : FF;
  E2C2 : FF;
  E2C3 : FF;
  E2C4 : FF;
  E2C5 : FF;
  E2C6 : FF;
  E2C7 : FF;
  E2C8 : FF;
  E2C9 : FF;
  E2CA : FF;
  E2CB : FF;
  E2CC : FF;
  E2CD : FF;
  E2CE : FF;
  E2CF : FF;
  E2D0 : FF;
  E2D1 : FF;
  E2D2 : FF;
  E2D3 : FF;
  E2D4 : FF;
  E2D5 : FF;
  E2D6 : FF;
  E2D7 : FF;
  E2D8 : FF;
  E2D9 : FF;
  E2DA : FF;
  E2DB : FF;
  E2DC : FF;
  E2DD : FF;
  E2DE : FF;
  E2DF : FF;
  E2E0 : FF;
  E2E1 : FF;
  E2E2 : FF;
  E2E3 : FF;
  E2E4 : FF;
  E2E5 : FF;
  E2E6 : FF;
  E2E7 : FF;
  E2E8 : FF;
  E2E9 : FF;
  E2EA : FF;
  E2EB : FF;
  E2EC : FF;
  E2ED : FF;
  E2EE : FF;
  E2EF : FF;
  E2F0 : FF;
  E2F1 : FF;
  E2F2 : FF;
  E2F3 : FF;
  E2F4 : FF;
  E2F5 : FF;
  E2F6 : FF;
  E2F7 : FF;
  E2F8 : FF;
  E2F9 : FF;
  E2FA : FF;
  E2FB : FF;
  E2FC : FF;
  E2FD : FF;
  E2FE : FF;
  E2FF : FF;
  E300 : FF;
  E301 : FF;
  E302 : FF;
  E303 : FF;
  E304 : FF;
  E305 : FF;
  E306 : FF;
  E307 : FF;
  E308 : FF;
  E309 : FF;
  E30A : FF;
  E30B : FF;
  E30C : FF;
  E30D : FF;
  E30E : FF;
  E30F : FF;
  E310 : FF;
  E311 : FF;
  E312 : FF;
  E313 : FF;
  E314 : FF;
  E315 : FF;
  E316 : FF;
  E317 : FF;
  E318 : FF;
  E319 : FF;
  E31A : FF;
  E31B : FF;
  E31C : FF;
  E31D : FF;
  E31E : FF;
  E31F : FF;
  E320 : FF;
  E321 : FF;
  E322 : FF;
  E323 : FF;
  E324 : FF;
  E325 : FF;
  E326 : FF;
  E327 : FF;
  E328 : FF;
  E329 : FF;
  E32A : FF;
  E32B : FF;
  E32C : FF;
  E32D : FF;
  E32E : FF;
  E32F : FF;
  E330 : FF;
  E331 : FF;
  E332 : FF;
  E333 : FF;
  E334 : FF;
  E335 : FF;
  E336 : FF;
  E337 : FF;
  E338 : FF;
  E339 : FF;
  E33A : FF;
  E33B : FF;
  E33C : FF;
  E33D : FF;
  E33E : FF;
  E33F : FF;
  E340 : FF;
  E341 : FF;
  E342 : FF;
  E343 : FF;
  E344 : FF;
  E345 : FF;
  E346 : FF;
  E347 : FF;
  E348 : FF;
  E349 : FF;
  E34A : FF;
  E34B : FF;
  E34C : FF;
  E34D : FF;
  E34E : FF;
  E34F : FF;
  E350 : FF;
  E351 : FF;
  E352 : FF;
  E353 : FF;
  E354 : FF;
  E355 : FF;
  E356 : FF;
  E357 : FF;
  E358 : FF;
  E359 : FF;
  E35A : FF;
  E35B : FF;
  E35C : FF;
  E35D : FF;
  E35E : FF;
  E35F : FF;
  E360 : FF;
  E361 : FF;
  E362 : FF;
  E363 : FF;
  E364 : FF;
  E365 : FF;
  E366 : FF;
  E367 : FF;
  E368 : FF;
  E369 : FF;
  E36A : FF;
  E36B : FF;
  E36C : FF;
  E36D : FF;
  E36E : FF;
  E36F : FF;
  E370 : FF;
  E371 : FF;
  E372 : FF;
  E373 : FF;
  E374 : FF;
  E375 : FF;
  E376 : FF;
  E377 : FF;
  E378 : FF;
  E379 : FF;
  E37A : FF;
  E37B : FF;
  E37C : FF;
  E37D : FF;
  E37E : FF;
  E37F : FF;
  E380 : FF;
  E381 : FF;
  E382 : FF;
  E383 : FF;
  E384 : FF;
  E385 : FF;
  E386 : FF;
  E387 : FF;
  E388 : FF;
  E389 : FF;
  E38A : FF;
  E38B : FF;
  E38C : FF;
  E38D : FF;
  E38E : FF;
  E38F : FF;
  E390 : FF;
  E391 : FF;
  E392 : FF;
  E393 : FF;
  E394 : FF;
  E395 : FF;
  E396 : FF;
  E397 : FF;
  E398 : FF;
  E399 : FF;
  E39A : FF;
  E39B : FF;
  E39C : FF;
  E39D : FF;
  E39E : FF;
  E39F : FF;
  E3A0 : FF;
  E3A1 : FF;
  E3A2 : FF;
  E3A3 : FF;
  E3A4 : FF;
  E3A5 : FF;
  E3A6 : FF;
  E3A7 : FF;
  E3A8 : FF;
  E3A9 : FF;
  E3AA : FF;
  E3AB : FF;
  E3AC : FF;
  E3AD : FF;
  E3AE : FF;
  E3AF : FF;
  E3B0 : FF;
  E3B1 : FF;
  E3B2 : FF;
  E3B3 : FF;
  E3B4 : FF;
  E3B5 : FF;
  E3B6 : FF;
  E3B7 : FF;
  E3B8 : FF;
  E3B9 : FF;
  E3BA : FF;
  E3BB : FF;
  E3BC : FF;
  E3BD : FF;
  E3BE : FF;
  E3BF : FF;
  E3C0 : FF;
  E3C1 : FF;
  E3C2 : FF;
  E3C3 : FF;
  E3C4 : FF;
  E3C5 : FF;
  E3C6 : FF;
  E3C7 : FF;
  E3C8 : FF;
  E3C9 : FF;
  E3CA : FF;
  E3CB : FF;
  E3CC : FF;
  E3CD : FF;
  E3CE : FF;
  E3CF : FF;
  E3D0 : FF;
  E3D1 : FF;
  E3D2 : FF;
  E3D3 : FF;
  E3D4 : FF;
  E3D5 : FF;
  E3D6 : FF;
  E3D7 : FF;
  E3D8 : FF;
  E3D9 : FF;
  E3DA : FF;
  E3DB : FF;
  E3DC : FF;
  E3DD : FF;
  E3DE : FF;
  E3DF : FF;
  E3E0 : FF;
  E3E1 : FF;
  E3E2 : FF;
  E3E3 : FF;
  E3E4 : FF;
  E3E5 : FF;
  E3E6 : FF;
  E3E7 : FF;
  E3E8 : FF;
  E3E9 : FF;
  E3EA : FF;
  E3EB : FF;
  E3EC : FF;
  E3ED : FF;
  E3EE : FF;
  E3EF : FF;
  E3F0 : FF;
  E3F1 : FF;
  E3F2 : FF;
  E3F3 : FF;
  E3F4 : FF;
  E3F5 : FF;
  E3F6 : FF;
  E3F7 : FF;
  E3F8 : FF;
  E3F9 : FF;
  E3FA : FF;
  E3FB : FF;
  E3FC : FF;
  E3FD : FF;
  E3FE : FF;
  E3FF : FF;
  E400 : FF;
  E401 : FF;
  E402 : FF;
  E403 : FF;
  E404 : FF;
  E405 : FF;
  E406 : FF;
  E407 : FF;
  E408 : FF;
  E409 : FF;
  E40A : FF;
  E40B : FF;
  E40C : FF;
  E40D : FF;
  E40E : FF;
  E40F : FF;
  E410 : FF;
  E411 : FF;
  E412 : FF;
  E413 : FF;
  E414 : FF;
  E415 : FF;
  E416 : FF;
  E417 : FF;
  E418 : FF;
  E419 : FF;
  E41A : FF;
  E41B : FF;
  E41C : FF;
  E41D : FF;
  E41E : FF;
  E41F : FF;
  E420 : FF;
  E421 : FF;
  E422 : FF;
  E423 : FF;
  E424 : FF;
  E425 : FF;
  E426 : FF;
  E427 : FF;
  E428 : FF;
  E429 : FF;
  E42A : FF;
  E42B : FF;
  E42C : FF;
  E42D : FF;
  E42E : FF;
  E42F : FF;
  E430 : FF;
  E431 : FF;
  E432 : FF;
  E433 : FF;
  E434 : FF;
  E435 : FF;
  E436 : FF;
  E437 : FF;
  E438 : FF;
  E439 : FF;
  E43A : FF;
  E43B : FF;
  E43C : FF;
  E43D : FF;
  E43E : FF;
  E43F : FF;
  E440 : FF;
  E441 : FF;
  E442 : FF;
  E443 : FF;
  E444 : FF;
  E445 : FF;
  E446 : FF;
  E447 : FF;
  E448 : FF;
  E449 : FF;
  E44A : FF;
  E44B : FF;
  E44C : FF;
  E44D : FF;
  E44E : FF;
  E44F : FF;
  E450 : FF;
  E451 : FF;
  E452 : FF;
  E453 : FF;
  E454 : FF;
  E455 : FF;
  E456 : FF;
  E457 : FF;
  E458 : FF;
  E459 : FF;
  E45A : FF;
  E45B : FF;
  E45C : FF;
  E45D : FF;
  E45E : FF;
  E45F : FF;
  E460 : FF;
  E461 : FF;
  E462 : FF;
  E463 : FF;
  E464 : FF;
  E465 : FF;
  E466 : FF;
  E467 : FF;
  E468 : FF;
  E469 : FF;
  E46A : FF;
  E46B : FF;
  E46C : FF;
  E46D : FF;
  E46E : FF;
  E46F : FF;
  E470 : FF;
  E471 : FF;
  E472 : FF;
  E473 : FF;
  E474 : FF;
  E475 : FF;
  E476 : FF;
  E477 : FF;
  E478 : FF;
  E479 : FF;
  E47A : FF;
  E47B : FF;
  E47C : FF;
  E47D : FF;
  E47E : FF;
  E47F : FF;
  E480 : FF;
  E481 : FF;
  E482 : FF;
  E483 : FF;
  E484 : FF;
  E485 : FF;
  E486 : FF;
  E487 : FF;
  E488 : FF;
  E489 : FF;
  E48A : FF;
  E48B : FF;
  E48C : FF;
  E48D : FF;
  E48E : FF;
  E48F : FF;
  E490 : FF;
  E491 : FF;
  E492 : FF;
  E493 : FF;
  E494 : FF;
  E495 : FF;
  E496 : FF;
  E497 : FF;
  E498 : FF;
  E499 : FF;
  E49A : FF;
  E49B : FF;
  E49C : FF;
  E49D : FF;
  E49E : FF;
  E49F : FF;
  E4A0 : FF;
  E4A1 : FF;
  E4A2 : FF;
  E4A3 : FF;
  E4A4 : FF;
  E4A5 : FF;
  E4A6 : FF;
  E4A7 : FF;
  E4A8 : FF;
  E4A9 : FF;
  E4AA : FF;
  E4AB : FF;
  E4AC : FF;
  E4AD : FF;
  E4AE : FF;
  E4AF : FF;
  E4B0 : FF;
  E4B1 : FF;
  E4B2 : FF;
  E4B3 : FF;
  E4B4 : FF;
  E4B5 : FF;
  E4B6 : FF;
  E4B7 : FF;
  E4B8 : FF;
  E4B9 : FF;
  E4BA : FF;
  E4BB : FF;
  E4BC : FF;
  E4BD : FF;
  E4BE : FF;
  E4BF : FF;
  E4C0 : FF;
  E4C1 : FF;
  E4C2 : FF;
  E4C3 : FF;
  E4C4 : FF;
  E4C5 : FF;
  E4C6 : FF;
  E4C7 : FF;
  E4C8 : FF;
  E4C9 : FF;
  E4CA : FF;
  E4CB : FF;
  E4CC : FF;
  E4CD : FF;
  E4CE : FF;
  E4CF : FF;
  E4D0 : FF;
  E4D1 : FF;
  E4D2 : FF;
  E4D3 : FF;
  E4D4 : FF;
  E4D5 : FF;
  E4D6 : FF;
  E4D7 : FF;
  E4D8 : FF;
  E4D9 : FF;
  E4DA : FF;
  E4DB : FF;
  E4DC : FF;
  E4DD : FF;
  E4DE : FF;
  E4DF : FF;
  E4E0 : FF;
  E4E1 : FF;
  E4E2 : FF;
  E4E3 : FF;
  E4E4 : FF;
  E4E5 : FF;
  E4E6 : FF;
  E4E7 : FF;
  E4E8 : FF;
  E4E9 : FF;
  E4EA : FF;
  E4EB : FF;
  E4EC : FF;
  E4ED : FF;
  E4EE : FF;
  E4EF : FF;
  E4F0 : FF;
  E4F1 : FF;
  E4F2 : FF;
  E4F3 : FF;
  E4F4 : FF;
  E4F5 : FF;
  E4F6 : FF;
  E4F7 : FF;
  E4F8 : FF;
  E4F9 : FF;
  E4FA : FF;
  E4FB : FF;
  E4FC : FF;
  E4FD : FF;
  E4FE : FF;
  E4FF : FF;
  E500 : FF;
  E501 : FF;
  E502 : FF;
  E503 : FF;
  E504 : FF;
  E505 : FF;
  E506 : FF;
  E507 : FF;
  E508 : FF;
  E509 : FF;
  E50A : FF;
  E50B : FF;
  E50C : FF;
  E50D : FF;
  E50E : FF;
  E50F : FF;
  E510 : FF;
  E511 : FF;
  E512 : FF;
  E513 : FF;
  E514 : FF;
  E515 : FF;
  E516 : FF;
  E517 : FF;
  E518 : FF;
  E519 : FF;
  E51A : FF;
  E51B : FF;
  E51C : FF;
  E51D : FF;
  E51E : FF;
  E51F : FF;
  E520 : FF;
  E521 : FF;
  E522 : FF;
  E523 : FF;
  E524 : FF;
  E525 : FF;
  E526 : FF;
  E527 : FF;
  E528 : FF;
  E529 : FF;
  E52A : FF;
  E52B : FF;
  E52C : FF;
  E52D : FF;
  E52E : FF;
  E52F : FF;
  E530 : FF;
  E531 : FF;
  E532 : FF;
  E533 : FF;
  E534 : FF;
  E535 : FF;
  E536 : FF;
  E537 : FF;
  E538 : FF;
  E539 : FF;
  E53A : FF;
  E53B : FF;
  E53C : FF;
  E53D : FF;
  E53E : FF;
  E53F : FF;
  E540 : FF;
  E541 : FF;
  E542 : FF;
  E543 : FF;
  E544 : FF;
  E545 : FF;
  E546 : FF;
  E547 : FF;
  E548 : FF;
  E549 : FF;
  E54A : FF;
  E54B : FF;
  E54C : FF;
  E54D : FF;
  E54E : FF;
  E54F : FF;
  E550 : FF;
  E551 : FF;
  E552 : FF;
  E553 : FF;
  E554 : FF;
  E555 : FF;
  E556 : FF;
  E557 : FF;
  E558 : FF;
  E559 : FF;
  E55A : FF;
  E55B : FF;
  E55C : FF;
  E55D : FF;
  E55E : FF;
  E55F : FF;
  E560 : FF;
  E561 : FF;
  E562 : FF;
  E563 : FF;
  E564 : FF;
  E565 : FF;
  E566 : FF;
  E567 : FF;
  E568 : FF;
  E569 : FF;
  E56A : FF;
  E56B : FF;
  E56C : FF;
  E56D : FF;
  E56E : FF;
  E56F : FF;
  E570 : FF;
  E571 : FF;
  E572 : FF;
  E573 : FF;
  E574 : FF;
  E575 : FF;
  E576 : FF;
  E577 : FF;
  E578 : FF;
  E579 : FF;
  E57A : FF;
  E57B : FF;
  E57C : FF;
  E57D : FF;
  E57E : FF;
  E57F : FF;
  E580 : FF;
  E581 : FF;
  E582 : FF;
  E583 : FF;
  E584 : FF;
  E585 : FF;
  E586 : FF;
  E587 : FF;
  E588 : FF;
  E589 : FF;
  E58A : FF;
  E58B : FF;
  E58C : FF;
  E58D : FF;
  E58E : FF;
  E58F : FF;
  E590 : FF;
  E591 : FF;
  E592 : FF;
  E593 : FF;
  E594 : FF;
  E595 : FF;
  E596 : FF;
  E597 : FF;
  E598 : FF;
  E599 : FF;
  E59A : FF;
  E59B : FF;
  E59C : FF;
  E59D : FF;
  E59E : FF;
  E59F : FF;
  E5A0 : FF;
  E5A1 : FF;
  E5A2 : FF;
  E5A3 : FF;
  E5A4 : FF;
  E5A5 : FF;
  E5A6 : FF;
  E5A7 : FF;
  E5A8 : FF;
  E5A9 : FF;
  E5AA : FF;
  E5AB : FF;
  E5AC : FF;
  E5AD : FF;
  E5AE : FF;
  E5AF : FF;
  E5B0 : FF;
  E5B1 : FF;
  E5B2 : FF;
  E5B3 : FF;
  E5B4 : FF;
  E5B5 : FF;
  E5B6 : FF;
  E5B7 : FF;
  E5B8 : FF;
  E5B9 : FF;
  E5BA : FF;
  E5BB : FF;
  E5BC : FF;
  E5BD : FF;
  E5BE : FF;
  E5BF : FF;
  E5C0 : FF;
  E5C1 : FF;
  E5C2 : FF;
  E5C3 : FF;
  E5C4 : FF;
  E5C5 : FF;
  E5C6 : FF;
  E5C7 : FF;
  E5C8 : FF;
  E5C9 : FF;
  E5CA : FF;
  E5CB : FF;
  E5CC : FF;
  E5CD : FF;
  E5CE : FF;
  E5CF : FF;
  E5D0 : FF;
  E5D1 : FF;
  E5D2 : FF;
  E5D3 : FF;
  E5D4 : FF;
  E5D5 : FF;
  E5D6 : FF;
  E5D7 : FF;
  E5D8 : FF;
  E5D9 : FF;
  E5DA : FF;
  E5DB : FF;
  E5DC : FF;
  E5DD : FF;
  E5DE : FF;
  E5DF : FF;
  E5E0 : FF;
  E5E1 : FF;
  E5E2 : FF;
  E5E3 : FF;
  E5E4 : FF;
  E5E5 : FF;
  E5E6 : FF;
  E5E7 : FF;
  E5E8 : FF;
  E5E9 : FF;
  E5EA : FF;
  E5EB : FF;
  E5EC : FF;
  E5ED : FF;
  E5EE : FF;
  E5EF : FF;
  E5F0 : FF;
  E5F1 : FF;
  E5F2 : FF;
  E5F3 : FF;
  E5F4 : FF;
  E5F5 : FF;
  E5F6 : FF;
  E5F7 : FF;
  E5F8 : FF;
  E5F9 : FF;
  E5FA : FF;
  E5FB : FF;
  E5FC : FF;
  E5FD : FF;
  E5FE : FF;
  E5FF : FF;
  E600 : FF;
  E601 : FF;
  E602 : FF;
  E603 : FF;
  E604 : FF;
  E605 : FF;
  E606 : FF;
  E607 : FF;
  E608 : FF;
  E609 : FF;
  E60A : FF;
  E60B : FF;
  E60C : FF;
  E60D : FF;
  E60E : FF;
  E60F : FF;
  E610 : FF;
  E611 : FF;
  E612 : FF;
  E613 : FF;
  E614 : FF;
  E615 : FF;
  E616 : FF;
  E617 : FF;
  E618 : FF;
  E619 : FF;
  E61A : FF;
  E61B : FF;
  E61C : FF;
  E61D : FF;
  E61E : FF;
  E61F : FF;
  E620 : FF;
  E621 : FF;
  E622 : FF;
  E623 : FF;
  E624 : FF;
  E625 : FF;
  E626 : FF;
  E627 : FF;
  E628 : FF;
  E629 : FF;
  E62A : FF;
  E62B : FF;
  E62C : FF;
  E62D : FF;
  E62E : FF;
  E62F : FF;
  E630 : FF;
  E631 : FF;
  E632 : FF;
  E633 : FF;
  E634 : FF;
  E635 : FF;
  E636 : FF;
  E637 : FF;
  E638 : FF;
  E639 : FF;
  E63A : FF;
  E63B : FF;
  E63C : FF;
  E63D : FF;
  E63E : FF;
  E63F : FF;
  E640 : FF;
  E641 : FF;
  E642 : FF;
  E643 : FF;
  E644 : FF;
  E645 : FF;
  E646 : FF;
  E647 : FF;
  E648 : FF;
  E649 : FF;
  E64A : FF;
  E64B : FF;
  E64C : FF;
  E64D : FF;
  E64E : FF;
  E64F : FF;
  E650 : FF;
  E651 : FF;
  E652 : FF;
  E653 : FF;
  E654 : FF;
  E655 : FF;
  E656 : FF;
  E657 : FF;
  E658 : FF;
  E659 : FF;
  E65A : FF;
  E65B : FF;
  E65C : FF;
  E65D : FF;
  E65E : FF;
  E65F : FF;
  E660 : FF;
  E661 : FF;
  E662 : FF;
  E663 : FF;
  E664 : FF;
  E665 : FF;
  E666 : FF;
  E667 : FF;
  E668 : FF;
  E669 : FF;
  E66A : FF;
  E66B : FF;
  E66C : FF;
  E66D : FF;
  E66E : FF;
  E66F : FF;
  E670 : FF;
  E671 : FF;
  E672 : FF;
  E673 : FF;
  E674 : FF;
  E675 : FF;
  E676 : FF;
  E677 : FF;
  E678 : FF;
  E679 : FF;
  E67A : FF;
  E67B : FF;
  E67C : FF;
  E67D : FF;
  E67E : FF;
  E67F : FF;
  E680 : FF;
  E681 : FF;
  E682 : FF;
  E683 : FF;
  E684 : FF;
  E685 : FF;
  E686 : FF;
  E687 : FF;
  E688 : FF;
  E689 : FF;
  E68A : FF;
  E68B : FF;
  E68C : FF;
  E68D : FF;
  E68E : FF;
  E68F : FF;
  E690 : FF;
  E691 : FF;
  E692 : FF;
  E693 : FF;
  E694 : FF;
  E695 : FF;
  E696 : FF;
  E697 : FF;
  E698 : FF;
  E699 : FF;
  E69A : FF;
  E69B : FF;
  E69C : FF;
  E69D : FF;
  E69E : FF;
  E69F : FF;
  E6A0 : FF;
  E6A1 : FF;
  E6A2 : FF;
  E6A3 : FF;
  E6A4 : FF;
  E6A5 : FF;
  E6A6 : FF;
  E6A7 : FF;
  E6A8 : FF;
  E6A9 : FF;
  E6AA : FF;
  E6AB : FF;
  E6AC : FF;
  E6AD : FF;
  E6AE : FF;
  E6AF : FF;
  E6B0 : FF;
  E6B1 : FF;
  E6B2 : FF;
  E6B3 : FF;
  E6B4 : FF;
  E6B5 : FF;
  E6B6 : FF;
  E6B7 : FF;
  E6B8 : FF;
  E6B9 : FF;
  E6BA : FF;
  E6BB : FF;
  E6BC : FF;
  E6BD : FF;
  E6BE : FF;
  E6BF : FF;
  E6C0 : FF;
  E6C1 : FF;
  E6C2 : FF;
  E6C3 : FF;
  E6C4 : FF;
  E6C5 : FF;
  E6C6 : FF;
  E6C7 : FF;
  E6C8 : FF;
  E6C9 : FF;
  E6CA : FF;
  E6CB : FF;
  E6CC : FF;
  E6CD : FF;
  E6CE : FF;
  E6CF : FF;
  E6D0 : FF;
  E6D1 : FF;
  E6D2 : FF;
  E6D3 : FF;
  E6D4 : FF;
  E6D5 : FF;
  E6D6 : FF;
  E6D7 : FF;
  E6D8 : FF;
  E6D9 : FF;
  E6DA : FF;
  E6DB : FF;
  E6DC : FF;
  E6DD : FF;
  E6DE : FF;
  E6DF : FF;
  E6E0 : FF;
  E6E1 : FF;
  E6E2 : FF;
  E6E3 : FF;
  E6E4 : FF;
  E6E5 : FF;
  E6E6 : FF;
  E6E7 : FF;
  E6E8 : FF;
  E6E9 : FF;
  E6EA : FF;
  E6EB : FF;
  E6EC : FF;
  E6ED : FF;
  E6EE : FF;
  E6EF : FF;
  E6F0 : FF;
  E6F1 : FF;
  E6F2 : FF;
  E6F3 : FF;
  E6F4 : FF;
  E6F5 : FF;
  E6F6 : FF;
  E6F7 : FF;
  E6F8 : FF;
  E6F9 : FF;
  E6FA : FF;
  E6FB : FF;
  E6FC : FF;
  E6FD : FF;
  E6FE : FF;
  E6FF : FF;
  E700 : FF;
  E701 : FF;
  E702 : FF;
  E703 : FF;
  E704 : FF;
  E705 : FF;
  E706 : FF;
  E707 : FF;
  E708 : FF;
  E709 : FF;
  E70A : FF;
  E70B : FF;
  E70C : FF;
  E70D : FF;
  E70E : FF;
  E70F : FF;
  E710 : FF;
  E711 : FF;
  E712 : FF;
  E713 : FF;
  E714 : FF;
  E715 : FF;
  E716 : FF;
  E717 : FF;
  E718 : FF;
  E719 : FF;
  E71A : FF;
  E71B : FF;
  E71C : FF;
  E71D : FF;
  E71E : FF;
  E71F : FF;
  E720 : FF;
  E721 : FF;
  E722 : FF;
  E723 : FF;
  E724 : FF;
  E725 : FF;
  E726 : FF;
  E727 : FF;
  E728 : FF;
  E729 : FF;
  E72A : FF;
  E72B : FF;
  E72C : FF;
  E72D : FF;
  E72E : FF;
  E72F : FF;
  E730 : FF;
  E731 : FF;
  E732 : FF;
  E733 : FF;
  E734 : FF;
  E735 : FF;
  E736 : FF;
  E737 : FF;
  E738 : FF;
  E739 : FF;
  E73A : FF;
  E73B : FF;
  E73C : FF;
  E73D : FF;
  E73E : FF;
  E73F : FF;
  E740 : FF;
  E741 : FF;
  E742 : FF;
  E743 : FF;
  E744 : FF;
  E745 : FF;
  E746 : FF;
  E747 : FF;
  E748 : FF;
  E749 : FF;
  E74A : FF;
  E74B : FF;
  E74C : FF;
  E74D : FF;
  E74E : FF;
  E74F : FF;
  E750 : FF;
  E751 : FF;
  E752 : FF;
  E753 : FF;
  E754 : FF;
  E755 : FF;
  E756 : FF;
  E757 : FF;
  E758 : FF;
  E759 : FF;
  E75A : FF;
  E75B : FF;
  E75C : FF;
  E75D : FF;
  E75E : FF;
  E75F : FF;
  E760 : FF;
  E761 : FF;
  E762 : FF;
  E763 : FF;
  E764 : FF;
  E765 : FF;
  E766 : FF;
  E767 : FF;
  E768 : FF;
  E769 : FF;
  E76A : FF;
  E76B : FF;
  E76C : FF;
  E76D : FF;
  E76E : FF;
  E76F : FF;
  E770 : FF;
  E771 : FF;
  E772 : FF;
  E773 : FF;
  E774 : FF;
  E775 : FF;
  E776 : FF;
  E777 : FF;
  E778 : FF;
  E779 : FF;
  E77A : FF;
  E77B : FF;
  E77C : FF;
  E77D : FF;
  E77E : FF;
  E77F : FF;
  E780 : FF;
  E781 : FF;
  E782 : FF;
  E783 : FF;
  E784 : FF;
  E785 : FF;
  E786 : FF;
  E787 : FF;
  E788 : FF;
  E789 : FF;
  E78A : FF;
  E78B : FF;
  E78C : FF;
  E78D : FF;
  E78E : FF;
  E78F : FF;
  E790 : FF;
  E791 : FF;
  E792 : FF;
  E793 : FF;
  E794 : FF;
  E795 : FF;
  E796 : FF;
  E797 : FF;
  E798 : FF;
  E799 : FF;
  E79A : FF;
  E79B : FF;
  E79C : FF;
  E79D : FF;
  E79E : FF;
  E79F : FF;
  E7A0 : FF;
  E7A1 : FF;
  E7A2 : FF;
  E7A3 : FF;
  E7A4 : FF;
  E7A5 : FF;
  E7A6 : FF;
  E7A7 : FF;
  E7A8 : FF;
  E7A9 : FF;
  E7AA : FF;
  E7AB : FF;
  E7AC : FF;
  E7AD : FF;
  E7AE : FF;
  E7AF : FF;
  E7B0 : FF;
  E7B1 : FF;
  E7B2 : FF;
  E7B3 : FF;
  E7B4 : FF;
  E7B5 : FF;
  E7B6 : FF;
  E7B7 : FF;
  E7B8 : FF;
  E7B9 : FF;
  E7BA : FF;
  E7BB : FF;
  E7BC : FF;
  E7BD : FF;
  E7BE : FF;
  E7BF : FF;
  E7C0 : FF;
  E7C1 : FF;
  E7C2 : FF;
  E7C3 : FF;
  E7C4 : FF;
  E7C5 : FF;
  E7C6 : FF;
  E7C7 : FF;
  E7C8 : FF;
  E7C9 : FF;
  E7CA : FF;
  E7CB : FF;
  E7CC : FF;
  E7CD : FF;
  E7CE : FF;
  E7CF : FF;
  E7D0 : FF;
  E7D1 : FF;
  E7D2 : FF;
  E7D3 : FF;
  E7D4 : FF;
  E7D5 : FF;
  E7D6 : FF;
  E7D7 : FF;
  E7D8 : FF;
  E7D9 : FF;
  E7DA : FF;
  E7DB : FF;
  E7DC : FF;
  E7DD : FF;
  E7DE : FF;
  E7DF : FF;
  E7E0 : FF;
  E7E1 : FF;
  E7E2 : FF;
  E7E3 : FF;
  E7E4 : FF;
  E7E5 : FF;
  E7E6 : FF;
  E7E7 : FF;
  E7E8 : FF;
  E7E9 : FF;
  E7EA : FF;
  E7EB : FF;
  E7EC : FF;
  E7ED : FF;
  E7EE : FF;
  E7EF : FF;
  E7F0 : FF;
  E7F1 : FF;
  E7F2 : FF;
  E7F3 : FF;
  E7F4 : FF;
  E7F5 : FF;
  E7F6 : FF;
  E7F7 : FF;
  E7F8 : FF;
  E7F9 : FF;
  E7FA : FF;
  E7FB : FF;
  E7FC : FF;
  E7FD : FF;
  E7FE : FF;
  E7FF : FF;
  E800 : FF;
  E801 : FF;
  E802 : FF;
  E803 : FF;
  E804 : FF;
  E805 : FF;
  E806 : FF;
  E807 : FF;
  E808 : FF;
  E809 : FF;
  E80A : FF;
  E80B : FF;
  E80C : FF;
  E80D : FF;
  E80E : FF;
  E80F : FF;
  E810 : FF;
  E811 : FF;
  E812 : FF;
  E813 : FF;
  E814 : FF;
  E815 : FF;
  E816 : FF;
  E817 : FF;
  E818 : FF;
  E819 : FF;
  E81A : FF;
  E81B : FF;
  E81C : FF;
  E81D : FF;
  E81E : FF;
  E81F : FF;
  E820 : FF;
  E821 : FF;
  E822 : FF;
  E823 : FF;
  E824 : FF;
  E825 : FF;
  E826 : FF;
  E827 : FF;
  E828 : FF;
  E829 : FF;
  E82A : FF;
  E82B : FF;
  E82C : FF;
  E82D : FF;
  E82E : FF;
  E82F : FF;
  E830 : FF;
  E831 : FF;
  E832 : FF;
  E833 : FF;
  E834 : FF;
  E835 : FF;
  E836 : FF;
  E837 : FF;
  E838 : FF;
  E839 : FF;
  E83A : FF;
  E83B : FF;
  E83C : FF;
  E83D : FF;
  E83E : FF;
  E83F : FF;
  E840 : FF;
  E841 : FF;
  E842 : FF;
  E843 : FF;
  E844 : FF;
  E845 : FF;
  E846 : FF;
  E847 : FF;
  E848 : FF;
  E849 : FF;
  E84A : FF;
  E84B : FF;
  E84C : FF;
  E84D : FF;
  E84E : FF;
  E84F : FF;
  E850 : FF;
  E851 : FF;
  E852 : FF;
  E853 : FF;
  E854 : FF;
  E855 : FF;
  E856 : FF;
  E857 : FF;
  E858 : FF;
  E859 : FF;
  E85A : FF;
  E85B : FF;
  E85C : FF;
  E85D : FF;
  E85E : FF;
  E85F : FF;
  E860 : FF;
  E861 : FF;
  E862 : FF;
  E863 : FF;
  E864 : FF;
  E865 : FF;
  E866 : FF;
  E867 : FF;
  E868 : FF;
  E869 : FF;
  E86A : FF;
  E86B : FF;
  E86C : FF;
  E86D : FF;
  E86E : FF;
  E86F : FF;
  E870 : FF;
  E871 : FF;
  E872 : FF;
  E873 : FF;
  E874 : FF;
  E875 : FF;
  E876 : FF;
  E877 : FF;
  E878 : FF;
  E879 : FF;
  E87A : FF;
  E87B : FF;
  E87C : FF;
  E87D : FF;
  E87E : FF;
  E87F : FF;
  E880 : FF;
  E881 : FF;
  E882 : FF;
  E883 : FF;
  E884 : FF;
  E885 : FF;
  E886 : FF;
  E887 : FF;
  E888 : FF;
  E889 : FF;
  E88A : FF;
  E88B : FF;
  E88C : FF;
  E88D : FF;
  E88E : FF;
  E88F : FF;
  E890 : FF;
  E891 : FF;
  E892 : FF;
  E893 : FF;
  E894 : FF;
  E895 : FF;
  E896 : FF;
  E897 : FF;
  E898 : FF;
  E899 : FF;
  E89A : FF;
  E89B : FF;
  E89C : FF;
  E89D : FF;
  E89E : FF;
  E89F : FF;
  E8A0 : FF;
  E8A1 : FF;
  E8A2 : FF;
  E8A3 : FF;
  E8A4 : FF;
  E8A5 : FF;
  E8A6 : FF;
  E8A7 : FF;
  E8A8 : FF;
  E8A9 : FF;
  E8AA : FF;
  E8AB : FF;
  E8AC : FF;
  E8AD : FF;
  E8AE : FF;
  E8AF : FF;
  E8B0 : FF;
  E8B1 : FF;
  E8B2 : FF;
  E8B3 : FF;
  E8B4 : FF;
  E8B5 : FF;
  E8B6 : FF;
  E8B7 : FF;
  E8B8 : FF;
  E8B9 : FF;
  E8BA : FF;
  E8BB : FF;
  E8BC : FF;
  E8BD : FF;
  E8BE : FF;
  E8BF : FF;
  E8C0 : FF;
  E8C1 : FF;
  E8C2 : FF;
  E8C3 : FF;
  E8C4 : FF;
  E8C5 : FF;
  E8C6 : FF;
  E8C7 : FF;
  E8C8 : FF;
  E8C9 : FF;
  E8CA : FF;
  E8CB : FF;
  E8CC : FF;
  E8CD : FF;
  E8CE : FF;
  E8CF : FF;
  E8D0 : FF;
  E8D1 : FF;
  E8D2 : FF;
  E8D3 : FF;
  E8D4 : FF;
  E8D5 : FF;
  E8D6 : FF;
  E8D7 : FF;
  E8D8 : FF;
  E8D9 : FF;
  E8DA : FF;
  E8DB : FF;
  E8DC : FF;
  E8DD : FF;
  E8DE : FF;
  E8DF : FF;
  E8E0 : FF;
  E8E1 : FF;
  E8E2 : FF;
  E8E3 : FF;
  E8E4 : FF;
  E8E5 : FF;
  E8E6 : FF;
  E8E7 : FF;
  E8E8 : FF;
  E8E9 : FF;
  E8EA : FF;
  E8EB : FF;
  E8EC : FF;
  E8ED : FF;
  E8EE : FF;
  E8EF : FF;
  E8F0 : FF;
  E8F1 : FF;
  E8F2 : FF;
  E8F3 : FF;
  E8F4 : FF;
  E8F5 : FF;
  E8F6 : FF;
  E8F7 : FF;
  E8F8 : FF;
  E8F9 : FF;
  E8FA : FF;
  E8FB : FF;
  E8FC : FF;
  E8FD : FF;
  E8FE : FF;
  E8FF : FF;
  E900 : FF;
  E901 : FF;
  E902 : FF;
  E903 : FF;
  E904 : FF;
  E905 : FF;
  E906 : FF;
  E907 : FF;
  E908 : FF;
  E909 : FF;
  E90A : FF;
  E90B : FF;
  E90C : FF;
  E90D : FF;
  E90E : FF;
  E90F : FF;
  E910 : FF;
  E911 : FF;
  E912 : FF;
  E913 : FF;
  E914 : FF;
  E915 : FF;
  E916 : FF;
  E917 : FF;
  E918 : FF;
  E919 : FF;
  E91A : FF;
  E91B : FF;
  E91C : FF;
  E91D : FF;
  E91E : FF;
  E91F : FF;
  E920 : FF;
  E921 : FF;
  E922 : FF;
  E923 : FF;
  E924 : FF;
  E925 : FF;
  E926 : FF;
  E927 : FF;
  E928 : FF;
  E929 : FF;
  E92A : FF;
  E92B : FF;
  E92C : FF;
  E92D : FF;
  E92E : FF;
  E92F : FF;
  E930 : FF;
  E931 : FF;
  E932 : FF;
  E933 : FF;
  E934 : FF;
  E935 : FF;
  E936 : FF;
  E937 : FF;
  E938 : FF;
  E939 : FF;
  E93A : FF;
  E93B : FF;
  E93C : FF;
  E93D : FF;
  E93E : FF;
  E93F : FF;
  E940 : FF;
  E941 : FF;
  E942 : FF;
  E943 : FF;
  E944 : FF;
  E945 : FF;
  E946 : FF;
  E947 : FF;
  E948 : FF;
  E949 : FF;
  E94A : FF;
  E94B : FF;
  E94C : FF;
  E94D : FF;
  E94E : FF;
  E94F : FF;
  E950 : FF;
  E951 : FF;
  E952 : FF;
  E953 : FF;
  E954 : FF;
  E955 : FF;
  E956 : FF;
  E957 : FF;
  E958 : FF;
  E959 : FF;
  E95A : FF;
  E95B : FF;
  E95C : FF;
  E95D : FF;
  E95E : FF;
  E95F : FF;
  E960 : FF;
  E961 : FF;
  E962 : FF;
  E963 : FF;
  E964 : FF;
  E965 : FF;
  E966 : FF;
  E967 : FF;
  E968 : FF;
  E969 : FF;
  E96A : FF;
  E96B : FF;
  E96C : FF;
  E96D : FF;
  E96E : FF;
  E96F : FF;
  E970 : FF;
  E971 : FF;
  E972 : FF;
  E973 : FF;
  E974 : FF;
  E975 : FF;
  E976 : FF;
  E977 : FF;
  E978 : FF;
  E979 : FF;
  E97A : FF;
  E97B : FF;
  E97C : FF;
  E97D : FF;
  E97E : FF;
  E97F : FF;
  E980 : FF;
  E981 : FF;
  E982 : FF;
  E983 : FF;
  E984 : FF;
  E985 : FF;
  E986 : FF;
  E987 : FF;
  E988 : FF;
  E989 : FF;
  E98A : FF;
  E98B : FF;
  E98C : FF;
  E98D : FF;
  E98E : FF;
  E98F : FF;
  E990 : FF;
  E991 : FF;
  E992 : FF;
  E993 : FF;
  E994 : FF;
  E995 : FF;
  E996 : FF;
  E997 : FF;
  E998 : FF;
  E999 : FF;
  E99A : FF;
  E99B : FF;
  E99C : FF;
  E99D : FF;
  E99E : FF;
  E99F : FF;
  E9A0 : FF;
  E9A1 : FF;
  E9A2 : FF;
  E9A3 : FF;
  E9A4 : FF;
  E9A5 : FF;
  E9A6 : FF;
  E9A7 : FF;
  E9A8 : FF;
  E9A9 : FF;
  E9AA : FF;
  E9AB : FF;
  E9AC : FF;
  E9AD : FF;
  E9AE : FF;
  E9AF : FF;
  E9B0 : FF;
  E9B1 : FF;
  E9B2 : FF;
  E9B3 : FF;
  E9B4 : FF;
  E9B5 : FF;
  E9B6 : FF;
  E9B7 : FF;
  E9B8 : FF;
  E9B9 : FF;
  E9BA : FF;
  E9BB : FF;
  E9BC : FF;
  E9BD : FF;
  E9BE : FF;
  E9BF : FF;
  E9C0 : FF;
  E9C1 : FF;
  E9C2 : FF;
  E9C3 : FF;
  E9C4 : FF;
  E9C5 : FF;
  E9C6 : FF;
  E9C7 : FF;
  E9C8 : FF;
  E9C9 : FF;
  E9CA : FF;
  E9CB : FF;
  E9CC : FF;
  E9CD : FF;
  E9CE : FF;
  E9CF : FF;
  E9D0 : FF;
  E9D1 : FF;
  E9D2 : FF;
  E9D3 : FF;
  E9D4 : FF;
  E9D5 : FF;
  E9D6 : FF;
  E9D7 : FF;
  E9D8 : FF;
  E9D9 : FF;
  E9DA : FF;
  E9DB : FF;
  E9DC : FF;
  E9DD : FF;
  E9DE : FF;
  E9DF : FF;
  E9E0 : FF;
  E9E1 : FF;
  E9E2 : FF;
  E9E3 : FF;
  E9E4 : FF;
  E9E5 : FF;
  E9E6 : FF;
  E9E7 : FF;
  E9E8 : FF;
  E9E9 : FF;
  E9EA : FF;
  E9EB : FF;
  E9EC : FF;
  E9ED : FF;
  E9EE : FF;
  E9EF : FF;
  E9F0 : FF;
  E9F1 : FF;
  E9F2 : FF;
  E9F3 : FF;
  E9F4 : FF;
  E9F5 : FF;
  E9F6 : FF;
  E9F7 : FF;
  E9F8 : FF;
  E9F9 : FF;
  E9FA : FF;
  E9FB : FF;
  E9FC : FF;
  E9FD : FF;
  E9FE : FF;
  E9FF : FF;
  EA00 : FF;
  EA01 : FF;
  EA02 : FF;
  EA03 : FF;
  EA04 : FF;
  EA05 : FF;
  EA06 : FF;
  EA07 : FF;
  EA08 : FF;
  EA09 : FF;
  EA0A : FF;
  EA0B : FF;
  EA0C : FF;
  EA0D : FF;
  EA0E : FF;
  EA0F : FF;
  EA10 : FF;
  EA11 : FF;
  EA12 : FF;
  EA13 : FF;
  EA14 : FF;
  EA15 : FF;
  EA16 : FF;
  EA17 : FF;
  EA18 : FF;
  EA19 : FF;
  EA1A : FF;
  EA1B : FF;
  EA1C : FF;
  EA1D : FF;
  EA1E : FF;
  EA1F : FF;
  EA20 : FF;
  EA21 : FF;
  EA22 : FF;
  EA23 : FF;
  EA24 : FF;
  EA25 : FF;
  EA26 : FF;
  EA27 : FF;
  EA28 : FF;
  EA29 : FF;
  EA2A : FF;
  EA2B : FF;
  EA2C : FF;
  EA2D : FF;
  EA2E : FF;
  EA2F : FF;
  EA30 : FF;
  EA31 : FF;
  EA32 : FF;
  EA33 : FF;
  EA34 : FF;
  EA35 : FF;
  EA36 : FF;
  EA37 : FF;
  EA38 : FF;
  EA39 : FF;
  EA3A : FF;
  EA3B : FF;
  EA3C : FF;
  EA3D : FF;
  EA3E : FF;
  EA3F : FF;
  EA40 : FF;
  EA41 : FF;
  EA42 : FF;
  EA43 : FF;
  EA44 : FF;
  EA45 : FF;
  EA46 : FF;
  EA47 : FF;
  EA48 : FF;
  EA49 : FF;
  EA4A : FF;
  EA4B : FF;
  EA4C : FF;
  EA4D : FF;
  EA4E : FF;
  EA4F : FF;
  EA50 : FF;
  EA51 : FF;
  EA52 : FF;
  EA53 : FF;
  EA54 : FF;
  EA55 : FF;
  EA56 : FF;
  EA57 : FF;
  EA58 : FF;
  EA59 : FF;
  EA5A : FF;
  EA5B : FF;
  EA5C : FF;
  EA5D : FF;
  EA5E : FF;
  EA5F : FF;
  EA60 : FF;
  EA61 : FF;
  EA62 : FF;
  EA63 : FF;
  EA64 : FF;
  EA65 : FF;
  EA66 : FF;
  EA67 : FF;
  EA68 : FF;
  EA69 : FF;
  EA6A : FF;
  EA6B : FF;
  EA6C : FF;
  EA6D : FF;
  EA6E : FF;
  EA6F : FF;
  EA70 : FF;
  EA71 : FF;
  EA72 : FF;
  EA73 : FF;
  EA74 : FF;
  EA75 : FF;
  EA76 : FF;
  EA77 : FF;
  EA78 : FF;
  EA79 : FF;
  EA7A : FF;
  EA7B : FF;
  EA7C : FF;
  EA7D : FF;
  EA7E : FF;
  EA7F : FF;
  EA80 : FF;
  EA81 : FF;
  EA82 : FF;
  EA83 : FF;
  EA84 : FF;
  EA85 : FF;
  EA86 : FF;
  EA87 : FF;
  EA88 : FF;
  EA89 : FF;
  EA8A : FF;
  EA8B : FF;
  EA8C : FF;
  EA8D : FF;
  EA8E : FF;
  EA8F : FF;
  EA90 : FF;
  EA91 : FF;
  EA92 : FF;
  EA93 : FF;
  EA94 : FF;
  EA95 : FF;
  EA96 : FF;
  EA97 : FF;
  EA98 : FF;
  EA99 : FF;
  EA9A : FF;
  EA9B : FF;
  EA9C : FF;
  EA9D : FF;
  EA9E : FF;
  EA9F : FF;
  EAA0 : FF;
  EAA1 : FF;
  EAA2 : FF;
  EAA3 : FF;
  EAA4 : FF;
  EAA5 : FF;
  EAA6 : FF;
  EAA7 : FF;
  EAA8 : FF;
  EAA9 : FF;
  EAAA : FF;
  EAAB : FF;
  EAAC : FF;
  EAAD : FF;
  EAAE : FF;
  EAAF : FF;
  EAB0 : FF;
  EAB1 : FF;
  EAB2 : FF;
  EAB3 : FF;
  EAB4 : FF;
  EAB5 : FF;
  EAB6 : FF;
  EAB7 : FF;
  EAB8 : FF;
  EAB9 : FF;
  EABA : FF;
  EABB : FF;
  EABC : FF;
  EABD : FF;
  EABE : FF;
  EABF : FF;
  EAC0 : FF;
  EAC1 : FF;
  EAC2 : FF;
  EAC3 : FF;
  EAC4 : FF;
  EAC5 : FF;
  EAC6 : FF;
  EAC7 : FF;
  EAC8 : FF;
  EAC9 : FF;
  EACA : FF;
  EACB : FF;
  EACC : FF;
  EACD : FF;
  EACE : FF;
  EACF : FF;
  EAD0 : FF;
  EAD1 : FF;
  EAD2 : FF;
  EAD3 : FF;
  EAD4 : FF;
  EAD5 : FF;
  EAD6 : FF;
  EAD7 : FF;
  EAD8 : FF;
  EAD9 : FF;
  EADA : FF;
  EADB : FF;
  EADC : FF;
  EADD : FF;
  EADE : FF;
  EADF : FF;
  EAE0 : FF;
  EAE1 : FF;
  EAE2 : FF;
  EAE3 : FF;
  EAE4 : FF;
  EAE5 : FF;
  EAE6 : FF;
  EAE7 : FF;
  EAE8 : FF;
  EAE9 : FF;
  EAEA : FF;
  EAEB : FF;
  EAEC : FF;
  EAED : FF;
  EAEE : FF;
  EAEF : FF;
  EAF0 : FF;
  EAF1 : FF;
  EAF2 : FF;
  EAF3 : FF;
  EAF4 : FF;
  EAF5 : FF;
  EAF6 : FF;
  EAF7 : FF;
  EAF8 : FF;
  EAF9 : FF;
  EAFA : FF;
  EAFB : FF;
  EAFC : FF;
  EAFD : FF;
  EAFE : FF;
  EAFF : FF;
  EB00 : FF;
  EB01 : FF;
  EB02 : FF;
  EB03 : FF;
  EB04 : FF;
  EB05 : FF;
  EB06 : FF;
  EB07 : FF;
  EB08 : FF;
  EB09 : FF;
  EB0A : FF;
  EB0B : FF;
  EB0C : FF;
  EB0D : FF;
  EB0E : FF;
  EB0F : FF;
  EB10 : FF;
  EB11 : FF;
  EB12 : FF;
  EB13 : FF;
  EB14 : FF;
  EB15 : FF;
  EB16 : FF;
  EB17 : FF;
  EB18 : FF;
  EB19 : FF;
  EB1A : FF;
  EB1B : FF;
  EB1C : FF;
  EB1D : FF;
  EB1E : FF;
  EB1F : FF;
  EB20 : FF;
  EB21 : FF;
  EB22 : FF;
  EB23 : FF;
  EB24 : FF;
  EB25 : FF;
  EB26 : FF;
  EB27 : FF;
  EB28 : FF;
  EB29 : FF;
  EB2A : FF;
  EB2B : FF;
  EB2C : FF;
  EB2D : FF;
  EB2E : FF;
  EB2F : FF;
  EB30 : FF;
  EB31 : FF;
  EB32 : FF;
  EB33 : FF;
  EB34 : FF;
  EB35 : FF;
  EB36 : FF;
  EB37 : FF;
  EB38 : FF;
  EB39 : FF;
  EB3A : FF;
  EB3B : FF;
  EB3C : FF;
  EB3D : FF;
  EB3E : FF;
  EB3F : FF;
  EB40 : FF;
  EB41 : FF;
  EB42 : FF;
  EB43 : FF;
  EB44 : FF;
  EB45 : FF;
  EB46 : FF;
  EB47 : FF;
  EB48 : FF;
  EB49 : FF;
  EB4A : FF;
  EB4B : FF;
  EB4C : FF;
  EB4D : FF;
  EB4E : FF;
  EB4F : FF;
  EB50 : FF;
  EB51 : FF;
  EB52 : FF;
  EB53 : FF;
  EB54 : FF;
  EB55 : FF;
  EB56 : FF;
  EB57 : FF;
  EB58 : FF;
  EB59 : FF;
  EB5A : FF;
  EB5B : FF;
  EB5C : FF;
  EB5D : FF;
  EB5E : FF;
  EB5F : FF;
  EB60 : FF;
  EB61 : FF;
  EB62 : FF;
  EB63 : FF;
  EB64 : FF;
  EB65 : FF;
  EB66 : FF;
  EB67 : FF;
  EB68 : FF;
  EB69 : FF;
  EB6A : FF;
  EB6B : FF;
  EB6C : FF;
  EB6D : FF;
  EB6E : FF;
  EB6F : FF;
  EB70 : FF;
  EB71 : FF;
  EB72 : FF;
  EB73 : FF;
  EB74 : FF;
  EB75 : FF;
  EB76 : FF;
  EB77 : FF;
  EB78 : FF;
  EB79 : FF;
  EB7A : FF;
  EB7B : FF;
  EB7C : FF;
  EB7D : FF;
  EB7E : FF;
  EB7F : FF;
  EB80 : FF;
  EB81 : FF;
  EB82 : FF;
  EB83 : FF;
  EB84 : FF;
  EB85 : FF;
  EB86 : FF;
  EB87 : FF;
  EB88 : FF;
  EB89 : FF;
  EB8A : FF;
  EB8B : FF;
  EB8C : FF;
  EB8D : FF;
  EB8E : FF;
  EB8F : FF;
  EB90 : FF;
  EB91 : FF;
  EB92 : FF;
  EB93 : FF;
  EB94 : FF;
  EB95 : FF;
  EB96 : FF;
  EB97 : FF;
  EB98 : FF;
  EB99 : FF;
  EB9A : FF;
  EB9B : FF;
  EB9C : FF;
  EB9D : FF;
  EB9E : FF;
  EB9F : FF;
  EBA0 : FF;
  EBA1 : FF;
  EBA2 : FF;
  EBA3 : FF;
  EBA4 : FF;
  EBA5 : FF;
  EBA6 : FF;
  EBA7 : FF;
  EBA8 : FF;
  EBA9 : FF;
  EBAA : FF;
  EBAB : FF;
  EBAC : FF;
  EBAD : FF;
  EBAE : FF;
  EBAF : FF;
  EBB0 : FF;
  EBB1 : FF;
  EBB2 : FF;
  EBB3 : FF;
  EBB4 : FF;
  EBB5 : FF;
  EBB6 : FF;
  EBB7 : FF;
  EBB8 : FF;
  EBB9 : FF;
  EBBA : FF;
  EBBB : FF;
  EBBC : FF;
  EBBD : FF;
  EBBE : FF;
  EBBF : FF;
  EBC0 : FF;
  EBC1 : FF;
  EBC2 : FF;
  EBC3 : FF;
  EBC4 : FF;
  EBC5 : FF;
  EBC6 : FF;
  EBC7 : FF;
  EBC8 : FF;
  EBC9 : FF;
  EBCA : FF;
  EBCB : FF;
  EBCC : FF;
  EBCD : FF;
  EBCE : FF;
  EBCF : FF;
  EBD0 : FF;
  EBD1 : FF;
  EBD2 : FF;
  EBD3 : FF;
  EBD4 : FF;
  EBD5 : FF;
  EBD6 : FF;
  EBD7 : FF;
  EBD8 : FF;
  EBD9 : FF;
  EBDA : FF;
  EBDB : FF;
  EBDC : FF;
  EBDD : FF;
  EBDE : FF;
  EBDF : FF;
  EBE0 : FF;
  EBE1 : FF;
  EBE2 : FF;
  EBE3 : FF;
  EBE4 : FF;
  EBE5 : FF;
  EBE6 : FF;
  EBE7 : FF;
  EBE8 : FF;
  EBE9 : FF;
  EBEA : FF;
  EBEB : FF;
  EBEC : FF;
  EBED : FF;
  EBEE : FF;
  EBEF : FF;
  EBF0 : FF;
  EBF1 : FF;
  EBF2 : FF;
  EBF3 : FF;
  EBF4 : FF;
  EBF5 : FF;
  EBF6 : FF;
  EBF7 : FF;
  EBF8 : FF;
  EBF9 : FF;
  EBFA : FF;
  EBFB : FF;
  EBFC : FF;
  EBFD : FF;
  EBFE : FF;
  EBFF : FF;
  EC00 : FF;
  EC01 : FF;
  EC02 : FF;
  EC03 : FF;
  EC04 : FF;
  EC05 : FF;
  EC06 : FF;
  EC07 : FF;
  EC08 : FF;
  EC09 : FF;
  EC0A : FF;
  EC0B : FF;
  EC0C : FF;
  EC0D : FF;
  EC0E : FF;
  EC0F : FF;
  EC10 : FF;
  EC11 : FF;
  EC12 : FF;
  EC13 : FF;
  EC14 : FF;
  EC15 : FF;
  EC16 : FF;
  EC17 : FF;
  EC18 : FF;
  EC19 : FF;
  EC1A : FF;
  EC1B : FF;
  EC1C : FF;
  EC1D : FF;
  EC1E : FF;
  EC1F : FF;
  EC20 : FF;
  EC21 : FF;
  EC22 : FF;
  EC23 : FF;
  EC24 : FF;
  EC25 : FF;
  EC26 : FF;
  EC27 : FF;
  EC28 : FF;
  EC29 : FF;
  EC2A : FF;
  EC2B : FF;
  EC2C : FF;
  EC2D : FF;
  EC2E : FF;
  EC2F : FF;
  EC30 : FF;
  EC31 : FF;
  EC32 : FF;
  EC33 : FF;
  EC34 : FF;
  EC35 : FF;
  EC36 : FF;
  EC37 : FF;
  EC38 : FF;
  EC39 : FF;
  EC3A : FF;
  EC3B : FF;
  EC3C : FF;
  EC3D : FF;
  EC3E : FF;
  EC3F : FF;
  EC40 : FF;
  EC41 : FF;
  EC42 : FF;
  EC43 : FF;
  EC44 : FF;
  EC45 : FF;
  EC46 : FF;
  EC47 : FF;
  EC48 : FF;
  EC49 : FF;
  EC4A : FF;
  EC4B : FF;
  EC4C : FF;
  EC4D : FF;
  EC4E : FF;
  EC4F : FF;
  EC50 : FF;
  EC51 : FF;
  EC52 : FF;
  EC53 : FF;
  EC54 : FF;
  EC55 : FF;
  EC56 : FF;
  EC57 : FF;
  EC58 : FF;
  EC59 : FF;
  EC5A : FF;
  EC5B : FF;
  EC5C : FF;
  EC5D : FF;
  EC5E : FF;
  EC5F : FF;
  EC60 : FF;
  EC61 : FF;
  EC62 : FF;
  EC63 : FF;
  EC64 : FF;
  EC65 : FF;
  EC66 : FF;
  EC67 : FF;
  EC68 : FF;
  EC69 : FF;
  EC6A : FF;
  EC6B : FF;
  EC6C : FF;
  EC6D : FF;
  EC6E : FF;
  EC6F : FF;
  EC70 : FF;
  EC71 : FF;
  EC72 : FF;
  EC73 : FF;
  EC74 : FF;
  EC75 : FF;
  EC76 : FF;
  EC77 : FF;
  EC78 : FF;
  EC79 : FF;
  EC7A : FF;
  EC7B : FF;
  EC7C : FF;
  EC7D : FF;
  EC7E : FF;
  EC7F : FF;
  EC80 : FF;
  EC81 : FF;
  EC82 : FF;
  EC83 : FF;
  EC84 : FF;
  EC85 : FF;
  EC86 : FF;
  EC87 : FF;
  EC88 : FF;
  EC89 : FF;
  EC8A : FF;
  EC8B : FF;
  EC8C : FF;
  EC8D : FF;
  EC8E : FF;
  EC8F : FF;
  EC90 : FF;
  EC91 : FF;
  EC92 : FF;
  EC93 : FF;
  EC94 : FF;
  EC95 : FF;
  EC96 : FF;
  EC97 : FF;
  EC98 : FF;
  EC99 : FF;
  EC9A : FF;
  EC9B : FF;
  EC9C : FF;
  EC9D : FF;
  EC9E : FF;
  EC9F : FF;
  ECA0 : FF;
  ECA1 : FF;
  ECA2 : FF;
  ECA3 : FF;
  ECA4 : FF;
  ECA5 : FF;
  ECA6 : FF;
  ECA7 : FF;
  ECA8 : FF;
  ECA9 : FF;
  ECAA : FF;
  ECAB : FF;
  ECAC : FF;
  ECAD : FF;
  ECAE : FF;
  ECAF : FF;
  ECB0 : FF;
  ECB1 : FF;
  ECB2 : FF;
  ECB3 : FF;
  ECB4 : FF;
  ECB5 : FF;
  ECB6 : FF;
  ECB7 : FF;
  ECB8 : FF;
  ECB9 : FF;
  ECBA : FF;
  ECBB : FF;
  ECBC : FF;
  ECBD : FF;
  ECBE : FF;
  ECBF : FF;
  ECC0 : FF;
  ECC1 : FF;
  ECC2 : FF;
  ECC3 : FF;
  ECC4 : FF;
  ECC5 : FF;
  ECC6 : FF;
  ECC7 : FF;
  ECC8 : FF;
  ECC9 : FF;
  ECCA : FF;
  ECCB : FF;
  ECCC : FF;
  ECCD : FF;
  ECCE : FF;
  ECCF : FF;
  ECD0 : FF;
  ECD1 : FF;
  ECD2 : FF;
  ECD3 : FF;
  ECD4 : FF;
  ECD5 : FF;
  ECD6 : FF;
  ECD7 : FF;
  ECD8 : FF;
  ECD9 : FF;
  ECDA : FF;
  ECDB : FF;
  ECDC : FF;
  ECDD : FF;
  ECDE : FF;
  ECDF : FF;
  ECE0 : FF;
  ECE1 : FF;
  ECE2 : FF;
  ECE3 : FF;
  ECE4 : FF;
  ECE5 : FF;
  ECE6 : FF;
  ECE7 : FF;
  ECE8 : FF;
  ECE9 : FF;
  ECEA : FF;
  ECEB : FF;
  ECEC : FF;
  ECED : FF;
  ECEE : FF;
  ECEF : FF;
  ECF0 : FF;
  ECF1 : FF;
  ECF2 : FF;
  ECF3 : FF;
  ECF4 : FF;
  ECF5 : FF;
  ECF6 : FF;
  ECF7 : FF;
  ECF8 : FF;
  ECF9 : FF;
  ECFA : FF;
  ECFB : FF;
  ECFC : FF;
  ECFD : FF;
  ECFE : FF;
  ECFF : FF;
  ED00 : FF;
  ED01 : FF;
  ED02 : FF;
  ED03 : FF;
  ED04 : FF;
  ED05 : FF;
  ED06 : FF;
  ED07 : FF;
  ED08 : FF;
  ED09 : FF;
  ED0A : FF;
  ED0B : FF;
  ED0C : FF;
  ED0D : FF;
  ED0E : FF;
  ED0F : FF;
  ED10 : FF;
  ED11 : FF;
  ED12 : FF;
  ED13 : FF;
  ED14 : FF;
  ED15 : FF;
  ED16 : FF;
  ED17 : FF;
  ED18 : FF;
  ED19 : FF;
  ED1A : FF;
  ED1B : FF;
  ED1C : FF;
  ED1D : FF;
  ED1E : FF;
  ED1F : FF;
  ED20 : FF;
  ED21 : FF;
  ED22 : FF;
  ED23 : FF;
  ED24 : FF;
  ED25 : FF;
  ED26 : FF;
  ED27 : FF;
  ED28 : FF;
  ED29 : FF;
  ED2A : FF;
  ED2B : FF;
  ED2C : FF;
  ED2D : FF;
  ED2E : FF;
  ED2F : FF;
  ED30 : FF;
  ED31 : FF;
  ED32 : FF;
  ED33 : FF;
  ED34 : FF;
  ED35 : FF;
  ED36 : FF;
  ED37 : FF;
  ED38 : FF;
  ED39 : FF;
  ED3A : FF;
  ED3B : FF;
  ED3C : FF;
  ED3D : FF;
  ED3E : FF;
  ED3F : FF;
  ED40 : FF;
  ED41 : FF;
  ED42 : FF;
  ED43 : FF;
  ED44 : FF;
  ED45 : FF;
  ED46 : FF;
  ED47 : FF;
  ED48 : FF;
  ED49 : FF;
  ED4A : FF;
  ED4B : FF;
  ED4C : FF;
  ED4D : FF;
  ED4E : FF;
  ED4F : FF;
  ED50 : FF;
  ED51 : FF;
  ED52 : FF;
  ED53 : FF;
  ED54 : FF;
  ED55 : FF;
  ED56 : FF;
  ED57 : FF;
  ED58 : FF;
  ED59 : FF;
  ED5A : FF;
  ED5B : FF;
  ED5C : FF;
  ED5D : FF;
  ED5E : FF;
  ED5F : FF;
  ED60 : FF;
  ED61 : FF;
  ED62 : FF;
  ED63 : FF;
  ED64 : FF;
  ED65 : FF;
  ED66 : FF;
  ED67 : FF;
  ED68 : FF;
  ED69 : FF;
  ED6A : FF;
  ED6B : FF;
  ED6C : FF;
  ED6D : FF;
  ED6E : FF;
  ED6F : FF;
  ED70 : FF;
  ED71 : FF;
  ED72 : FF;
  ED73 : FF;
  ED74 : FF;
  ED75 : FF;
  ED76 : FF;
  ED77 : FF;
  ED78 : FF;
  ED79 : FF;
  ED7A : FF;
  ED7B : FF;
  ED7C : FF;
  ED7D : FF;
  ED7E : FF;
  ED7F : FF;
  ED80 : FF;
  ED81 : FF;
  ED82 : FF;
  ED83 : FF;
  ED84 : FF;
  ED85 : FF;
  ED86 : FF;
  ED87 : FF;
  ED88 : FF;
  ED89 : FF;
  ED8A : FF;
  ED8B : FF;
  ED8C : FF;
  ED8D : FF;
  ED8E : FF;
  ED8F : FF;
  ED90 : FF;
  ED91 : FF;
  ED92 : FF;
  ED93 : FF;
  ED94 : FF;
  ED95 : FF;
  ED96 : FF;
  ED97 : FF;
  ED98 : FF;
  ED99 : FF;
  ED9A : FF;
  ED9B : FF;
  ED9C : FF;
  ED9D : FF;
  ED9E : FF;
  ED9F : FF;
  EDA0 : FF;
  EDA1 : FF;
  EDA2 : FF;
  EDA3 : FF;
  EDA4 : FF;
  EDA5 : FF;
  EDA6 : FF;
  EDA7 : FF;
  EDA8 : FF;
  EDA9 : FF;
  EDAA : FF;
  EDAB : FF;
  EDAC : FF;
  EDAD : FF;
  EDAE : FF;
  EDAF : FF;
  EDB0 : FF;
  EDB1 : FF;
  EDB2 : FF;
  EDB3 : FF;
  EDB4 : FF;
  EDB5 : FF;
  EDB6 : FF;
  EDB7 : FF;
  EDB8 : FF;
  EDB9 : FF;
  EDBA : FF;
  EDBB : FF;
  EDBC : FF;
  EDBD : FF;
  EDBE : FF;
  EDBF : FF;
  EDC0 : FF;
  EDC1 : FF;
  EDC2 : FF;
  EDC3 : FF;
  EDC4 : FF;
  EDC5 : FF;
  EDC6 : FF;
  EDC7 : FF;
  EDC8 : FF;
  EDC9 : FF;
  EDCA : FF;
  EDCB : FF;
  EDCC : FF;
  EDCD : FF;
  EDCE : FF;
  EDCF : FF;
  EDD0 : FF;
  EDD1 : FF;
  EDD2 : FF;
  EDD3 : FF;
  EDD4 : FF;
  EDD5 : FF;
  EDD6 : FF;
  EDD7 : FF;
  EDD8 : FF;
  EDD9 : FF;
  EDDA : FF;
  EDDB : FF;
  EDDC : FF;
  EDDD : FF;
  EDDE : FF;
  EDDF : FF;
  EDE0 : FF;
  EDE1 : FF;
  EDE2 : FF;
  EDE3 : FF;
  EDE4 : FF;
  EDE5 : FF;
  EDE6 : FF;
  EDE7 : FF;
  EDE8 : FF;
  EDE9 : FF;
  EDEA : FF;
  EDEB : FF;
  EDEC : FF;
  EDED : FF;
  EDEE : FF;
  EDEF : FF;
  EDF0 : FF;
  EDF1 : FF;
  EDF2 : FF;
  EDF3 : FF;
  EDF4 : FF;
  EDF5 : FF;
  EDF6 : FF;
  EDF7 : FF;
  EDF8 : FF;
  EDF9 : FF;
  EDFA : FF;
  EDFB : FF;
  EDFC : FF;
  EDFD : FF;
  EDFE : FF;
  EDFF : FF;
  EE00 : FF;
  EE01 : FF;
  EE02 : FF;
  EE03 : FF;
  EE04 : FF;
  EE05 : FF;
  EE06 : FF;
  EE07 : FF;
  EE08 : FF;
  EE09 : FF;
  EE0A : FF;
  EE0B : FF;
  EE0C : FF;
  EE0D : FF;
  EE0E : FF;
  EE0F : FF;
  EE10 : FF;
  EE11 : FF;
  EE12 : FF;
  EE13 : FF;
  EE14 : FF;
  EE15 : FF;
  EE16 : FF;
  EE17 : FF;
  EE18 : FF;
  EE19 : FF;
  EE1A : FF;
  EE1B : FF;
  EE1C : FF;
  EE1D : FF;
  EE1E : FF;
  EE1F : FF;
  EE20 : FF;
  EE21 : FF;
  EE22 : FF;
  EE23 : FF;
  EE24 : FF;
  EE25 : FF;
  EE26 : FF;
  EE27 : FF;
  EE28 : FF;
  EE29 : FF;
  EE2A : FF;
  EE2B : FF;
  EE2C : FF;
  EE2D : FF;
  EE2E : FF;
  EE2F : FF;
  EE30 : FF;
  EE31 : FF;
  EE32 : FF;
  EE33 : FF;
  EE34 : FF;
  EE35 : FF;
  EE36 : FF;
  EE37 : FF;
  EE38 : FF;
  EE39 : FF;
  EE3A : FF;
  EE3B : FF;
  EE3C : FF;
  EE3D : FF;
  EE3E : FF;
  EE3F : FF;
  EE40 : FF;
  EE41 : FF;
  EE42 : FF;
  EE43 : FF;
  EE44 : FF;
  EE45 : FF;
  EE46 : FF;
  EE47 : FF;
  EE48 : FF;
  EE49 : FF;
  EE4A : FF;
  EE4B : FF;
  EE4C : FF;
  EE4D : FF;
  EE4E : FF;
  EE4F : FF;
  EE50 : FF;
  EE51 : FF;
  EE52 : FF;
  EE53 : FF;
  EE54 : FF;
  EE55 : FF;
  EE56 : FF;
  EE57 : FF;
  EE58 : FF;
  EE59 : FF;
  EE5A : FF;
  EE5B : FF;
  EE5C : FF;
  EE5D : FF;
  EE5E : FF;
  EE5F : FF;
  EE60 : FF;
  EE61 : FF;
  EE62 : FF;
  EE63 : FF;
  EE64 : FF;
  EE65 : FF;
  EE66 : FF;
  EE67 : FF;
  EE68 : FF;
  EE69 : FF;
  EE6A : FF;
  EE6B : FF;
  EE6C : FF;
  EE6D : FF;
  EE6E : FF;
  EE6F : FF;
  EE70 : FF;
  EE71 : FF;
  EE72 : FF;
  EE73 : FF;
  EE74 : FF;
  EE75 : FF;
  EE76 : FF;
  EE77 : FF;
  EE78 : FF;
  EE79 : FF;
  EE7A : FF;
  EE7B : FF;
  EE7C : FF;
  EE7D : FF;
  EE7E : FF;
  EE7F : FF;
  EE80 : FF;
  EE81 : FF;
  EE82 : FF;
  EE83 : FF;
  EE84 : FF;
  EE85 : FF;
  EE86 : FF;
  EE87 : FF;
  EE88 : FF;
  EE89 : FF;
  EE8A : FF;
  EE8B : FF;
  EE8C : FF;
  EE8D : FF;
  EE8E : FF;
  EE8F : FF;
  EE90 : FF;
  EE91 : FF;
  EE92 : FF;
  EE93 : FF;
  EE94 : FF;
  EE95 : FF;
  EE96 : FF;
  EE97 : FF;
  EE98 : FF;
  EE99 : FF;
  EE9A : FF;
  EE9B : FF;
  EE9C : FF;
  EE9D : FF;
  EE9E : FF;
  EE9F : FF;
  EEA0 : FF;
  EEA1 : FF;
  EEA2 : FF;
  EEA3 : FF;
  EEA4 : FF;
  EEA5 : FF;
  EEA6 : FF;
  EEA7 : FF;
  EEA8 : FF;
  EEA9 : FF;
  EEAA : FF;
  EEAB : FF;
  EEAC : FF;
  EEAD : FF;
  EEAE : FF;
  EEAF : FF;
  EEB0 : FF;
  EEB1 : FF;
  EEB2 : FF;
  EEB3 : FF;
  EEB4 : FF;
  EEB5 : FF;
  EEB6 : FF;
  EEB7 : FF;
  EEB8 : FF;
  EEB9 : FF;
  EEBA : FF;
  EEBB : FF;
  EEBC : FF;
  EEBD : FF;
  EEBE : FF;
  EEBF : FF;
  EEC0 : FF;
  EEC1 : FF;
  EEC2 : FF;
  EEC3 : FF;
  EEC4 : FF;
  EEC5 : FF;
  EEC6 : FF;
  EEC7 : FF;
  EEC8 : FF;
  EEC9 : FF;
  EECA : FF;
  EECB : FF;
  EECC : FF;
  EECD : FF;
  EECE : FF;
  EECF : FF;
  EED0 : FF;
  EED1 : FF;
  EED2 : FF;
  EED3 : FF;
  EED4 : FF;
  EED5 : FF;
  EED6 : FF;
  EED7 : FF;
  EED8 : FF;
  EED9 : FF;
  EEDA : FF;
  EEDB : FF;
  EEDC : FF;
  EEDD : FF;
  EEDE : FF;
  EEDF : FF;
  EEE0 : FF;
  EEE1 : FF;
  EEE2 : FF;
  EEE3 : FF;
  EEE4 : FF;
  EEE5 : FF;
  EEE6 : FF;
  EEE7 : FF;
  EEE8 : FF;
  EEE9 : FF;
  EEEA : FF;
  EEEB : FF;
  EEEC : FF;
  EEED : FF;
  EEEE : FF;
  EEEF : FF;
  EEF0 : FF;
  EEF1 : FF;
  EEF2 : FF;
  EEF3 : FF;
  EEF4 : FF;
  EEF5 : FF;
  EEF6 : FF;
  EEF7 : FF;
  EEF8 : FF;
  EEF9 : FF;
  EEFA : FF;
  EEFB : FF;
  EEFC : FF;
  EEFD : FF;
  EEFE : FF;
  EEFF : FF;
  EF00 : FF;
  EF01 : FF;
  EF02 : FF;
  EF03 : FF;
  EF04 : FF;
  EF05 : FF;
  EF06 : FF;
  EF07 : FF;
  EF08 : FF;
  EF09 : FF;
  EF0A : FF;
  EF0B : FF;
  EF0C : FF;
  EF0D : FF;
  EF0E : FF;
  EF0F : FF;
  EF10 : FF;
  EF11 : FF;
  EF12 : FF;
  EF13 : FF;
  EF14 : FF;
  EF15 : FF;
  EF16 : FF;
  EF17 : FF;
  EF18 : FF;
  EF19 : FF;
  EF1A : FF;
  EF1B : FF;
  EF1C : FF;
  EF1D : FF;
  EF1E : FF;
  EF1F : FF;
  EF20 : FF;
  EF21 : FF;
  EF22 : FF;
  EF23 : FF;
  EF24 : FF;
  EF25 : FF;
  EF26 : FF;
  EF27 : FF;
  EF28 : FF;
  EF29 : FF;
  EF2A : FF;
  EF2B : FF;
  EF2C : FF;
  EF2D : FF;
  EF2E : FF;
  EF2F : FF;
  EF30 : FF;
  EF31 : FF;
  EF32 : FF;
  EF33 : FF;
  EF34 : FF;
  EF35 : FF;
  EF36 : FF;
  EF37 : FF;
  EF38 : FF;
  EF39 : FF;
  EF3A : FF;
  EF3B : FF;
  EF3C : FF;
  EF3D : FF;
  EF3E : FF;
  EF3F : FF;
  EF40 : FF;
  EF41 : FF;
  EF42 : FF;
  EF43 : FF;
  EF44 : FF;
  EF45 : FF;
  EF46 : FF;
  EF47 : FF;
  EF48 : FF;
  EF49 : FF;
  EF4A : FF;
  EF4B : FF;
  EF4C : FF;
  EF4D : FF;
  EF4E : FF;
  EF4F : FF;
  EF50 : FF;
  EF51 : FF;
  EF52 : FF;
  EF53 : FF;
  EF54 : FF;
  EF55 : FF;
  EF56 : FF;
  EF57 : FF;
  EF58 : FF;
  EF59 : FF;
  EF5A : FF;
  EF5B : FF;
  EF5C : FF;
  EF5D : FF;
  EF5E : FF;
  EF5F : FF;
  EF60 : FF;
  EF61 : FF;
  EF62 : FF;
  EF63 : FF;
  EF64 : FF;
  EF65 : FF;
  EF66 : FF;
  EF67 : FF;
  EF68 : FF;
  EF69 : FF;
  EF6A : FF;
  EF6B : FF;
  EF6C : FF;
  EF6D : FF;
  EF6E : FF;
  EF6F : FF;
  EF70 : FF;
  EF71 : FF;
  EF72 : FF;
  EF73 : FF;
  EF74 : FF;
  EF75 : FF;
  EF76 : FF;
  EF77 : FF;
  EF78 : FF;
  EF79 : FF;
  EF7A : FF;
  EF7B : FF;
  EF7C : FF;
  EF7D : FF;
  EF7E : FF;
  EF7F : FF;
  EF80 : FF;
  EF81 : FF;
  EF82 : FF;
  EF83 : FF;
  EF84 : FF;
  EF85 : FF;
  EF86 : FF;
  EF87 : FF;
  EF88 : FF;
  EF89 : FF;
  EF8A : FF;
  EF8B : FF;
  EF8C : FF;
  EF8D : FF;
  EF8E : FF;
  EF8F : FF;
  EF90 : FF;
  EF91 : FF;
  EF92 : FF;
  EF93 : FF;
  EF94 : FF;
  EF95 : FF;
  EF96 : FF;
  EF97 : FF;
  EF98 : FF;
  EF99 : FF;
  EF9A : FF;
  EF9B : FF;
  EF9C : FF;
  EF9D : FF;
  EF9E : FF;
  EF9F : FF;
  EFA0 : FF;
  EFA1 : FF;
  EFA2 : FF;
  EFA3 : FF;
  EFA4 : FF;
  EFA5 : FF;
  EFA6 : FF;
  EFA7 : FF;
  EFA8 : FF;
  EFA9 : FF;
  EFAA : FF;
  EFAB : FF;
  EFAC : FF;
  EFAD : FF;
  EFAE : FF;
  EFAF : FF;
  EFB0 : FF;
  EFB1 : FF;
  EFB2 : FF;
  EFB3 : FF;
  EFB4 : FF;
  EFB5 : FF;
  EFB6 : FF;
  EFB7 : FF;
  EFB8 : FF;
  EFB9 : FF;
  EFBA : FF;
  EFBB : FF;
  EFBC : FF;
  EFBD : FF;
  EFBE : FF;
  EFBF : FF;
  EFC0 : FF;
  EFC1 : FF;
  EFC2 : FF;
  EFC3 : FF;
  EFC4 : FF;
  EFC5 : FF;
  EFC6 : FF;
  EFC7 : FF;
  EFC8 : FF;
  EFC9 : FF;
  EFCA : FF;
  EFCB : FF;
  EFCC : FF;
  EFCD : FF;
  EFCE : FF;
  EFCF : FF;
  EFD0 : FF;
  EFD1 : FF;
  EFD2 : FF;
  EFD3 : FF;
  EFD4 : FF;
  EFD5 : FF;
  EFD6 : FF;
  EFD7 : FF;
  EFD8 : FF;
  EFD9 : FF;
  EFDA : FF;
  EFDB : FF;
  EFDC : FF;
  EFDD : FF;
  EFDE : FF;
  EFDF : FF;
  EFE0 : FF;
  EFE1 : FF;
  EFE2 : FF;
  EFE3 : FF;
  EFE4 : FF;
  EFE5 : FF;
  EFE6 : FF;
  EFE7 : FF;
  EFE8 : FF;
  EFE9 : FF;
  EFEA : FF;
  EFEB : FF;
  EFEC : FF;
  EFED : FF;
  EFEE : FF;
  EFEF : FF;
  EFF0 : FF;
  EFF1 : FF;
  EFF2 : FF;
  EFF3 : FF;
  EFF4 : FF;
  EFF5 : FF;
  EFF6 : FF;
  EFF7 : FF;
  EFF8 : FF;
  EFF9 : FF;
  EFFA : FF;
  EFFB : FF;
  EFFC : FF;
  EFFD : FF;
  EFFE : FF;
  EFFF : FF;
  F000 : FF;
  F001 : FF;
  F002 : FF;
  F003 : FF;
  F004 : FF;
  F005 : FF;
  F006 : FF;
  F007 : FF;
  F008 : FF;
  F009 : FF;
  F00A : FF;
  F00B : FF;
  F00C : FF;
  F00D : FF;
  F00E : FF;
  F00F : FF;
  F010 : FF;
  F011 : FF;
  F012 : FF;
  F013 : FF;
  F014 : FF;
  F015 : FF;
  F016 : FF;
  F017 : FF;
  F018 : FF;
  F019 : FF;
  F01A : FF;
  F01B : FF;
  F01C : FF;
  F01D : FF;
  F01E : FF;
  F01F : FF;
  F020 : FF;
  F021 : FF;
  F022 : FF;
  F023 : FF;
  F024 : FF;
  F025 : FF;
  F026 : FF;
  F027 : FF;
  F028 : FF;
  F029 : FF;
  F02A : FF;
  F02B : FF;
  F02C : FF;
  F02D : FF;
  F02E : FF;
  F02F : FF;
  F030 : FF;
  F031 : FF;
  F032 : FF;
  F033 : FF;
  F034 : FF;
  F035 : FF;
  F036 : FF;
  F037 : FF;
  F038 : FF;
  F039 : FF;
  F03A : FF;
  F03B : FF;
  F03C : FF;
  F03D : FF;
  F03E : FF;
  F03F : FF;
  F040 : FF;
  F041 : FF;
  F042 : FF;
  F043 : FF;
  F044 : FF;
  F045 : FF;
  F046 : FF;
  F047 : FF;
  F048 : FF;
  F049 : FF;
  F04A : FF;
  F04B : FF;
  F04C : FF;
  F04D : FF;
  F04E : FF;
  F04F : FF;
  F050 : FF;
  F051 : FF;
  F052 : FF;
  F053 : FF;
  F054 : FF;
  F055 : FF;
  F056 : FF;
  F057 : FF;
  F058 : FF;
  F059 : FF;
  F05A : FF;
  F05B : FF;
  F05C : FF;
  F05D : FF;
  F05E : FF;
  F05F : FF;
  F060 : FF;
  F061 : FF;
  F062 : FF;
  F063 : FF;
  F064 : FF;
  F065 : FF;
  F066 : FF;
  F067 : FF;
  F068 : FF;
  F069 : FF;
  F06A : FF;
  F06B : FF;
  F06C : FF;
  F06D : FF;
  F06E : FF;
  F06F : FF;
  F070 : FF;
  F071 : FF;
  F072 : FF;
  F073 : FF;
  F074 : FF;
  F075 : FF;
  F076 : FF;
  F077 : FF;
  F078 : FF;
  F079 : FF;
  F07A : FF;
  F07B : FF;
  F07C : FF;
  F07D : FF;
  F07E : FF;
  F07F : FF;
  F080 : FF;
  F081 : FF;
  F082 : FF;
  F083 : FF;
  F084 : FF;
  F085 : FF;
  F086 : FF;
  F087 : FF;
  F088 : FF;
  F089 : FF;
  F08A : FF;
  F08B : FF;
  F08C : FF;
  F08D : FF;
  F08E : FF;
  F08F : FF;
  F090 : FF;
  F091 : FF;
  F092 : FF;
  F093 : FF;
  F094 : FF;
  F095 : FF;
  F096 : FF;
  F097 : FF;
  F098 : FF;
  F099 : FF;
  F09A : FF;
  F09B : FF;
  F09C : FF;
  F09D : FF;
  F09E : FF;
  F09F : FF;
  F0A0 : FF;
  F0A1 : FF;
  F0A2 : FF;
  F0A3 : FF;
  F0A4 : FF;
  F0A5 : FF;
  F0A6 : FF;
  F0A7 : FF;
  F0A8 : FF;
  F0A9 : FF;
  F0AA : FF;
  F0AB : FF;
  F0AC : FF;
  F0AD : FF;
  F0AE : FF;
  F0AF : FF;
  F0B0 : FF;
  F0B1 : FF;
  F0B2 : FF;
  F0B3 : FF;
  F0B4 : FF;
  F0B5 : FF;
  F0B6 : FF;
  F0B7 : FF;
  F0B8 : FF;
  F0B9 : FF;
  F0BA : FF;
  F0BB : FF;
  F0BC : FF;
  F0BD : FF;
  F0BE : FF;
  F0BF : FF;
  F0C0 : FF;
  F0C1 : FF;
  F0C2 : FF;
  F0C3 : FF;
  F0C4 : FF;
  F0C5 : FF;
  F0C6 : FF;
  F0C7 : FF;
  F0C8 : FF;
  F0C9 : FF;
  F0CA : FF;
  F0CB : FF;
  F0CC : FF;
  F0CD : FF;
  F0CE : FF;
  F0CF : FF;
  F0D0 : FF;
  F0D1 : FF;
  F0D2 : FF;
  F0D3 : FF;
  F0D4 : FF;
  F0D5 : FF;
  F0D6 : FF;
  F0D7 : FF;
  F0D8 : FF;
  F0D9 : FF;
  F0DA : FF;
  F0DB : FF;
  F0DC : FF;
  F0DD : FF;
  F0DE : FF;
  F0DF : FF;
  F0E0 : FF;
  F0E1 : FF;
  F0E2 : FF;
  F0E3 : FF;
  F0E4 : FF;
  F0E5 : FF;
  F0E6 : FF;
  F0E7 : FF;
  F0E8 : FF;
  F0E9 : FF;
  F0EA : FF;
  F0EB : FF;
  F0EC : FF;
  F0ED : FF;
  F0EE : FF;
  F0EF : FF;
  F0F0 : FF;
  F0F1 : FF;
  F0F2 : FF;
  F0F3 : FF;
  F0F4 : FF;
  F0F5 : FF;
  F0F6 : FF;
  F0F7 : FF;
  F0F8 : FF;
  F0F9 : FF;
  F0FA : FF;
  F0FB : FF;
  F0FC : FF;
  F0FD : FF;
  F0FE : FF;
  F0FF : FF;
  F100 : FF;
  F101 : FF;
  F102 : FF;
  F103 : FF;
  F104 : FF;
  F105 : FF;
  F106 : FF;
  F107 : FF;
  F108 : FF;
  F109 : FF;
  F10A : FF;
  F10B : FF;
  F10C : FF;
  F10D : FF;
  F10E : FF;
  F10F : FF;
  F110 : FF;
  F111 : FF;
  F112 : FF;
  F113 : FF;
  F114 : FF;
  F115 : FF;
  F116 : FF;
  F117 : FF;
  F118 : FF;
  F119 : FF;
  F11A : FF;
  F11B : FF;
  F11C : FF;
  F11D : FF;
  F11E : FF;
  F11F : FF;
  F120 : FF;
  F121 : FF;
  F122 : FF;
  F123 : FF;
  F124 : FF;
  F125 : FF;
  F126 : FF;
  F127 : FF;
  F128 : FF;
  F129 : FF;
  F12A : FF;
  F12B : FF;
  F12C : FF;
  F12D : FF;
  F12E : FF;
  F12F : FF;
  F130 : FF;
  F131 : FF;
  F132 : FF;
  F133 : FF;
  F134 : FF;
  F135 : FF;
  F136 : FF;
  F137 : FF;
  F138 : FF;
  F139 : FF;
  F13A : FF;
  F13B : FF;
  F13C : FF;
  F13D : FF;
  F13E : FF;
  F13F : FF;
  F140 : FF;
  F141 : FF;
  F142 : FF;
  F143 : FF;
  F144 : FF;
  F145 : FF;
  F146 : FF;
  F147 : FF;
  F148 : FF;
  F149 : FF;
  F14A : FF;
  F14B : FF;
  F14C : FF;
  F14D : FF;
  F14E : FF;
  F14F : FF;
  F150 : FF;
  F151 : FF;
  F152 : FF;
  F153 : FF;
  F154 : FF;
  F155 : FF;
  F156 : FF;
  F157 : FF;
  F158 : FF;
  F159 : FF;
  F15A : FF;
  F15B : FF;
  F15C : FF;
  F15D : FF;
  F15E : FF;
  F15F : FF;
  F160 : FF;
  F161 : FF;
  F162 : FF;
  F163 : FF;
  F164 : FF;
  F165 : FF;
  F166 : FF;
  F167 : FF;
  F168 : FF;
  F169 : FF;
  F16A : FF;
  F16B : FF;
  F16C : FF;
  F16D : FF;
  F16E : FF;
  F16F : FF;
  F170 : FF;
  F171 : FF;
  F172 : FF;
  F173 : FF;
  F174 : FF;
  F175 : FF;
  F176 : FF;
  F177 : FF;
  F178 : FF;
  F179 : FF;
  F17A : FF;
  F17B : FF;
  F17C : FF;
  F17D : FF;
  F17E : FF;
  F17F : FF;
  F180 : FF;
  F181 : FF;
  F182 : FF;
  F183 : FF;
  F184 : FF;
  F185 : FF;
  F186 : FF;
  F187 : FF;
  F188 : FF;
  F189 : FF;
  F18A : FF;
  F18B : FF;
  F18C : FF;
  F18D : FF;
  F18E : FF;
  F18F : FF;
  F190 : FF;
  F191 : FF;
  F192 : FF;
  F193 : FF;
  F194 : FF;
  F195 : FF;
  F196 : FF;
  F197 : FF;
  F198 : FF;
  F199 : FF;
  F19A : FF;
  F19B : FF;
  F19C : FF;
  F19D : FF;
  F19E : FF;
  F19F : FF;
  F1A0 : FF;
  F1A1 : FF;
  F1A2 : FF;
  F1A3 : FF;
  F1A4 : FF;
  F1A5 : FF;
  F1A6 : FF;
  F1A7 : FF;
  F1A8 : FF;
  F1A9 : FF;
  F1AA : FF;
  F1AB : FF;
  F1AC : FF;
  F1AD : FF;
  F1AE : FF;
  F1AF : FF;
  F1B0 : FF;
  F1B1 : FF;
  F1B2 : FF;
  F1B3 : FF;
  F1B4 : FF;
  F1B5 : FF;
  F1B6 : FF;
  F1B7 : FF;
  F1B8 : FF;
  F1B9 : FF;
  F1BA : FF;
  F1BB : FF;
  F1BC : FF;
  F1BD : FF;
  F1BE : FF;
  F1BF : FF;
  F1C0 : FF;
  F1C1 : FF;
  F1C2 : FF;
  F1C3 : FF;
  F1C4 : FF;
  F1C5 : FF;
  F1C6 : FF;
  F1C7 : FF;
  F1C8 : FF;
  F1C9 : FF;
  F1CA : FF;
  F1CB : FF;
  F1CC : FF;
  F1CD : FF;
  F1CE : FF;
  F1CF : FF;
  F1D0 : FF;
  F1D1 : FF;
  F1D2 : FF;
  F1D3 : FF;
  F1D4 : FF;
  F1D5 : FF;
  F1D6 : FF;
  F1D7 : FF;
  F1D8 : FF;
  F1D9 : FF;
  F1DA : FF;
  F1DB : FF;
  F1DC : FF;
  F1DD : FF;
  F1DE : FF;
  F1DF : FF;
  F1E0 : FF;
  F1E1 : FF;
  F1E2 : FF;
  F1E3 : FF;
  F1E4 : FF;
  F1E5 : FF;
  F1E6 : FF;
  F1E7 : FF;
  F1E8 : FF;
  F1E9 : FF;
  F1EA : FF;
  F1EB : FF;
  F1EC : FF;
  F1ED : FF;
  F1EE : FF;
  F1EF : FF;
  F1F0 : FF;
  F1F1 : FF;
  F1F2 : FF;
  F1F3 : FF;
  F1F4 : FF;
  F1F5 : FF;
  F1F6 : FF;
  F1F7 : FF;
  F1F8 : FF;
  F1F9 : FF;
  F1FA : FF;
  F1FB : FF;
  F1FC : FF;
  F1FD : FF;
  F1FE : FF;
  F1FF : FF;
  F200 : FF;
  F201 : FF;
  F202 : FF;
  F203 : FF;
  F204 : FF;
  F205 : FF;
  F206 : FF;
  F207 : FF;
  F208 : FF;
  F209 : FF;
  F20A : FF;
  F20B : FF;
  F20C : FF;
  F20D : FF;
  F20E : FF;
  F20F : FF;
  F210 : FF;
  F211 : FF;
  F212 : FF;
  F213 : FF;
  F214 : FF;
  F215 : FF;
  F216 : FF;
  F217 : FF;
  F218 : FF;
  F219 : FF;
  F21A : FF;
  F21B : FF;
  F21C : FF;
  F21D : FF;
  F21E : FF;
  F21F : FF;
  F220 : FF;
  F221 : FF;
  F222 : FF;
  F223 : FF;
  F224 : FF;
  F225 : FF;
  F226 : FF;
  F227 : FF;
  F228 : FF;
  F229 : FF;
  F22A : FF;
  F22B : FF;
  F22C : FF;
  F22D : FF;
  F22E : FF;
  F22F : FF;
  F230 : FF;
  F231 : FF;
  F232 : FF;
  F233 : FF;
  F234 : FF;
  F235 : FF;
  F236 : FF;
  F237 : FF;
  F238 : FF;
  F239 : FF;
  F23A : FF;
  F23B : FF;
  F23C : FF;
  F23D : FF;
  F23E : FF;
  F23F : FF;
  F240 : FF;
  F241 : FF;
  F242 : FF;
  F243 : FF;
  F244 : FF;
  F245 : FF;
  F246 : FF;
  F247 : FF;
  F248 : FF;
  F249 : FF;
  F24A : FF;
  F24B : FF;
  F24C : FF;
  F24D : FF;
  F24E : FF;
  F24F : FF;
  F250 : FF;
  F251 : FF;
  F252 : FF;
  F253 : FF;
  F254 : FF;
  F255 : FF;
  F256 : FF;
  F257 : FF;
  F258 : FF;
  F259 : FF;
  F25A : FF;
  F25B : FF;
  F25C : FF;
  F25D : FF;
  F25E : FF;
  F25F : FF;
  F260 : FF;
  F261 : FF;
  F262 : FF;
  F263 : FF;
  F264 : FF;
  F265 : FF;
  F266 : FF;
  F267 : FF;
  F268 : FF;
  F269 : FF;
  F26A : FF;
  F26B : FF;
  F26C : FF;
  F26D : FF;
  F26E : FF;
  F26F : FF;
  F270 : FF;
  F271 : FF;
  F272 : FF;
  F273 : FF;
  F274 : FF;
  F275 : FF;
  F276 : FF;
  F277 : FF;
  F278 : FF;
  F279 : FF;
  F27A : FF;
  F27B : FF;
  F27C : FF;
  F27D : FF;
  F27E : FF;
  F27F : FF;
  F280 : FF;
  F281 : FF;
  F282 : FF;
  F283 : FF;
  F284 : FF;
  F285 : FF;
  F286 : FF;
  F287 : FF;
  F288 : FF;
  F289 : FF;
  F28A : FF;
  F28B : FF;
  F28C : FF;
  F28D : FF;
  F28E : FF;
  F28F : FF;
  F290 : FF;
  F291 : FF;
  F292 : FF;
  F293 : FF;
  F294 : FF;
  F295 : FF;
  F296 : FF;
  F297 : FF;
  F298 : FF;
  F299 : FF;
  F29A : FF;
  F29B : FF;
  F29C : FF;
  F29D : FF;
  F29E : FF;
  F29F : FF;
  F2A0 : FF;
  F2A1 : FF;
  F2A2 : FF;
  F2A3 : FF;
  F2A4 : FF;
  F2A5 : FF;
  F2A6 : FF;
  F2A7 : FF;
  F2A8 : FF;
  F2A9 : FF;
  F2AA : FF;
  F2AB : FF;
  F2AC : FF;
  F2AD : FF;
  F2AE : FF;
  F2AF : FF;
  F2B0 : FF;
  F2B1 : FF;
  F2B2 : FF;
  F2B3 : FF;
  F2B4 : FF;
  F2B5 : FF;
  F2B6 : FF;
  F2B7 : FF;
  F2B8 : FF;
  F2B9 : FF;
  F2BA : FF;
  F2BB : FF;
  F2BC : FF;
  F2BD : FF;
  F2BE : FF;
  F2BF : FF;
  F2C0 : FF;
  F2C1 : FF;
  F2C2 : FF;
  F2C3 : FF;
  F2C4 : FF;
  F2C5 : FF;
  F2C6 : FF;
  F2C7 : FF;
  F2C8 : FF;
  F2C9 : FF;
  F2CA : FF;
  F2CB : FF;
  F2CC : FF;
  F2CD : FF;
  F2CE : FF;
  F2CF : FF;
  F2D0 : FF;
  F2D1 : FF;
  F2D2 : FF;
  F2D3 : FF;
  F2D4 : FF;
  F2D5 : FF;
  F2D6 : FF;
  F2D7 : FF;
  F2D8 : FF;
  F2D9 : FF;
  F2DA : FF;
  F2DB : FF;
  F2DC : FF;
  F2DD : FF;
  F2DE : FF;
  F2DF : FF;
  F2E0 : FF;
  F2E1 : FF;
  F2E2 : FF;
  F2E3 : FF;
  F2E4 : FF;
  F2E5 : FF;
  F2E6 : FF;
  F2E7 : FF;
  F2E8 : FF;
  F2E9 : FF;
  F2EA : FF;
  F2EB : FF;
  F2EC : FF;
  F2ED : FF;
  F2EE : FF;
  F2EF : FF;
  F2F0 : FF;
  F2F1 : FF;
  F2F2 : FF;
  F2F3 : FF;
  F2F4 : FF;
  F2F5 : FF;
  F2F6 : FF;
  F2F7 : FF;
  F2F8 : FF;
  F2F9 : FF;
  F2FA : FF;
  F2FB : FF;
  F2FC : FF;
  F2FD : FF;
  F2FE : FF;
  F2FF : FF;
  F300 : FF;
  F301 : FF;
  F302 : FF;
  F303 : FF;
  F304 : FF;
  F305 : FF;
  F306 : FF;
  F307 : FF;
  F308 : FF;
  F309 : FF;
  F30A : FF;
  F30B : FF;
  F30C : FF;
  F30D : FF;
  F30E : FF;
  F30F : FF;
  F310 : FF;
  F311 : FF;
  F312 : FF;
  F313 : FF;
  F314 : FF;
  F315 : FF;
  F316 : FF;
  F317 : FF;
  F318 : FF;
  F319 : FF;
  F31A : FF;
  F31B : FF;
  F31C : FF;
  F31D : FF;
  F31E : FF;
  F31F : FF;
  F320 : FF;
  F321 : FF;
  F322 : FF;
  F323 : FF;
  F324 : FF;
  F325 : FF;
  F326 : FF;
  F327 : FF;
  F328 : FF;
  F329 : FF;
  F32A : FF;
  F32B : FF;
  F32C : FF;
  F32D : FF;
  F32E : FF;
  F32F : FF;
  F330 : FF;
  F331 : FF;
  F332 : FF;
  F333 : FF;
  F334 : FF;
  F335 : FF;
  F336 : FF;
  F337 : FF;
  F338 : FF;
  F339 : FF;
  F33A : FF;
  F33B : FF;
  F33C : FF;
  F33D : FF;
  F33E : FF;
  F33F : FF;
  F340 : FF;
  F341 : FF;
  F342 : FF;
  F343 : FF;
  F344 : FF;
  F345 : FF;
  F346 : FF;
  F347 : FF;
  F348 : FF;
  F349 : FF;
  F34A : FF;
  F34B : FF;
  F34C : FF;
  F34D : FF;
  F34E : FF;
  F34F : FF;
  F350 : FF;
  F351 : FF;
  F352 : FF;
  F353 : FF;
  F354 : FF;
  F355 : FF;
  F356 : FF;
  F357 : FF;
  F358 : FF;
  F359 : FF;
  F35A : FF;
  F35B : FF;
  F35C : FF;
  F35D : FF;
  F35E : FF;
  F35F : FF;
  F360 : FF;
  F361 : FF;
  F362 : FF;
  F363 : FF;
  F364 : FF;
  F365 : FF;
  F366 : FF;
  F367 : FF;
  F368 : FF;
  F369 : FF;
  F36A : FF;
  F36B : FF;
  F36C : FF;
  F36D : FF;
  F36E : FF;
  F36F : FF;
  F370 : FF;
  F371 : FF;
  F372 : FF;
  F373 : FF;
  F374 : FF;
  F375 : FF;
  F376 : FF;
  F377 : FF;
  F378 : FF;
  F379 : FF;
  F37A : FF;
  F37B : FF;
  F37C : FF;
  F37D : FF;
  F37E : FF;
  F37F : FF;
  F380 : FF;
  F381 : FF;
  F382 : FF;
  F383 : FF;
  F384 : FF;
  F385 : FF;
  F386 : FF;
  F387 : FF;
  F388 : FF;
  F389 : FF;
  F38A : FF;
  F38B : FF;
  F38C : FF;
  F38D : FF;
  F38E : FF;
  F38F : FF;
  F390 : FF;
  F391 : FF;
  F392 : FF;
  F393 : FF;
  F394 : FF;
  F395 : FF;
  F396 : FF;
  F397 : FF;
  F398 : FF;
  F399 : FF;
  F39A : FF;
  F39B : FF;
  F39C : FF;
  F39D : FF;
  F39E : FF;
  F39F : FF;
  F3A0 : FF;
  F3A1 : FF;
  F3A2 : FF;
  F3A3 : FF;
  F3A4 : FF;
  F3A5 : FF;
  F3A6 : FF;
  F3A7 : FF;
  F3A8 : FF;
  F3A9 : FF;
  F3AA : FF;
  F3AB : FF;
  F3AC : FF;
  F3AD : FF;
  F3AE : FF;
  F3AF : FF;
  F3B0 : FF;
  F3B1 : FF;
  F3B2 : FF;
  F3B3 : FF;
  F3B4 : FF;
  F3B5 : FF;
  F3B6 : FF;
  F3B7 : FF;
  F3B8 : FF;
  F3B9 : FF;
  F3BA : FF;
  F3BB : FF;
  F3BC : FF;
  F3BD : FF;
  F3BE : FF;
  F3BF : FF;
  F3C0 : FF;
  F3C1 : FF;
  F3C2 : FF;
  F3C3 : FF;
  F3C4 : FF;
  F3C5 : FF;
  F3C6 : FF;
  F3C7 : FF;
  F3C8 : FF;
  F3C9 : FF;
  F3CA : FF;
  F3CB : FF;
  F3CC : FF;
  F3CD : FF;
  F3CE : FF;
  F3CF : FF;
  F3D0 : FF;
  F3D1 : FF;
  F3D2 : FF;
  F3D3 : FF;
  F3D4 : FF;
  F3D5 : FF;
  F3D6 : FF;
  F3D7 : FF;
  F3D8 : FF;
  F3D9 : FF;
  F3DA : FF;
  F3DB : FF;
  F3DC : FF;
  F3DD : FF;
  F3DE : FF;
  F3DF : FF;
  F3E0 : FF;
  F3E1 : FF;
  F3E2 : FF;
  F3E3 : FF;
  F3E4 : FF;
  F3E5 : FF;
  F3E6 : FF;
  F3E7 : FF;
  F3E8 : FF;
  F3E9 : FF;
  F3EA : FF;
  F3EB : FF;
  F3EC : FF;
  F3ED : FF;
  F3EE : FF;
  F3EF : FF;
  F3F0 : FF;
  F3F1 : FF;
  F3F2 : FF;
  F3F3 : FF;
  F3F4 : FF;
  F3F5 : FF;
  F3F6 : FF;
  F3F7 : FF;
  F3F8 : FF;
  F3F9 : FF;
  F3FA : FF;
  F3FB : FF;
  F3FC : FF;
  F3FD : FF;
  F3FE : FF;
  F3FF : FF;
  F400 : FF;
  F401 : FF;
  F402 : FF;
  F403 : FF;
  F404 : FF;
  F405 : FF;
  F406 : FF;
  F407 : FF;
  F408 : FF;
  F409 : FF;
  F40A : FF;
  F40B : FF;
  F40C : FF;
  F40D : FF;
  F40E : FF;
  F40F : FF;
  F410 : FF;
  F411 : FF;
  F412 : FF;
  F413 : FF;
  F414 : FF;
  F415 : FF;
  F416 : FF;
  F417 : FF;
  F418 : FF;
  F419 : FF;
  F41A : FF;
  F41B : FF;
  F41C : FF;
  F41D : FF;
  F41E : FF;
  F41F : FF;
  F420 : FF;
  F421 : FF;
  F422 : FF;
  F423 : FF;
  F424 : FF;
  F425 : FF;
  F426 : FF;
  F427 : FF;
  F428 : FF;
  F429 : FF;
  F42A : FF;
  F42B : FF;
  F42C : FF;
  F42D : FF;
  F42E : FF;
  F42F : FF;
  F430 : FF;
  F431 : FF;
  F432 : FF;
  F433 : FF;
  F434 : FF;
  F435 : FF;
  F436 : FF;
  F437 : FF;
  F438 : FF;
  F439 : FF;
  F43A : FF;
  F43B : FF;
  F43C : FF;
  F43D : FF;
  F43E : FF;
  F43F : FF;
  F440 : FF;
  F441 : FF;
  F442 : FF;
  F443 : FF;
  F444 : FF;
  F445 : FF;
  F446 : FF;
  F447 : FF;
  F448 : FF;
  F449 : FF;
  F44A : FF;
  F44B : FF;
  F44C : FF;
  F44D : FF;
  F44E : FF;
  F44F : FF;
  F450 : FF;
  F451 : FF;
  F452 : FF;
  F453 : FF;
  F454 : FF;
  F455 : FF;
  F456 : FF;
  F457 : FF;
  F458 : FF;
  F459 : FF;
  F45A : FF;
  F45B : FF;
  F45C : FF;
  F45D : FF;
  F45E : FF;
  F45F : FF;
  F460 : FF;
  F461 : FF;
  F462 : FF;
  F463 : FF;
  F464 : FF;
  F465 : FF;
  F466 : FF;
  F467 : FF;
  F468 : FF;
  F469 : FF;
  F46A : FF;
  F46B : FF;
  F46C : FF;
  F46D : FF;
  F46E : FF;
  F46F : FF;
  F470 : FF;
  F471 : FF;
  F472 : FF;
  F473 : FF;
  F474 : FF;
  F475 : FF;
  F476 : FF;
  F477 : FF;
  F478 : FF;
  F479 : FF;
  F47A : FF;
  F47B : FF;
  F47C : FF;
  F47D : FF;
  F47E : FF;
  F47F : FF;
  F480 : FF;
  F481 : FF;
  F482 : FF;
  F483 : FF;
  F484 : FF;
  F485 : FF;
  F486 : FF;
  F487 : FF;
  F488 : FF;
  F489 : FF;
  F48A : FF;
  F48B : FF;
  F48C : FF;
  F48D : FF;
  F48E : FF;
  F48F : FF;
  F490 : FF;
  F491 : FF;
  F492 : FF;
  F493 : FF;
  F494 : FF;
  F495 : FF;
  F496 : FF;
  F497 : FF;
  F498 : FF;
  F499 : FF;
  F49A : FF;
  F49B : FF;
  F49C : FF;
  F49D : FF;
  F49E : FF;
  F49F : FF;
  F4A0 : FF;
  F4A1 : FF;
  F4A2 : FF;
  F4A3 : FF;
  F4A4 : FF;
  F4A5 : FF;
  F4A6 : FF;
  F4A7 : FF;
  F4A8 : FF;
  F4A9 : FF;
  F4AA : FF;
  F4AB : FF;
  F4AC : FF;
  F4AD : FF;
  F4AE : FF;
  F4AF : FF;
  F4B0 : FF;
  F4B1 : FF;
  F4B2 : FF;
  F4B3 : FF;
  F4B4 : FF;
  F4B5 : FF;
  F4B6 : FF;
  F4B7 : FF;
  F4B8 : FF;
  F4B9 : FF;
  F4BA : FF;
  F4BB : FF;
  F4BC : FF;
  F4BD : FF;
  F4BE : FF;
  F4BF : FF;
  F4C0 : FF;
  F4C1 : FF;
  F4C2 : FF;
  F4C3 : FF;
  F4C4 : FF;
  F4C5 : FF;
  F4C6 : FF;
  F4C7 : FF;
  F4C8 : FF;
  F4C9 : FF;
  F4CA : FF;
  F4CB : FF;
  F4CC : FF;
  F4CD : FF;
  F4CE : FF;
  F4CF : FF;
  F4D0 : FF;
  F4D1 : FF;
  F4D2 : FF;
  F4D3 : FF;
  F4D4 : FF;
  F4D5 : FF;
  F4D6 : FF;
  F4D7 : FF;
  F4D8 : FF;
  F4D9 : FF;
  F4DA : FF;
  F4DB : FF;
  F4DC : FF;
  F4DD : FF;
  F4DE : FF;
  F4DF : FF;
  F4E0 : FF;
  F4E1 : FF;
  F4E2 : FF;
  F4E3 : FF;
  F4E4 : FF;
  F4E5 : FF;
  F4E6 : FF;
  F4E7 : FF;
  F4E8 : FF;
  F4E9 : FF;
  F4EA : FF;
  F4EB : FF;
  F4EC : FF;
  F4ED : FF;
  F4EE : FF;
  F4EF : FF;
  F4F0 : FF;
  F4F1 : FF;
  F4F2 : FF;
  F4F3 : FF;
  F4F4 : FF;
  F4F5 : FF;
  F4F6 : FF;
  F4F7 : FF;
  F4F8 : FF;
  F4F9 : FF;
  F4FA : FF;
  F4FB : FF;
  F4FC : FF;
  F4FD : FF;
  F4FE : FF;
  F4FF : FF;
  F500 : FF;
  F501 : FF;
  F502 : FF;
  F503 : FF;
  F504 : FF;
  F505 : FF;
  F506 : FF;
  F507 : FF;
  F508 : FF;
  F509 : FF;
  F50A : FF;
  F50B : FF;
  F50C : FF;
  F50D : FF;
  F50E : FF;
  F50F : FF;
  F510 : FF;
  F511 : FF;
  F512 : FF;
  F513 : FF;
  F514 : FF;
  F515 : FF;
  F516 : FF;
  F517 : FF;
  F518 : FF;
  F519 : FF;
  F51A : FF;
  F51B : FF;
  F51C : FF;
  F51D : FF;
  F51E : FF;
  F51F : FF;
  F520 : FF;
  F521 : FF;
  F522 : FF;
  F523 : FF;
  F524 : FF;
  F525 : FF;
  F526 : FF;
  F527 : FF;
  F528 : FF;
  F529 : FF;
  F52A : FF;
  F52B : FF;
  F52C : FF;
  F52D : FF;
  F52E : FF;
  F52F : FF;
  F530 : FF;
  F531 : FF;
  F532 : FF;
  F533 : FF;
  F534 : FF;
  F535 : FF;
  F536 : FF;
  F537 : FF;
  F538 : FF;
  F539 : FF;
  F53A : FF;
  F53B : FF;
  F53C : FF;
  F53D : FF;
  F53E : FF;
  F53F : FF;
  F540 : FF;
  F541 : FF;
  F542 : FF;
  F543 : FF;
  F544 : FF;
  F545 : FF;
  F546 : FF;
  F547 : FF;
  F548 : FF;
  F549 : FF;
  F54A : FF;
  F54B : FF;
  F54C : FF;
  F54D : FF;
  F54E : FF;
  F54F : FF;
  F550 : FF;
  F551 : FF;
  F552 : FF;
  F553 : FF;
  F554 : FF;
  F555 : FF;
  F556 : FF;
  F557 : FF;
  F558 : FF;
  F559 : FF;
  F55A : FF;
  F55B : FF;
  F55C : FF;
  F55D : FF;
  F55E : FF;
  F55F : FF;
  F560 : FF;
  F561 : FF;
  F562 : FF;
  F563 : FF;
  F564 : FF;
  F565 : FF;
  F566 : FF;
  F567 : FF;
  F568 : FF;
  F569 : FF;
  F56A : FF;
  F56B : FF;
  F56C : FF;
  F56D : FF;
  F56E : FF;
  F56F : FF;
  F570 : FF;
  F571 : FF;
  F572 : FF;
  F573 : FF;
  F574 : FF;
  F575 : FF;
  F576 : FF;
  F577 : FF;
  F578 : FF;
  F579 : FF;
  F57A : FF;
  F57B : FF;
  F57C : FF;
  F57D : FF;
  F57E : FF;
  F57F : FF;
  F580 : FF;
  F581 : FF;
  F582 : FF;
  F583 : FF;
  F584 : FF;
  F585 : FF;
  F586 : FF;
  F587 : FF;
  F588 : FF;
  F589 : FF;
  F58A : FF;
  F58B : FF;
  F58C : FF;
  F58D : FF;
  F58E : FF;
  F58F : FF;
  F590 : FF;
  F591 : FF;
  F592 : FF;
  F593 : FF;
  F594 : FF;
  F595 : FF;
  F596 : FF;
  F597 : FF;
  F598 : FF;
  F599 : FF;
  F59A : FF;
  F59B : FF;
  F59C : FF;
  F59D : FF;
  F59E : FF;
  F59F : FF;
  F5A0 : FF;
  F5A1 : FF;
  F5A2 : FF;
  F5A3 : FF;
  F5A4 : FF;
  F5A5 : FF;
  F5A6 : FF;
  F5A7 : FF;
  F5A8 : FF;
  F5A9 : FF;
  F5AA : FF;
  F5AB : FF;
  F5AC : FF;
  F5AD : FF;
  F5AE : FF;
  F5AF : FF;
  F5B0 : FF;
  F5B1 : FF;
  F5B2 : FF;
  F5B3 : FF;
  F5B4 : FF;
  F5B5 : FF;
  F5B6 : FF;
  F5B7 : FF;
  F5B8 : FF;
  F5B9 : FF;
  F5BA : FF;
  F5BB : FF;
  F5BC : FF;
  F5BD : FF;
  F5BE : FF;
  F5BF : FF;
  F5C0 : FF;
  F5C1 : FF;
  F5C2 : FF;
  F5C3 : FF;
  F5C4 : FF;
  F5C5 : FF;
  F5C6 : FF;
  F5C7 : FF;
  F5C8 : FF;
  F5C9 : FF;
  F5CA : FF;
  F5CB : FF;
  F5CC : FF;
  F5CD : FF;
  F5CE : FF;
  F5CF : FF;
  F5D0 : FF;
  F5D1 : FF;
  F5D2 : FF;
  F5D3 : FF;
  F5D4 : FF;
  F5D5 : FF;
  F5D6 : FF;
  F5D7 : FF;
  F5D8 : FF;
  F5D9 : FF;
  F5DA : FF;
  F5DB : FF;
  F5DC : FF;
  F5DD : FF;
  F5DE : FF;
  F5DF : FF;
  F5E0 : FF;
  F5E1 : FF;
  F5E2 : FF;
  F5E3 : FF;
  F5E4 : FF;
  F5E5 : FF;
  F5E6 : FF;
  F5E7 : FF;
  F5E8 : FF;
  F5E9 : FF;
  F5EA : FF;
  F5EB : FF;
  F5EC : FF;
  F5ED : FF;
  F5EE : FF;
  F5EF : FF;
  F5F0 : FF;
  F5F1 : FF;
  F5F2 : FF;
  F5F3 : FF;
  F5F4 : FF;
  F5F5 : FF;
  F5F6 : FF;
  F5F7 : FF;
  F5F8 : FF;
  F5F9 : FF;
  F5FA : FF;
  F5FB : FF;
  F5FC : FF;
  F5FD : FF;
  F5FE : FF;
  F5FF : FF;
  F600 : FF;
  F601 : FF;
  F602 : FF;
  F603 : FF;
  F604 : FF;
  F605 : FF;
  F606 : FF;
  F607 : FF;
  F608 : FF;
  F609 : FF;
  F60A : FF;
  F60B : FF;
  F60C : FF;
  F60D : FF;
  F60E : FF;
  F60F : FF;
  F610 : FF;
  F611 : FF;
  F612 : FF;
  F613 : FF;
  F614 : FF;
  F615 : FF;
  F616 : FF;
  F617 : FF;
  F618 : FF;
  F619 : FF;
  F61A : FF;
  F61B : FF;
  F61C : FF;
  F61D : FF;
  F61E : FF;
  F61F : FF;
  F620 : FF;
  F621 : FF;
  F622 : FF;
  F623 : FF;
  F624 : FF;
  F625 : FF;
  F626 : FF;
  F627 : FF;
  F628 : FF;
  F629 : FF;
  F62A : FF;
  F62B : FF;
  F62C : FF;
  F62D : FF;
  F62E : FF;
  F62F : FF;
  F630 : FF;
  F631 : FF;
  F632 : FF;
  F633 : FF;
  F634 : FF;
  F635 : FF;
  F636 : FF;
  F637 : FF;
  F638 : FF;
  F639 : FF;
  F63A : FF;
  F63B : FF;
  F63C : FF;
  F63D : FF;
  F63E : FF;
  F63F : FF;
  F640 : FF;
  F641 : FF;
  F642 : FF;
  F643 : FF;
  F644 : FF;
  F645 : FF;
  F646 : FF;
  F647 : FF;
  F648 : FF;
  F649 : FF;
  F64A : FF;
  F64B : FF;
  F64C : FF;
  F64D : FF;
  F64E : FF;
  F64F : FF;
  F650 : FF;
  F651 : FF;
  F652 : FF;
  F653 : FF;
  F654 : FF;
  F655 : FF;
  F656 : FF;
  F657 : FF;
  F658 : FF;
  F659 : FF;
  F65A : FF;
  F65B : FF;
  F65C : FF;
  F65D : FF;
  F65E : FF;
  F65F : FF;
  F660 : FF;
  F661 : FF;
  F662 : FF;
  F663 : FF;
  F664 : FF;
  F665 : FF;
  F666 : FF;
  F667 : FF;
  F668 : FF;
  F669 : FF;
  F66A : FF;
  F66B : FF;
  F66C : FF;
  F66D : FF;
  F66E : FF;
  F66F : FF;
  F670 : FF;
  F671 : FF;
  F672 : FF;
  F673 : FF;
  F674 : FF;
  F675 : FF;
  F676 : FF;
  F677 : FF;
  F678 : FF;
  F679 : FF;
  F67A : FF;
  F67B : FF;
  F67C : FF;
  F67D : FF;
  F67E : FF;
  F67F : FF;
  F680 : FF;
  F681 : FF;
  F682 : FF;
  F683 : FF;
  F684 : FF;
  F685 : FF;
  F686 : FF;
  F687 : FF;
  F688 : FF;
  F689 : FF;
  F68A : FF;
  F68B : FF;
  F68C : FF;
  F68D : FF;
  F68E : FF;
  F68F : FF;
  F690 : FF;
  F691 : FF;
  F692 : FF;
  F693 : FF;
  F694 : FF;
  F695 : FF;
  F696 : FF;
  F697 : FF;
  F698 : FF;
  F699 : FF;
  F69A : FF;
  F69B : FF;
  F69C : FF;
  F69D : FF;
  F69E : FF;
  F69F : FF;
  F6A0 : FF;
  F6A1 : FF;
  F6A2 : FF;
  F6A3 : FF;
  F6A4 : FF;
  F6A5 : FF;
  F6A6 : FF;
  F6A7 : FF;
  F6A8 : FF;
  F6A9 : FF;
  F6AA : FF;
  F6AB : FF;
  F6AC : FF;
  F6AD : FF;
  F6AE : FF;
  F6AF : FF;
  F6B0 : FF;
  F6B1 : FF;
  F6B2 : FF;
  F6B3 : FF;
  F6B4 : FF;
  F6B5 : FF;
  F6B6 : FF;
  F6B7 : FF;
  F6B8 : FF;
  F6B9 : FF;
  F6BA : FF;
  F6BB : FF;
  F6BC : FF;
  F6BD : FF;
  F6BE : FF;
  F6BF : FF;
  F6C0 : FF;
  F6C1 : FF;
  F6C2 : FF;
  F6C3 : FF;
  F6C4 : FF;
  F6C5 : FF;
  F6C6 : FF;
  F6C7 : FF;
  F6C8 : FF;
  F6C9 : FF;
  F6CA : FF;
  F6CB : FF;
  F6CC : FF;
  F6CD : FF;
  F6CE : FF;
  F6CF : FF;
  F6D0 : FF;
  F6D1 : FF;
  F6D2 : FF;
  F6D3 : FF;
  F6D4 : FF;
  F6D5 : FF;
  F6D6 : FF;
  F6D7 : FF;
  F6D8 : FF;
  F6D9 : FF;
  F6DA : FF;
  F6DB : FF;
  F6DC : FF;
  F6DD : FF;
  F6DE : FF;
  F6DF : FF;
  F6E0 : FF;
  F6E1 : FF;
  F6E2 : FF;
  F6E3 : FF;
  F6E4 : FF;
  F6E5 : FF;
  F6E6 : FF;
  F6E7 : FF;
  F6E8 : FF;
  F6E9 : FF;
  F6EA : FF;
  F6EB : FF;
  F6EC : FF;
  F6ED : FF;
  F6EE : FF;
  F6EF : FF;
  F6F0 : FF;
  F6F1 : FF;
  F6F2 : FF;
  F6F3 : FF;
  F6F4 : FF;
  F6F5 : FF;
  F6F6 : FF;
  F6F7 : FF;
  F6F8 : FF;
  F6F9 : FF;
  F6FA : FF;
  F6FB : FF;
  F6FC : FF;
  F6FD : FF;
  F6FE : FF;
  F6FF : FF;
  F700 : FF;
  F701 : FF;
  F702 : FF;
  F703 : FF;
  F704 : FF;
  F705 : FF;
  F706 : FF;
  F707 : FF;
  F708 : FF;
  F709 : FF;
  F70A : FF;
  F70B : FF;
  F70C : FF;
  F70D : FF;
  F70E : FF;
  F70F : FF;
  F710 : FF;
  F711 : FF;
  F712 : FF;
  F713 : FF;
  F714 : FF;
  F715 : FF;
  F716 : FF;
  F717 : FF;
  F718 : FF;
  F719 : FF;
  F71A : FF;
  F71B : FF;
  F71C : FF;
  F71D : FF;
  F71E : FF;
  F71F : FF;
  F720 : FF;
  F721 : FF;
  F722 : FF;
  F723 : FF;
  F724 : FF;
  F725 : FF;
  F726 : FF;
  F727 : FF;
  F728 : FF;
  F729 : FF;
  F72A : FF;
  F72B : FF;
  F72C : FF;
  F72D : FF;
  F72E : FF;
  F72F : FF;
  F730 : FF;
  F731 : FF;
  F732 : FF;
  F733 : FF;
  F734 : FF;
  F735 : FF;
  F736 : FF;
  F737 : FF;
  F738 : FF;
  F739 : FF;
  F73A : FF;
  F73B : FF;
  F73C : FF;
  F73D : FF;
  F73E : FF;
  F73F : FF;
  F740 : FF;
  F741 : FF;
  F742 : FF;
  F743 : FF;
  F744 : FF;
  F745 : FF;
  F746 : FF;
  F747 : FF;
  F748 : FF;
  F749 : FF;
  F74A : FF;
  F74B : FF;
  F74C : FF;
  F74D : FF;
  F74E : FF;
  F74F : FF;
  F750 : FF;
  F751 : FF;
  F752 : FF;
  F753 : FF;
  F754 : FF;
  F755 : FF;
  F756 : FF;
  F757 : FF;
  F758 : FF;
  F759 : FF;
  F75A : FF;
  F75B : FF;
  F75C : FF;
  F75D : FF;
  F75E : FF;
  F75F : FF;
  F760 : FF;
  F761 : FF;
  F762 : FF;
  F763 : FF;
  F764 : FF;
  F765 : FF;
  F766 : FF;
  F767 : FF;
  F768 : FF;
  F769 : FF;
  F76A : FF;
  F76B : FF;
  F76C : FF;
  F76D : FF;
  F76E : FF;
  F76F : FF;
  F770 : FF;
  F771 : FF;
  F772 : FF;
  F773 : FF;
  F774 : FF;
  F775 : FF;
  F776 : FF;
  F777 : FF;
  F778 : FF;
  F779 : FF;
  F77A : FF;
  F77B : FF;
  F77C : FF;
  F77D : FF;
  F77E : FF;
  F77F : FF;
  F780 : FF;
  F781 : FF;
  F782 : FF;
  F783 : FF;
  F784 : FF;
  F785 : FF;
  F786 : FF;
  F787 : FF;
  F788 : FF;
  F789 : FF;
  F78A : FF;
  F78B : FF;
  F78C : FF;
  F78D : FF;
  F78E : FF;
  F78F : FF;
  F790 : FF;
  F791 : FF;
  F792 : FF;
  F793 : FF;
  F794 : FF;
  F795 : FF;
  F796 : FF;
  F797 : FF;
  F798 : FF;
  F799 : FF;
  F79A : FF;
  F79B : FF;
  F79C : FF;
  F79D : FF;
  F79E : FF;
  F79F : FF;
  F7A0 : FF;
  F7A1 : FF;
  F7A2 : FF;
  F7A3 : FF;
  F7A4 : FF;
  F7A5 : FF;
  F7A6 : FF;
  F7A7 : FF;
  F7A8 : FF;
  F7A9 : FF;
  F7AA : FF;
  F7AB : FF;
  F7AC : FF;
  F7AD : FF;
  F7AE : FF;
  F7AF : FF;
  F7B0 : FF;
  F7B1 : FF;
  F7B2 : FF;
  F7B3 : FF;
  F7B4 : FF;
  F7B5 : FF;
  F7B6 : FF;
  F7B7 : FF;
  F7B8 : FF;
  F7B9 : FF;
  F7BA : FF;
  F7BB : FF;
  F7BC : FF;
  F7BD : FF;
  F7BE : FF;
  F7BF : FF;
  F7C0 : FF;
  F7C1 : FF;
  F7C2 : FF;
  F7C3 : FF;
  F7C4 : FF;
  F7C5 : FF;
  F7C6 : FF;
  F7C7 : FF;
  F7C8 : FF;
  F7C9 : FF;
  F7CA : FF;
  F7CB : FF;
  F7CC : FF;
  F7CD : FF;
  F7CE : FF;
  F7CF : FF;
  F7D0 : FF;
  F7D1 : FF;
  F7D2 : FF;
  F7D3 : FF;
  F7D4 : FF;
  F7D5 : FF;
  F7D6 : FF;
  F7D7 : FF;
  F7D8 : FF;
  F7D9 : FF;
  F7DA : FF;
  F7DB : FF;
  F7DC : FF;
  F7DD : FF;
  F7DE : FF;
  F7DF : FF;
  F7E0 : FF;
  F7E1 : FF;
  F7E2 : FF;
  F7E3 : FF;
  F7E4 : FF;
  F7E5 : FF;
  F7E6 : FF;
  F7E7 : FF;
  F7E8 : FF;
  F7E9 : FF;
  F7EA : FF;
  F7EB : FF;
  F7EC : FF;
  F7ED : FF;
  F7EE : FF;
  F7EF : FF;
  F7F0 : FF;
  F7F1 : FF;
  F7F2 : FF;
  F7F3 : FF;
  F7F4 : FF;
  F7F5 : FF;
  F7F6 : FF;
  F7F7 : FF;
  F7F8 : FF;
  F7F9 : FF;
  F7FA : FF;
  F7FB : FF;
  F7FC : FF;
  F7FD : FF;
  F7FE : FF;
  F7FF : FF;
  F800 : FF;
  F801 : FF;
  F802 : FF;
  F803 : FF;
  F804 : FF;
  F805 : FF;
  F806 : FF;
  F807 : FF;
  F808 : FF;
  F809 : FF;
  F80A : FF;
  F80B : FF;
  F80C : FF;
  F80D : FF;
  F80E : FF;
  F80F : FF;
  F810 : FF;
  F811 : FF;
  F812 : FF;
  F813 : FF;
  F814 : FF;
  F815 : FF;
  F816 : FF;
  F817 : FF;
  F818 : FF;
  F819 : FF;
  F81A : FF;
  F81B : FF;
  F81C : FF;
  F81D : FF;
  F81E : FF;
  F81F : FF;
  F820 : FF;
  F821 : FF;
  F822 : FF;
  F823 : FF;
  F824 : FF;
  F825 : FF;
  F826 : FF;
  F827 : FF;
  F828 : FF;
  F829 : FF;
  F82A : FF;
  F82B : FF;
  F82C : FF;
  F82D : FF;
  F82E : FF;
  F82F : FF;
  F830 : FF;
  F831 : FF;
  F832 : FF;
  F833 : FF;
  F834 : FF;
  F835 : FF;
  F836 : FF;
  F837 : FF;
  F838 : FF;
  F839 : FF;
  F83A : FF;
  F83B : FF;
  F83C : FF;
  F83D : FF;
  F83E : FF;
  F83F : FF;
  F840 : FF;
  F841 : FF;
  F842 : FF;
  F843 : FF;
  F844 : FF;
  F845 : FF;
  F846 : FF;
  F847 : FF;
  F848 : FF;
  F849 : FF;
  F84A : FF;
  F84B : FF;
  F84C : FF;
  F84D : FF;
  F84E : FF;
  F84F : FF;
  F850 : FF;
  F851 : FF;
  F852 : FF;
  F853 : FF;
  F854 : FF;
  F855 : FF;
  F856 : FF;
  F857 : FF;
  F858 : FF;
  F859 : FF;
  F85A : FF;
  F85B : FF;
  F85C : FF;
  F85D : FF;
  F85E : FF;
  F85F : FF;
  F860 : FF;
  F861 : FF;
  F862 : FF;
  F863 : FF;
  F864 : FF;
  F865 : FF;
  F866 : FF;
  F867 : FF;
  F868 : FF;
  F869 : FF;
  F86A : FF;
  F86B : FF;
  F86C : FF;
  F86D : FF;
  F86E : FF;
  F86F : FF;
  F870 : FF;
  F871 : FF;
  F872 : FF;
  F873 : FF;
  F874 : FF;
  F875 : FF;
  F876 : FF;
  F877 : FF;
  F878 : FF;
  F879 : FF;
  F87A : FF;
  F87B : FF;
  F87C : FF;
  F87D : FF;
  F87E : FF;
  F87F : FF;
  F880 : FF;
  F881 : FF;
  F882 : FF;
  F883 : FF;
  F884 : FF;
  F885 : FF;
  F886 : FF;
  F887 : FF;
  F888 : FF;
  F889 : FF;
  F88A : FF;
  F88B : FF;
  F88C : FF;
  F88D : FF;
  F88E : FF;
  F88F : FF;
  F890 : FF;
  F891 : FF;
  F892 : FF;
  F893 : FF;
  F894 : FF;
  F895 : FF;
  F896 : FF;
  F897 : FF;
  F898 : FF;
  F899 : FF;
  F89A : FF;
  F89B : FF;
  F89C : FF;
  F89D : FF;
  F89E : FF;
  F89F : FF;
  F8A0 : FF;
  F8A1 : FF;
  F8A2 : FF;
  F8A3 : FF;
  F8A4 : FF;
  F8A5 : FF;
  F8A6 : FF;
  F8A7 : FF;
  F8A8 : FF;
  F8A9 : FF;
  F8AA : FF;
  F8AB : FF;
  F8AC : FF;
  F8AD : FF;
  F8AE : FF;
  F8AF : FF;
  F8B0 : FF;
  F8B1 : FF;
  F8B2 : FF;
  F8B3 : FF;
  F8B4 : FF;
  F8B5 : FF;
  F8B6 : FF;
  F8B7 : FF;
  F8B8 : FF;
  F8B9 : FF;
  F8BA : FF;
  F8BB : FF;
  F8BC : FF;
  F8BD : FF;
  F8BE : FF;
  F8BF : FF;
  F8C0 : FF;
  F8C1 : FF;
  F8C2 : FF;
  F8C3 : FF;
  F8C4 : FF;
  F8C5 : FF;
  F8C6 : FF;
  F8C7 : FF;
  F8C8 : FF;
  F8C9 : FF;
  F8CA : FF;
  F8CB : FF;
  F8CC : FF;
  F8CD : FF;
  F8CE : FF;
  F8CF : FF;
  F8D0 : FF;
  F8D1 : FF;
  F8D2 : FF;
  F8D3 : FF;
  F8D4 : FF;
  F8D5 : FF;
  F8D6 : FF;
  F8D7 : FF;
  F8D8 : FF;
  F8D9 : FF;
  F8DA : FF;
  F8DB : FF;
  F8DC : FF;
  F8DD : FF;
  F8DE : FF;
  F8DF : FF;
  F8E0 : FF;
  F8E1 : FF;
  F8E2 : FF;
  F8E3 : FF;
  F8E4 : FF;
  F8E5 : FF;
  F8E6 : FF;
  F8E7 : FF;
  F8E8 : FF;
  F8E9 : FF;
  F8EA : FF;
  F8EB : FF;
  F8EC : FF;
  F8ED : FF;
  F8EE : FF;
  F8EF : FF;
  F8F0 : FF;
  F8F1 : FF;
  F8F2 : FF;
  F8F3 : FF;
  F8F4 : FF;
  F8F5 : FF;
  F8F6 : FF;
  F8F7 : FF;
  F8F8 : FF;
  F8F9 : FF;
  F8FA : FF;
  F8FB : FF;
  F8FC : FF;
  F8FD : FF;
  F8FE : FF;
  F8FF : FF;
  F900 : FF;
  F901 : FF;
  F902 : FF;
  F903 : FF;
  F904 : FF;
  F905 : FF;
  F906 : FF;
  F907 : FF;
  F908 : FF;
  F909 : FF;
  F90A : FF;
  F90B : FF;
  F90C : FF;
  F90D : FF;
  F90E : FF;
  F90F : FF;
  F910 : FF;
  F911 : FF;
  F912 : FF;
  F913 : FF;
  F914 : FF;
  F915 : FF;
  F916 : FF;
  F917 : FF;
  F918 : FF;
  F919 : FF;
  F91A : FF;
  F91B : FF;
  F91C : FF;
  F91D : FF;
  F91E : FF;
  F91F : FF;
  F920 : FF;
  F921 : FF;
  F922 : FF;
  F923 : FF;
  F924 : FF;
  F925 : FF;
  F926 : FF;
  F927 : FF;
  F928 : FF;
  F929 : FF;
  F92A : FF;
  F92B : FF;
  F92C : FF;
  F92D : FF;
  F92E : FF;
  F92F : FF;
  F930 : FF;
  F931 : FF;
  F932 : FF;
  F933 : FF;
  F934 : FF;
  F935 : FF;
  F936 : FF;
  F937 : FF;
  F938 : FF;
  F939 : FF;
  F93A : FF;
  F93B : FF;
  F93C : FF;
  F93D : FF;
  F93E : FF;
  F93F : FF;
  F940 : FF;
  F941 : FF;
  F942 : FF;
  F943 : FF;
  F944 : FF;
  F945 : FF;
  F946 : FF;
  F947 : FF;
  F948 : FF;
  F949 : FF;
  F94A : FF;
  F94B : FF;
  F94C : FF;
  F94D : FF;
  F94E : FF;
  F94F : FF;
  F950 : FF;
  F951 : FF;
  F952 : FF;
  F953 : FF;
  F954 : FF;
  F955 : FF;
  F956 : FF;
  F957 : FF;
  F958 : FF;
  F959 : FF;
  F95A : FF;
  F95B : FF;
  F95C : FF;
  F95D : FF;
  F95E : FF;
  F95F : FF;
  F960 : FF;
  F961 : FF;
  F962 : FF;
  F963 : FF;
  F964 : FF;
  F965 : FF;
  F966 : FF;
  F967 : FF;
  F968 : FF;
  F969 : FF;
  F96A : FF;
  F96B : FF;
  F96C : FF;
  F96D : FF;
  F96E : FF;
  F96F : FF;
  F970 : FF;
  F971 : FF;
  F972 : FF;
  F973 : FF;
  F974 : FF;
  F975 : FF;
  F976 : FF;
  F977 : FF;
  F978 : FF;
  F979 : FF;
  F97A : FF;
  F97B : FF;
  F97C : FF;
  F97D : FF;
  F97E : FF;
  F97F : FF;
  F980 : FF;
  F981 : FF;
  F982 : FF;
  F983 : FF;
  F984 : FF;
  F985 : FF;
  F986 : FF;
  F987 : FF;
  F988 : FF;
  F989 : FF;
  F98A : FF;
  F98B : FF;
  F98C : FF;
  F98D : FF;
  F98E : FF;
  F98F : FF;
  F990 : FF;
  F991 : FF;
  F992 : FF;
  F993 : FF;
  F994 : FF;
  F995 : FF;
  F996 : FF;
  F997 : FF;
  F998 : FF;
  F999 : FF;
  F99A : FF;
  F99B : FF;
  F99C : FF;
  F99D : FF;
  F99E : FF;
  F99F : FF;
  F9A0 : FF;
  F9A1 : FF;
  F9A2 : FF;
  F9A3 : FF;
  F9A4 : FF;
  F9A5 : FF;
  F9A6 : FF;
  F9A7 : FF;
  F9A8 : FF;
  F9A9 : FF;
  F9AA : FF;
  F9AB : FF;
  F9AC : FF;
  F9AD : FF;
  F9AE : FF;
  F9AF : FF;
  F9B0 : FF;
  F9B1 : FF;
  F9B2 : FF;
  F9B3 : FF;
  F9B4 : FF;
  F9B5 : FF;
  F9B6 : FF;
  F9B7 : FF;
  F9B8 : FF;
  F9B9 : FF;
  F9BA : FF;
  F9BB : FF;
  F9BC : FF;
  F9BD : FF;
  F9BE : FF;
  F9BF : FF;
  F9C0 : FF;
  F9C1 : FF;
  F9C2 : FF;
  F9C3 : FF;
  F9C4 : FF;
  F9C5 : FF;
  F9C6 : FF;
  F9C7 : FF;
  F9C8 : FF;
  F9C9 : FF;
  F9CA : FF;
  F9CB : FF;
  F9CC : FF;
  F9CD : FF;
  F9CE : FF;
  F9CF : FF;
  F9D0 : FF;
  F9D1 : FF;
  F9D2 : FF;
  F9D3 : FF;
  F9D4 : FF;
  F9D5 : FF;
  F9D6 : FF;
  F9D7 : FF;
  F9D8 : FF;
  F9D9 : FF;
  F9DA : FF;
  F9DB : FF;
  F9DC : FF;
  F9DD : FF;
  F9DE : FF;
  F9DF : FF;
  F9E0 : FF;
  F9E1 : FF;
  F9E2 : FF;
  F9E3 : FF;
  F9E4 : FF;
  F9E5 : FF;
  F9E6 : FF;
  F9E7 : FF;
  F9E8 : FF;
  F9E9 : FF;
  F9EA : FF;
  F9EB : FF;
  F9EC : FF;
  F9ED : FF;
  F9EE : FF;
  F9EF : FF;
  F9F0 : FF;
  F9F1 : FF;
  F9F2 : FF;
  F9F3 : FF;
  F9F4 : FF;
  F9F5 : FF;
  F9F6 : FF;
  F9F7 : FF;
  F9F8 : FF;
  F9F9 : FF;
  F9FA : FF;
  F9FB : FF;
  F9FC : FF;
  F9FD : FF;
  F9FE : FF;
  F9FF : FF;
  FA00 : FF;
  FA01 : FF;
  FA02 : FF;
  FA03 : FF;
  FA04 : FF;
  FA05 : FF;
  FA06 : FF;
  FA07 : FF;
  FA08 : FF;
  FA09 : FF;
  FA0A : FF;
  FA0B : FF;
  FA0C : FF;
  FA0D : FF;
  FA0E : FF;
  FA0F : FF;
  FA10 : FF;
  FA11 : FF;
  FA12 : FF;
  FA13 : FF;
  FA14 : FF;
  FA15 : FF;
  FA16 : FF;
  FA17 : FF;
  FA18 : FF;
  FA19 : FF;
  FA1A : FF;
  FA1B : FF;
  FA1C : FF;
  FA1D : FF;
  FA1E : FF;
  FA1F : FF;
  FA20 : FF;
  FA21 : FF;
  FA22 : FF;
  FA23 : FF;
  FA24 : FF;
  FA25 : FF;
  FA26 : FF;
  FA27 : FF;
  FA28 : FF;
  FA29 : FF;
  FA2A : FF;
  FA2B : FF;
  FA2C : FF;
  FA2D : FF;
  FA2E : FF;
  FA2F : FF;
  FA30 : FF;
  FA31 : FF;
  FA32 : FF;
  FA33 : FF;
  FA34 : FF;
  FA35 : FF;
  FA36 : FF;
  FA37 : FF;
  FA38 : FF;
  FA39 : FF;
  FA3A : FF;
  FA3B : FF;
  FA3C : FF;
  FA3D : FF;
  FA3E : FF;
  FA3F : FF;
  FA40 : FF;
  FA41 : FF;
  FA42 : FF;
  FA43 : FF;
  FA44 : FF;
  FA45 : FF;
  FA46 : FF;
  FA47 : FF;
  FA48 : FF;
  FA49 : FF;
  FA4A : FF;
  FA4B : FF;
  FA4C : FF;
  FA4D : FF;
  FA4E : FF;
  FA4F : FF;
  FA50 : FF;
  FA51 : FF;
  FA52 : FF;
  FA53 : FF;
  FA54 : FF;
  FA55 : FF;
  FA56 : FF;
  FA57 : FF;
  FA58 : FF;
  FA59 : FF;
  FA5A : FF;
  FA5B : FF;
  FA5C : FF;
  FA5D : FF;
  FA5E : FF;
  FA5F : FF;
  FA60 : FF;
  FA61 : FF;
  FA62 : FF;
  FA63 : FF;
  FA64 : FF;
  FA65 : FF;
  FA66 : FF;
  FA67 : FF;
  FA68 : FF;
  FA69 : FF;
  FA6A : FF;
  FA6B : FF;
  FA6C : FF;
  FA6D : FF;
  FA6E : FF;
  FA6F : FF;
  FA70 : FF;
  FA71 : FF;
  FA72 : FF;
  FA73 : FF;
  FA74 : FF;
  FA75 : FF;
  FA76 : FF;
  FA77 : FF;
  FA78 : FF;
  FA79 : FF;
  FA7A : FF;
  FA7B : FF;
  FA7C : FF;
  FA7D : FF;
  FA7E : FF;
  FA7F : FF;
  FA80 : FF;
  FA81 : FF;
  FA82 : FF;
  FA83 : FF;
  FA84 : FF;
  FA85 : FF;
  FA86 : FF;
  FA87 : FF;
  FA88 : FF;
  FA89 : FF;
  FA8A : FF;
  FA8B : FF;
  FA8C : FF;
  FA8D : FF;
  FA8E : FF;
  FA8F : FF;
  FA90 : FF;
  FA91 : FF;
  FA92 : FF;
  FA93 : FF;
  FA94 : FF;
  FA95 : FF;
  FA96 : FF;
  FA97 : FF;
  FA98 : FF;
  FA99 : FF;
  FA9A : FF;
  FA9B : FF;
  FA9C : FF;
  FA9D : FF;
  FA9E : FF;
  FA9F : FF;
  FAA0 : FF;
  FAA1 : FF;
  FAA2 : FF;
  FAA3 : FF;
  FAA4 : FF;
  FAA5 : FF;
  FAA6 : FF;
  FAA7 : FF;
  FAA8 : FF;
  FAA9 : FF;
  FAAA : FF;
  FAAB : FF;
  FAAC : FF;
  FAAD : FF;
  FAAE : FF;
  FAAF : FF;
  FAB0 : FF;
  FAB1 : FF;
  FAB2 : FF;
  FAB3 : FF;
  FAB4 : FF;
  FAB5 : FF;
  FAB6 : FF;
  FAB7 : FF;
  FAB8 : FF;
  FAB9 : FF;
  FABA : FF;
  FABB : FF;
  FABC : FF;
  FABD : FF;
  FABE : FF;
  FABF : FF;
  FAC0 : FF;
  FAC1 : FF;
  FAC2 : FF;
  FAC3 : FF;
  FAC4 : FF;
  FAC5 : FF;
  FAC6 : FF;
  FAC7 : FF;
  FAC8 : FF;
  FAC9 : FF;
  FACA : FF;
  FACB : FF;
  FACC : FF;
  FACD : FF;
  FACE : FF;
  FACF : FF;
  FAD0 : FF;
  FAD1 : FF;
  FAD2 : FF;
  FAD3 : FF;
  FAD4 : FF;
  FAD5 : FF;
  FAD6 : FF;
  FAD7 : FF;
  FAD8 : FF;
  FAD9 : FF;
  FADA : FF;
  FADB : FF;
  FADC : FF;
  FADD : FF;
  FADE : FF;
  FADF : FF;
  FAE0 : FF;
  FAE1 : FF;
  FAE2 : FF;
  FAE3 : FF;
  FAE4 : FF;
  FAE5 : FF;
  FAE6 : FF;
  FAE7 : FF;
  FAE8 : FF;
  FAE9 : FF;
  FAEA : FF;
  FAEB : FF;
  FAEC : FF;
  FAED : FF;
  FAEE : FF;
  FAEF : FF;
  FAF0 : FF;
  FAF1 : FF;
  FAF2 : FF;
  FAF3 : FF;
  FAF4 : FF;
  FAF5 : FF;
  FAF6 : FF;
  FAF7 : FF;
  FAF8 : FF;
  FAF9 : FF;
  FAFA : FF;
  FAFB : FF;
  FAFC : FF;
  FAFD : FF;
  FAFE : FF;
  FAFF : FF;
  FB00 : FF;
  FB01 : FF;
  FB02 : FF;
  FB03 : FF;
  FB04 : FF;
  FB05 : FF;
  FB06 : FF;
  FB07 : FF;
  FB08 : FF;
  FB09 : FF;
  FB0A : FF;
  FB0B : FF;
  FB0C : FF;
  FB0D : FF;
  FB0E : FF;
  FB0F : FF;
  FB10 : FF;
  FB11 : FF;
  FB12 : FF;
  FB13 : FF;
  FB14 : FF;
  FB15 : FF;
  FB16 : FF;
  FB17 : FF;
  FB18 : FF;
  FB19 : FF;
  FB1A : FF;
  FB1B : FF;
  FB1C : FF;
  FB1D : FF;
  FB1E : FF;
  FB1F : FF;
  FB20 : FF;
  FB21 : FF;
  FB22 : FF;
  FB23 : FF;
  FB24 : FF;
  FB25 : FF;
  FB26 : FF;
  FB27 : FF;
  FB28 : FF;
  FB29 : FF;
  FB2A : FF;
  FB2B : FF;
  FB2C : FF;
  FB2D : FF;
  FB2E : FF;
  FB2F : FF;
  FB30 : FF;
  FB31 : FF;
  FB32 : FF;
  FB33 : FF;
  FB34 : FF;
  FB35 : FF;
  FB36 : FF;
  FB37 : FF;
  FB38 : FF;
  FB39 : FF;
  FB3A : FF;
  FB3B : FF;
  FB3C : FF;
  FB3D : FF;
  FB3E : FF;
  FB3F : FF;
  FB40 : FF;
  FB41 : FF;
  FB42 : FF;
  FB43 : FF;
  FB44 : FF;
  FB45 : FF;
  FB46 : FF;
  FB47 : FF;
  FB48 : FF;
  FB49 : FF;
  FB4A : FF;
  FB4B : FF;
  FB4C : FF;
  FB4D : FF;
  FB4E : FF;
  FB4F : FF;
  FB50 : FF;
  FB51 : FF;
  FB52 : FF;
  FB53 : FF;
  FB54 : FF;
  FB55 : FF;
  FB56 : FF;
  FB57 : FF;
  FB58 : FF;
  FB59 : FF;
  FB5A : FF;
  FB5B : FF;
  FB5C : FF;
  FB5D : FF;
  FB5E : FF;
  FB5F : FF;
  FB60 : FF;
  FB61 : FF;
  FB62 : FF;
  FB63 : FF;
  FB64 : FF;
  FB65 : FF;
  FB66 : FF;
  FB67 : FF;
  FB68 : FF;
  FB69 : FF;
  FB6A : FF;
  FB6B : FF;
  FB6C : FF;
  FB6D : FF;
  FB6E : FF;
  FB6F : FF;
  FB70 : FF;
  FB71 : FF;
  FB72 : FF;
  FB73 : FF;
  FB74 : FF;
  FB75 : FF;
  FB76 : FF;
  FB77 : FF;
  FB78 : FF;
  FB79 : FF;
  FB7A : FF;
  FB7B : FF;
  FB7C : FF;
  FB7D : FF;
  FB7E : FF;
  FB7F : FF;
  FB80 : FF;
  FB81 : FF;
  FB82 : FF;
  FB83 : FF;
  FB84 : FF;
  FB85 : FF;
  FB86 : FF;
  FB87 : FF;
  FB88 : FF;
  FB89 : FF;
  FB8A : FF;
  FB8B : FF;
  FB8C : FF;
  FB8D : FF;
  FB8E : FF;
  FB8F : FF;
  FB90 : FF;
  FB91 : FF;
  FB92 : FF;
  FB93 : FF;
  FB94 : FF;
  FB95 : FF;
  FB96 : FF;
  FB97 : FF;
  FB98 : FF;
  FB99 : FF;
  FB9A : FF;
  FB9B : FF;
  FB9C : FF;
  FB9D : FF;
  FB9E : FF;
  FB9F : FF;
  FBA0 : FF;
  FBA1 : FF;
  FBA2 : FF;
  FBA3 : FF;
  FBA4 : FF;
  FBA5 : FF;
  FBA6 : FF;
  FBA7 : FF;
  FBA8 : FF;
  FBA9 : FF;
  FBAA : FF;
  FBAB : FF;
  FBAC : FF;
  FBAD : FF;
  FBAE : FF;
  FBAF : FF;
  FBB0 : FF;
  FBB1 : FF;
  FBB2 : FF;
  FBB3 : FF;
  FBB4 : FF;
  FBB5 : FF;
  FBB6 : FF;
  FBB7 : FF;
  FBB8 : FF;
  FBB9 : FF;
  FBBA : FF;
  FBBB : FF;
  FBBC : FF;
  FBBD : FF;
  FBBE : FF;
  FBBF : FF;
  FBC0 : FF;
  FBC1 : FF;
  FBC2 : FF;
  FBC3 : FF;
  FBC4 : FF;
  FBC5 : FF;
  FBC6 : FF;
  FBC7 : FF;
  FBC8 : FF;
  FBC9 : FF;
  FBCA : FF;
  FBCB : FF;
  FBCC : FF;
  FBCD : FF;
  FBCE : FF;
  FBCF : FF;
  FBD0 : FF;
  FBD1 : FF;
  FBD2 : FF;
  FBD3 : FF;
  FBD4 : FF;
  FBD5 : FF;
  FBD6 : FF;
  FBD7 : FF;
  FBD8 : FF;
  FBD9 : FF;
  FBDA : FF;
  FBDB : FF;
  FBDC : FF;
  FBDD : FF;
  FBDE : FF;
  FBDF : FF;
  FBE0 : FF;
  FBE1 : FF;
  FBE2 : FF;
  FBE3 : FF;
  FBE4 : FF;
  FBE5 : FF;
  FBE6 : FF;
  FBE7 : FF;
  FBE8 : FF;
  FBE9 : FF;
  FBEA : FF;
  FBEB : FF;
  FBEC : FF;
  FBED : FF;
  FBEE : FF;
  FBEF : FF;
  FBF0 : FF;
  FBF1 : FF;
  FBF2 : FF;
  FBF3 : FF;
  FBF4 : FF;
  FBF5 : FF;
  FBF6 : FF;
  FBF7 : FF;
  FBF8 : FF;
  FBF9 : FF;
  FBFA : FF;
  FBFB : FF;
  FBFC : FF;
  FBFD : FF;
  FBFE : FF;
  FBFF : FF;
  FC00 : FF;
  FC01 : FF;
  FC02 : FF;
  FC03 : FF;
  FC04 : FF;
  FC05 : FF;
  FC06 : FF;
  FC07 : FF;
  FC08 : FF;
  FC09 : FF;
  FC0A : FF;
  FC0B : FF;
  FC0C : FF;
  FC0D : FF;
  FC0E : FF;
  FC0F : FF;
  FC10 : FF;
  FC11 : FF;
  FC12 : FF;
  FC13 : FF;
  FC14 : FF;
  FC15 : FF;
  FC16 : FF;
  FC17 : FF;
  FC18 : FF;
  FC19 : FF;
  FC1A : FF;
  FC1B : FF;
  FC1C : FF;
  FC1D : FF;
  FC1E : FF;
  FC1F : FF;
  FC20 : FF;
  FC21 : FF;
  FC22 : FF;
  FC23 : FF;
  FC24 : FF;
  FC25 : FF;
  FC26 : FF;
  FC27 : FF;
  FC28 : FF;
  FC29 : FF;
  FC2A : FF;
  FC2B : FF;
  FC2C : FF;
  FC2D : FF;
  FC2E : FF;
  FC2F : FF;
  FC30 : FF;
  FC31 : FF;
  FC32 : FF;
  FC33 : FF;
  FC34 : FF;
  FC35 : FF;
  FC36 : FF;
  FC37 : FF;
  FC38 : FF;
  FC39 : FF;
  FC3A : FF;
  FC3B : FF;
  FC3C : FF;
  FC3D : FF;
  FC3E : FF;
  FC3F : FF;
  FC40 : FF;
  FC41 : FF;
  FC42 : FF;
  FC43 : FF;
  FC44 : FF;
  FC45 : FF;
  FC46 : FF;
  FC47 : FF;
  FC48 : FF;
  FC49 : FF;
  FC4A : FF;
  FC4B : FF;
  FC4C : FF;
  FC4D : FF;
  FC4E : FF;
  FC4F : FF;
  FC50 : FF;
  FC51 : FF;
  FC52 : FF;
  FC53 : FF;
  FC54 : FF;
  FC55 : FF;
  FC56 : FF;
  FC57 : FF;
  FC58 : FF;
  FC59 : FF;
  FC5A : FF;
  FC5B : FF;
  FC5C : FF;
  FC5D : FF;
  FC5E : FF;
  FC5F : FF;
  FC60 : FF;
  FC61 : FF;
  FC62 : FF;
  FC63 : FF;
  FC64 : FF;
  FC65 : FF;
  FC66 : FF;
  FC67 : FF;
  FC68 : FF;
  FC69 : FF;
  FC6A : FF;
  FC6B : FF;
  FC6C : FF;
  FC6D : FF;
  FC6E : FF;
  FC6F : FF;
  FC70 : FF;
  FC71 : FF;
  FC72 : FF;
  FC73 : FF;
  FC74 : FF;
  FC75 : FF;
  FC76 : FF;
  FC77 : FF;
  FC78 : FF;
  FC79 : FF;
  FC7A : FF;
  FC7B : FF;
  FC7C : FF;
  FC7D : FF;
  FC7E : FF;
  FC7F : FF;
  FC80 : 5C;
  FC81 : 54;
  FC82 : 80;
  FC83 : 00;
  FC84 : 5C;
  FC85 : 54;
  FC86 : 80;
  FC87 : 00;
  FC88 : 5C;
  FC89 : C0;
  FC8A : 80;
  FC8B : 00;
  FC8C : 5C;
  FC8D : 52;
  FC8E : 80;
  FC8F : 00;
  FC90 : 5C;
  FC91 : FC;
  FC92 : 00;
  FC93 : F8;
  FC94 : 5C;
  FC95 : 54;
  FC96 : 80;
  FC97 : 00;
  FC98 : 5C;
  FC99 : 1A;
  FC9A : 80;
  FC9B : 00;
  FC9C : 5C;
  FC9D : 1A;
  FC9E : 80;
  FC9F : 00;
  FCA0 : 5C;
  FCA1 : 51;
  FCA2 : 80;
  FCA3 : 00;
  FCA4 : 5C;
  FCA5 : 23;
  FCA6 : 80;
  FCA7 : 00;
  FCA8 : 5C;
  FCA9 : FC;
  FCAA : 00;
  FCAB : F8;
  FCAC : 5C;
  FCAD : 25;
  FCAE : 80;
  FCAF : 00;
  FCB0 : FF;
  FCB1 : FF;
  FCB2 : FF;
  FCB3 : FF;
  FCB4 : FF;
  FCB5 : FF;
  FCB6 : FF;
  FCB7 : FF;
  FCB8 : FF;
  FCB9 : FF;
  FCBA : FF;
  FCBB : FF;
  FCBC : FF;
  FCBD : FF;
  FCBE : FF;
  FCBF : FF;
  FCC0 : FF;
  FCC1 : FF;
  FCC2 : FF;
  FCC3 : FF;
  FCC4 : FF;
  FCC5 : FF;
  FCC6 : FF;
  FCC7 : FF;
  FCC8 : FF;
  FCC9 : FF;
  FCCA : FF;
  FCCB : FF;
  FCCC : FF;
  FCCD : FF;
  FCCE : FF;
  FCCF : FF;
  FCD0 : FF;
  FCD1 : FF;
  FCD2 : FF;
  FCD3 : FF;
  FCD4 : FF;
  FCD5 : FF;
  FCD6 : FF;
  FCD7 : FF;
  FCD8 : FF;
  FCD9 : FF;
  FCDA : FF;
  FCDB : FF;
  FCDC : FF;
  FCDD : FF;
  FCDE : FF;
  FCDF : FF;
  FCE0 : FF;
  FCE1 : FF;
  FCE2 : FF;
  FCE3 : FF;
  FCE4 : FF;
  FCE5 : FF;
  FCE6 : FF;
  FCE7 : FF;
  FCE8 : FF;
  FCE9 : FF;
  FCEA : FF;
  FCEB : FF;
  FCEC : FF;
  FCED : FF;
  FCEE : FF;
  FCEF : FF;
  FCF0 : FF;
  FCF1 : FF;
  FCF2 : FF;
  FCF3 : FF;
  FCF4 : FF;
  FCF5 : FF;
  FCF6 : FF;
  FCF7 : FF;
  FCF8 : FF;
  FCF9 : FF;
  FCFA : FF;
  FCFB : FF;
  FCFC : FF;
  FCFD : FF;
  FCFE : FF;
  FCFF : FF;
  FD00 : FF;
  FD01 : FF;
  FD02 : FF;
  FD03 : FF;
  FD04 : FF;
  FD05 : FF;
  FD06 : FF;
  FD07 : FF;
  FD08 : FF;
  FD09 : FF;
  FD0A : FF;
  FD0B : FF;
  FD0C : FF;
  FD0D : FF;
  FD0E : FF;
  FD0F : FF;
  FD10 : FF;
  FD11 : FF;
  FD12 : FF;
  FD13 : FF;
  FD14 : FF;
  FD15 : FF;
  FD16 : FF;
  FD17 : FF;
  FD18 : FF;
  FD19 : FF;
  FD1A : FF;
  FD1B : FF;
  FD1C : FF;
  FD1D : FF;
  FD1E : FF;
  FD1F : FF;
  FD20 : FF;
  FD21 : FF;
  FD22 : FF;
  FD23 : FF;
  FD24 : FF;
  FD25 : FF;
  FD26 : FF;
  FD27 : FF;
  FD28 : FF;
  FD29 : FF;
  FD2A : FF;
  FD2B : FF;
  FD2C : FF;
  FD2D : FF;
  FD2E : FF;
  FD2F : FF;
  FD30 : FF;
  FD31 : FF;
  FD32 : FF;
  FD33 : FF;
  FD34 : FF;
  FD35 : FF;
  FD36 : FF;
  FD37 : FF;
  FD38 : FF;
  FD39 : FF;
  FD3A : FF;
  FD3B : FF;
  FD3C : FF;
  FD3D : FF;
  FD3E : FF;
  FD3F : FF;
  FD40 : FF;
  FD41 : FF;
  FD42 : FF;
  FD43 : FF;
  FD44 : FF;
  FD45 : FF;
  FD46 : FF;
  FD47 : FF;
  FD48 : FF;
  FD49 : FF;
  FD4A : FF;
  FD4B : FF;
  FD4C : FF;
  FD4D : FF;
  FD4E : FF;
  FD4F : FF;
  FD50 : FF;
  FD51 : FF;
  FD52 : FF;
  FD53 : FF;
  FD54 : FF;
  FD55 : FF;
  FD56 : FF;
  FD57 : FF;
  FD58 : FF;
  FD59 : FF;
  FD5A : FF;
  FD5B : FF;
  FD5C : FF;
  FD5D : FF;
  FD5E : FF;
  FD5F : FF;
  FD60 : FF;
  FD61 : FF;
  FD62 : FF;
  FD63 : FF;
  FD64 : FF;
  FD65 : FF;
  FD66 : FF;
  FD67 : FF;
  FD68 : FF;
  FD69 : FF;
  FD6A : FF;
  FD6B : FF;
  FD6C : FF;
  FD6D : FF;
  FD6E : FF;
  FD6F : FF;
  FD70 : FF;
  FD71 : FF;
  FD72 : FF;
  FD73 : FF;
  FD74 : FF;
  FD75 : FF;
  FD76 : FF;
  FD77 : FF;
  FD78 : FF;
  FD79 : FF;
  FD7A : FF;
  FD7B : FF;
  FD7C : FF;
  FD7D : FF;
  FD7E : FF;
  FD7F : FF;
  FD80 : FF;
  FD81 : FF;
  FD82 : FF;
  FD83 : FF;
  FD84 : FF;
  FD85 : FF;
  FD86 : FF;
  FD87 : FF;
  FD88 : FF;
  FD89 : FF;
  FD8A : FF;
  FD8B : FF;
  FD8C : FF;
  FD8D : FF;
  FD8E : FF;
  FD8F : FF;
  FD90 : FF;
  FD91 : FF;
  FD92 : FF;
  FD93 : FF;
  FD94 : FF;
  FD95 : FF;
  FD96 : FF;
  FD97 : FF;
  FD98 : FF;
  FD99 : FF;
  FD9A : FF;
  FD9B : FF;
  FD9C : FF;
  FD9D : FF;
  FD9E : FF;
  FD9F : FF;
  FDA0 : FF;
  FDA1 : FF;
  FDA2 : FF;
  FDA3 : FF;
  FDA4 : FF;
  FDA5 : FF;
  FDA6 : FF;
  FDA7 : FF;
  FDA8 : FF;
  FDA9 : FF;
  FDAA : FF;
  FDAB : FF;
  FDAC : FF;
  FDAD : FF;
  FDAE : FF;
  FDAF : FF;
  FDB0 : FF;
  FDB1 : FF;
  FDB2 : FF;
  FDB3 : FF;
  FDB4 : FF;
  FDB5 : FF;
  FDB6 : FF;
  FDB7 : FF;
  FDB8 : FF;
  FDB9 : FF;
  FDBA : FF;
  FDBB : FF;
  FDBC : FF;
  FDBD : FF;
  FDBE : FF;
  FDBF : FF;
  FDC0 : FF;
  FDC1 : FF;
  FDC2 : FF;
  FDC3 : FF;
  FDC4 : FF;
  FDC5 : FF;
  FDC6 : FF;
  FDC7 : FF;
  FDC8 : FF;
  FDC9 : FF;
  FDCA : FF;
  FDCB : FF;
  FDCC : FF;
  FDCD : FF;
  FDCE : FF;
  FDCF : FF;
  FDD0 : FF;
  FDD1 : FF;
  FDD2 : FF;
  FDD3 : FF;
  FDD4 : FF;
  FDD5 : FF;
  FDD6 : FF;
  FDD7 : FF;
  FDD8 : FF;
  FDD9 : FF;
  FDDA : FF;
  FDDB : FF;
  FDDC : FF;
  FDDD : FF;
  FDDE : FF;
  FDDF : FF;
  FDE0 : FF;
  FDE1 : FF;
  FDE2 : FF;
  FDE3 : FF;
  FDE4 : FF;
  FDE5 : FF;
  FDE6 : FF;
  FDE7 : FF;
  FDE8 : FF;
  FDE9 : FF;
  FDEA : FF;
  FDEB : FF;
  FDEC : FF;
  FDED : FF;
  FDEE : FF;
  FDEF : FF;
  FDF0 : FF;
  FDF1 : FF;
  FDF2 : FF;
  FDF3 : FF;
  FDF4 : FF;
  FDF5 : FF;
  FDF6 : FF;
  FDF7 : FF;
  FDF8 : FF;
  FDF9 : FF;
  FDFA : FF;
  FDFB : FF;
  FDFC : FF;
  FDFD : FF;
  FDFE : FF;
  FDFF : FF;
  FE00 : FF;
  FE01 : FF;
  FE02 : FF;
  FE03 : FF;
  FE04 : FF;
  FE05 : FF;
  FE06 : FF;
  FE07 : FF;
  FE08 : FF;
  FE09 : FF;
  FE0A : FF;
  FE0B : FF;
  FE0C : FF;
  FE0D : FF;
  FE0E : FF;
  FE0F : FF;
  FE10 : FF;
  FE11 : FF;
  FE12 : FF;
  FE13 : FF;
  FE14 : FF;
  FE15 : FF;
  FE16 : FF;
  FE17 : FF;
  FE18 : FF;
  FE19 : FF;
  FE1A : FF;
  FE1B : FF;
  FE1C : FF;
  FE1D : FF;
  FE1E : FF;
  FE1F : FF;
  FE20 : FF;
  FE21 : FF;
  FE22 : FF;
  FE23 : FF;
  FE24 : FF;
  FE25 : FF;
  FE26 : FF;
  FE27 : FF;
  FE28 : FF;
  FE29 : FF;
  FE2A : FF;
  FE2B : FF;
  FE2C : FF;
  FE2D : FF;
  FE2E : FF;
  FE2F : FF;
  FE30 : FF;
  FE31 : FF;
  FE32 : FF;
  FE33 : FF;
  FE34 : FF;
  FE35 : FF;
  FE36 : FF;
  FE37 : FF;
  FE38 : FF;
  FE39 : FF;
  FE3A : FF;
  FE3B : FF;
  FE3C : FF;
  FE3D : FF;
  FE3E : FF;
  FE3F : FF;
  FE40 : FF;
  FE41 : FF;
  FE42 : FF;
  FE43 : FF;
  FE44 : FF;
  FE45 : FF;
  FE46 : FF;
  FE47 : FF;
  FE48 : FF;
  FE49 : FF;
  FE4A : FF;
  FE4B : FF;
  FE4C : FF;
  FE4D : FF;
  FE4E : FF;
  FE4F : FF;
  FE50 : FF;
  FE51 : FF;
  FE52 : FF;
  FE53 : FF;
  FE54 : FF;
  FE55 : FF;
  FE56 : FF;
  FE57 : FF;
  FE58 : FF;
  FE59 : FF;
  FE5A : FF;
  FE5B : FF;
  FE5C : FF;
  FE5D : FF;
  FE5E : FF;
  FE5F : FF;
  FE60 : FF;
  FE61 : FF;
  FE62 : FF;
  FE63 : FF;
  FE64 : FF;
  FE65 : FF;
  FE66 : FF;
  FE67 : FF;
  FE68 : FF;
  FE69 : FF;
  FE6A : FF;
  FE6B : FF;
  FE6C : FF;
  FE6D : FF;
  FE6E : FF;
  FE6F : FF;
  FE70 : FF;
  FE71 : FF;
  FE72 : FF;
  FE73 : FF;
  FE74 : FF;
  FE75 : FF;
  FE76 : FF;
  FE77 : FF;
  FE78 : FF;
  FE79 : FF;
  FE7A : FF;
  FE7B : FF;
  FE7C : FF;
  FE7D : FF;
  FE7E : FF;
  FE7F : FF;
  FE80 : FF;
  FE81 : FF;
  FE82 : FF;
  FE83 : FF;
  FE84 : FF;
  FE85 : FF;
  FE86 : FF;
  FE87 : FF;
  FE88 : FF;
  FE89 : FF;
  FE8A : FF;
  FE8B : FF;
  FE8C : FF;
  FE8D : FF;
  FE8E : FF;
  FE8F : FF;
  FE90 : FF;
  FE91 : FF;
  FE92 : FF;
  FE93 : FF;
  FE94 : FF;
  FE95 : FF;
  FE96 : FF;
  FE97 : FF;
  FE98 : FF;
  FE99 : FF;
  FE9A : FF;
  FE9B : FF;
  FE9C : FF;
  FE9D : FF;
  FE9E : FF;
  FE9F : FF;
  FEA0 : FF;
  FEA1 : FF;
  FEA2 : FF;
  FEA3 : FF;
  FEA4 : FF;
  FEA5 : FF;
  FEA6 : FF;
  FEA7 : FF;
  FEA8 : FF;
  FEA9 : FF;
  FEAA : FF;
  FEAB : FF;
  FEAC : FF;
  FEAD : FF;
  FEAE : FF;
  FEAF : FF;
  FEB0 : FF;
  FEB1 : FF;
  FEB2 : FF;
  FEB3 : FF;
  FEB4 : FF;
  FEB5 : FF;
  FEB6 : FF;
  FEB7 : FF;
  FEB8 : FF;
  FEB9 : FF;
  FEBA : FF;
  FEBB : FF;
  FEBC : FF;
  FEBD : FF;
  FEBE : FF;
  FEBF : FF;
  FEC0 : FF;
  FEC1 : FF;
  FEC2 : FF;
  FEC3 : FF;
  FEC4 : FF;
  FEC5 : FF;
  FEC6 : FF;
  FEC7 : FF;
  FEC8 : FF;
  FEC9 : FF;
  FECA : FF;
  FECB : FF;
  FECC : FF;
  FECD : FF;
  FECE : FF;
  FECF : FF;
  FED0 : FF;
  FED1 : FF;
  FED2 : FF;
  FED3 : FF;
  FED4 : FF;
  FED5 : FF;
  FED6 : FF;
  FED7 : FF;
  FED8 : FF;
  FED9 : FF;
  FEDA : FF;
  FEDB : FF;
  FEDC : FF;
  FEDD : FF;
  FEDE : FF;
  FEDF : FF;
  FEE0 : FF;
  FEE1 : FF;
  FEE2 : FF;
  FEE3 : FF;
  FEE4 : FF;
  FEE5 : FF;
  FEE6 : FF;
  FEE7 : FF;
  FEE8 : FF;
  FEE9 : FF;
  FEEA : FF;
  FEEB : FF;
  FEEC : FF;
  FEED : FF;
  FEEE : FF;
  FEEF : FF;
  FEF0 : FF;
  FEF1 : FF;
  FEF2 : FF;
  FEF3 : FF;
  FEF4 : FF;
  FEF5 : FF;
  FEF6 : FF;
  FEF7 : FF;
  FEF8 : FF;
  FEF9 : FF;
  FEFA : FF;
  FEFB : FF;
  FEFC : FF;
  FEFD : FF;
  FEFE : FF;
  FEFF : FF;
  FF00 : FF;
  FF01 : FF;
  FF02 : FF;
  FF03 : FF;
  FF04 : FF;
  FF05 : FF;
  FF06 : FF;
  FF07 : FF;
  FF08 : FF;
  FF09 : FF;
  FF0A : FF;
  FF0B : FF;
  FF0C : FF;
  FF0D : FF;
  FF0E : FF;
  FF0F : FF;
  FF10 : FF;
  FF11 : FF;
  FF12 : FF;
  FF13 : FF;
  FF14 : FF;
  FF15 : FF;
  FF16 : FF;
  FF17 : FF;
  FF18 : FF;
  FF19 : FF;
  FF1A : FF;
  FF1B : FF;
  FF1C : FF;
  FF1D : FF;
  FF1E : FF;
  FF1F : FF;
  FF20 : FF;
  FF21 : FF;
  FF22 : FF;
  FF23 : FF;
  FF24 : FF;
  FF25 : FF;
  FF26 : FF;
  FF27 : FF;
  FF28 : FF;
  FF29 : FF;
  FF2A : FF;
  FF2B : FF;
  FF2C : FF;
  FF2D : FF;
  FF2E : FF;
  FF2F : FF;
  FF30 : FF;
  FF31 : FF;
  FF32 : FF;
  FF33 : FF;
  FF34 : FF;
  FF35 : FF;
  FF36 : FF;
  FF37 : FF;
  FF38 : FF;
  FF39 : FF;
  FF3A : FF;
  FF3B : FF;
  FF3C : FF;
  FF3D : FF;
  FF3E : FF;
  FF3F : FF;
  FF40 : FF;
  FF41 : FF;
  FF42 : FF;
  FF43 : FF;
  FF44 : FF;
  FF45 : FF;
  FF46 : FF;
  FF47 : FF;
  FF48 : FF;
  FF49 : FF;
  FF4A : FF;
  FF4B : FF;
  FF4C : FF;
  FF4D : FF;
  FF4E : FF;
  FF4F : FF;
  FF50 : FF;
  FF51 : FF;
  FF52 : FF;
  FF53 : FF;
  FF54 : FF;
  FF55 : FF;
  FF56 : FF;
  FF57 : FF;
  FF58 : FF;
  FF59 : FF;
  FF5A : FF;
  FF5B : FF;
  FF5C : FF;
  FF5D : FF;
  FF5E : FF;
  FF5F : FF;
  FF60 : FF;
  FF61 : FF;
  FF62 : FF;
  FF63 : FF;
  FF64 : FF;
  FF65 : FF;
  FF66 : FF;
  FF67 : FF;
  FF68 : FF;
  FF69 : FF;
  FF6A : FF;
  FF6B : FF;
  FF6C : FF;
  FF6D : FF;
  FF6E : FF;
  FF6F : FF;
  FF70 : FF;
  FF71 : FF;
  FF72 : FF;
  FF73 : FF;
  FF74 : FF;
  FF75 : FF;
  FF76 : FF;
  FF77 : FF;
  FF78 : FF;
  FF79 : FF;
  FF7A : FF;
  FF7B : FF;
  FF7C : FF;
  FF7D : FF;
  FF7E : FF;
  FF7F : FF;
  FF80 : FF;
  FF81 : FF;
  FF82 : FF;
  FF83 : FF;
  FF84 : FF;
  FF85 : FF;
  FF86 : FF;
  FF87 : FF;
  FF88 : FF;
  FF89 : FF;
  FF8A : FF;
  FF8B : FF;
  FF8C : FF;
  FF8D : FF;
  FF8E : FF;
  FF8F : FF;
  FF90 : FF;
  FF91 : FF;
  FF92 : FF;
  FF93 : FF;
  FF94 : FF;
  FF95 : FF;
  FF96 : FF;
  FF97 : FF;
  FF98 : FF;
  FF99 : FF;
  FF9A : FF;
  FF9B : FF;
  FF9C : FF;
  FF9D : FF;
  FF9E : FF;
  FF9F : FF;
  FFA0 : FF;
  FFA1 : FF;
  FFA2 : FF;
  FFA3 : FF;
  FFA4 : FF;
  FFA5 : FF;
  FFA6 : FF;
  FFA7 : FF;
  FFA8 : FF;
  FFA9 : FF;
  FFAA : FF;
  FFAB : FF;
  FFAC : FF;
  FFAD : FF;
  FFAE : FF;
  FFAF : FF;
  FFB0 : FF;
  FFB1 : FF;
  FFB2 : FF;
  FFB3 : FF;
  FFB4 : FF;
  FFB5 : FF;
  FFB6 : FF;
  FFB7 : FF;
  FFB8 : FF;
  FFB9 : FF;
  FFBA : FF;
  FFBB : FF;
  FFBC : FF;
  FFBD : FF;
  FFBE : FF;
  FFBF : FF;
  FFC0 : FF;
  FFC1 : FF;
  FFC2 : FF;
  FFC3 : FF;
  FFC4 : FF;
  FFC5 : FF;
  FFC6 : FF;
  FFC7 : FF;
  FFC8 : FF;
  FFC9 : FF;
  FFCA : FF;
  FFCB : FF;
  FFCC : FF;
  FFCD : FF;
  FFCE : FF;
  FFCF : FF;
  FFD0 : FF;
  FFD1 : FF;
  FFD2 : FF;
  FFD3 : FF;
  FFD4 : FF;
  FFD5 : FF;
  FFD6 : FF;
  FFD7 : FF;
  FFD8 : FF;
  FFD9 : FF;
  FFDA : FF;
  FFDB : FF;
  FFDC : FF;
  FFDD : FF;
  FFDE : FF;
  FFDF : FF;
  FFE0 : FF;
  FFE1 : FF;
  FFE2 : FF;
  FFE3 : FF;
  FFE4 : 98;
  FFE5 : FC;
  FFE6 : 9C;
  FFE7 : FC;
  FFE8 : A0;
  FFE9 : FC;
  FFEA : A4;
  FFEB : FC;
  FFEC : A8;
  FFED : FC;
  FFEE : AC;
  FFEF : FC;
  FFF0 : FF;
  FFF1 : FF;
  FFF2 : FF;
  FFF3 : FF;
  FFF4 : 80;
  FFF5 : FC;
  FFF6 : 84;
  FFF7 : FC;
  FFF8 : 88;
  FFF9 : FC;
  FFFA : 8C;
  FFFB : FC;
  FFFC : 90;
  FFFD : FC;
  FFFE : 94;
  FFFF : FC;
END;
