A:FC97 K:00 B:00 S:01B7 P:36 I:5C E:1 F:0445 T:FF C:0000 N:12E2 W:FC97 L:16!
A:0143 K:00 B:00 S:0143 P:B4 I:F4 E:1 F:0446 T:FF C:0000 N:12E2 W:8088 L:16!
A:809F K:00 B:00 S:01CF P:34 I:EB E:1 F:0447 T:FF C:0000 N:12E2 W:809F L:16!
A:805D K:00 B:00 S:015F P:36 I:A9 E:1 F:0448 T:FF C:0000 N:12E2 W:805D L:16!
A:01E8 K:00 B:00 S:01E8 P:B4 I:F4 E:1 F:0449 T:FF C:0000 N:12E2 W:8091 L:16!
A:80A7 K:00 B:00 S:0178 P:74 I:48 E:1 F:044A T:FF C:0000 N:12E2 W:80A7 L:16!
A:8064 K:00 B:00 S:010A P:B4 I:AD E:1 F:044B T:FF C:0000 N:12E2 W:8064 L:16!
A:8098 K:00 B:00 S:0191 P:B4 I:A3 E:1 F:044C T:FF C:0000 N:12E2 W:8098 L:16!
A:0126 K:00 B:00 S:0126 P:36 I:60 E:1 F:044D T:FF C:0000 N:12E2 W:80AE L:16!
A:8070 K:00 B:00 S:01B1 P:B4 I:90 E:1 F:044E T:FF C:0000 N:12E2 W:8070 L:16!
A:80A1 K:00 B:00 S:013B P:34 I:EB E:1 F:044F T:FF C:0000 N:12E1 W:80A1 L:16!
A:01E0 K:00 B:00 S:01D0 P:36 I:8D E:1 F:0450 T:FF C:0000 N:12E2 W:01E0 L:16!
A:807E K:00 B:00 S:0159 P:B4 I:F4 E:1 F:0451 T:FF C:0000 N:12E2 W:807E L:16!
A:80A9 K:00 B:00 S:01E5 P:34 I:A3 E:1 F:0452 T:FF C:0000 N:12E2 W:80A9 L:16!
A:017C K:00 B:00 S:017C P:36 I:48 E:1 F:0453 T:FF C:0000 N:12E2 W:8056 L:16!
A:01FF K:00 B:00 S:01FF P:B4 I:F4 E:1 F:0454 T:FF C:0000 N:12E2 W:8088 L:16!
A:01A2 K:00 B:00 S:0194 P:36 I:8D E:1 F:0455 T:FF C:0000 N:12E2 W:01A2 L:16!
A:0124 K:00 B:00 S:0124 P:36 I:8B E:1 F:0456 T:FF C:0000 N:12E1 W:805F L:16!
A:01A4 K:00 B:00 S:01A4 P:B4 I:F4 E:1 F:0457 T:FF C:0000 N:12E1 W:8091 L:16!
A:FC97 K:00 B:00 S:0140 P:36 I:5C E:1 F:0458 T:FF C:0000 N:12E2 W:FC97 L:16!
A:8067 K:00 B:00 S:01CC P:B4 I:8D E:1 F:0459 T:FF C:0000 N:12E2 W:8067 L:16!
A:8098 K:00 B:00 S:014D P:34 I:A3 E:1 F:045A T:FF C:0000 N:12E1 W:8098 L:16!
A:803F K:00 B:00 S:01EC P:B5 I:FB E:1 F:045B T:FF C:0000 N:12E2 W:803F L:16!
A:8070 K:00 B:00 S:0176 P:B4 I:90 E:1 F:045C T:FF C:0000 N:12E2 W:8070 L:16!
A:80A1 K:00 B:00 S:01F7 P:35 I:EB E:1 F:045D T:FF C:0000 N:12E2 W:80A1 L:16!
A:0195 K:00 B:00 S:0195 P:34 I:48 E:1 F:045E T:FF C:0000 N:12E2 W:8056 L:16!
A:807E K:00 B:00 S:011E P:B4 I:F4 E:1 F:045F T:FF C:0000 N:12E1 W:807E L:16!
A:80A9 K:00 B:00 S:01A1 P:34 I:A3 E:1 F:0460 T:FF C:0000 N:12E2 W:80A9 L:16!
A:013D K:00 B:00 S:013D P:36 I:8B E:1 F:0461 T:FF C:0000 N:12E2 W:805F L:16!
A:01C1 K:00 B:00 S:01C1 P:B4 I:F4 E:1 F:0462 T:FF C:0000 N:12E1 W:8088 L:16!
A:015E K:00 B:00 S:0150 P:36 I:8D E:1 F:0463 T:FF C:0000 N:12E2 W:015E L:16!
A:8064 K:00 B:00 S:01E5 P:B4 I:AD E:1 F:0464 T:FF C:0000 N:12E2 W:8064 L:16!
A:0166 K:00 B:00 S:0166 P:B4 I:F4 E:1 F:0465 T:FF C:0000 N:12E1 W:8091 L:16!
A:FC97 K:00 B:00 S:01FC P:36 I:5C E:1 F:0466 T:FF C:0000 N:12E2 W:FC97 L:16!
A:806E K:00 B:00 S:0190 P:B4 I:8D E:1 F:0467 T:FF C:0000 N:12E2 W:806E L:16!
A:8098 K:00 B:00 S:010F P:34 I:A3 E:1 F:0468 T:FF C:0000 N:12E2 W:8098 L:16!
A:805D K:00 B:00 S:01A4 P:36 I:A9 E:1 F:0469 T:FF C:0000 N:12E2 W:805D L:16!
A:0139 K:00 B:00 S:0139 P:B4 I:F4 E:1 F:046A T:FF C:0000 N:12E1 W:807C L:16!
A:809F K:00 B:00 S:01B7 P:34 I:EB E:1 F:046B T:FF C:0000 N:12E2 W:809F L:16!
A:8064 K:00 B:00 S:014F P:B4 I:AD E:1 F:046C T:FF C:0000 N:12E2 W:8064 L:16!
A:8082 K:00 B:00 S:01DC P:B4 I:F4 E:1 F:046D T:FF C:0000 N:12E1 W:8082 L:16!
A:80A7 K:00 B:00 S:0160 P:34 I:48 E:1 F:046E T:FF C:0000 N:12E2 W:80A7 L:16!
A:806E K:00 B:00 S:01FA P:B4 I:8D E:1 F:046F T:FF C:0000 N:12E2 W:806E L:16!
A:808C K:00 B:00 S:0182 P:B4 I:F4 E:1 F:0470 T:FF C:0000 N:12E2 W:808C L:16!
A:010E K:00 B:00 S:010E P:36 I:60 E:1 F:0471 T:FF C:0000 N:12E2 W:80AE L:16!
A:01A3 K:00 B:00 S:01A3 P:B4 I:F4 E:1 F:0472 T:FF C:0000 N:12E2 W:807C L:16!
A:012A K:00 B:00 S:012A P:34 I:48 E:1 F:0473 T:FF C:0000 N:12E2 W:8095 L:16!
A:FC97 K:00 B:00 S:01B8 P:36 I:5C E:1 F:0474 T:FF C:0000 N:12E2 W:FC97 L:16!
A:0148 K:00 B:00 S:0148 P:B4 I:F4 E:1 F:0475 T:FF C:0000 N:12E2 W:8085 L:16!
A:8098 K:00 B:00 S:01D1 P:B4 I:A3 E:1 F:0476 T:FF C:0000 N:12E2 W:8098 L:16!
A:805D K:00 B:00 S:0160 P:36 I:A9 E:1 F:0477 T:FF C:0000 N:12E2 W:805D L:16!
A:808E K:00 B:00 S:01ED P:B4 I:F4 E:1 F:0478 T:FF C:0000 N:12E2 W:808E L:16!
A:80A1 K:00 B:00 S:017B P:74 I:EB E:1 F:0479 T:FF C:0000 N:12E2 W:80A1 L:16!
A:8064 K:00 B:00 S:010B P:B4 I:AD E:1 F:047A T:FF C:0000 N:12E2 W:8064 L:16!
A:8096 K:00 B:00 S:0196 P:B4 I:EB E:1 F:047B T:FF C:0000 N:12E1 W:8096 L:16!
A:80A9 K:00 B:00 S:0125 P:34 I:A3 E:1 F:047C T:FF C:0000 N:12E2 W:80A9 L:16!
A:806E K:00 B:00 S:01B6 P:B4 I:8D E:1 F:047D T:FF C:0000 N:12E2 W:806E L:16!
A:809F K:00 B:00 S:0140 P:34 I:EB E:1 F:047E T:FF C:0000 N:12E2 W:809F L:16!
A:01DF K:00 B:00 S:01D1 P:36 I:8D E:1 F:047F T:FF C:0000 N:12E2 W:01DF L:16!
A:015F K:00 B:00 S:015F P:B4 I:F4 E:1 F:0480 T:FF C:0000 N:12E2 W:807C L:16!
A:80A7 K:00 B:00 S:01E9 P:34 I:48 E:1 F:0481 T:FF C:0000 N:12E2 W:80A7 L:16!
A:FC97 K:00 B:00 S:017D P:36 I:5C E:1 F:0482 T:FF C:0000 N:12E2 W:FC97 L:16!
A:0104 K:00 B:00 S:0104 P:B4 I:F4 E:1 F:0483 T:FF C:0000 N:12E2 W:8085 L:16!
A:80A1 K:00 B:00 S:0194 P:34 I:EB E:1 F:0484 T:FF C:0000 N:12E2 W:80A1 L:16!
A:805D K:00 B:00 S:0125 P:36 I:A9 E:1 F:0485 T:FF C:0000 N:12E2 W:805D L:16!
A:808E K:00 B:00 S:01A9 P:B4 I:F4 E:1 F:0486 T:FF C:0000 N:12E1 W:808E L:16!
A:80A9 K:00 B:00 S:013E P:34 I:A3 E:1 F:0487 T:FF C:0000 N:12E2 W:80A9 L:16!
A:8064 K:00 B:00 S:01CD P:B4 I:AD E:1 F:0488 T:FF C:0000 N:12E2 W:8064 L:16!
A:8096 K:00 B:00 S:0152 P:34 I:EB E:1 F:0489 T:FF C:0000 N:12E2 W:8096 L:16!
A:01FB K:00 B:00 S:01ED P:34 I:8D E:1 F:048A T:FF C:0000 N:12E2 W:01FB L:16!
A:806E K:00 B:00 S:0178 P:B4 I:8D E:1 F:048B T:FF C:0000 N:12E1 W:806E L:16!
A:809F K:00 B:00 S:01FC P:35 I:EB E:1 F:048C T:FF C:0000 N:12E2 W:809F L:16!
A:FFFF K:00 B:00 S:0196 P:36 I:6C E:1 F:048D T:FF C:0000 N:12E2 W:01AC L:16!
A:0121 K:00 B:00 S:0121 P:B4 I:F4 E:1 F:048E T:FF C:0000 N:12E1 W:807C L:16!
A:80A7 K:00 B:00 S:01A5 P:34 I:48 E:1 F:048F T:FF C:0000 N:12E2 W:80A7 L:16!
A:0140 K:00 B:00 S:0140 P:34 I:0B E:1 F:0490 T:FF C:0000 N:12E2 W:805B L:16!
A:8082 K:00 B:00 S:01C4 P:B4 I:F4 E:1 F:0491 T:FF C:0000 N:12E1 W:8082 L:16!
A:0153 K:00 B:00 S:0153 P:36 I:60 E:1 F:0492 T:FF C:0000 N:12E2 W:80AE L:16!
A:8060 K:00 B:00 S:01E5 P:36 I:48 E:1 F:0493 T:FF C:0000 N:12E2 W:8060 L:16!
A:808C K:00 B:00 S:016A P:B4 I:F4 E:1 F:0494 T:FF C:0000 N:12E1 W:808C L:16!
A:FFFF K:00 B:00 S:0100 P:36 I:6C E:1 F:0495 T:FF C:0000 N:12E2 W:0116 L:16!
A:8069 K:00 B:00 S:0191 P:B4 I:AD E:1 F:0496 T:FF C:0000 N:12E2 W:8069 L:16!
A:0112 K:00 B:00 S:0112 P:34 I:48 E:1 F:0497 T:FF C:0000 N:12E1 W:8095 L:16!
A:01AA K:00 B:00 S:01AA P:34 I:0B E:1 F:0498 T:FF C:0000 N:12E2 W:805B L:16!
A:8076 K:00 B:00 S:013C P:B4 I:B0 E:1 F:0499 T:FF C:0000 N:12E2 W:8076 L:16!
A:809F K:00 B:00 S:01B8 P:34 I:EB E:1 F:049A T:FF C:0000 N:12E2 W:809F L:16!
A:8061 K:00 B:00 S:0153 P:36 I:AB E:1 F:049B T:FF C:0000 N:12E2 W:8061 L:16!
A:01E3 K:00 B:00 S:01E3 P:B4 I:F4 E:1 F:049C T:FF C:0000 N:12E1 W:807C L:16!
A:80A7 K:00 B:00 S:0161 P:34 I:48 E:1 F:049D T:FF C:0000 N:12E2 W:80A7 L:16!
A:806B K:00 B:00 S:01FE P:B4 I:AD E:1 F:049E T:FF C:0000 N:12E2 W:806B L:16!
A:0188 K:00 B:00 S:0188 P:B4 I:F4 E:1 F:049F T:FF C:0000 N:12E2 W:8085 L:16!
A:010F K:00 B:00 S:010F P:36 I:60 E:1 F:04A0 T:FF C:0000 N:12E2 W:80AE L:16!
A:01A8 K:00 B:00 S:01A8 P:B4 I:F4 E:1 F:04A1 T:FF C:0000 N:12E2 W:8079 L:16!
A:808E K:00 B:00 S:012D P:B4 I:F4 E:1 F:04A2 T:FF C:0000 N:12E2 W:808E L:16!
A:FFFF K:00 B:00 S:01BC P:36 I:6C E:1 F:04A3 T:FF C:0000 N:12E2 W:01D2 L:16!
A:8082 K:00 B:00 S:014D P:B4 I:F4 E:1 F:04A4 T:FF C:0000 N:12E2 W:8082 L:16!
A:8096 K:00 B:00 S:01D3 P:B4 I:EB E:1 F:04A5 T:FF C:0000 N:12E2 W:8096 L:16!
A:0166 K:00 B:00 S:0166 P:34 I:0B E:1 F:04A6 T:FF C:0000 N:12E2 W:805B L:16!
A:808C K:00 B:00 S:01F3 P:B4 I:F4 E:1 F:04A7 T:FF C:0000 N:12E2 W:808C L:16!
A:809F K:00 B:00 S:017D P:74 I:EB E:1 F:04A8 T:FF C:0000 N:12E2 W:809F L:16!
A:8061 K:00 B:00 S:010F P:36 I:AB E:1 F:04A9 T:FF C:0000 N:12E2 W:8061 L:16!
A:01A1 K:00 B:00 S:01A1 P:B4 I:F4 E:1 F:04AA T:FF C:0000 N:12E1 W:8085 L:16!
A:80A7 K:00 B:00 S:0126 P:34 I:48 E:1 F:04AB T:FF C:0000 N:12E2 W:80A7 L:16!
A:806B K:00 B:00 S:01BA P:B4 I:AD E:1 F:04AC T:FF C:0000 N:12E1 W:806B L:16!
A:808E K:00 B:00 S:0146 P:B4 I:F4 E:1 F:04AD T:FF C:0000 N:12E2 W:808E L:16!
A:01D1 K:00 B:00 S:01D1 P:36 I:60 E:1 F:04AE T:FF C:0000 N:12E2 W:80AE L:16!
A:0164 K:00 B:00 S:0164 P:B4 I:F4 E:1 F:04AF T:FF C:0000 N:12E2 W:8079 L:16!
A:8096 K:00 B:00 S:01EF P:B4 I:EB E:1 F:04B0 T:FF C:0000 N:12E2 W:8096 L:16!
A:FFFF K:00 B:00 S:017E P:36 I:6C E:1 F:04B1 T:FF C:0000 N:12E2 W:0194 L:16!
A:8082 K:00 B:00 S:0109 P:B4 I:F4 E:1 F:04B2 T:FF C:0000 N:12E2 W:8082 L:16!
A:809C K:00 B:00 S:0196 P:34 I:18 E:1 F:04B3 T:FF C:0000 N:12E2 W:809C L:16!
A:0128 K:00 B:00 S:0128 P:34 I:0B E:1 F:04B4 T:FF C:0000 N:12E2 W:805B L:16!
A:808C K:00 B:00 S:01AF P:B4 I:F4 E:1 F:04B5 T:FF C:0000 N:12E2 W:808C L:16!
A:80A5 K:00 B:00 S:0140 P:34 I:09 E:1 F:04B6 T:FF C:0000 N:12E2 W:80A5 L:16!
A:8060 K:00 B:00 S:01CD P:36 I:48 E:1 F:04B7 T:FF C:0000 N:12E1 W:8060 L:16!
A:0157 K:00 B:00 S:0157 P:34 I:48 E:1 F:04B8 T:FF C:0000 N:12E2 W:8095 L:16!
A:80AD K:00 B:00 S:01EB P:34 I:28 E:1 F:04B9 T:FF C:0000 N:12E2 W:80AD L:16!
A:8069 K:00 B:00 S:0179 P:B4 I:AD E:1 F:04BA T:FF C:0000 N:12E2 W:8069 L:16!
A:809C K:00 B:00 S:0100 P:34 I:18 E:1 F:04BB T:FF C:0000 N:12E2 W:809C L:16!
A:01A7 K:00 B:00 S:0197 P:36 I:8D E:1 F:04BC T:FF C:0000 N:12E2 W:01A7 L:16!
A:8076 K:00 B:00 S:0124 P:B4 I:B0 E:1 F:04BD T:FF C:0000 N:12E2 W:8076 L:16!
A:80A5 K:00 B:00 S:01AA P:34 I:09 E:1 F:04BE T:FF C:0000 N:12E2 W:80A5 L:16!
A:0143 K:00 B:00 S:0143 P:36 I:48 E:1 F:04BF T:FF C:0000 N:12E2 W:8056 L:16!
A:8082 K:00 B:00 S:01C5 P:B4 I:F4 E:1 F:04C0 T:FF C:0000 N:12E1 W:8082 L:16!
A:80AD K:00 B:00 S:0155 P:34 I:28 E:1 F:04C1 T:FF C:0000 N:12E2 W:80AD L:16!
A:01EA K:00 B:00 S:01EA P:34 I:0B E:1 F:04C2 T:FF C:0000 N:12E2 W:805B L:16!
A:808C K:00 B:00 S:016B P:B4 I:F4 E:1 F:04C3 T:FF C:0000 N:12E1 W:808C L:16!
A:0117 K:00 B:00 S:0104 P:36 I:8D E:1 F:04C4 T:FF C:0000 N:12E2 W:0117 L:16!
A:8061 K:00 B:00 S:0193 P:36 I:AB E:1 F:04C5 T:FF C:0000 N:12E2 W:8061 L:16!
A:0113 K:00 B:00 S:0113 P:34 I:48 E:1 F:04C6 T:FF C:0000 N:12E2 W:8095 L:16!
A:8059 K:00 B:00 S:01AF P:36 I:EB E:1 F:04C7 T:FF C:0000 N:12E2 W:8059 L:16!
A:806B K:00 B:00 S:013E P:B4 I:AD E:1 F:04C8 T:FF C:0000 N:12E1 W:806B L:16!
A:809C K:00 B:00 S:01BC P:34 I:18 E:1 F:04C9 T:FF C:0000 N:12E2 W:809C L:16!
A:8060 K:00 B:00 S:0156 P:36 I:48 E:1 F:04CA T:FF C:0000 N:12E2 W:8060 L:16!
A:01E5 K:00 B:00 S:01E5 P:B4 I:F4 E:1 F:04CB T:FF C:0000 N:12E1 W:8079 L:16!
A:80A5 K:00 B:00 S:0166 P:34 I:09 E:1 F:04CC T:FF C:0000 N:12E2 W:80A5 L:16!
A:8069 K:00 B:00 S:0102 P:B4 I:AD E:1 F:04CD T:FF C:0000 N:12E2 W:8069 L:16!
A:8082 K:00 B:00 S:018A P:B4 I:F4 E:1 F:04CE T:FF C:0000 N:12E2 W:8082 L:16!
A:80AD K:00 B:00 S:0111 P:34 I:28 E:1 F:04CF T:FF C:0000 N:12E2 W:80AD L:16!
A:8061 K:00 B:00 S:01AC P:36 I:AB E:1 F:04D0 T:FF C:0000 N:12E2 W:8061 L:16!
A:808C K:00 B:00 S:0130 P:B4 I:F4 E:1 F:04D1 T:FF C:0000 N:12E2 W:808C L:16!
A:01D3 K:00 B:00 S:01C0 P:36 I:8D E:1 F:04D2 T:FF C:0000 N:12E2 W:01D3 L:16!
A:806B K:00 B:00 S:0157 P:B4 I:AD E:1 F:04D3 T:FF C:0000 N:12E2 W:806B L:16!
A:01D5 K:00 B:00 S:01D5 P:34 I:48 E:1 F:04D4 T:FF C:0000 N:12E1 W:8095 L:16!
A:8059 K:00 B:00 S:016B P:36 I:EB E:1 F:04D5 T:FF C:0000 N:12E2 W:8059 L:16!
A:0101 K:00 B:00 S:0101 P:B4 I:F4 E:1 F:04D6 T:FF C:0000 N:12E2 W:8079 L:16!
A:809C K:00 B:00 S:017E P:34 I:18 E:1 F:04D7 T:FF C:0000 N:12E2 W:809C L:16!
A:8060 K:00 B:00 S:0112 P:36 I:48 E:1 F:04D8 T:FF C:0000 N:12E2 W:8060 L:16!
A:8080 K:00 B:00 S:01A5 P:B4 I:F4 E:1 F:04D9 T:FF C:0000 N:12E1 W:8080 L:16!
A:80A5 K:00 B:00 S:0128 P:34 I:09 E:1 F:04DA T:FF C:0000 N:12E2 W:80A5 L:16!
A:8069 K:00 B:00 S:01BE P:B4 I:AD E:1 F:04DB T:FF C:0000 N:12E2 W:8069 L:16!
A:808A K:00 B:00 S:014B P:B4 I:F4 E:1 F:04DC T:FF C:0000 N:12E2 W:808A L:16!
A:80AB K:00 B:00 S:01D0 P:34 I:A3 E:1 F:04DD T:FF C:0000 N:12E2 W:80AB L:16!
A:8076 K:00 B:00 S:0169 P:B4 I:B0 E:1 F:04DE T:FF C:0000 N:12E2 W:8076 L:16!
A:8093 K:00 B:00 S:01F1 P:B4 I:1A E:1 F:04DF T:FF C:0000 N:12E2 W:8093 L:16!
A:018F K:00 B:00 S:017F P:36 I:8D E:1 F:04E0 T:FF C:0000 N:12E2 W:018F L:16!
A:8080 K:00 B:00 S:010F P:B4 I:F4 E:1 F:04E1 T:FF C:0000 N:12E2 W:8080 L:16!
A:8098 K:00 B:00 S:0198 P:B4 I:A3 E:1 F:04E2 T:FF C:0000 N:12E2 W:8098 L:16!
A:012B K:00 B:00 S:012B P:36 I:48 E:1 F:04E3 T:FF C:0000 N:12E2 W:8056 L:16!
A:808A K:00 B:00 S:01B5 P:B4 I:F4 E:1 F:04E4 T:FF C:0000 N:12E2 W:808A L:16!
A:80A1 K:00 B:00 S:0142 P:34 I:EB E:1 F:04E5 T:FF C:0000 N:12E2 W:80A1 L:16!
A:8060 K:00 B:00 S:01CE P:36 I:48 E:1 F:04E6 T:FF C:0000 N:12E2 W:8060 L:16!
A:8093 K:00 B:00 S:015B P:34 I:1A E:1 F:04E7 T:FF C:0000 N:12E1 W:8093 L:16!
A:80A9 K:00 B:00 S:01EC P:34 I:A3 E:1 F:04E8 T:FF C:0000 N:12E2 W:80A9 L:16!
A:8069 K:00 B:00 S:017A P:B4 I:AD E:1 F:04E9 T:FF C:0000 N:12E2 W:8069 L:16!
A:0105 K:00 B:00 S:0105 P:34 I:48 E:1 F:04EA T:FF C:0000 N:12E2 W:809A L:16!
A:80AD K:00 B:00 S:0195 P:34 I:28 E:1 F:04EB T:FF C:0000 N:12E2 W:80AD L:16!
A:8076 K:00 B:00 S:0125 P:B4 I:B0 E:1 F:04EC T:FF C:0000 N:12E1 W:8076 L:16!
A:80A3 K:00 B:00 S:01AE P:B4 I:A3 E:1 F:04ED T:FF C:0000 N:12E2 W:80A3 L:16!
A:0157 K:00 B:00 S:0144 P:36 I:8D E:1 F:04EE T:FF C:0000 N:12E2 W:0157 L:16!
A:8080 K:00 B:00 S:01CB P:B4 I:F4 E:1 F:04EF T:FF C:0000 N:12E2 W:8080 L:16!
A:80AB K:00 B:00 S:0159 P:34 I:A3 E:1 F:04F0 T:FF C:0000 N:12E2 W:80AB L:16!
A:8059 K:00 B:00 S:01EC P:36 I:EB E:1 F:04F1 T:FF C:0000 N:12E2 W:8059 L:16!
A:808A K:00 B:00 S:0171 P:B4 I:F4 E:1 F:04F2 T:FF C:0000 N:12E2 W:808A L:16!
A:0118 K:00 B:00 S:0108 P:36 I:8D E:1 F:04F3 T:FF C:0000 N:12E2 W:0118 L:16!
A:8060 K:00 B:00 S:0193 P:36 I:48 E:1 F:04F4 T:FF C:0000 N:12E2 W:8060 L:16!
A:8093 K:00 B:00 S:0117 P:34 I:1A E:1 F:04F5 T:FF C:0000 N:12E1 W:8093 L:16!
A:80AD K:00 B:00 S:01AE P:34 I:28 E:1 F:04F6 T:FF C:0000 N:12E2 W:80AD L:16!
A:8069 K:00 B:00 S:013F P:B4 I:AD E:1 F:04F7 T:FF C:0000 N:12E2 W:8069 L:16!
A:01C1 K:00 B:00 S:01C1 P:34 I:48 E:1 F:04F8 T:FF C:0000 N:12E1 W:809A L:16!
A:0170 K:00 B:00 S:015D P:34 I:8D E:1 F:04F9 T:FF C:0000 N:12E2 W:0170 L:16!
A:8076 K:00 B:00 S:01E7 P:B4 I:B0 E:1 F:04FA T:FF C:0000 N:12E2 W:8076 L:16!
A:80A3 K:00 B:00 S:016A P:34 I:A3 E:1 F:04FB T:FF C:0000 N:12E2 W:80A3 L:16!
A:8059 K:00 B:00 S:0108 P:36 I:EB E:1 F:04FC T:FF C:0000 N:12E2 W:8059 L:16!
A:8080 K:00 B:00 S:018D P:B4 I:F4 E:1 F:04FD T:FF C:0000 N:12E1 W:8080 L:16!
A:80AB K:00 B:00 S:0115 P:34 I:A3 E:1 F:04FE T:FF C:0000 N:12E2 W:80AB L:16!
A:01AE K:00 B:00 S:01AE P:36 I:8B E:1 F:04FF T:FF C:0000 N:12E2 W:805F L:16!
A:808A K:00 B:00 S:0133 P:B4 I:F4 E:1 F:0500 T:FF C:0000 N:12E1 W:808A L:16!
A:01D4 K:00 B:00 S:01C4 P:36 I:8D E:1 F:0501 T:FF C:0000 N:12E2 W:01D4 L:16!
A:8067 K:00 B:00 S:0159 P:B4 I:8D E:1 F:0502 T:FF C:0000 N:12E2 W:8067 L:16!
A:01D7 K:00 B:00 S:01D7 P:B4 I:F4 E:1 F:0503 T:FF C:0000 N:12E1 W:8091 L:16!
A:0170 K:00 B:00 S:0170 P:36 I:48 E:1 F:0504 T:FF C:0000 N:12E2 W:8056 L:16!
A:8070 K:00 B:00 S:0103 P:B4 I:90 E:1 F:0505 T:FF C:0000 N:12E1 W:8070 L:16!
A:8098 K:00 B:00 S:0180 P:B4 I:A3 E:1 F:0506 T:FF C:0000 N:12E2 W:8098 L:16!
A:0118 K:00 B:00 S:0118 P:36 I:8B E:1 F:0507 T:FF C:0000 N:12E2 W:805F L:16!
A:01AA K:00 B:00 S:01AA P:B4 I:F4 E:1 F:0508 T:FF C:0000 N:12E1 W:807C L:16!
A:80A1 K:00 B:00 S:012A P:34 I:EB E:1 F:0509 T:FF C:0000 N:12E2 W:80A1 L:16!
A:8067 K:00 B:00 S:01C3 P:B4 I:8D E:1 F:050A T:FF C:0000 N:12E2 W:8067 L:16!
A:014F K:00 B:00 S:014F P:B4 I:F4 E:1 F:050B T:FF C:0000 N:12E1 W:8085 L:16!
A:80AB K:00 B:00 S:01D1 P:34 I:A3 E:1 F:050C T:FF C:0000 N:12E2 W:80AB L:16!
A:8070 K:00 B:00 S:016D P:B4 I:90 E:1 F:050D T:FF C:0000 N:12E2 W:8070 L:16!
A:808E K:00 B:00 S:01F4 P:B4 I:F4 E:1 F:050E T:FF C:0000 N:12E2 W:808E L:16!
A:0190 K:00 B:00 S:0180 P:36 I:8D E:1 F:050F T:FF C:0000 N:12E2 W:0190 L:16!
A:807E K:00 B:00 S:0115 P:B4 I:F4 E:1 F:0510 T:FF C:0000 N:12E2 W:807E L:16!
A:8093 K:00 B:00 S:019B P:B4 I:1A E:1 F:0511 T:FF C:0000 N:12E2 W:8093 L:16!
A:012C K:00 B:00 S:012C P:36 I:48 E:1 F:0512 T:FF C:0000 N:12E2 W:8056 L:16!
A:01BB K:00 B:00 S:01BB P:B4 I:F4 E:1 F:0513 T:FF C:0000 N:12E2 W:8088 L:16!
A:0145 K:00 B:00 S:0145 P:34 I:48 E:1 F:0514 T:FF C:0000 N:12E2 W:809A L:16!
A:01D4 K:00 B:00 S:01D4 P:36 I:8B E:1 F:0515 T:FF C:0000 N:12E2 W:805F L:16!
A:0160 K:00 B:00 S:0160 P:B4 I:F4 E:1 F:0516 T:FF C:0000 N:12E2 W:8091 L:16!
A:80A3 K:00 B:00 S:01EE P:B4 I:A3 E:1 F:0517 T:FF C:0000 N:12E2 W:80A3 L:16!
A:8067 K:00 B:00 S:017F P:B4 I:8D E:1 F:0518 T:FF C:0000 N:12E2 W:8067 L:16!
A:8098 K:00 B:00 S:0109 P:34 I:A3 E:1 F:0519 T:FF C:0000 N:12E1 W:8098 L:16!
A:80AB K:00 B:00 S:0196 P:34 I:A3 E:1 F:051A T:FF C:0000 N:12E2 W:80AB L:16!
A:8070 K:00 B:00 S:0129 P:B4 I:90 E:1 F:051B T:FF C:0000 N:12E2 W:8070 L:16!
A:8093 K:00 B:00 S:01B4 P:B4 I:1A E:1 F:051C T:FF C:0000 N:12E2 W:8093 L:16!
A:0155 K:00 B:00 S:0145 P:36 I:8D E:1 F:051D T:FF C:0000 N:12E2 W:0155 L:16!
A:807E K:00 B:00 S:01D1 P:B4 I:F4 E:1 F:051E T:FF C:0000 N:12E2 W:807E L:16!
A:015E K:00 B:00 S:015E P:34 I:48 E:1 F:051F T:FF C:0000 N:12E2 W:809A L:16!
A:8057 K:00 B:00 S:01ED P:36 I:A9 E:1 F:0520 T:FF C:0000 N:12E2 W:8057 L:16!
A:0177 K:00 B:00 S:0177 P:B4 I:F4 E:1 F:0521 T:FF C:0000 N:12E2 W:8088 L:16!
A:80A3 K:00 B:00 S:0107 P:34 I:A3 E:1 F:0522 T:FF C:0000 N:12E2 W:80A3 L:16!
A:0196 K:00 B:00 S:0196 P:36 I:8B E:1 F:0523 T:FF C:0000 N:12E2 W:805F L:16!
A:011C K:00 B:00 S:011C P:B4 I:F4 E:1 F:0524 T:FF C:0000 N:12E2 W:8091 L:16!
A:80A9 K:00 B:00 S:01AF P:34 I:A3 E:1 F:0525 T:FF C:0000 N:12E2 W:80A9 L:16!
A:8067 K:00 B:00 S:0141 P:B4 I:8D E:1 F:0526 T:FF C:0000 N:12E2 W:8067 L:16!
A:8098 K:00 B:00 S:01C5 P:B4 I:A3 E:1 F:0527 T:FF C:0000 N:12E2 W:8098 L:16!
A:016C K:00 B:00 S:015E P:36 I:8D E:1 F:0528 T:FF C:0000 N:12E2 W:016C L:16!
A:806E K:00 B:00 S:01E9 P:B4 I:8D E:1 F:0529 T:FF C:0000 N:12E1 W:806E L:16!
A:80A1 K:00 B:00 S:016F P:34 I:EB E:1 F:052A T:FF C:0000 N:12E2 W:80A1 L:16!
A:FC97 K:00 B:00 S:010A P:36 I:5C E:1 F:052B T:FF C:0000 N:12E2 W:FC97 L:16!
A:0192 K:00 B:00 S:0192 P:B4 I:F4 E:1 F:052C T:FF C:0000 N:12E1 W:807C L:16!
A:80A9 K:00 B:00 S:0119 P:34 I:A3 E:1 F:052D T:FF C:0000 N:12E2 W:80A9 L:16!
A:01B1 K:00 B:00 S:01B1 P:34 I:0B E:1 F:052E T:FF C:0000 N:12E2 W:805B L:16!
A:0137 K:00 B:00 S:0137 P:B4 I:F4 E:1 F:052F T:FF C:0000 N:12E2 W:8085 L:16!
A:01D6 K:00 B:00 S:01C8 P:36 I:8D E:1 F:0530 T:FF C:0000 N:12E2 W:01D6 L:16!
A:8061 K:00 B:00 S:015A P:36 I:AB E:1 F:0531 T:FF C:0000 N:12E2 W:8061 L:16!
A:01D8 K:00 B:00 S:01D8 P:B4 I:F4 E:1 F:0532 T:FF C:0000 N:12E1 W:8091 L:16!
A:FC97 K:00 B:00 S:0174 P:36 I:5C E:1 F:0533 T:FF C:0000 N:12E2 W:FC97 L:16!
A:806B K:00 B:00 S:0105 P:B4 I:AD E:1 F:0534 T:FF C:0000 N:12E2 W:806B L:16!
A:8098 K:00 B:00 S:0181 P:B4 I:A3 E:1 F:0535 T:FF C:0000 N:12E2 W:8098 L:16!
A:805D K:00 B:00 S:011C P:36 I:A9 E:1 F:0536 T:FF C:0000 N:12E2 W:805D L:16!
A:8070 K:00 B:00 S:01AD P:B4 I:90 E:1 F:0537 T:FF C:0000 N:12E1 W:8070 L:16!
A:80A1 K:00 B:00 S:012B P:34 I:EB E:1 F:0538 T:FF C:0000 N:12E2 W:80A1 L:16!
A:8064 K:00 B:00 S:01C7 P:B4 I:AD E:1 F:0539 T:FF C:0000 N:12E2 W:8064 L:16!
A:807E K:00 B:00 S:0155 P:B4 I:F4 E:1 F:053A T:FF C:0000 N:12E1 W:807E L:16!
A:80A9 K:00 B:00 S:01D5 P:34 I:A3 E:1 F:053B T:FF C:0000 N:12E2 W:80A9 L:16!
A:806E K:00 B:00 S:0172 P:B4 I:8D E:1 F:053C T:FF C:0000 N:12E2 W:806E L:16!
A:01FB K:00 B:00 S:01FB P:B4 I:F4 E:1 F:053D T:FF C:0000 N:12E1 W:8088 L:16!
A:0192 K:00 B:00 S:0184 P:36 I:8D E:1 F:053E T:FF C:0000 N:12E2 W:0192 L:16!
A:011B K:00 B:00 S:011B P:B4 I:F4 E:1 F:053F T:FF C:0000 N:12E2 W:807C L:16!
A:019D K:00 B:00 S:019D P:B4 I:F4 E:1 F:0540 T:FF C:0000 N:12E2 W:8091 L:16!
A:FC97 K:00 B:00 S:0130 P:36 I:5C E:1 F:0541 T:FF C:0000 N:12E2 W:FC97 L:16!
A:8070 K:00 B:00 S:01C6 P:B4 I:90 E:1 F:0542 T:FF C:0000 N:12E2 W:8070 L:16!
A:8098 K:00 B:00 S:0146 P:34 I:A3 E:1 F:0543 T:FF C:0000 N:12E2 W:8098 L:16!
A:805D K:00 B:00 S:01D8 P:36 I:A9 E:1 F:0544 T:FF C:0000 N:12E2 W:805D L:16!
A:807E K:00 B:00 S:016E P:B4 I:F4 E:1 F:0545 T:FF C:0000 N:12E1 W:807E L:16!
A:80A1 K:00 B:00 S:01F0 P:34 I:EB E:1 F:0546 T:FF C:0000 N:12E2 W:80A1 L:16!
A:8064 K:00 B:00 S:0183 P:B4 I:AD E:1 F:0547 T:FF C:0000 N:12E2 W:8064 L:16!
A:0114 K:00 B:00 S:0114 P:B4 I:F4 E:1 F:0548 T:FF C:0000 N:12E1 W:8088 L:16!
A:80A9 K:00 B:00 S:0197 P:34 I:A3 E:1 F:0549 T:FF C:0000 N:12E2 W:80A9 L:16!
A:806E K:00 B:00 S:012E P:B4 I:8D E:1 F:054A T:FF C:0000 N:12E2 W:806E L:16!
A:808E K:00 B:00 S:01B7 P:B4 I:F4 E:1 F:054B T:FF C:0000 N:12E2 W:808E L:16!
A:0154 K:00 B:00 S:0146 P:36 I:8D E:1 F:054C T:FF C:0000 N:12E2 W:0154 L:16!
A:01D7 K:00 B:00 S:01D7 P:B4 I:F4 E:1 F:054D T:FF C:0000 N:12E2 W:807C L:16!
A:8096 K:00 B:00 S:0160 P:34 I:EB E:1 F:054E T:FF C:0000 N:12E2 W:8096 L:16!
A:FC94 K:00 B:00 S:01EF P:36 I:00 E:1 F:054F T:FF C:0000 N:12E2 W:FC94 L:16!
A:017C K:00 B:00 S:017C P:B4 I:F4 E:1 F:0550 T:FF C:0000 N:12E2 W:8085 L:16!
A:809F K:00 B:00 S:010A P:34 I:EB E:1 F:0551 T:FF C:0000 N:12E2 W:809F L:16!
A:0199 K:00 B:00 S:0199 P:34 I:0B E:1 F:0552 T:FF C:0000 N:12E2 W:805B L:16!
A:808E K:00 B:00 S:0121 P:B4 I:F4 E:1 F:0553 T:FF C:0000 N:12E2 W:808E L:16!
A:80A5 K:00 B:00 S:01B1 P:34 I:09 E:1 F:0554 T:FF C:0000 N:12E2 W:80A5 L:16!
A:8061 K:00 B:00 S:0142 P:36 I:AB E:1 F:0555 T:FF C:0000 N:12E2 W:8061 L:16!
A:8096 K:00 B:00 S:01CA P:B4 I:EB E:1 F:0556 T:FF C:0000 N:12E1 W:8096 L:16!
A:80AD K:00 B:00 S:015C P:34 I:28 E:1 F:0557 T:FF C:0000 N:12E2 W:80AD L:16!
A:806E K:00 B:00 S:01EA P:B4 I:8D E:1 F:0558 T:FF C:0000 N:12E2 W:806E L:16!
A:809F K:00 B:00 S:0174 P:74 I:EB E:1 F:0559 T:FF C:0000 N:12E2 W:809F L:16!
A:011E K:00 B:00 S:010B P:36 I:8D E:1 F:055A T:FF C:0000 N:12E2 W:011E L:16!
A:0193 K:00 B:00 S:0193 P:B4 I:F4 E:1 F:055B T:FF C:0000 N:12E2 W:807C L:16!
A:80A7 K:00 B:00 S:011D P:34 I:48 E:1 F:055C T:FF C:0000 N:12E2 W:80A7 L:16!
A:FC97 K:00 B:00 S:01B4 P:36 I:5C E:1 F:055D T:FF C:0000 N:12E1 W:FC97 L:16!
A:0138 K:00 B:00 S:0138 P:B4 I:F4 E:1 F:055E T:FF C:0000 N:12E1 W:8085 L:16!
A:01CB K:00 B:00 S:01CB P:36 I:60 E:1 F:055F T:FF C:0000 N:12E2 W:80AE L:16!
A:805D K:00 B:00 S:015C P:36 I:A9 E:1 F:0560 T:FF C:0000 N:12E2 W:805D L:16!
A:808E K:00 B:00 S:01DD P:B4 I:F4 E:1 F:0561 T:FF C:0000 N:12E1 W:808E L:16!
A:FFFF K:00 B:00 S:0178 P:36 I:6C E:1 F:0562 T:FF C:0000 N:12E2 W:018E L:16!
A:8064 K:00 B:00 S:0107 P:B4 I:AD E:1 F:0563 T:FF C:0000 N:12E2 W:8064 L:16!
A:8096 K:00 B:00 S:0186 P:B4 I:EB E:1 F:0564 T:FF C:0000 N:12E1 W:8096 L:16!
A:0122 K:00 B:00 S:0122 P:34 I:0B E:1 F:0565 T:FF C:0000 N:12E2 W:805B L:16!
A:806E K:00 B:00 S:01AF P:B4 I:8D E:1 F:0566 T:FF C:0000 N:12E1 W:806E L:16!
A:809F K:00 B:00 S:0130 P:34 I:EB E:1 F:0567 T:FF C:0000 N:12E2 W:809F L:16!
A:FC97 K:00 B:00 S:01CD P:34 I:5C E:1 F:0568 T:FF C:0000 N:12E2 W:FC97 L:16!
A:0158 K:00 B:00 S:0158 P:B4 I:F4 E:1 F:0569 T:FF C:0000 N:12E1 W:807C L:16!
A:80A7 K:00 B:00 S:01D9 P:34 I:48 E:1 F:056A T:FF C:0000 N:12E2 W:80A7 L:16!
A:805D K:00 B:00 S:0175 P:36 I:A9 E:1 F:056B T:FF C:0000 N:12E2 W:805D L:16!
A:01FD K:00 B:00 S:01FD P:B4 I:F4 E:1 F:056C T:FF C:0000 N:12E1 W:8085 L:16!
A:0187 K:00 B:00 S:0187 P:36 I:60 E:1 F:056D T:FF C:0000 N:12E2 W:80AE L:16!
A:8064 K:00 B:00 S:0120 P:B4 I:AD E:1 F:056E T:FF C:0000 N:12E2 W:8064 L:16!
A:808E K:00 B:00 S:019F P:B4 I:F4 E:1 F:056F T:FF C:0000 N:12E1 W:808E L:16!
A:FFFF K:00 B:00 S:0134 P:36 I:6C E:1 F:0570 T:FF C:0000 N:12E2 W:014A L:16!
A:806B K:00 B:00 S:01C8 P:B4 I:AD E:1 F:0571 T:FF C:0000 N:12E2 W:806B L:16!
A:8096 K:00 B:00 S:0148 P:34 I:EB E:1 F:0572 T:FF C:0000 N:12E1 W:8096 L:16!
A:01DE K:00 B:00 S:01DE P:34 I:0B E:1 F:0573 T:FF C:0000 N:12E2 W:805B L:16!
A:0172 K:00 B:00 S:0172 P:B4 I:F4 E:1 F:0574 T:FF C:0000 N:12E1 W:8079 L:16!
A:809F K:00 B:00 S:01F2 P:34 I:EB E:1 F:0575 T:FF C:0000 N:12E2 W:809F L:16!
A:8061 K:00 B:00 S:0187 P:36 I:AB E:1 F:0576 T:FF C:0000 N:12E2 W:8061 L:16!
A:8082 K:00 B:00 S:0117 P:B4 I:F4 E:1 F:0577 T:FF C:0000 N:12E2 W:8082 L:16!
A:80A5 K:00 B:00 S:0199 P:34 I:09 E:1 F:0578 T:FF C:0000 N:12E2 W:80A5 L:16!
A:806B K:00 B:00 S:0132 P:B4 I:AD E:1 F:0579 T:FF C:0000 N:12E2 W:806B L:16!
A:808A K:00 B:00 S:01BC P:B4 I:F4 E:1 F:057A T:FF C:0000 N:12E1 W:808A L:16!
A:80AD K:00 B:00 S:0144 P:34 I:28 E:1 F:057B T:FF C:0000 N:12E2 W:80AD L:16!
A:01DC K:00 B:00 S:01DC P:B4 I:F4 E:1 F:057C T:FF C:0000 N:12E2 W:8079 L:16!
A:8093 K:00 B:00 S:0162 P:34 I:1A E:1 F:057D T:FF C:0000 N:12E2 W:8093 L:16!
A:FC95 K:00 B:00 S:01F0 P:36 I:5C E:1 F:057E T:FF C:0000 N:12E2 W:FC95 L:16!
A:8082 K:00 B:00 S:0181 P:B4 I:F4 E:1 F:057F T:FF C:0000 N:12E2 W:8082 L:16!
A:010C K:00 B:00 S:010C P:34 I:48 E:1 F:0580 T:FF C:0000 N:12E2 W:809A L:16!
A:019A K:00 B:00 S:019A P:34 I:0B E:1 F:0581 T:FF C:0000 N:12E2 W:805B L:16!
A:808C K:00 B:00 S:0127 P:B4 I:F4 E:1 F:0582 T:FF C:0000 N:12E2 W:808C L:16!
A:809F K:00 B:00 S:01B4 P:34 I:EB E:1 F:0583 T:FF C:0000 N:12E2 W:809F L:16!
A:8061 K:00 B:00 S:0143 P:36 I:AB E:1 F:0584 T:FF C:0000 N:12E2 W:8061 L:16!
A:01CF K:00 B:00 S:01CF P:34 I:48 E:1 F:0585 T:FF C:0000 N:12E1 W:8095 L:16!
A:80A7 K:00 B:00 S:015D P:34 I:48 E:1 F:0586 T:FF C:0000 N:12E2 W:80A7 L:16!
A:806B K:00 B:00 S:01EE P:B4 I:AD E:1 F:0587 T:FF C:0000 N:12E2 W:806B L:16!
A:809C K:00 B:00 S:0178 P:34 I:18 E:1 F:0588 T:FF C:0000 N:12E2 W:809C L:16!
A:010B K:00 B:00 S:010B P:36 I:60 E:1 F:0589 T:FF C:0000 N:12E2 W:80AE L:16!
A:0198 K:00 B:00 S:0198 P:B4 I:F4 E:1 F:058A T:FF C:0000 N:12E2 W:8079 L:16!
A:80A5 K:00 B:00 S:0122 P:34 I:09 E:1 F:058B T:FF C:0000 N:12E2 W:80A5 L:16!
A:FFFF K:00 B:00 S:01B5 P:36 I:6C E:1 F:058C T:FF C:0000 N:12E2 W:01CB L:16!
A:8082 K:00 B:00 S:013D P:B4 I:F4 E:1 F:058D T:FF C:0000 N:12E2 W:8082 L:16!
A:809F K:00 B:00 S:01CD P:34 I:EB E:1 F:058E T:FF C:0000 N:12E2 W:809F L:16!
A:015F K:00 B:00 S:015F P:34 I:0B E:1 F:058F T:FF C:0000 N:12E2 W:805B L:16!
A:808C K:00 B:00 S:01E3 P:B4 I:F4 E:1 F:0590 T:FF C:0000 N:12E1 W:808C L:16!
A:80A7 K:00 B:00 S:0176 P:74 I:48 E:1 F:0591 T:FF C:0000 N:12E2 W:80A7 L:16!
A:8061 K:00 B:00 S:0108 P:36 I:AB E:1 F:0592 T:FF C:0000 N:12E2 W:8061 L:16!
A:018B K:00 B:00 S:018B P:34 I:48 E:1 F:0593 T:FF C:0000 N:12E1 W:8095 L:16!
A:0124 K:00 B:00 S:0124 P:34 I:60 E:1 F:0594 T:FF C:0000 N:12E2 W:80AE L:16!
A:806B K:00 B:00 S:01B0 P:B4 I:AD E:1 F:0595 T:FF C:0000 N:12E1 W:806B L:16!
A:809C K:00 B:00 S:0134 P:34 I:18 E:1 F:0596 T:FF C:0000 N:12E2 W:809C L:16!
A:01E1 K:00 B:00 S:01CE P:36 I:8D E:1 F:0597 T:FF C:0000 N:12E2 W:01E1 L:16!
A:015A K:00 B:00 S:015A P:B4 I:F4 E:1 F:0598 T:FF C:0000 N:12E1 W:8079 L:16!
A:80A5 K:00 B:00 S:01DE P:34 I:09 E:1 F:0599 T:FF C:0000 N:12E2 W:80A5 L:16!
A:8059 K:00 B:00 S:0179 P:36 I:EB E:1 F:059A T:FF C:0000 N:12E2 W:8059 L:16!
A:8082 K:00 B:00 S:01FF P:B4 I:F4 E:1 F:059B T:FF C:0000 N:12E1 W:8082 L:16!
A:80AD K:00 B:00 S:0189 P:34 I:28 E:1 F:059C T:FF C:0000 N:12E2 W:80AD L:16!
A:8060 K:00 B:00 S:0120 P:36 I:48 E:1 F:059D T:FF C:0000 N:12E2 W:8060 L:16!
A:808A K:00 B:00 S:01A4 P:B4 I:F4 E:1 F:059E T:FF C:0000 N:12E1 W:808A L:16!
A:014B K:00 B:00 S:0138 P:36 I:8D E:1 F:059F T:FF C:0000 N:12E2 W:014B L:16!
A:8067 K:00 B:00 S:01CA P:B4 I:8D E:1 F:05A0 T:FF C:0000 N:12E2 W:8067 L:16!
A:8093 K:00 B:00 S:014A P:34 I:1A E:1 F:05A1 T:FF C:0000 N:12E1 W:8093 L:16!
A:8059 K:00 B:00 S:01E3 P:36 I:EB E:1 F:05A2 T:FF C:0000 N:12E2 W:8059 L:16!
A:8070 K:00 B:00 S:0174 P:B4 I:90 E:1 F:05A3 T:FF C:0000 N:12E1 W:8070 L:16!
A:01F4 K:00 B:00 S:01F4 P:34 I:48 E:1 F:05A4 T:FF C:0000 N:12E2 W:809A L:16!
A:8060 K:00 B:00 S:018A P:36 I:48 E:1 F:05A5 T:FF C:0000 N:12E2 W:8060 L:16!
A:807E K:00 B:00 S:011C P:B4 I:F4 E:1 F:05A6 T:FF C:0000 N:12E1 W:807E L:16!
A:80A5 K:00 B:00 S:019A P:34 I:09 E:1 F:05A7 T:FF C:0000 N:12E2 W:80A5 L:16!
A:8069 K:00 B:00 S:0136 P:B4 I:AD E:1 F:05A8 T:FF C:0000 N:12E2 W:8069 L:16!
A:8082 K:00 B:00 S:01C1 P:B4 I:F4 E:1 F:05A9 T:FF C:0000 N:12E2 W:8082 L:16!
A:80AD K:00 B:00 S:0145 P:34 I:28 E:1 F:05AA T:FF C:0000 N:12E2 W:80AD L:16!
A:8076 K:00 B:00 S:01E1 P:B4 I:B0 E:1 F:05AB T:FF C:0000 N:12E2 W:8076 L:16!
A:808C K:00 B:00 S:0167 P:B4 I:F4 E:1 F:05AC T:FF C:0000 N:12E2 W:808C L:16!
A:0107 K:00 B:00 S:01F4 P:36 I:8D E:1 F:05AD T:FF C:0000 N:12E2 W:0107 L:16!
A:8080 K:00 B:00 S:0187 P:B4 I:F4 E:1 F:05AE T:FF C:0000 N:12E2 W:8080 L:16!
A:010F K:00 B:00 S:010F P:34 I:48 E:1 F:05AF T:FF C:0000 N:12E2 W:8095 L:16!
A:8059 K:00 B:00 S:019F P:36 I:EB E:1 F:05B0 T:FF C:0000 N:12E2 W:8059 L:16!
A:808A K:00 B:00 S:012D P:B4 I:F4 E:1 F:05B1 T:FF C:0000 N:12E2 W:808A L:16!
A:809C K:00 B:00 S:01B5 P:34 I:18 E:1 F:05B2 T:FF C:0000 N:12E2 W:809C L:16!
A:8060 K:00 B:00 S:0146 P:36 I:48 E:1 F:05B3 T:FF C:0000 N:12E2 W:8060 L:16!
A:8082 K:00 B:00 S:01DA P:B4 I:F4 E:1 F:05B4 T:FF C:0000 N:12E2 W:8082 L:16!
A:80A5 K:00 B:00 S:015F P:34 I:09 E:1 F:05B5 T:FF C:0000 N:12E2 W:80A5 L:16!
A:8069 K:00 B:00 S:01F2 P:B4 I:AD E:1 F:05B6 T:FF C:0000 N:12E2 W:8069 L:16!
A:808C K:00 B:00 S:0180 P:B4 I:F4 E:1 F:05B7 T:FF C:0000 N:12E1 W:808C L:16!
A:80AD K:00 B:00 S:010A P:34 I:28 E:1 F:05B8 T:FF C:0000 N:12E2 W:80AD L:16!
A:8076 K:00 B:00 S:019D P:B4 I:B0 E:1 F:05B9 T:FF C:0000 N:12E2 W:8076 L:16!
A:0128 K:00 B:00 S:0128 P:34 I:48 E:1 F:05BA T:FF C:0000 N:12E2 W:8095 L:16!
A:01C9 K:00 B:00 S:01B6 P:36 I:8D E:1 F:05BB T:FF C:0000 N:12E2 W:01C9 L:16!
A:8080 K:00 B:00 S:0143 P:B4 I:F4 E:1 F:05BC T:FF C:0000 N:12E2 W:8080 L:16!
A:01CF K:00 B:00 S:01CF P:34 I:48 E:1 F:05BD T:FF C:0000 N:12E2 W:809A L:16!
A:8059 K:00 B:00 S:0161 P:36 I:EB E:1 F:05BE T:FF C:0000 N:12E2 W:8059 L:16!
A:808A K:00 B:00 S:01E9 P:B4 I:F4 E:1 F:05BF T:FF C:0000 N:12E2 W:808A L:16!
A:80A3 K:00 B:00 S:0178 P:F4 I:A3 E:1 F:05C0 T:FF C:0000 N:12E2 W:80A3 L:16!
A:8060 K:00 B:00 S:0108 P:36 I:48 E:1 F:05C1 T:FF C:0000 N:12E2 W:8060 L:16!
A:8093 K:00 B:00 S:018F P:B4 I:1A E:1 F:05C2 T:FF C:0000 N:12E2 W:8093 L:16!
A:80AB K:00 B:00 S:0123 P:34 I:A3 E:1 F:05C3 T:FF C:0000 N:12E2 W:80AB L:16!
A:8067 K:00 B:00 S:01B2 P:B4 I:8D E:1 F:05C4 T:FF C:0000 N:12E2 W:8067 L:16!
A:0139 K:00 B:00 S:0139 P:34 I:48 E:1 F:05C5 T:FF C:0000 N:12E2 W:809A L:16!
A:01DD K:00 B:00 S:01CF P:36 I:8D E:1 F:05C6 T:FF C:0000 N:12E2 W:01DD L:16!
A:8070 K:00 B:00 S:015C P:B4 I:90 E:1 F:05C7 T:FF C:0000 N:12E2 W:8070 L:16!
A:80A3 K:00 B:00 S:01E2 P:B4 I:A3 E:1 F:05C8 T:FF C:0000 N:12E2 W:80A3 L:16!
A:FC97 K:00 B:00 S:017B P:36 I:5C E:1 F:05C9 T:FF C:0000 N:12E2 W:FC97 L:16!
A:807E K:00 B:00 S:0104 P:B4 I:F4 E:1 F:05CA T:FF C:0000 N:12E2 W:807E L:16!
A:80AB K:00 B:00 S:018D P:34 I:A3 E:1 F:05CB T:FF C:0000 N:12E2 W:80AB L:16!
A:805D K:00 B:00 S:0123 P:36 I:A9 E:1 F:05CC T:FF C:0000 N:12E2 W:805D L:16!
A:808A K:00 B:00 S:01A5 P:B4 I:F4 E:1 F:05CD T:FF C:0000 N:12E1 W:808A L:16!
A:014C K:00 B:00 S:013C P:36 I:8D E:1 F:05CE T:FF C:0000 N:12E2 W:014C L:16!
A:8060 K:00 B:00 S:01CA P:36 I:48 E:1 F:05CF T:FF C:0000 N:12E2 W:8060 L:16!
A:8093 K:00 B:00 S:014B P:34 I:1A E:1 F:05D0 T:FF C:0000 N:12E1 W:8093 L:16!
A:01E8 K:00 B:00 S:01E8 P:36 I:48 E:1 F:05D1 T:FF C:0000 N:12E2 W:8056 L:16!
A:8069 K:00 B:00 S:0176 P:B4 I:AD E:1 F:05D2 T:FF C:0000 N:12E2 W:8069 L:16!
A:01F5 K:00 B:00 S:01F5 P:34 I:48 E:1 F:05D3 T:FF C:0000 N:12E1 W:809A L:16!
A:0190 K:00 B:00 S:0190 P:36 I:8B E:1 F:05D4 T:FF C:0000 N:12E2 W:805F L:16!
A:8076 K:00 B:00 S:0121 P:B4 I:B0 E:1 F:05D5 T:FF C:0000 N:12E1 W:8076 L:16!
A:80A3 K:00 B:00 S:019E P:B4 I:A3 E:1 F:05D6 T:FF C:0000 N:12E2 W:80A3 L:16!
A:8067 K:00 B:00 S:013B P:B4 I:8D E:1 F:05D7 T:FF C:0000 N:12E2 W:8067 L:16!
A:8080 K:00 B:00 S:01C4 P:B4 I:F4 E:1 F:05D8 T:FF C:0000 N:12E1 W:8080 L:16!
A:80AB K:00 B:00 S:0149 P:34 I:A3 E:1 F:05D9 T:FF C:0000 N:12E2 W:80AB L:16!
A:8060 K:00 B:00 S:01E3 P:36 I:48 E:1 F:05DA T:FF C:0000 N:12E2 W:8060 L:16!
A:808A K:00 B:00 S:016A P:B4 I:F4 E:1 F:05DB T:FF C:0000 N:12E2 W:808A L:16!
A:0108 K:00 B:00 S:01F8 P:36 I:8D E:1 F:05DC T:FF C:0000 N:12E2 W:0108 L:16!
A:8069 K:00 B:00 S:018F P:B4 I:AD E:1 F:05DD T:FF C:0000 N:12E2 W:8069 L:16!
A:8093 K:00 B:00 S:0110 P:34 I:1A E:1 F:05DE T:FF C:0000 N:12E2 W:8093 L:16!
A:01A4 K:00 B:00 S:01A4 P:36 I:48 E:1 F:05DF T:FF C:0000 N:12E2 W:8056 L:16!
A:8076 K:00 B:00 S:013A P:B4 I:B0 E:1 F:05E0 T:FF C:0000 N:12E2 W:8076 L:16!
A:01B7 K:00 B:00 S:01B7 P:34 I:48 E:1 F:05E1 T:FF C:0000 N:12E2 W:809A L:16!
A:014C K:00 B:00 S:014C P:36 I:8B E:1 F:05E2 T:FF C:0000 N:12E2 W:805F L:16!
A:807E K:00 B:00 S:01DF P:B4 I:F4 E:1 F:05E3 T:FF C:0000 N:12E1 W:807E L:16!
A:80A3 K:00 B:00 S:0160 P:34 I:A3 E:1 F:05E4 T:FF C:0000 N:12E2 W:80A3 L:16!
A:8067 K:00 B:00 S:01F7 P:B4 I:8D E:1 F:05E5 T:FF C:0000 N:12E2 W:8067 L:16!
A:0185 K:00 B:00 S:0185 P:B4 I:F4 E:1 F:05E6 T:FF C:0000 N:12E2 W:8088 L:16!
A:80AB K:00 B:00 S:010B P:34 I:A3 E:1 F:05E7 T:FF C:0000 N:12E2 W:80AB L:16!
A:8070 K:00 B:00 S:01A1 P:B4 I:90 E:1 F:05E8 T:FF C:0000 N:12E2 W:8070 L:16!
A:012A K:00 B:00 S:012A P:B4 I:F4 E:1 F:05E9 T:FF C:0000 N:12E2 W:8091 L:16!
A:01C5 K:00 B:00 S:01B7 P:36 I:8D E:1 F:05EA T:FF C:0000 N:12E2 W:01C5 L:16!
A:807E K:00 B:00 S:0149 P:B4 I:F4 E:1 F:05EB T:FF C:0000 N:12E2 W:807E L:16!
A:8096 K:00 B:00 S:01D1 P:B4 I:EB E:1 F:05EC T:FF C:0000 N:12E2 W:8096 L:16!
A:FC97 K:00 B:00 S:0163 P:36 I:5C E:1 F:05ED T:FF C:0000 N:12E2 W:FC97 L:16!
A:01EF K:00 B:00 S:01EF P:B4 I:F4 E:1 F:05EE T:FF C:0000 N:12E2 W:8088 L:16!
A:809F K:00 B:00 S:017B P:74 I:EB E:1 F:05EF T:FF C:0000 N:12E2 W:809F L:16!
A:805D K:00 B:00 S:010B P:36 I:A9 E:1 F:05F0 T:FF C:0000 N:12E2 W:805D L:16!
A:0194 K:00 B:00 S:0194 P:B4 I:F4 E:1 F:05F1 T:FF C:0000 N:12E2 W:8091 L:16!
A:80A7 K:00 B:00 S:0124 P:34 I:48 E:1 F:05F2 T:FF C:0000 N:12E2 W:80A7 L:16!
A:8067 K:00 B:00 S:01B3 P:B4 I:8D E:1 F:05F3 T:FF C:0000 N:12E2 W:8067 L:16!
A:8098 K:00 B:00 S:013D P:34 I:A3 E:1 F:05F4 T:FF C:0000 N:12E2 W:8098 L:16!
A:80AB K:00 B:00 S:01CD P:34 I:A3 E:1 F:05F5 T:FF C:0000 N:12E2 W:80AB L:16!
A:8070 K:00 B:00 S:015D P:B4 I:90 E:1 F:05F6 T:FF C:0000 N:12E2 W:8070 L:16!
A:80A1 K:00 B:00 S:01E7 P:34 I:EB E:1 F:05F7 T:FF C:0000 N:12E2 W:80A1 L:16!
A:018C K:00 B:00 S:017C P:36 I:8D E:1 F:05F8 T:FF C:0000 N:12E2 W:018C L:16!
A:807E K:00 B:00 S:0105 P:B4 I:F4 E:1 F:05F9 T:FF C:0000 N:12E2 W:807E L:16!
A:80A9 K:00 B:00 S:0191 P:34 I:A3 E:1 F:05FA T:FF C:0000 N:12E2 W:80A9 L:16!
A:0128 K:00 B:00 S:0128 P:36 I:48 E:1 F:05FB T:FF C:0000 N:12E1 W:8056 L:16!
A:01AB K:00 B:00 S:01AB P:B4 I:F4 E:1 F:05FC T:FF C:0000 N:12E2 W:8088 L:16!
A:014E K:00 B:00 S:0140 P:36 I:8D E:1 F:05FD T:FF C:0000 N:12E2 W:014E L:16!
A:01CD K:00 B:00 S:01CD P:36 I:8B E:1 F:05FE T:FF C:0000 N:12E2 W:805F L:16!
A:0150 K:00 B:00 S:0150 P:B4 I:F4 E:1 F:05FF T:FF C:0000 N:12E1 W:8091 L:16!
A:009A K:00 B:00 S:01EC P:36 I:01 E:1 F:0600 T:FF C:0000 N:12E2 W:8038 L:16!
A:8067 K:00 B:00 S:0178 P:B4 I:8D E:1 F:0601 T:FF C:0000 N:12E2 W:8067 L:16!
A:8098 K:00 B:00 S:01F9 P:B4 I:A3 E:1 F:0602 T:FF C:0000 N:12E1 W:8098 L:16!
A:01A5 K:00 B:00 S:0195 P:34 I:8D E:1 F:0603 T:FF C:0000 N:12E2 W:01A5 L:16!
A:8070 K:00 B:00 S:0122 P:B4 I:90 E:1 F:0604 T:FF C:0000 N:12E2 W:8070 L:16!
A:80A1 K:00 B:00 S:01A3 P:34 I:EB E:1 F:0605 T:FF C:0000 N:12E2 W:80A1 L:16!
A:0141 K:00 B:00 S:0141 P:34 I:48 E:1 F:0606 T:FF C:0000 N:12E2 W:8056 L:16!
A:807E K:00 B:00 S:01C7 P:B4 I:F4 E:1 F:0607 T:FF C:0000 N:12E1 W:807E L:16!
A:80A9 K:00 B:00 S:014D P:34 I:A3 E:1 F:0608 T:FF C:0000 N:12E2 W:80A9 L:16!
A:805D K:00 B:00 S:01E6 P:36 I:A9 E:1 F:0609 T:FF C:0000 N:12E2 W:805D L:16!
A:016D K:00 B:00 S:016D P:B4 I:F4 E:1 F:060A T:FF C:0000 N:12E1 W:8088 L:16!
A:010A K:00 B:00 S:01FC P:36 I:8D E:1 F:060B T:FF C:0000 N:12E2 W:010A L:16!
A:8064 K:00 B:00 S:0191 P:B4 I:AD E:1 F:060C T:FF C:0000 N:12E2 W:8064 L:16!
A:0112 K:00 B:00 S:0112 P:B4 I:F4 E:1 F:060D T:FF C:0000 N:12E1 W:8091 L:16!
A:FC97 K:00 B:00 S:01A8 P:36 I:5C E:1 F:060E T:FF C:0000 N:12E2 W:FC97 L:16!
A:806E K:00 B:00 S:013C P:B4 I:8D E:1 F:060F T:FF C:0000 N:12E1 W:806E L:16!
A:8096 K:00 B:00 S:01B9 P:B4 I:EB E:1 F:0610 T:FF C:0000 N:12E1 W:8096 L:16!
A:805D K:00 B:00 S:0150 P:36 I:A9 E:1 F:0611 T:FF C:0000 N:12E2 W:805D L:16!
A:01E3 K:00 B:00 S:01E3 P:B4 I:F4 E:1 F:0612 T:FF C:0000 N:12E1 W:8079 L:16!
A:809F K:00 B:00 S:0163 P:34 I:EB E:1 F:0613 T:FF C:0000 N:12E2 W:809F L:16!
A:8064 K:00 B:00 S:01FB P:B4 I:AD E:1 F:0614 T:FF C:0000 N:12E2 W:8064 L:16!
A:8082 K:00 B:00 S:0188 P:B4 I:F4 E:1 F:0615 T:FF C:0000 N:12E1 W:8082 L:16!
A:80A7 K:00 B:00 S:010C P:34 I:48 E:1 F:0616 T:FF C:0000 N:12E2 W:80A7 L:16!
A:806E K:00 B:00 S:01A6 P:B4 I:8D E:1 F:0617 T:FF C:0000 N:12E2 W:806E L:16!
A:808C K:00 B:00 S:012E P:B4 I:F4 E:1 F:0618 T:FF C:0000 N:12E2 W:808C L:16!
A:01C6 K:00 B:00 S:01B8 P:36 I:8D E:1 F:0619 T:FF C:0000 N:12E2 W:01C6 L:16!
A:014F K:00 B:00 S:014F P:B4 I:F4 E:1 F:061A T:FF C:0000 N:12E2 W:807C L:16!
A:01D4 K:00 B:00 S:01D4 P:B4 I:F4 E:1 F:061B T:FF C:0000 N:12E2 W:8091 L:16!
A:FC97 K:00 B:00 S:0164 P:36 I:5C E:1 F:061C T:FF C:0000 N:12E2 W:FC97 L:16!
A:01F4 K:00 B:00 S:01F4 P:B4 I:F4 E:1 F:061D T:FF C:0000 N:12E2 W:8085 L:16!
A:8098 K:00 B:00 S:017D P:B4 I:A3 E:1 F:061E T:FF C:0000 N:12E2 W:8098 L:16!
A:805D K:00 B:00 S:010C P:36 I:A9 E:1 F:061F T:FF C:0000 N:12E2 W:805D L:16!
A:808E K:00 B:00 S:0199 P:B4 I:F4 E:1 F:0620 T:FF C:0000 N:12E2 W:808E L:16!
A:80A1 K:00 B:00 S:0127 P:34 I:EB E:1 F:0621 T:FF C:0000 N:12E2 W:80A1 L:16!
A:8064 K:00 B:00 S:01B7 P:B4 I:AD E:1 F:0622 T:FF C:0000 N:12E2 W:8064 L:16!
A:8096 K:00 B:00 S:0142 P:34 I:EB E:1 F:0623 T:FF C:0000 N:12E1 W:8096 L:16!
A:80A9 K:00 B:00 S:01CE P:36 I:A3 E:1 F:0624 T:FF C:0000 N:12E2 W:80A9 L:16!
A:806E K:00 B:00 S:0162 P:B4 I:8D E:1 F:0625 T:FF C:0000 N:12E2 W:806E L:16!
A:809F K:00 B:00 S:01EC P:34 I:EB E:1 F:0626 T:FF C:0000 N:12E2 W:809F L:16!
A:018B K:00 B:00 S:017D P:36 I:8D E:1 F:0627 T:FF C:0000 N:12E2 W:018B L:16!
A:010B K:00 B:00 S:010B P:B4 I:F4 E:1 F:0628 T:FF C:0000 N:12E2 W:807C L:16!
A:8098 K:00 B:00 S:0196 P:B4 I:A3 E:1 F:0629 T:FF C:0000 N:12E2 W:8098 L:16!
A:FC97 K:00 B:00 S:0129 P:36 I:5C E:1 F:062A T:FF C:0000 N:12E2 W:FC97 L:16!
A:01B0 K:00 B:00 S:01B0 P:B4 I:F4 E:1 F:062B T:FF C:0000 N:12E2 W:8085 L:16!
A:80A1 K:00 B:00 S:0140 P:34 I:EB E:1 F:062C T:FF C:0000 N:12E2 W:80A1 L:16!
A:805D K:00 B:00 S:01CE P:36 I:A9 E:1 F:062D T:FF C:0000 N:12E2 W:805D L:16!
A:808E K:00 B:00 S:0155 P:B4 I:F4 E:1 F:062E T:FF C:0000 N:12E2 W:808E L:16!
A:80A9 K:00 B:00 S:01EA P:34 I:A3 E:1 F:062F T:FF C:0000 N:12E2 W:80A9 L:16!
A:8064 K:00 B:00 S:0179 P:B4 I:AD E:1 F:0630 T:FF C:0000 N:12E2 W:8064 L:16!
A:8096 K:00 B:00 S:01FE P:36 I:EB E:1 F:0631 T:FF C:0000 N:12E2 W:8096 L:16!
A:0195 K:00 B:00 S:0195 P:36 I:60 E:1 F:0632 T:FF C:0000 N:12E2 W:80AE L:16!
A:806E K:00 B:00 S:0124 P:B4 I:8D E:1 F:0633 T:FF C:0000 N:12E1 W:806E L:16!
A:809F K:00 B:00 S:01A8 P:34 I:EB E:1 F:0634 T:FF C:0000 N:12E2 W:809F L:16!
A:FFFF K:00 B:00 S:0142 P:36 I:6C E:1 F:0635 T:FF C:0000 N:12E2 W:0158 L:16!
A:01CB K:00 B:00 S:01CB P:B4 I:F4 E:1 F:0636 T:FF C:0000 N:12E2 W:8079 L:16!
A:80A7 K:00 B:00 S:0151 P:34 I:48 E:1 F:0637 T:FF C:0000 N:12E2 W:80A7 L:16!
A:8059 K:00 B:00 S:01EA P:34 I:EB E:1 F:0638 T:FF C:0000 N:12E2 W:8059 L:16!
A:8082 K:00 B:00 S:0170 P:B4 I:F4 E:1 F:0639 T:FF C:0000 N:12E2 W:8082 L:16!
A:01FF K:00 B:00 S:01FF P:36 I:60 E:1 F:063A T:FF C:0000 N:12E2 W:80AE L:16!
A:8060 K:00 B:00 S:0191 P:36 I:48 E:1 F:063B T:FF C:0000 N:12E1 W:8060 L:16!
A:808C K:00 B:00 S:0116 P:B4 I:F4 E:1 F:063C T:FF C:0000 N:12E1 W:808C L:16!
A:FFFF K:00 B:00 S:01AC P:36 I:6C E:1 F:063D T:FF C:0000 N:12E2 W:01C2 L:16!
A:8069 K:00 B:00 S:013D P:B4 I:AD E:1 F:063E T:FF C:0000 N:12E2 W:8069 L:16!
A:8096 K:00 B:00 S:01BA P:B4 I:EB E:1 F:063F T:FF C:0000 N:12E2 W:8096 L:16!
A:0156 K:00 B:00 S:0156 P:34 I:0B E:1 F:0640 T:FF C:0000 N:12E2 W:805B L:16!
A:806E K:00 B:00 S:01E6 P:B4 I:8D E:1 F:0641 T:FF C:0000 N:12E1 W:806E L:16!
A:809F K:00 B:00 S:0164 P:34 I:EB E:1 F:0642 T:FF C:0000 N:12E2 W:809F L:16!
A:8061 K:00 B:00 S:01FF P:36 I:AB E:1 F:0643 T:FF C:0000 N:12E2 W:8061 L:16!
A:018F K:00 B:00 S:018F P:B4 I:F4 E:1 F:0644 T:FF C:0000 N:12E1 W:807C L:16!
A:80A7 K:00 B:00 S:010D P:34 I:48 E:1 F:0645 T:FF C:0000 N:12E2 W:80A7 L:16!
A:806B K:00 B:00 S:01AA P:B4 I:AD E:1 F:0646 T:FF C:0000 N:12E2 W:806B L:16!
A:0134 K:00 B:00 S:0134 P:B4 I:F4 E:1 F:0647 T:FF C:0000 N:12E2 W:8085 L:16!
A:01BB K:00 B:00 S:01BB P:36 I:60 E:1 F:0648 T:FF C:0000 N:12E2 W:80AE L:16!
A:0154 K:00 B:00 S:0154 P:B4 I:F4 E:1 F:0649 T:FF C:0000 N:12E2 W:8079 L:16!
A:808E K:00 B:00 S:01D6 P:B4 I:F4 E:1 F:064A T:FF C:0000 N:12E2 W:808E L:16!
A:FFFF K:00 B:00 S:0168 P:36 I:6C E:1 F:064B T:FF C:0000 N:12E2 W:017E L:16!
A:8082 K:00 B:00 S:01F9 P:B4 I:F4 E:1 F:064C T:FF C:0000 N:12E2 W:8082 L:16!
A:8096 K:00 B:00 S:017F P:B4 I:EB E:1 F:064D T:FF C:0000 N:12E2 W:8096 L:16!
A:0112 K:00 B:00 S:0112 P:34 I:0B E:1 F:064E T:FF C:0000 N:12E2 W:805B L:16!
A:01A8 K:00 B:00 S:01A8 P:B4 I:F4 E:1 F:064F T:FF C:0000 N:12E2 W:807C L:16!
A:809F K:00 B:00 S:0129 P:34 I:EB E:1 F:0650 T:FF C:0000 N:12E1 W:809F L:16!
A:8061 K:00 B:00 S:01BB P:36 I:AB E:1 F:0651 T:FF C:0000 N:12E2 W:8061 L:16!
A:014D K:00 B:00 S:014D P:B4 I:F4 E:1 F:0652 T:FF C:0000 N:12E1 W:8085 L:16!
A:80A7 K:00 B:00 S:01CF P:34 I:48 E:1 F:0653 T:FF C:0000 N:12E2 W:80A7 L:16!
A:806B K:00 B:00 S:0166 P:B4 I:AD E:1 F:0654 T:FF C:0000 N:12E2 W:806B L:16!
A:808E K:00 B:00 S:01F2 P:B4 I:F4 E:1 F:0655 T:FF C:0000 N:12E2 W:808E L:16!
A:017D K:00 B:00 S:017D P:36 I:60 E:1 F:0656 T:FF C:0000 N:12E2 W:80AE L:16!
A:0110 K:00 B:00 S:0110 P:B4 I:F4 E:1 F:0657 T:FF C:0000 N:12E2 W:8079 L:16!
A:0199 K:00 B:00 S:0199 P:34 I:48 E:1 F:0658 T:FF C:0000 N:12E2 W:8095 L:16!
A:FFFF K:00 B:00 S:012A P:36 I:6C E:1 F:0659 T:FF C:0000 N:12E2 W:0140 L:16!
A:8082 K:00 B:00 S:01B5 P:B4 I:F4 E:1 F:065A T:FF C:0000 N:12E2 W:8082 L:16!
A:809C K:00 B:00 S:0142 P:34 I:18 E:1 F:065B T:FF C:0000 N:12E2 W:809C L:16!
A:8059 K:00 B:00 S:01D2 P:36 I:EB E:1 F:065C T:FF C:0000 N:12E2 W:8059 L:16!
A:808C K:00 B:00 S:015B P:B4 I:F4 E:1 F:065D T:FF C:0000 N:12E2 W:808C L:16!
A:80A5 K:00 B:00 S:01EC P:34 I:09 E:1 F:065E T:FF C:0000 N:12E2 W:80A5 L:16!
A:8060 K:00 B:00 S:0179 P:36 I:48 E:1 F:065F T:FF C:0000 N:12E1 W:8060 L:16!
A:0103 K:00 B:00 S:0103 P:34 I:48 E:1 F:0660 T:FF C:0000 N:12E1 W:8095 L:16!
A:80AB K:00 B:00 S:0194 P:34 I:A3 E:1 F:0661 T:FF C:0000 N:12E2 W:80AB L:16!
A:8069 K:00 B:00 S:0125 P:B4 I:AD E:1 F:0662 T:FF C:0000 N:12E2 W:8069 L:16!
A:809C K:00 B:00 S:01AC P:34 I:18 E:1 F:0663 T:FF C:0000 N:12E2 W:809C L:16!
A:0153 K:00 B:00 S:0143 P:36 I:8D E:1 F:0664 T:FF C:0000 N:12E2 W:0153 L:16!
A:01CC K:00 B:00 S:01CC P:B4 I:F4 E:1 F:0665 T:FF C:0000 N:12E2 W:8079 L:16!
A:80A5 K:00 B:00 S:0156 P:34 I:09 E:1 F:0666 T:FF C:0000 N:12E2 W:80A5 L:16!
A:FC94 K:00 B:00 S:01EC P:36 I:00 E:1 F:0667 T:FF C:0000 N:12E2 W:FC94 L:16!
A:8082 K:00 B:00 S:0171 P:B4 I:F4 E:1 F:0668 T:FF C:0000 N:12E2 W:8082 L:16!
A:80AD K:00 B:00 S:0101 P:34 I:28 E:1 F:0669 T:FF C:0000 N:12E2 W:80AD L:16!
A:0196 K:00 B:00 S:0196 P:34 I:0B E:1 F:066A T:FF C:0000 N:12E2 W:805B L:16!
A:808C K:00 B:00 S:0117 P:B4 I:F4 E:1 F:066B T:FF C:0000 N:12E1 W:808C L:16!
A:01C3 K:00 B:00 S:01B0 P:36 I:8D E:1 F:066C T:FF C:0000 N:12E2 W:01C3 L:16!
A:8061 K:00 B:00 S:013F P:36 I:AB E:1 F:066D T:FF C:0000 N:12E1 W:8061 L:16!
A:01BF K:00 B:00 S:01BF P:34 I:48 E:1 F:066E T:FF C:0000 N:12E2 W:8095 L:16!
A:8059 K:00 B:00 S:015B P:36 I:EB E:1 F:066F T:FF C:0000 N:12E2 W:8059 L:16!
A:806B K:00 B:00 S:01E7 P:B4 I:AD E:1 F:0670 T:FF C:0000 N:12E1 W:806B L:16!
A:809C K:00 B:00 S:0168 P:34 I:18 E:1 F:0671 T:FF C:0000 N:12E2 W:809C L:16!
A:8060 K:00 B:00 S:0102 P:36 I:48 E:1 F:0672 T:FF C:0000 N:12E2 W:8060 L:16!
A:0191 K:00 B:00 S:0191 P:B4 I:F4 E:1 F:0673 T:FF C:0000 N:12E1 W:8079 L:16!
A:80A5 K:00 B:00 S:0112 P:34 I:09 E:1 F:0674 T:FF C:0000 N:12E2 W:80A5 L:16!
A:01AF K:00 B:00 S:01AF P:34 I:0B E:1 F:0675 T:FF C:0000 N:12E2 W:805B L:16!
A:8082 K:00 B:00 S:0136 P:B4 I:F4 E:1 F:0676 T:FF C:0000 N:12E2 W:8082 L:16!
A:80AD K:00 B:00 S:01BD P:34 I:28 E:1 F:0677 T:FF C:0000 N:12E2 W:80AD L:16!
A:8061 K:00 B:00 S:0158 P:36 I:AB E:1 F:0678 T:FF C:0000 N:12E2 W:8061 L:16!
A:808C K:00 B:00 S:01D9 P:B4 I:F4 E:1 F:0679 T:FF C:0000 N:12E1 W:808C L:16!
A:017F K:00 B:00 S:016C P:36 I:8D E:1 F:067A T:FF C:0000 N:12E2 W:017F L:16!
A:806B K:00 B:00 S:0103 P:B4 I:AD E:1 F:067B T:FF C:0000 N:12E2 W:806B L:16!
A:0181 K:00 B:00 S:0181 P:34 I:48 E:1 F:067C T:FF C:0000 N:12E1 W:8095 L:16!
A:8059 K:00 B:00 S:0117 P:36 I:EB E:1 F:067D T:FF C:0000 N:12E2 W:8059 L:16!
A:8076 K:00 B:00 S:01AB P:B4 I:B0 E:1 F:067E T:FF C:0000 N:12E2 W:8076 L:16!
A:809C K:00 B:00 S:012A P:34 I:18 E:1 F:067F T:FF C:0000 N:12E2 W:809C L:16!
A:8060 K:00 B:00 S:01BE P:36 I:48 E:1 F:0680 T:FF C:0000 N:12E2 W:8060 L:16!
A:8080 K:00 B:00 S:0151 P:B4 I:F4 E:1 F:0681 T:FF C:0000 N:12E1 W:8080 L:16!
A:80A3 K:00 B:00 S:01D1 P:B4 I:A3 E:1 F:0682 T:FF C:0000 N:12E2 W:80A3 L:16!
A:8069 K:00 B:00 S:016A P:B4 I:AD E:1 F:0683 T:FF C:0000 N:12E2 W:8069 L:16!
A:808A K:00 B:00 S:01F7 P:B4 I:F4 E:1 F:0684 T:FF C:0000 N:12E2 W:808A L:16!
A:80AB K:00 B:00 S:017C P:74 I:A3 E:1 F:0685 T:FF C:0000 N:12E2 W:80AB L:16!
A:8076 K:00 B:00 S:0115 P:B4 I:B0 E:1 F:0686 T:FF C:0000 N:12E2 W:8076 L:16!
A:019B K:00 B:00 S:019B P:B4 I:F4 E:1 F:0687 T:FF C:0000 N:12E2 W:8091 L:16!
A:013B K:00 B:00 S:012B P:36 I:8D E:1 F:0688 T:FF C:0000 N:12E2 W:013B L:16!
A:8080 K:00 B:00 S:01BB P:B4 I:F4 E:1 F:0689 T:FF C:0000 N:12E2 W:8080 L:16!
A:8098 K:00 B:00 S:0144 P:34 I:A3 E:1 F:068A T:FF C:0000 N:12E2 W:8098 L:16!
A:8059 K:00 B:00 S:01D3 P:36 I:EB E:1 F:068B T:FF C:0000 N:12E2 W:8059 L:16!
A:808A K:00 B:00 S:0161 P:B4 I:F4 E:1 F:068C T:FF C:0000 N:12E2 W:808A L:16!
A:80A1 K:00 B:00 S:01EE P:34 I:EB E:1 F:068D T:FF C:0000 N:12E2 W:80A1 L:16!
A:8060 K:00 B:00 S:017A P:36 I:48 E:1 F:068E T:FF C:0000 N:12E2 W:8060 L:16!
A:8093 K:00 B:00 S:0107 P:34 I:1A E:1 F:068F T:FF C:0000 N:12E1 W:8093 L:16!
A:80A5 K:00 B:00 S:0196 P:34 I:09 E:1 F:0690 T:FF C:0000 N:12E2 W:80A5 L:16!
A:8069 K:00 B:00 S:0126 P:B4 I:AD E:1 F:0691 T:FF C:0000 N:12E2 W:8069 L:16!
A:01B1 K:00 B:00 S:01B1 P:34 I:48 E:1 F:0692 T:FF C:0000 N:12E2 W:809A L:16!
A:80AD K:00 B:00 S:0141 P:34 I:28 E:1 F:0693 T:FF C:0000 N:12E2 W:80AD L:16!
A:8076 K:00 B:00 S:01D1 P:B4 I:B0 E:1 F:0694 T:FF C:0000 N:12E1 W:8076 L:16!
A:80A3 K:00 B:00 S:015A P:34 I:A3 E:1 F:0695 T:FF C:0000 N:12E2 W:80A3 L:16!
A:01F0 K:00 B:00 S:01F0 P:36 I:00 E:1 F:0696 T:FF C:0000 N:12E2 W:0203 L:16!
A:8080 K:00 B:00 S:0177 P:B4 I:F4 E:1 F:0697 T:FF C:0000 N:12E2 W:8080 L:16!
A:80AB K:00 B:00 S:0105 P:34 I:A3 E:1 F:0698 T:FF C:0000 N:12E2 W:80AB L:16!
A:8059 K:00 B:00 S:0198 P:36 I:EB E:1 F:0699 T:FF C:0000 N:12E2 W:8059 L:16!
A:808A K:00 B:00 S:011D P:B4 I:F4 E:1 F:069A T:FF C:0000 N:12E2 W:808A L:16!
A:80A5 K:00 B:00 S:01AF P:34 I:09 E:1 F:069B T:FF C:0000 N:12E2 W:80A5 L:16!
A:8060 K:00 B:00 S:013F P:36 I:48 E:1 F:069C T:FF C:0000 N:12E2 W:8060 L:16!
A:8093 K:00 B:00 S:01C3 P:B4 I:1A E:1 F:069D T:FF C:0000 N:12E1 W:8093 L:16!
A:80AD K:00 B:00 S:015A P:34 I:28 E:1 F:069E T:FF C:0000 N:12E2 W:80AD L:16!
A:8069 K:00 B:00 S:01E8 P:B4 I:AD E:1 F:069F T:FF C:0000 N:12E1 W:8069 L:16!
A:016D K:00 B:00 S:016D P:34 I:48 E:1 F:06A0 T:FF C:0000 N:12E2 W:809A L:16!
A:011C K:00 B:00 S:0109 P:34 I:8D E:1 F:06A1 T:FF C:0000 N:12E2 W:011C L:16!
A:8076 K:00 B:00 S:0193 P:B4 I:B0 E:1 F:06A2 T:FF C:0000 N:12E2 W:8076 L:16!
A:80A3 K:00 B:00 S:0116 P:34 I:A3 E:1 F:06A3 T:FF C:0000 N:12E2 W:80A3 L:16!
A:01B2 K:00 B:00 S:01B2 P:36 I:48 E:1 F:06A4 T:FF C:0000 N:12E2 W:8056 L:16!
A:8080 K:00 B:00 S:0139 P:B4 I:F4 E:1 F:06A5 T:FF C:0000 N:12E1 W:8080 L:16!
A:80AB K:00 B:00 S:01C1 P:34 I:A3 E:1 F:06A6 T:FF C:0000 N:12E2 W:80AB L:16!
A:015A K:00 B:00 S:015A P:36 I:8B E:1 F:06A7 T:FF C:0000 N:12E2 W:805F L:16!
A:01DE K:00 B:00 S:01DE P:B4 I:F4 E:1 F:06A8 T:FF C:0000 N:12E1 W:8088 L:16!
A:0180 K:00 B:00 S:0170 P:36 I:8D E:1 F:06A9 T:FF C:0000 N:12E2 W:0180 L:16!
A:8067 K:00 B:00 S:0105 P:B4 I:8D E:1 F:06AA T:FF C:0000 N:12E2 W:8067 L:16!
A:0183 K:00 B:00 S:0183 P:B4 I:F4 E:1 F:06AB T:FF C:0000 N:12E1 W:8091 L:16!
A:011C K:00 B:00 S:011C P:36 I:48 E:1 F:06AC T:FF C:0000 N:12E2 W:8056 L:16!
A:806E K:00 B:00 S:01AD P:B4 I:8D E:1 F:06AD T:FF C:0000 N:12E1 W:806E L:16!
A:8098 K:00 B:00 S:012C P:34 I:A3 E:1 F:06AE T:FF C:0000 N:12E2 W:8098 L:16!
A:01C4 K:00 B:00 S:01C4 P:36 I:8B E:1 F:06AF T:FF C:0000 N:12E2 W:805F L:16!
A:0156 K:00 B:00 S:0156 P:B4 I:F4 E:1 F:06B0 T:FF C:0000 N:12E1 W:807C L:16!
A:80A3 K:00 B:00 S:01D2 P:B4 I:A3 E:1 F:06B1 T:FF C:0000 N:12E2 W:80A3 L:16!
A:8067 K:00 B:00 S:016F P:B4 I:8D E:1 F:06B2 T:FF C:0000 N:12E2 W:8067 L:16!
A:01FB K:00 B:00 S:01FB P:B4 I:F4 E:1 F:06B3 T:FF C:0000 N:12E1 W:8085 L:16!
A:80AB K:00 B:00 S:017D P:34 I:A3 E:1 F:06B4 T:FF C:0000 N:12E2 W:80AB L:16!
A:8070 K:00 B:00 S:0119 P:B4 I:90 E:1 F:06B5 T:FF C:0000 N:12E2 W:8070 L:16!
A:808A K:00 B:00 S:01A1 P:B4 I:F4 E:1 F:06B6 T:FF C:0000 N:12E2 W:808A L:16!
A:013C K:00 B:00 S:012C P:36 I:8D E:1 F:06B7 T:FF C:0000 N:12E2 W:013C L:16!
A:807E K:00 B:00 S:01C1 P:B4 I:F4 E:1 F:06B8 T:FF C:0000 N:12E2 W:807E L:16!
A:8093 K:00 B:00 S:0147 P:34 I:1A E:1 F:06B9 T:FF C:0000 N:12E2 W:8093 L:16!
A:01D8 K:00 B:00 S:01D8 P:36 I:48 E:1 F:06BA T:FF C:0000 N:12E2 W:8056 L:16!
A:0167 K:00 B:00 S:0167 P:B4 I:F4 E:1 F:06BB T:FF C:0000 N:12E2 W:8088 L:16!
A:01F1 K:00 B:00 S:01F1 P:34 I:48 E:1 F:06BC T:FF C:0000 N:12E2 W:809A L:16!
A:0180 K:00 B:00 S:0180 P:36 I:8B E:1 F:06BD T:FF C:0000 N:12E2 W:805F L:16!
A:010C K:00 B:00 S:010C P:B4 I:F4 E:1 F:06BE T:FF C:0000 N:12E2 W:8091 L:16!
A:80A3 K:00 B:00 S:0197 P:B4 I:A3 E:1 F:06BF T:FF C:0000 N:12E2 W:80A3 L:16!
A:8067 K:00 B:00 S:012B P:B4 I:8D E:1 F:06C0 T:FF C:0000 N:12E2 W:8067 L:16!
A:808A K:00 B:00 S:01BA P:B4 I:F4 E:1 F:06C1 T:FF C:0000 N:12E1 W:808A L:16!
A:80AB K:00 B:00 S:0142 P:34 I:A3 E:1 F:06C2 T:FF C:0000 N:12E2 W:80AB L:16!
A:8070 K:00 B:00 S:01D5 P:B4 I:90 E:1 F:06C3 T:FF C:0000 N:12E2 W:8070 L:16!
A:8093 K:00 B:00 S:0160 P:34 I:1A E:1 F:06C4 T:FF C:0000 N:12E2 W:8093 L:16!
A:0202 K:00 B:00 S:01F1 P:36 I:00 E:1 F:06C5 T:FF C:0000 N:12E2 W:0202 L:16!
A:807E K:00 B:00 S:017D P:B4 I:F4 E:1 F:06C6 T:FF C:0000 N:12E2 W:807E L:16!
A:010A K:00 B:00 S:010A P:34 I:48 E:1 F:06C7 T:FF C:0000 N:12E2 W:809A L:16!
A:019A K:00 B:00 S:019A P:36 I:48 E:1 F:06C8 T:FF C:0000 N:12E2 W:8056 L:16!
A:0123 K:00 B:00 S:0123 P:B4 I:F4 E:1 F:06C9 T:FF C:0000 N:12E2 W:8088 L:16!
A:80A1 K:00 B:00 S:01B1 P:34 I:EB E:1 F:06CA T:FF C:0000 N:12E2 W:80A1 L:16!
A:0142 K:00 B:00 S:0142 P:36 I:8B E:1 F:06CB T:FF C:0000 N:12E2 W:805F L:16!
A:01C8 K:00 B:00 S:01C8 P:B4 I:F4 E:1 F:06CC T:FF C:0000 N:12E2 W:8091 L:16!
A:80A9 K:00 B:00 S:015B P:34 I:A3 E:1 F:06CD T:FF C:0000 N:12E2 W:80A9 L:16!
A:8064 K:00 B:00 S:01EA P:B4 I:AD E:1 F:06CE T:FF C:0000 N:12E2 W:8064 L:16!
A:8098 K:00 B:00 S:0171 P:34 I:A3 E:1 F:06CF T:FF C:0000 N:12E2 W:8098 L:16!
A:0118 K:00 B:00 S:010A P:36 I:8D E:1 F:06D0 T:FF C:0000 N:12E2 W:0118 L:16!
A:806E K:00 B:00 S:0195 P:B4 I:8D E:1 F:06D1 T:FF C:0000 N:12E2 W:806E L:16!
A:80A1 K:00 B:00 S:011B P:34 I:EB E:1 F:06D2 T:FF C:0000 N:12E2 W:80A1 L:16!
A:FFFF K:00 B:00 S:01B3 P:36 I:6C E:1 F:06D3 T:FF C:0000 N:12E2 W:01C9 L:16!
A:013E K:00 B:00 S:013E P:B4 I:F4 E:1 F:06D4 T:FF C:0000 N:12E2 W:807C L:16!
A:80A9 K:00 B:00 S:01C5 P:34 I:A3 E:1 F:06D5 T:FF C:0000 N:12E2 W:80A9 L:16!
A:015D K:00 B:00 S:015D P:34 I:0B E:1 F:06D6 T:FF C:0000 N:12E2 W:805B L:16!
A:01DF K:00 B:00 S:01DF P:B4 I:F4 E:1 F:06D7 T:FF C:0000 N:12E1 W:8088 L:16!
A:0182 K:00 B:00 S:0174 P:36 I:8D E:1 F:06D8 T:FF C:0000 N:12E2 W:0182 L:16!
A:8061 K:00 B:00 S:0106 P:36 I:AB E:1 F:06D9 T:FF C:0000 N:12E2 W:8061 L:16!
A:0184 K:00 B:00 S:0184 P:B4 I:F4 E:1 F:06DA T:FF C:0000 N:12E1 W:8091 L:16!
A:FC97 K:00 B:00 S:0120 P:36 I:5C E:1 F:06DB T:FF C:0000 N:12E2 W:FC97 L:16!
A:8067 K:00 B:00 S:01AF P:B4 I:8D E:1 F:06DC T:FF C:0000 N:12E2 W:8067 L:16!
A:8098 K:00 B:00 S:012D P:34 I:A3 E:1 F:06DD T:FF C:0000 N:12E1 W:8098 L:16!
A:805D K:00 B:00 S:01C8 P:36 I:A9 E:1 F:06DE T:FF C:0000 N:12E2 W:805D L:16!
A:8070 K:00 B:00 S:0159 P:B4 I:90 E:1 F:06DF T:FF C:0000 N:12E1 W:8070 L:16!
A:80A1 K:00 B:00 S:01D7 P:34 I:EB E:1 F:06E0 T:FF C:0000 N:12E2 W:80A1 L:16!
A:8064 K:00 B:00 S:0173 P:B4 I:AD E:1 F:06E1 T:FF C:0000 N:12E2 W:8064 L:16!
A:807E K:00 B:00 S:0101 P:B4 I:F4 E:1 F:06E2 T:FF C:0000 N:12E1 W:807E L:16!
A:80A9 K:00 B:00 S:0181 P:34 I:A3 E:1 F:06E3 T:FF C:0000 N:12E2 W:80A9 L:16!
A:806E K:00 B:00 S:011E P:B4 I:8D E:1 F:06E4 T:FF C:0000 N:12E2 W:806E L:16!
A:01A4 K:00 B:00 S:01A4 P:B4 I:F4 E:1 F:06E5 T:FF C:0000 N:12E2 W:8088 L:16!
A:013E K:00 B:00 S:0130 P:36 I:8D E:1 F:06E6 T:FF C:0000 N:12E2 W:013E L:16!
A:8067 K:00 B:00 S:01C8 P:B4 I:8D E:1 F:06E7 T:FF C:0000 N:12E2 W:8067 L:16!
A:0149 K:00 B:00 S:0149 P:B4 I:F4 E:1 F:06E8 T:FF C:0000 N:12E2 W:8091 L:16!
A:FC97 K:00 B:00 S:01DC P:36 I:5C E:1 F:06E9 T:FF C:0000 N:12E2 W:FC97 L:16!
A:8070 K:00 B:00 S:0172 P:B4 I:90 E:1 F:06EA T:FF C:0000 N:12E2 W:8070 L:16!
A:8098 K:00 B:00 S:01F2 P:B4 I:A3 E:1 F:06EB T:FF C:0000 N:12E2 W:8098 L:16!
A:805D K:00 B:00 S:0184 P:36 I:A9 E:1 F:06EC T:FF C:0000 N:12E2 W:805D L:16!
A:807E K:00 B:00 S:011A P:B4 I:F4 E:1 F:06ED T:FF C:0000 N:12E1 W:807E L:16!
A:80A1 K:00 B:00 S:0199 P:34 I:EB E:1 F:06EE T:FF C:0000 N:12E2 W:80A1 L:16!
A:8064 K:00 B:00 S:012F P:B4 I:AD E:1 F:06EF T:FF C:0000 N:12E2 W:8064 L:16!
A:01BE K:00 B:00 S:01BE P:B4 I:F4 E:1 F:06F0 T:FF C:0000 N:12E1 W:8085 L:16!
A:80A9 K:00 B:00 S:0143 P:34 I:A3 E:1 F:06F1 T:FF C:0000 N:12E2 W:80A9 L:16!
A:806E K:00 B:00 S:01DA P:B4 I:8D E:1 F:06F2 T:FF C:0000 N:12E2 W:806E L:16!
A:808E K:00 B:00 S:0163 P:B4 I:F4 E:1 F:06F3 T:FF C:0000 N:12E2 W:808E L:16!
A:0200 K:00 B:00 S:01F2 P:36 I:8D E:1 F:06F4 T:FF C:0000 N:12E2 W:0200 L:16!
A:0183 K:00 B:00 S:0183 P:B4 I:F4 E:1 F:06F5 T:FF C:0000 N:12E2 W:807C L:16!
A:8096 K:00 B:00 S:010C P:34 I:EB E:1 F:06F6 T:FF C:0000 N:12E2 W:8096 L:16!
A:FFFF K:00 B:00 S:019B P:36 I:6C E:1 F:06F7 T:FF C:0000 N:12E2 W:01B1 L:16!
A:0128 K:00 B:00 S:0128 P:B4 I:F4 E:1 F:06F8 T:FF C:0000 N:12E2 W:8085 L:16!
A:809C K:00 B:00 S:01B3 P:34 I:18 E:1 F:06F9 T:FF C:0000 N:12E2 W:809C L:16!
A:0145 K:00 B:00 S:0145 P:34 I:0B E:1 F:06FA T:FF C:0000 N:12E2 W:805B L:16!
A:808E K:00 B:00 S:01CD P:B4 I:F4 E:1 F:06FB T:FF C:0000 N:12E2 W:808E L:16!
A:80A5 K:00 B:00 S:015D P:34 I:09 E:1 F:06FC T:FF C:0000 N:12E2 W:80A5 L:16!
A:8064 K:00 B:00 S:01EB P:B4 I:AD E:1 F:06FD T:FF C:0000 N:12E2 W:8064 L:16!
A:8096 K:00 B:00 S:0176 P:34 I:EB E:1 F:06FE T:FF C:0000 N:12E2 W:8096 L:16!
A:80AD K:00 B:00 S:0108 P:34 I:28 E:1 F:06FF T:FF C:0000 N:12E2 W:80AD L:16!
A:806E K:00 B:00 S:0196 P:B4 I:8D E:1 F:0700 T:FF C:0000 N:12E2 W:806E L:16!
A:809F K:00 B:00 S:0120 P:34 I:EB E:1 F:0701 T:FF C:0000 N:12E2 W:809F L:16!
A:01C2 K:00 B:00 S:01B4 P:36 I:8D E:1 F:0702 T:FF C:0000 N:12E2 W:01C2 L:16!
A:013F K:00 B:00 S:013F P:B4 I:F4 E:1 F:0703 T:FF C:0000 N:12E2 W:807C L:16!
A:80A7 K:00 B:00 S:01C9 P:34 I:48 E:1 F:0704 T:FF C:0000 N:12E2 W:80A7 L:16!
A:FC97 K:00 B:00 S:0160 P:36 I:5C E:1 F:0705 T:FF C:0000 N:12E2 W:FC97 L:16!
A:01E4 K:00 B:00 S:01E4 P:B4 I:F4 E:1 F:0706 T:FF C:0000 N:12E2 W:8085 L:16!
A:0177 K:00 B:00 S:0177 P:36 I:60 E:1 F:0707 T:FF C:0000 N:12E2 W:80AE L:16!
A:805D K:00 B:00 S:0108 P:36 I:A9 E:1 F:0708 T:FF C:0000 N:12E2 W:805D L:16!
A:808E K:00 B:00 S:0189 P:B4 I:F4 E:1 F:0709 T:FF C:0000 N:12E1 W:808E L:16!
A:FFFF K:00 B:00 S:0124 P:36 I:6C E:1 F:070A T:FF C:0000 N:12E2 W:013A L:16!
A:8064 K:00 B:00 S:01B0 P:B4 I:AD E:1 F:070B T:FF C:0000 N:12E2 W:8064 L:16!
A:8096 K:00 B:00 S:0132 P:34 I:EB E:1 F:070C T:FF C:0000 N:12E1 W:8096 L:16!
A:01DB K:00 B:00 S:01CD P:34 I:8D E:1 F:070D T:FF C:0000 N:12E2 W:01DB L:16!
A:806E K:00 B:00 S:015B P:B4 I:8D E:1 F:070E T:FF C:0000 N:12E1 W:806E L:16!
A:809F K:00 B:00 S:01DC P:34 I:EB E:1 F:070F T:FF C:0000 N:12E2 W:809F L:16!
A:FC97 K:00 B:00 S:0179 P:34 I:5C E:1 F:0710 T:FF C:0000 N:12E2 W:FC97 L:16!
A:0104 K:00 B:00 S:0104 P:B4 I:F4 E:1 F:0711 T:FF C:0000 N:12E1 W:807C L:16!
A:80A7 K:00 B:00 S:0185 P:34 I:48 E:1 F:0712 T:FF C:0000 N:12E2 W:80A7 L:16!
A:805D K:00 B:00 S:0121 P:36 I:A9 E:1 F:0713 T:FF C:0000 N:12E2 W:805D L:16!
A:01A6 K:00 B:00 S:01A6 P:B4 I:F4 E:1 F:0714 T:FF C:0000 N:12E1 W:8085 L:16!
A:0133 K:00 B:00 S:0133 P:36 I:60 E:1 F:0715 T:FF C:0000 N:12E2 W:80AE L:16!
A:8061 K:00 B:00 S:01C9 P:36 I:AB E:1 F:0716 T:FF C:0000 N:12E2 W:8061 L:16!
A:808E K:00 B:00 S:014B P:B4 I:F4 E:1 F:0717 T:FF C:0000 N:12E1 W:808E L:16!
A:FFFF K:00 B:00 S:01E0 P:36 I:6C E:1 F:0718 T:FF C:0000 N:12E2 W:01F6 L:16!
A:806B K:00 B:00 S:0174 P:B4 I:AD E:1 F:0719 T:FF C:0000 N:12E2 W:806B L:16!
A:8096 K:00 B:00 S:01F4 P:B4 I:EB E:1 F:071A T:FF C:0000 N:12E1 W:8096 L:16!
A:018A K:00 B:00 S:018A P:34 I:0B E:1 F:071B T:FF C:0000 N:12E2 W:805B L:16!
A:011E K:00 B:00 S:011E P:B4 I:F4 E:1 F:071C T:FF C:0000 N:12E1 W:8079 L:16!
A:809C K:00 B:00 S:019B P:34 I:18 E:1 F:071D T:FF C:0000 N:12E1 W:809C L:16!
A:8061 K:00 B:00 S:0133 P:36 I:AB E:1 F:071E T:FF C:0000 N:12E2 W:8061 L:16!
A:8080 K:00 B:00 S:01C2 P:B4 I:F4 E:1 F:071F T:FF C:0000 N:12E1 W:8080 L:16!
A:80A5 K:00 B:00 S:0145 P:34 I:09 E:1 F:0720 T:FF C:0000 N:12E2 W:80A5 L:16!
A:806B K:00 B:00 S:01DE P:B4 I:AD E:1 F:0721 T:FF C:0000 N:12E2 W:806B L:16!
A:808A K:00 B:00 S:0168 P:B4 I:F4 E:1 F:0722 T:FF C:0000 N:12E1 W:808A L:16!
A:80AD K:00 B:00 S:01F0 P:34 I:28 E:1 F:0723 T:FF C:0000 N:12E2 W:80AD L:16!
A:0188 K:00 B:00 S:0188 P:B4 I:F4 E:1 F:0724 T:FF C:0000 N:12E2 W:8079 L:16!
A:8093 K:00 B:00 S:010E P:34 I:1A E:1 F:0725 T:FF C:0000 N:12E2 W:8093 L:16!
A:FFFF K:00 B:00 S:019C P:36 I:6C E:1 F:0726 T:FF C:0000 N:12E2 W:01B2 L:16!
A:8082 K:00 B:00 S:012D P:B4 I:F4 E:1 F:0727 T:FF C:0000 N:12E2 W:8082 L:16!
A:8096 K:00 B:00 S:01B6 P:B4 I:EB E:1 F:0728 T:FF C:0000 N:12E2 W:8096 L:16!
A:0146 K:00 B:00 S:0146 P:34 I:0B E:1 F:0729 T:FF C:0000 N:12E2 W:805B L:16!
A:808C K:00 B:00 S:01D3 P:B4 I:F4 E:1 F:072A T:FF C:0000 N:12E2 W:808C L:16!
A:809F K:00 B:00 S:0160 P:34 I:EB E:1 F:072B T:FF C:0000 N:12E2 W:809F L:16!
A:8061 K:00 B:00 S:01EF P:36 I:AB E:1 F:072C T:FF C:0000 N:12E2 W:8061 L:16!
A:017B K:00 B:00 S:017B P:34 I:48 E:1 F:072D T:FF C:0000 N:12E1 W:8095 L:16!
A:80A7 K:00 B:00 S:0109 P:34 I:48 E:1 F:072E T:FF C:0000 N:12E2 W:80A7 L:16!
A:806B K:00 B:00 S:019A P:B4 I:AD E:1 F:072F T:FF C:0000 N:12E2 W:806B L:16!
A:809C K:00 B:00 S:0124 P:34 I:18 E:1 F:0730 T:FF C:0000 N:12E2 W:809C L:16!
A:01B4 K:00 B:00 S:01B4 P:36 I:60 E:1 F:0731 T:FF C:0000 N:12E2 W:80AE L:16!
A:0144 K:00 B:00 S:0144 P:B4 I:F4 E:1 F:0732 T:FF C:0000 N:12E2 W:8079 L:16!
A:8096 K:00 B:00 S:01CF P:B4 I:EB E:1 F:0733 T:FF C:0000 N:12E2 W:8096 L:16!
A:FFFF K:00 B:00 S:0161 P:36 I:6C E:1 F:0734 T:FF C:0000 N:12E2 W:0177 L:16!
A:8082 K:00 B:00 S:01E9 P:B4 I:F4 E:1 F:0735 T:FF C:0000 N:12E2 W:8082 L:16!
A:809F K:00 B:00 S:0179 P:74 I:EB E:1 F:0736 T:FF C:0000 N:12E2 W:809F L:16!
A:010B K:00 B:00 S:010B P:34 I:0B E:1 F:0737 T:FF C:0000 N:12E2 W:805B L:16!
A:808C K:00 B:00 S:018F P:B4 I:F4 E:1 F:0738 T:FF C:0000 N:12E2 W:808C L:16!
A:80A7 K:00 B:00 S:0122 P:34 I:48 E:1 F:0739 T:FF C:0000 N:12E2 W:80A7 L:16!
A:8061 K:00 B:00 S:01B1 P:36 I:AB E:1 F:073A T:FF C:0000 N:12E1 W:8061 L:16!
A:0137 K:00 B:00 S:0137 P:34 I:48 E:1 F:073B T:FF C:0000 N:12E2 W:8095 L:16!
A:80AD K:00 B:00 S:01CB P:34 I:28 E:1 F:073C T:FF C:0000 N:12E2 W:80AD L:16!
A:806B K:00 B:00 S:015C P:B4 I:AD E:1 F:073D T:FF C:0000 N:12E1 W:806B L:16!
A:809C K:00 B:00 S:01E0 P:34 I:18 E:1 F:073E T:FF C:0000 N:12E2 W:809C L:16!
A:018D K:00 B:00 S:017A P:36 I:8D E:1 F:073F T:FF C:0000 N:12E2 W:018D L:16!
A:0106 K:00 B:00 S:0106 P:B4 I:F4 E:1 F:0740 T:FF C:0000 N:12E1 W:8079 L:16!
A:80A5 K:00 B:00 S:018A P:34 I:09 E:1 F:0741 T:FF C:0000 N:12E2 W:80A5 L:16!
A:8059 K:00 B:00 S:0125 P:36 I:EB E:1 F:0742 T:FF C:0000 N:12E2 W:8059 L:16!
A:8080 K:00 B:00 S:01AA P:B4 I:F4 E:1 F:0743 T:FF C:0000 N:12E1 W:8080 L:16!
A:80AD K:00 B:00 S:0135 P:34 I:28 E:1 F:0744 T:FF C:0000 N:12E2 W:80AD L:16!
A:01CB K:00 B:00 S:01CB P:36 I:8B E:1 F:0745 T:FF C:0000 N:12E2 W:805F L:16!
A:808A K:00 B:00 S:0150 P:B4 I:F4 E:1 F:0746 T:FF C:0000 N:12E1 W:808A L:16!
A:01F7 K:00 B:00 S:01E4 P:36 I:8D E:1 F:0747 T:FF C:0000 N:12E2 W:01F7 L:16!
A:8067 K:00 B:00 S:0176 P:B4 I:8D E:1 F:0748 T:FF C:0000 N:12E2 W:8067 L:16!
A:8093 K:00 B:00 S:01F6 P:B4 I:1A E:1 F:0749 T:FF C:0000 N:12E1 W:8093 L:16!
A:8059 K:00 B:00 S:018F P:36 I:EB E:1 F:074A T:FF C:0000 N:12E2 W:8059 L:16!
A:8070 K:00 B:00 S:0120 P:B4 I:90 E:1 F:074B T:FF C:0000 N:12E1 W:8070 L:16!
A:809C K:00 B:00 S:019C P:34 I:18 E:1 F:074C T:FF C:0000 N:12E2 W:809C L:16!
A:8060 K:00 B:00 S:0136 P:36 I:48 E:1 F:074D T:FF C:0000 N:12E2 W:8060 L:16!
A:01C8 K:00 B:00 S:01C8 P:B4 I:F4 E:1 F:074E T:FF C:0000 N:12E1 W:8079 L:16!
A:80A5 K:00 B:00 S:0146 P:34 I:09 E:1 F:074F T:FF C:0000 N:12E2 W:80A5 L:16!
A:8069 K:00 B:00 S:01E2 P:B4 I:AD E:1 F:0750 T:FF C:0000 N:12E2 W:8069 L:16!
A:8082 K:00 B:00 S:016D P:B4 I:F4 E:1 F:0751 T:FF C:0000 N:12E2 W:8082 L:16!
A:80AD K:00 B:00 S:01F1 P:35 I:28 E:1 F:0752 T:FF C:0000 N:12E2 W:80AD L:16!
A:8076 K:00 B:00 S:018D P:B4 I:B0 E:1 F:0753 T:FF C:0000 N:12E2 W:8076 L:16!
A:808C K:00 B:00 S:0113 P:B4 I:F4 E:1 F:0754 T:FF C:0000 N:12E2 W:808C L:16!
A:01B3 K:00 B:00 S:01A0 P:36 I:8D E:1 F:0755 T:FF C:0000 N:12E2 W:01B3 L:16!
A:8080 K:00 B:00 S:0133 P:B4 I:F4 E:1 F:0756 T:FF C:0000 N:12E2 W:8080 L:16!
A:01B8 K:00 B:00 S:01B8 P:34 I:48 E:1 F:0757 T:FF C:0000 N:12E2 W:8095 L:16!
A:8059 K:00 B:00 S:014B P:36 I:EB E:1 F:0758 T:FF C:0000 N:12E2 W:8059 L:16!
A:01E1 K:00 B:00 S:01E1 P:B4 I:F4 E:1 F:0759 T:FF C:0000 N:12E2 W:8079 L:16!
A:809C K:00 B:00 S:0161 P:34 I:18 E:1 F:075A T:FF C:0000 N:12E2 W:809C L:16!
A:8060 K:00 B:00 S:01F2 P:36 I:48 E:1 F:075B T:FF C:0000 N:12E2 W:8060 L:16!
A:8082 K:00 B:00 S:0186 P:B4 I:F4 E:1 F:075C T:FF C:0000 N:12E2 W:8082 L:16!
A:80A5 K:00 B:00 S:010B P:34 I:09 E:1 F:075D T:FF C:0000 N:12E2 W:80A5 L:16!
A:8069 K:00 B:00 S:019E P:B4 I:AD E:1 F:075E T:FF C:0000 N:12E2 W:8069 L:16!
A:808C K:00 B:00 S:012C P:B4 I:F4 E:1 F:075F T:FF C:0000 N:12E1 W:808C L:16!
A:80AD K:00 B:00 S:01B3 P:34 I:28 E:1 F:0760 T:FF C:0000 N:12E2 W:80AD L:16!
A:8076 K:00 B:00 S:0149 P:B4 I:B0 E:1 F:0761 T:FF C:0000 N:12E2 W:8076 L:16!
A:8093 K:00 B:00 S:01D1 P:B4 I:1A E:1 F:0762 T:FF C:0000 N:12E2 W:8093 L:16!
A:0175 K:00 B:00 S:0162 P:36 I:8D E:1 F:0763 T:FF C:0000 N:12E2 W:0175 L:16!
A:8080 K:00 B:00 S:01EF P:B4 I:F4 E:1 F:0764 T:FF C:0000 N:12E2 W:8080 L:16!
A:017B K:00 B:00 S:017B P:34 I:48 E:1 F:0765 T:FF C:0000 N:12E2 W:809A L:16!
A:8059 K:00 B:00 S:010D P:36 I:EB E:1 F:0766 T:FF C:0000 N:12E2 W:8059 L:16!
A:808A K:00 B:00 S:0195 P:B4 I:F4 E:1 F:0767 T:FF C:0000 N:12E1 W:808A L:16!
A:80A3 K:00 B:00 S:0124 P:34 I:A3 E:1 F:0768 T:FF C:0000 N:12E2 W:80A3 L:16!
A:01B3 K:00 B:00 S:01B3 P:36 I:8B E:1 F:0769 T:FF C:0000 N:12E2 W:805F L:16!
A:8093 K:00 B:00 S:013B P:34 I:1A E:1 F:076A T:FF C:0000 N:12E1 W:8093 L:16!
A:80A9 K:00 B:00 S:01CC P:34 I:A3 E:1 F:076B T:FF C:0000 N:12E2 W:80A9 L:16!
A:8067 K:00 B:00 S:015E P:B4 I:8D E:1 F:076C T:FF C:0000 N:12E2 W:8067 L:16!
A:01E5 K:00 B:00 S:01E5 P:34 I:48 E:1 F:076D T:FF C:0000 N:12E2 W:809A L:16!
A:0189 K:00 B:00 S:017B P:36 I:8D E:1 F:076E T:FF C:0000 N:12E2 W:0189 L:16!
A:8070 K:00 B:00 S:0108 P:B4 I:90 E:1 F:076F T:FF C:0000 N:12E2 W:8070 L:16!
A:80A3 K:00 B:00 S:018E P:B4 I:A3 E:1 F:0770 T:FF C:0000 N:12E2 W:80A3 L:16!
A:FC97 K:00 B:00 S:0127 P:36 I:5C E:1 F:0771 T:FF C:0000 N:12E2 W:FC97 L:16!
A:8080 K:00 B:00 S:01AB P:B4 I:F4 E:1 F:0772 T:FF C:0000 N:12E1 W:8080 L:16!
A:80AB K:00 B:00 S:0139 P:34 I:A3 E:1 F:0773 T:FF C:0000 N:12E2 W:80AB L:16!
A:8059 K:00 B:00 S:01CF P:36 I:EB E:1 F:0774 T:FF C:0000 N:12E2 W:8059 L:16!
A:808A K:00 B:00 S:0151 P:B4 I:F4 E:1 F:0775 T:FF C:0000 N:12E2 W:808A L:16!
A:01F8 K:00 B:00 S:01E8 P:36 I:8D E:1 F:0776 T:FF C:0000 N:12E2 W:01F8 L:16!
A:8060 K:00 B:00 S:0176 P:36 I:48 E:1 F:0777 T:FF C:0000 N:12E2 W:8060 L:16!
A:8093 K:00 B:00 S:01F7 P:B4 I:1A E:1 F:0778 T:FF C:0000 N:12E2 W:8093 L:16!
A:0194 K:00 B:00 S:0194 P:36 I:48 E:1 F:0779 T:FF C:0000 N:12E2 W:8056 L:16!
A:8069 K:00 B:00 S:0122 P:B4 I:AD E:1 F:077A T:FF C:0000 N:12E2 W:8069 L:16!
A:01A1 K:00 B:00 S:01A1 P:34 I:48 E:1 F:077B T:FF C:0000 N:12E1 W:809A L:16!
A:013C K:00 B:00 S:013C P:36 I:8B E:1 F:077C T:FF C:0000 N:12E2 W:805F L:16!
A:8076 K:00 B:00 S:01CA P:B4 I:B0 E:1 F:077D T:FF C:0000 N:12E2 W:8076 L:16!
A:80A3 K:00 B:00 S:014A P:34 I:A3 E:1 F:077E T:FF C:0000 N:12E2 W:80A3 L:16!
A:8059 K:00 B:00 S:01E8 P:36 I:EB E:1 F:077F T:FF C:0000 N:12E2 W:8059 L:16!
A:8080 K:00 B:00 S:0170 P:B4 I:F4 E:1 F:0780 T:FF C:0000 N:12E1 W:8080 L:16!
A:80AB K:00 B:00 S:01F5 P:35 I:A3 E:1 F:0781 T:FF C:0000 N:12E2 W:80AB L:16!
A:8060 K:00 B:00 S:018F P:36 I:48 E:1 F:0782 T:FF C:0000 N:12E2 W:8060 L:16!
A:808A K:00 B:00 S:0116 P:B4 I:F4 E:1 F:0783 T:FF C:0000 N:12E1 W:808A L:16!
A:01B4 K:00 B:00 S:01A4 P:36 I:8D E:1 F:0784 T:FF C:0000 N:12E2 W:01B4 L:16!
A:8069 K:00 B:00 S:013B P:B4 I:AD E:1 F:0785 T:FF C:0000 N:12E2 W:8069 L:16!
A:8093 K:00 B:00 S:01B9 P:B4 I:1A E:1 F:0786 T:FF C:0000 N:12E1 W:8093 L:16!
A:0150 K:00 B:00 S:0150 P:36 I:48 E:1 F:0787 T:FF C:0000 N:12E2 W:8056 L:16!
A:8070 K:00 B:00 S:01E3 P:B4 I:90 E:1 F:0788 T:FF C:0000 N:12E2 W:8070 L:16!
A:0163 K:00 B:00 S:0163 P:34 I:48 E:1 F:0789 T:FF C:0000 N:12E2 W:809A L:16!
A:01F8 K:00 B:00 S:01F8 P:36 I:8B E:1 F:078A T:FF C:0000 N:12E2 W:805F L:16!
A:807E K:00 B:00 S:018B P:B4 I:F4 E:1 F:078B T:FF C:0000 N:12E1 W:807E L:16!
A:80A3 K:00 B:00 S:010C P:34 I:A3 E:1 F:078C T:FF C:0000 N:12E2 W:80A3 L:16!
A:8067 K:00 B:00 S:01A3 P:B4 I:8D E:1 F:078D T:FF C:0000 N:12E2 W:8067 L:16!
A:0131 K:00 B:00 S:0131 P:B4 I:F4 E:1 F:078E T:FF C:0000 N:12E2 W:8088 L:16!
A:80A9 K:00 B:00 S:01B4 P:34 I:A3 E:1 F:078F T:FF C:0000 N:12E2 W:80A9 L:16!
A:8070 K:00 B:00 S:014D P:B4 I:90 E:1 F:0790 T:FF C:0000 N:12E2 W:8070 L:16!
A:808E K:00 B:00 S:01D4 P:B4 I:F4 E:1 F:0791 T:FF C:0000 N:12E2 W:808E L:16!
A:0171 K:00 B:00 S:0163 P:36 I:8D E:1 F:0792 T:FF C:0000 N:12E2 W:0171 L:16!
A:807E K:00 B:00 S:01F5 P:B4 I:F4 E:1 F:0793 T:FF C:0000 N:12E2 W:807E L:16!
A:8096 K:00 B:00 S:017D P:34 I:EB E:1 F:0794 T:FF C:0000 N:12E2 W:8096 L:16!
A:FC97 K:00 B:00 S:010F P:36 I:5C E:1 F:0795 T:FF C:0000 N:12E2 W:FC97 L:16!
A:019B K:00 B:00 S:019B P:B4 I:F4 E:1 F:0796 T:FF C:0000 N:12E2 W:8088 L:16!
A:809F K:00 B:00 S:0127 P:34 I:EB E:1 F:0797 T:FF C:0000 N:12E2 W:809F L:16!
A:01B4 K:00 B:00 S:01B4 P:36 I:8B E:1 F:0798 T:FF C:0000 N:12E2 W:805F L:16!
A:0140 K:00 B:00 S:0140 P:B4 I:F4 E:1 F:0799 T:FF C:0000 N:12E2 W:8091 L:16!
A:80A3 K:00 B:00 S:01CE P:B4 I:A3 E:1 F:079A T:FF C:0000 N:12E2 W:80A3 L:16!
A:8067 K:00 B:00 S:015F P:B4 I:8D E:1 F:079B T:FF C:0000 N:12E2 W:8067 L:16!
A:8098 K:00 B:00 S:01E9 P:B4 I:A3 E:1 F:079C T:FF C:0000 N:12E2 W:8098 L:16!
A:80AB K:00 B:00 S:0179 P:74 I:A3 E:1 F:079D T:FF C:0000 N:12E2 W:80AB L:16!
A:8070 K:00 B:00 S:0109 P:B4 I:90 E:1 F:079E T:FF C:0000 N:12E2 W:8070 L:16!
A:80A1 K:00 B:00 S:0193 P:34 I:EB E:1 F:079F T:FF C:0000 N:12E2 W:80A1 L:16!
A:0138 K:00 B:00 S:0128 P:36 I:8D E:1 F:07A0 T:FF C:0000 N:12E2 W:0138 L:16!
A:807E K:00 B:00 S:01B1 P:B4 I:F4 E:1 F:07A1 T:FF C:0000 N:12E2 W:807E L:16!
A:80A9 K:00 B:00 S:013D P:34 I:A3 E:1 F:07A2 T:FF C:0000 N:12E2 W:80A9 L:16!
A:01D1 K:00 B:00 S:01D1 P:36 I:48 E:1 F:07A3 T:FF C:0000 N:12E1 W:8056 L:16!
A:0157 K:00 B:00 S:0157 P:B4 I:F4 E:1 F:07A4 T:FF C:0000 N:12E2 W:8088 L:16!
A:01FA K:00 B:00 S:01EC P:36 I:8D E:1 F:07A5 T:FF C:0000 N:12E2 W:01FA L:16!
A:0179 K:00 B:00 S:0179 P:36 I:8B E:1 F:07A6 T:FF C:0000 N:12E2 W:805F L:16!
A:01FC K:00 B:00 S:01FC P:B4 I:F4 E:1 F:07A7 T:FF C:0000 N:12E1 W:8091 L:16!
A:80AB K:00 B:00 S:0192 P:34 I:A3 E:1 F:07A8 T:FF C:0000 N:12E2 W:80AB L:16!
A:8067 K:00 B:00 S:0124 P:B4 I:8D E:1 F:07A9 T:FF C:0000 N:12E2 W:8067 L:16!
A:8098 K:00 B:00 S:01A5 P:B4 I:A3 E:1 F:07AA T:FF C:0000 N:12E1 W:8098 L:16!
A:0151 K:00 B:00 S:0141 P:34 I:8D E:1 F:07AB T:FF C:0000 N:12E2 W:0151 L:16!
A:8070 K:00 B:00 S:01CB P:B4 I:90 E:1 F:07AC T:FF C:0000 N:12E1 W:8070 L:16!
A:80A1 K:00 B:00 S:014F P:34 I:EB E:1 F:07AD T:FF C:0000 N:12E2 W:80A1 L:16!
A:FC97 K:00 B:00 S:01EA P:36 I:5C E:1 F:07AE T:FF C:0000 N:12E2 W:FC97 L:16!
A:807E K:00 B:00 S:0173 P:B4 I:F4 E:1 F:07AF T:FF C:0000 N:12E1 W:807E L:16!
A:80A9 K:00 B:00 S:01F9 P:35 I:A3 E:1 F:07B0 T:FF C:0000 N:12E2 W:80A9 L:16!
A:805D K:00 B:00 S:0192 P:36 I:A9 E:1 F:07B1 T:FF C:0000 N:12E2 W:805D L:16!
A:0119 K:00 B:00 S:0119 P:B4 I:F4 E:1 F:07B2 T:FF C:0000 N:12E1 W:8088 L:16!
A:01B6 K:00 B:00 S:01A8 P:36 I:8D E:1 F:07B3 T:FF C:0000 N:12E2 W:01B6 L:16!
A:8064 K:00 B:00 S:013D P:B4 I:AD E:1 F:07B4 T:FF C:0000 N:12E2 W:8064 L:16!
A:808E K:00 B:00 S:01BC P:B4 I:F4 E:1 F:07B5 T:FF C:0000 N:12E1 W:808E L:16!
A:FC97 K:00 B:00 S:0154 P:36 I:5C E:1 F:07B6 T:FF C:0000 N:12E2 W:FC97 L:16!
A:806B K:00 B:00 S:01E5 P:B4 I:AD E:1 F:07B7 T:FF C:0000 N:12E1 W:806B L:16!
A:8096 K:00 B:00 S:0165 P:34 I:EB E:1 F:07B8 T:FF C:0000 N:12E1 W:8096 L:16!
A:805D K:00 B:00 S:01FC P:36 I:A9 E:1 F:07B9 T:FF C:0000 N:12E2 W:805D L:16!
A:018F K:00 B:00 S:018F P:B4 I:F4 E:1 F:07BA T:FF C:0000 N:12E1 W:8079 L:16!
A:809F K:00 B:00 S:010F P:34 I:EB E:1 F:07BB T:FF C:0000 N:12E2 W:809F L:16!
A:8064 K:00 B:00 S:01A7 P:B4 I:AD E:1 F:07BC T:FF C:0000 N:12E2 W:8064 L:16!
A:8082 K:00 B:00 S:0134 P:B4 I:F4 E:1 F:07BD T:FF C:0000 N:12E1 W:8082 L:16!
A:80A9 K:00 B:00 S:01B5 P:34 I:A3 E:1 F:07BE T:FF C:0000 N:12E2 W:80A9 L:16!
A:806E K:00 B:00 S:0152 P:B4 I:8D E:1 F:07BF T:FF C:0000 N:12E2 W:806E L:16!
A:01DB K:00 B:00 S:01DB P:B4 I:F4 E:1 F:07C0 T:FF C:0000 N:12E1 W:8088 L:16!
A:0172 K:00 B:00 S:0164 P:36 I:8D E:1 F:07C1 T:FF C:0000 N:12E2 W:0172 L:16!
A:01FB K:00 B:00 S:01FB P:B4 I:F4 E:1 F:07C2 T:FF C:0000 N:12E2 W:807C L:16!
A:0180 K:00 B:00 S:0180 P:B4 I:F4 E:1 F:07C3 T:FF C:0000 N:12E2 W:8091 L:16!
A:FC97 K:00 B:00 S:0110 P:36 I:5C E:1 F:07C4 T:FF C:0000 N:12E2 W:FC97 L:16!
A:01A0 K:00 B:00 S:01A0 P:B4 I:F4 E:1 F:07C5 T:FF C:0000 N:12E2 W:8085 L:16!
A:8098 K:00 B:00 S:0129 P:34 I:A3 E:1 F:07C6 T:FF C:0000 N:12E2 W:8098 L:16!
A:805D K:00 B:00 S:01B8 P:36 I:A9 E:1 F:07C7 T:FF C:0000 N:12E2 W:805D L:16!
A:808E K:00 B:00 S:0145 P:B4 I:F4 E:1 F:07C8 T:FF C:0000 N:12E2 W:808E L:16!
A:80A1 K:00 B:00 S:01D0 P:34 I:EB E:1 F:07C9 T:FF C:0000 N:12E2 W:80A1 L:16!
A:8064 K:00 B:00 S:0163 P:B4 I:AD E:1 F:07CA T:FF C:0000 N:12E2 W:8064 L:16!
A:8096 K:00 B:00 S:01EE P:B4 I:EB E:1 F:07CB T:FF C:0000 N:12E1 W:8096 L:16!
A:80A9 K:00 B:00 S:017A P:74 I:A3 E:1 F:07CC T:FF C:0000 N:12E2 W:80A9 L:16!
A:806E K:00 B:00 S:010E P:B4 I:8D E:1 F:07CD T:FF C:0000 N:12E2 W:806E L:16!
A:0199 K:00 B:00 S:0199 P:B4 I:F4 E:1 F:07CE T:FF C:0000 N:12E2 W:8091 L:16!
A:0137 K:00 B:00 S:0129 P:36 I:8D E:1 F:07CF T:FF C:0000 N:12E2 W:0137 L:16!
A:01B7 K:00 B:00 S:01B7 P:B4 I:F4 E:1 F:07D0 T:FF C:0000 N:12E2 W:807C L:16!
A:8098 K:00 B:00 S:0142 P:34 I:A3 E:1 F:07D1 T:FF C:0000 N:12E2 W:8098 L:16!
A:FC97 K:00 B:00 S:01D2 P:36 I:5C E:1 F:07D2 T:FF C:0000 N:12E2 W:FC97 L:16!
A:015C K:00 B:00 S:015C P:B4 I:F4 E:1 F:07D3 T:FF C:0000 N:12E2 W:8085 L:16!
A:80A1 K:00 B:00 S:01EC P:34 I:EB E:1 F:07D4 T:FF C:0000 N:12E2 W:80A1 L:16!
A:805D K:00 B:00 S:017A P:36 I:A9 E:1 F:07D5 T:FF C:0000 N:12E2 W:805D L:16!
A:808E K:00 B:00 S:0101 P:B4 I:F4 E:1 F:07D6 T:FF C:0000 N:12E2 W:808E L:16!
A:80A7 K:00 B:00 S:0193 P:34 I:48 E:1 F:07D7 T:FF C:0000 N:12E2 W:80A7 L:16!
A:8064 K:00 B:00 S:0125 P:B4 I:AD E:1 F:07D8 T:FF C:0000 N:12E1 W:8064 L:16!
A:8096 K:00 B:00 S:01AA P:B4 I:EB E:1 F:07D9 T:FF C:0000 N:12E2 W:8096 L:16!
A:0141 K:00 B:00 S:0141 P:36 I:60 E:1 F:07DA T:FF C:0000 N:12E2 W:80AE L:16!
A:806B K:00 B:00 S:01CD P:B4 I:AD E:1 F:07DB T:FF C:0000 N:12E1 W:806B L:16!
A:809F K:00 B:00 S:0154 P:34 I:EB E:1 F:07DC T:FF C:0000 N:12E2 W:809F L:16!
A:01EC K:00 B:00 S:01EC P:36 I:00 E:1 F:07DD T:FF C:0000 N:12E2 W:0203 L:16!
A:0177 K:00 B:00 S:0177 P:B4 I:F4 E:1 F:07DE T:FF C:0000 N:12E1 W:8079 L:16!
A:80A7 K:00 B:00 S:01FD P:34 I:48 E:1 F:07DF T:FF C:0000 N:12E2 W:80A7 L:16!
A:8059 K:00 B:00 S:0196 P:36 I:EB E:1 F:07E0 T:FF C:0000 N:12E2 W:8059 L:16!
A:8082 K:00 B:00 S:011C P:B4 I:F4 E:1 F:07E1 T:FF C:0000 N:12E2 W:8082 L:16!
A:01AB K:00 B:00 S:01AB P:36 I:60 E:1 F:07E2 T:FF C:0000 N:12E2 W:80AE L:16!
A:8060 K:00 B:00 S:013D P:36 I:48 E:1 F:07E3 T:FF C:0000 N:12E2 W:8060 L:16!
A:808E K:00 B:00 S:01BD P:B4 I:F4 E:1 F:07E4 T:FF C:0000 N:12E1 W:808E L:16!
A:FFFF K:00 B:00 S:0158 P:36 I:6C E:1 F:07E5 T:FF C:0000 N:12E2 W:016E L:16!
A:8064 K:00 B:00 S:01E7 P:B4 I:AD E:1 F:07E6 T:FF C:0000 N:12E2 W:8064 L:16!
A:8096 K:00 B:00 S:0166 P:34 I:EB E:1 F:07E7 T:FF C:0000 N:12E2 W:8096 L:16!
A:0102 K:00 B:00 S:0102 P:34 I:0B E:1 F:07E8 T:FF C:0000 N:12E2 W:805B L:16!
A:806E K:00 B:00 S:0192 P:B4 I:8D E:1 F:07E9 T:FF C:0000 N:12E1 W:806E L:16!
A:809F K:00 B:00 S:0110 P:34 I:EB E:1 F:07EA T:FF C:0000 N:12E2 W:809F L:16!
A:8061 K:00 B:00 S:01AB P:36 I:AB E:1 F:07EB T:FF C:0000 N:12E2 W:8061 L:16!
A:013B K:00 B:00 S:013B P:B4 I:F4 E:1 F:07EC T:FF C:0000 N:12E1 W:807C L:16!
A:80A7 K:00 B:00 S:01B9 P:34 I:48 E:1 F:07ED T:FF C:0000 N:12E2 W:80A7 L:16!
A:806B K:00 B:00 S:0156 P:B4 I:AD E:1 F:07EE T:FF C:0000 N:12E2 W:806B L:16!
A:01DD K:00 B:00 S:01DD P:B4 I:F4 E:1 F:07EF T:FF C:0000 N:12E2 W:8085 L:16!
A:0167 K:00 B:00 S:0167 P:36 I:60 E:1 F:07F0 T:FF C:0000 N:12E2 W:80AE L:16!
A:0100 K:00 B:00 S:0100 P:B4 I:F4 E:1 F:07F1 T:FF C:0000 N:12E2 W:8079 L:16!
A:808E K:00 B:00 S:0182 P:B4 I:F4 E:1 F:07F2 T:FF C:0000 N:12E2 W:808E L:16!
A:FFFF K:00 B:00 S:0114 P:36 I:6C E:1 F:07F3 T:FF C:0000 N:12E2 W:012A L:16!
A:806E K:00 B:00 S:01AB P:B4 I:8D E:1 F:07F4 T:FF C:0000 N:12E2 W:806E L:16!
A:8096 K:00 B:00 S:012B P:34 I:EB E:1 F:07F5 T:FF C:0000 N:12E2 W:8096 L:16!
A:01BE K:00 B:00 S:01BE P:34 I:0B E:1 F:07F6 T:FF C:0000 N:12E2 W:805B L:16!
A:0154 K:00 B:00 S:0154 P:B4 I:F4 E:1 F:07F7 T:FF C:0000 N:12E2 W:807C L:16!
A:809F K:00 B:00 S:01D2 P:34 I:EB E:1 F:07F8 T:FF C:0000 N:12E2 W:809F L:16!
A:8061 K:00 B:00 S:0167 P:36 I:AB E:1 F:07F9 T:FF C:0000 N:12E2 W:8061 L:16!
A:01F9 K:00 B:00 S:01F9 P:B4 I:F4 E:1 F:07FA T:FF C:0000 N:12E1 W:8085 L:16!
A:80A7 K:00 B:00 S:017B P:74 I:48 E:1 F:07FB T:FF C:0000 N:12E2 W:80A7 L:16!
A:806B K:00 B:00 S:0112 P:B4 I:AD E:1 F:07FC T:FF C:0000 N:12E2 W:806B L:16!
A:808C K:00 B:00 S:019D P:B4 I:F4 E:1 F:07FD T:FF C:0000 N:12E2 W:808C L:16!
A:0129 K:00 B:00 S:0129 P:36 I:60 E:1 F:07FE T:FF C:0000 N:12E2 W:80AE L:16!
A:01BC K:00 B:00 S:01BC P:B4 I:F4 E:1 F:07FF T:FF C:0000 N:12E2 W:8079 L:16!
A:0145 K:00 B:00 S:0145 P:34 I:48 E:1 F:0800 T:FF C:0000 N:12E2 W:8095 L:16!
A:01E6 K:00 B:00 S:01D3 P:36 I:8D E:1 F:0801 T:FF C:0000 N:12E2 W:01E6 L:16!
A:8082 K:00 B:00 S:0161 P:B4 I:F4 E:1 F:0802 T:FF C:0000 N:12E2 W:8082 L:16!
A:809C K:00 B:00 S:01EE P:34 I:18 E:1 F:0803 T:FF C:0000 N:12E2 W:809C L:16!
A:8059 K:00 B:00 S:017E P:36 I:EB E:1 F:0804 T:FF C:0000 N:12E2 W:8059 L:16!
A:808C K:00 B:00 S:0107 P:B4 I:F4 E:1 F:0805 T:FF C:0000 N:12E2 W:808C L:16!
A:80A3 K:00 B:00 S:0195 P:B4 I:A3 E:1 F:0806 T:FF C:0000 N:12E2 W:80A3 L:16!
A:8060 K:00 B:00 S:0125 P:36 I:48 E:1 F:0807 T:FF C:0000 N:12E2 W:8060 L:16!
A:01AF K:00 B:00 S:01AF P:34 I:48 E:1 F:0808 T:FF C:0000 N:12E1 W:8095 L:16!
A:80AB K:00 B:00 S:0140 P:34 I:A3 E:1 F:0809 T:FF C:0000 N:12E2 W:80AB L:16!
A:806B K:00 B:00 S:01CE P:B4 I:AD E:1 F:080A T:FF C:0000 N:12E2 W:806B L:16!
A:809C K:00 B:00 S:0158 P:34 I:18 E:1 F:080B T:FF C:0000 N:12E2 W:809C L:16!
A:01FF K:00 B:00 S:01EF P:36 I:8D E:1 F:080C T:FF C:0000 N:12E2 W:01FF L:16!
A:0178 K:00 B:00 S:0178 P:B4 I:F4 E:1 F:080D T:FF C:0000 N:12E2 W:8079 L:16!
A:80A5 K:00 B:00 S:0102 P:34 I:09 E:1 F:080E T:FF C:0000 N:12E2 W:80A5 L:16!
A:FFFF K:00 B:00 S:0198 P:36 I:6C E:1 F:080F T:FF C:0000 N:12E2 W:01AE L:16!
A:8082 K:00 B:00 S:011D P:B4 I:F4 E:1 F:0810 T:FF C:0000 N:12E2 W:8082 L:16!
A:80AD K:00 B:00 S:01AD P:34 I:28 E:1 F:0811 T:FF C:0000 N:12E2 W:80AD L:16!
A:0142 K:00 B:00 S:0142 P:34 I:0B E:1 F:0812 T:FF C:0000 N:12E2 W:805B L:16!
A:808C K:00 B:00 S:01C3 P:B4 I:F4 E:1 F:0813 T:FF C:0000 N:12E1 W:808C L:16!
A:016F K:00 B:00 S:015C P:36 I:8D E:1 F:0814 T:FF C:0000 N:12E2 W:016F L:16!
A:8061 K:00 B:00 S:01E8 P:36 I:AB E:1 F:0815 T:FF C:0000 N:12E2 W:8061 L:16!
A:016B K:00 B:00 S:016B P:34 I:48 E:1 F:0816 T:FF C:0000 N:12E1 W:8095 L:16!
A:8059 K:00 B:00 S:0107 P:36 I:EB E:1 F:0817 T:FF C:0000 N:12E2 W:8059 L:16!
A:806B K:00 B:00 S:0193 P:B4 I:AD E:1 F:0818 T:FF C:0000 N:12E1 W:806B L:16!
A:809C K:00 B:00 S:0114 P:34 I:18 E:1 F:0819 T:FF C:0000 N:12E2 W:809C L:16!
A:FFFF K:00 B:00 S:01B1 P:34 I:6C E:1 F:081A T:FF C:0000 N:12E2 W:01C7 L:16!
A:013D K:00 B:00 S:013D P:B4 I:F4 E:1 F:081B T:FF C:0000 N:12E2 W:8079 L:16!
A:80A5 K:00 B:00 S:01BE P:34 I:09 E:1 F:081C T:FF C:0000 N:12E2 W:80A5 L:16!
A:015B K:00 B:00 S:015B P:34 I:0B E:1 F:081D T:FF C:0000 N:12E2 W:805B L:16!
A:8082 K:00 B:00 S:01DF P:B4 I:F4 E:1 F:081E T:FF C:0000 N:12E1 W:8082 L:16!
A:80AD K:00 B:00 S:0169 P:34 I:28 E:1 F:081F T:FF C:0000 N:12E2 W:80AD L:16!
A:8061 K:00 B:00 S:0104 P:36 I:AB E:1 F:0820 T:FF C:0000 N:12E2 W:8061 L:16!
A:808C K:00 B:00 S:0185 P:B4 I:F4 E:1 F:0821 T:FF C:0000 N:12E1 W:808C L:16!
A:012B K:00 B:00 S:0118 P:36 I:8D E:1 F:0822 T:FF C:0000 N:12E2 W:012B L:16!
A:8069 K:00 B:00 S:01AC P:B4 I:AD E:1 F:0823 T:FF C:0000 N:12E2 W:8069 L:16!
A:012D K:00 B:00 S:012D P:34 I:48 E:1 F:0824 T:FF C:0000 N:12E1 W:8095 L:16!
A:8059 K:00 B:00 S:01C3 P:36 I:EB E:1 F:0825 T:FF C:0000 N:12E2 W:8059 L:16!
A:8076 K:00 B:00 S:0157 P:B4 I:B0 E:1 F:0826 T:FF C:0000 N:12E1 W:8076 L:16!
A:01D4 K:00 B:00 S:01D4 P:34 I:48 E:1 F:0827 T:FF C:0000 N:12E2 W:809A L:16!
A:8060 K:00 B:00 S:016A P:36 I:48 E:1 F:0828 T:FF C:0000 N:12E2 W:8060 L:16!
A:8080 K:00 B:00 S:01FD P:B4 I:F4 E:1 F:0829 T:FF C:0000 N:12E2 W:8080 L:16!
A:80A3 K:00 B:00 S:017D P:F4 I:A3 E:1 F:082A T:FF C:0000 N:12E2 W:80A3 L:16!
A:8069 K:00 B:00 S:0116 P:B4 I:AD E:1 F:082B T:FF C:0000 N:12E2 W:8069 L:16!
A:01A2 K:00 B:00 S:01A2 P:B4 I:F4 E:1 F:082C T:FF C:0000 N:12E1 W:8088 L:16!
A:80AB K:00 B:00 S:0128 P:34 I:A3 E:1 F:082D T:FF C:0000 N:12E2 W:80AB L:16!
A:8076 K:00 B:00 S:01C1 P:B4 I:B0 E:1 F:082E T:FF C:0000 N:12E2 W:8076 L:16!
A:0147 K:00 B:00 S:0147 P:B4 I:F4 E:1 F:082F T:FF C:0000 N:12E2 W:8091 L:16!
A:01E7 K:00 B:00 S:01D4 P:36 I:8D E:1 F:0830 T:FF C:0000 N:12E2 W:01E7 L:16!
A:8080 K:00 B:00 S:0167 P:B4 I:F4 E:1 F:0831 T:FF C:0000 N:12E2 W:8080 L:16!
A:8098 K:00 B:00 S:01F0 P:B4 I:A3 E:1 F:0832 T:FF C:0000 N:12E2 W:8098 L:16!
A:8059 K:00 B:00 S:017F P:36 I:EB E:1 F:0833 T:FF C:0000 N:12E2 W:8059 L:16!
A:808A K:00 B:00 S:010D P:B4 I:F4 E:1 F:0834 T:FF C:0000 N:12E2 W:808A L:16!
A:809C K:00 B:00 S:0198 P:34 I:18 E:1 F:0835 T:FF C:0000 N:12E2 W:809C L:16!
A:8060 K:00 B:00 S:0126 P:36 I:48 E:1 F:0836 T:FF C:0000 N:12E2 W:8060 L:16!
A:8093 K:00 B:00 S:01B3 P:B4 I:1A E:1 F:0837 T:FF C:0000 N:12E1 W:8093 L:16!
A:80A5 K:00 B:00 S:0142 P:34 I:09 E:1 F:0838 T:FF C:0000 N:12E2 W:80A5 L:16!
A:8069 K:00 B:00 S:01D2 P:B4 I:AD E:1 F:0839 T:FF C:0000 N:12E2 W:8069 L:16!
A:015D K:00 B:00 S:015D P:34 I:48 E:1 F:083A T:FF C:0000 N:12E2 W:809A L:16!
A:80AD K:00 B:00 S:01ED P:34 I:28 E:1 F:083B T:FF C:0000 N:12E2 W:80AD L:16!
A:8076 K:00 B:00 S:017D P:B4 I:B0 E:1 F:083C T:FF C:0000 N:12E2 W:8076 L:16!
A:80A3 K:00 B:00 S:0106 P:34 I:A3 E:1 F:083D T:FF C:0000 N:12E2 W:80A3 L:16!
A:01AC K:00 B:00 S:0199 P:36 I:8D E:1 F:083E T:FF C:0000 N:12E2 W:01AC L:16!
A:8080 K:00 B:00 S:0123 P:B4 I:F4 E:1 F:083F T:FF C:0000 N:12E2 W:8080 L:16!
A:809C K:00 B:00 S:01B1 P:34 I:18 E:1 F:0840 T:FF C:0000 N:12E2 W:809C L:16!
A:8059 K:00 B:00 S:0144 P:36 I:EB E:1 F:0841 T:FF C:0000 N:12E2 W:8059 L:16!
A:808A K:00 B:00 S:01C9 P:B4 I:F4 E:1 F:0842 T:FF C:0000 N:12E2 W:808A L:16!
A:80A5 K:00 B:00 S:015B P:34 I:09 E:1 F:0843 T:FF C:0000 N:12E2 W:80A5 L:16!
A:8060 K:00 B:00 S:01E8 P:36 I:48 E:1 F:0844 T:FF C:0000 N:12E2 W:8060 L:16!
A:8093 K:00 B:00 S:016F P:34 I:1A E:1 F:0845 T:FF C:0000 N:12E2 W:8093 L:16!
A:80AD K:00 B:00 S:0106 P:34 I:28 E:1 F:0846 T:FF C:0000 N:12E2 W:80AD L:16!
A:8069 K:00 B:00 S:0194 P:B4 I:AD E:1 F:0847 T:FF C:0000 N:12E2 W:8069 L:16!
A:0119 K:00 B:00 S:0119 P:34 I:48 E:1 F:0848 T:FF C:0000 N:12E2 W:809A L:16!
A:01C2 K:00 B:00 S:01B2 P:36 I:8D E:1 F:0849 T:FF C:0000 N:12E2 W:01C2 L:16!
A:8076 K:00 B:00 S:013F P:B4 I:B0 E:1 F:084A T:FF C:0000 N:12E1 W:8076 L:16!
A:80A3 K:00 B:00 S:01C2 P:B4 I:A3 E:1 F:084B T:FF C:0000 N:12E2 W:80A3 L:16!
A:015E K:00 B:00 S:015E P:36 I:48 E:1 F:084C T:FF C:0000 N:12E2 W:8056 L:16!
A:807E K:00 B:00 S:01E4 P:B4 I:F4 E:1 F:084D T:FF C:0000 N:12E1 W:807E L:16!
A:80AB K:00 B:00 S:016D P:34 I:A3 E:1 F:084E T:FF C:0000 N:12E2 W:80AB L:16!
A:0106 K:00 B:00 S:0106 P:36 I:8B E:1 F:084F T:FF C:0000 N:12E2 W:805F L:16!
A:018A K:00 B:00 S:018A P:B4 I:F4 E:1 F:0850 T:FF C:0000 N:12E1 W:8088 L:16!
A:012C K:00 B:00 S:011C P:36 I:8D E:1 F:0851 T:FF C:0000 N:12E2 W:012C L:16!
A:8064 K:00 B:00 S:01AE P:B4 I:AD E:1 F:0852 T:FF C:0000 N:12E2 W:8064 L:16!
A:012F K:00 B:00 S:012F P:B4 I:F4 E:1 F:0853 T:FF C:0000 N:12E2 W:8091 L:16!
A:01C8 K:00 B:00 S:01C8 P:36 I:48 E:1 F:0854 T:FF C:0000 N:12E2 W:8056 L:16!
A:806E K:00 B:00 S:0159 P:B4 I:8D E:1 F:0855 T:FF C:0000 N:12E1 W:806E L:16!
A:01D5 K:00 B:00 S:01D5 P:34 I:48 E:1 F:0856 T:FF C:0000 N:12E2 W:809A L:16!
A:0170 K:00 B:00 S:0170 P:36 I:8B E:1 F:0857 T:FF C:0000 N:12E2 W:805F L:16!
A:0102 K:00 B:00 S:0102 P:B4 I:F4 E:1 F:0858 T:FF C:0000 N:12E1 W:807C L:16!
A:80A3 K:00 B:00 S:017E P:B4 I:A3 E:1 F:0859 T:FF C:0000 N:12E2 W:80A3 L:16!
A:8067 K:00 B:00 S:011B P:B4 I:8D E:1 F:085A T:FF C:0000 N:12E2 W:8067 L:16!
A:8080 K:00 B:00 S:01A7 P:B4 I:F4 E:1 F:085B T:FF C:0000 N:12E1 W:8080 L:16!
A:80AB K:00 B:00 S:0129 P:34 I:A3 E:1 F:085C T:FF C:0000 N:12E2 W:80AB L:16!
A:8070 K:00 B:00 S:01C5 P:B4 I:90 E:1 F:085D T:FF C:0000 N:12E2 W:8070 L:16!
A:808A K:00 B:00 S:014D P:B4 I:F4 E:1 F:085E T:FF C:0000 N:12E2 W:808A L:16!
A:01E8 K:00 B:00 S:01D8 P:36 I:8D E:1 F:085F T:FF C:0000 N:12E2 W:01E8 L:16!
A:807E K:00 B:00 S:016D P:B4 I:F4 E:1 F:0860 T:FF C:0000 N:12E2 W:807E L:16!
A:8093 K:00 B:00 S:01F3 P:B4 I:1A E:1 F:0861 T:FF C:0000 N:12E2 W:8093 L:16!
A:0184 K:00 B:00 S:0184 P:36 I:48 E:1 F:0862 T:FF C:0000 N:12E2 W:8056 L:16!
A:0113 K:00 B:00 S:0113 P:B4 I:F4 E:1 F:0863 T:FF C:0000 N:12E2 W:8088 L:16!
A:019A K:00 B:00 S:019A P:34 I:48 E:1 F:0864 T:FF C:0000 N:12E1 W:809A L:16!
A:012C K:00 B:00 S:012C P:36 I:8B E:1 F:0865 T:FF C:0000 N:12E2 W:805F L:16!
A:8080 K:00 B:00 S:01C0 P:B4 I:F4 E:1 F:0866 T:FF C:0000 N:12E2 W:8080 L:16!
A:80A3 K:00 B:00 S:0143 P:34 I:A3 E:1 F:0867 T:FF C:0000 N:12E2 W:80A3 L:16!
A:8067 K:00 B:00 S:01D7 P:B4 I:8D E:1 F:0868 T:FF C:0000 N:12E2 W:8067 L:16!
A:808A K:00 B:00 S:0166 P:B4 I:F4 E:1 F:0869 T:FF C:0000 N:12E1 W:808A L:16!
A:80AB K:00 B:00 S:01EE P:34 I:A3 E:1 F:086A T:FF C:0000 N:12E2 W:80AB L:16!
A:8070 K:00 B:00 S:0181 P:B4 I:90 E:1 F:086B T:FF C:0000 N:12E2 W:8070 L:16!
A:8093 K:00 B:00 S:010C P:34 I:1A E:1 F:086C T:FF C:0000 N:12E2 W:8093 L:16!
A:01AA K:00 B:00 S:019A P:36 I:8D E:1 F:086D T:FF C:0000 N:12E2 W:01AA L:16!
A:807E K:00 B:00 S:0129 P:B4 I:F4 E:1 F:086E T:FF C:0000 N:12E2 W:807E L:16!
A:8098 K:00 B:00 S:01B3 P:B4 I:A3 E:1 F:086F T:FF C:0000 N:12E2 W:8098 L:16!
A:0146 K:00 B:00 S:0146 P:36 I:48 E:1 F:0870 T:FF C:0000 N:12E2 W:8056 L:16!
A:01CF K:00 B:00 S:01CF P:B4 I:F4 E:1 F:0871 T:FF C:0000 N:12E2 W:8088 L:16!
A:80A1 K:00 B:00 S:015D P:34 I:EB E:1 F:0872 T:FF C:0000 N:12E2 W:80A1 L:16!
A:805D K:00 B:00 S:01EB P:36 I:A9 E:1 F:0873 T:FF C:0000 N:12E2 W:805D L:16!
A:0174 K:00 B:00 S:0174 P:B4 I:F4 E:1 F:0874 T:FF C:0000 N:12E2 W:8091 L:16!
A:80A9 K:00 B:00 S:0107 P:34 I:A3 E:1 F:0875 T:FF C:0000 N:12E2 W:80A9 L:16!
A:8064 K:00 B:00 S:0196 P:B4 I:AD E:1 F:0876 T:FF C:0000 N:12E2 W:8064 L:16!
A:8098 K:00 B:00 S:011D P:34 I:A3 E:1 F:0877 T:FF C:0000 N:12E2 W:8098 L:16!
A:01B2 K:00 B:00 S:01B2 P:36 I:60 E:1 F:0878 T:FF C:0000 N:12E2 W:80AE L:16!
A:806E K:00 B:00 S:0141 P:B4 I:8D E:1 F:0879 T:FF C:0000 N:12E2 W:806E L:16!
A:80A1 K:00 B:00 S:01C7 P:34 I:EB E:1 F:087A T:FF C:0000 N:12E2 W:80A1 L:16!
A:FFFF K:00 B:00 S:015F P:36 I:6C E:1 F:087B T:FF C:0000 N:12E2 W:0175 L:16!
A:807E K:00 B:00 S:01E5 P:B4 I:F4 E:1 F:087C T:FF C:0000 N:12E2 W:807E L:16!
A:80A9 K:00 B:00 S:0171 P:74 I:A3 E:1 F:087D T:FF C:0000 N:12E2 W:80A9 L:16!
A:0109 K:00 B:00 S:0109 P:34 I:0B E:1 F:087E T:FF C:0000 N:12E2 W:805B L:16!
A:018B K:00 B:00 S:018B P:B4 I:F4 E:1 F:087F T:FF C:0000 N:12E1 W:8088 L:16!
A:012E K:00 B:00 S:0120 P:36 I:8D E:1 F:0880 T:FF C:0000 N:12E2 W:012E L:16!
A:01B0 K:00 B:00 S:01B0 P:36 I:8B E:1 F:0881 T:FF C:0000 N:12E1 W:805F L:16!
A:0130 K:00 B:00 S:0130 P:B4 I:F4 E:1 F:0882 T:FF C:0000 N:12E1 W:8091 L:16!
A:FC97 K:00 B:00 S:01CC P:36 I:5C E:1 F:0883 T:FF C:0000 N:12E2 W:FC97 L:16!
A:8067 K:00 B:00 S:015B P:B4 I:8D E:1 F:0884 T:FF C:0000 N:12E2 W:8067 L:16!
A:8098 K:00 B:00 S:01D9 P:B4 I:A3 E:1 F:0885 T:FF C:0000 N:12E1 W:8098 L:16!
A:805D K:00 B:00 S:0174 P:36 I:A9 E:1 F:0886 T:FF C:0000 N:12E2 W:805D L:16!
A:8070 K:00 B:00 S:0105 P:B4 I:90 E:1 F:0887 T:FF C:0000 N:12E2 W:8070 L:16!
A:80A1 K:00 B:00 S:0183 P:34 I:EB E:1 F:0888 T:FF C:0000 N:12E2 W:80A1 L:16!
A:8064 K:00 B:00 S:011F P:B4 I:AD E:1 F:0889 T:FF C:0000 N:12E2 W:8064 L:16!
A:807E K:00 B:00 S:01AA P:B4 I:F4 E:1 F:088A T:FF C:0000 N:12E1 W:807E L:16!
A:80A9 K:00 B:00 S:012D P:34 I:A3 E:1 F:088B T:FF C:0000 N:12E2 W:80A9 L:16!
A:01C9 K:00 B:00 S:01C9 P:36 I:8B E:1 F:088C T:FF C:0000 N:12E2 W:805F L:16!
A:0150 K:00 B:00 S:0150 P:B4 I:F4 E:1 F:088D T:FF C:0000 N:12E1 W:8088 L:16!
A:01EA K:00 B:00 S:01DC P:36 I:8D E:1 F:088E T:FF C:0000 N:12E2 W:01EA L:16!
A:8067 K:00 B:00 S:0174 P:B4 I:8D E:1 F:088F T:FF C:0000 N:12E2 W:8067 L:16!
A:01F5 K:00 B:00 S:01F5 P:B4 I:F4 E:1 F:0890 T:FF C:0000 N:12E1 W:8091 L:16!
A:FC97 K:00 B:00 S:0188 P:36 I:5C E:1 F:0891 T:FF C:0000 N:12E2 W:FC97 L:16!
A:8070 K:00 B:00 S:011E P:B4 I:90 E:1 F:0892 T:FF C:0000 N:12E2 W:8070 L:16!
A:8098 K:00 B:00 S:019B P:B4 I:A3 E:1 F:0893 T:FF C:0000 N:12E1 W:8098 L:16!
A:805D K:00 B:00 S:0130 P:36 I:A9 E:1 F:0894 T:FF C:0000 N:12E2 W:805D L:16!
A:01C5 K:00 B:00 S:01C5 P:B4 I:F4 E:1 F:0895 T:FF C:0000 N:12E1 W:807C L:16!
A:80A1 K:00 B:00 S:0145 P:34 I:EB E:1 F:0896 T:FF C:0000 N:12E2 W:80A1 L:16!
A:8064 K:00 B:00 S:01DB P:B4 I:AD E:1 F:0897 T:FF C:0000 N:12E2 W:8064 L:16!
A:016A K:00 B:00 S:016A P:B4 I:F4 E:1 F:0898 T:FF C:0000 N:12E1 W:8085 L:16!
A:80A9 K:00 B:00 S:01EF P:34 I:A3 E:1 F:0899 T:FF C:0000 N:12E2 W:80A9 L:16!
A:806E K:00 B:00 S:0186 P:B4 I:8D E:1 F:089A T:FF C:0000 N:12E2 W:806E L:16!
A:808E K:00 B:00 S:010F P:B4 I:F4 E:1 F:089B T:FF C:0000 N:12E2 W:808E L:16!
A:019A K:00 B:00 S:019A P:36 I:60 E:1 F:089C T:FF C:0000 N:12E2 W:80AE L:16!
A:012F K:00 B:00 S:012F P:B4 I:F4 E:1 F:089D T:FF C:0000 N:12E2 W:807C L:16!
A:01B6 K:00 B:00 S:01B6 P:34 I:48 E:1 F:089E T:FF C:0000 N:12E2 W:8095 L:16!
A:FFFF K:00 B:00 S:0147 P:36 I:6C E:1 F:089F T:FF C:0000 N:12E2 W:015D L:16!
A:01D4 K:00 B:00 S:01D4 P:B4 I:F4 E:1 F:08A0 T:FF C:0000 N:12E2 W:8085 L:16!
A:809C K:00 B:00 S:015F P:34 I:18 E:1 F:08A1 T:FF C:0000 N:12E2 W:809C L:16!
A:805D K:00 B:00 S:01EC P:36 I:A9 E:1 F:08A2 T:FF C:0000 N:12E2 W:805D L:16!
A:808E K:00 B:00 S:0179 P:B4 I:F4 E:1 F:08A3 T:FF C:0000 N:12E2 W:808E L:16!
A:80A5 K:00 B:00 S:0109 P:34 I:09 E:1 F:08A4 T:FF C:0000 N:12E2 W:80A5 L:16!
A:8064 K:00 B:00 S:0197 P:B4 I:AD E:1 F:08A5 T:FF C:0000 N:12E2 W:8064 L:16!
A:8096 K:00 B:00 S:0122 P:34 I:EB E:1 F:08A6 T:FF C:0000 N:12E2 W:8096 L:16!
A:80A9 K:00 B:00 S:01B1 P:34 I:A3 E:1 F:08A7 T:FF C:0000 N:12E2 W:80A9 L:16!
A:806E K:00 B:00 S:0142 P:B4 I:8D E:1 F:08A8 T:FF C:0000 N:12E2 W:806E L:16!
A:809F K:00 B:00 S:01CC P:34 I:EB E:1 F:08A9 T:FF C:0000 N:12E2 W:809F L:16!
A:016E K:00 B:00 S:0160 P:36 I:8D E:1 F:08AA T:FF C:0000 N:12E2 W:016E L:16!
A:01EB K:00 B:00 S:01EB P:B4 I:F4 E:1 F:08AB T:FF C:0000 N:12E2 W:807C L:16!
A:80A7 K:00 B:00 S:0175 P:74 I:48 E:1 F:08AC T:FF C:0000 N:12E2 W:80A7 L:16!
A:FC97 K:00 B:00 S:010C P:36 I:5C E:1 F:08AD T:FF C:0000 N:12E2 W:FC97 L:16!
A:0190 K:00 B:00 S:0190 P:B4 I:F4 E:1 F:08AE T:FF C:0000 N:12E2 W:8085 L:16!
A:0123 K:00 B:00 S:0123 P:36 I:60 E:1 F:08AF T:FF C:0000 N:12E2 W:80AE L:16!
A:805D K:00 B:00 S:01B1 P:36 I:A9 E:1 F:08B0 T:FF C:0000 N:12E2 W:805D L:16!
A:808E K:00 B:00 S:0135 P:B4 I:F4 E:1 F:08B1 T:FF C:0000 N:12E1 W:808E L:16!
A:80A9 K:00 B:00 S:01CA P:34 I:A3 E:1 F:08B2 T:FF C:0000 N:12E2 W:80A9 L:16!
A:8064 K:00 B:00 S:015C P:B4 I:AD E:1 F:08B3 T:FF C:0000 N:12E2 W:8064 L:16!
A:8096 K:00 B:00 S:01DE P:B4 I:EB E:1 F:08B4 T:FF C:0000 N:12E1 W:8096 L:16!
A:0187 K:00 B:00 S:0179 P:34 I:8D E:1 F:08B5 T:FF C:0000 N:12E2 W:0187 L:16!
A:806E K:00 B:00 S:0107 P:B4 I:8D E:1 F:08B6 T:FF C:0000 N:12E1 W:806E L:16!
A:809F K:00 B:00 S:0188 P:34 I:EB E:1 F:08B7 T:FF C:0000 N:12E2 W:809F L:16!
A:FC97 K:00 B:00 S:0125 P:34 I:5C E:1 F:08B8 T:FF C:0000 N:12E2 W:FC97 L:16!
A:01AD K:00 B:00 S:01AD P:B4 I:F4 E:1 F:08B9 T:FF C:0000 N:12E1 W:807C L:16!
A:80A7 K:00 B:00 S:0131 P:34 I:48 E:1 F:08BA T:FF C:0000 N:12E2 W:80A7 L:16!
A:01CC K:00 B:00 S:01CC P:36 I:0B E:1 F:08BB T:FF C:0000 N:12E2 W:805B L:16!
A:0152 K:00 B:00 S:0152 P:B4 I:F4 E:1 F:08BC T:FF C:0000 N:12E1 W:8085 L:16!
A:01DF K:00 B:00 S:01DF P:36 I:60 E:1 F:08BD T:FF C:0000 N:12E2 W:80AE L:16!
A:8061 K:00 B:00 S:0175 P:36 I:AB E:1 F:08BE T:FF C:0000 N:12E2 W:8061 L:16!
A:808E K:00 B:00 S:01F7 P:B4 I:F4 E:1 F:08BF T:FF C:0000 N:12E1 W:808E L:16!
A:FFFF K:00 B:00 S:018C P:36 I:6C E:1 F:08C0 T:FF C:0000 N:12E2 W:01A2 L:16!
A:806B K:00 B:00 S:0120 P:B4 I:AD E:1 F:08C1 T:FF C:0000 N:12E1 W:806B L:16!
A:019E K:00 B:00 S:019E P:34 I:48 E:1 F:08C2 T:FF C:0000 N:12E1 W:8095 L:16!
A:0136 K:00 B:00 S:0136 P:34 I:0B E:1 F:08C3 T:FF C:0000 N:12E2 W:805B L:16!
A:8076 K:00 B:00 S:01C8 P:B4 I:B0 E:1 F:08C4 T:FF C:0000 N:12E2 W:8076 L:16!
A:809C K:00 B:00 S:0147 P:34 I:18 E:1 F:08C5 T:FF C:0000 N:12E2 W:809C L:16!
A:8061 K:00 B:00 S:01DF P:36 I:AB E:1 F:08C6 T:FF C:0000 N:12E2 W:8061 L:16!
A:8080 K:00 B:00 S:016E P:B4 I:F4 E:1 F:08C7 T:FF C:0000 N:12E1 W:8080 L:16!
A:80A5 K:00 B:00 S:01F1 P:34 I:09 E:1 F:08C8 T:FF C:0000 N:12E2 W:80A5 L:16!
A:806B K:00 B:00 S:018A P:B4 I:AD E:1 F:08C9 T:FF C:0000 N:12E2 W:806B L:16!
A:808A K:00 B:00 S:0114 P:B4 I:F4 E:1 F:08CA T:FF C:0000 N:12E1 W:808A L:16!
A:019B K:00 B:00 S:019B P:36 I:60 E:1 F:08CB T:FF C:0000 N:12E2 W:80AE L:16!
A:0134 K:00 B:00 S:0134 P:B4 I:F4 E:1 F:08CC T:FF C:0000 N:12E2 W:8079 L:16!
A:808E K:00 B:00 S:01B9 P:B4 I:F4 E:1 F:08CD T:FF C:0000 N:12E2 W:808E L:16!
A:FFFF K:00 B:00 S:0148 P:36 I:6C E:1 F:08CE T:FF C:0000 N:12E2 W:015E L:16!
A:8082 K:00 B:00 S:01D9 P:B4 I:F4 E:1 F:08CF T:FF C:0000 N:12E2 W:8082 L:16!
A:8096 K:00 B:00 S:0162 P:34 I:EB E:1 F:08D0 T:FF C:0000 N:12E2 W:8096 L:16!
A:01F2 K:00 B:00 S:01F2 P:34 I:0B E:1 F:08D1 T:FF C:0000 N:12E2 W:805B L:16!
A:808C K:00 B:00 S:017F P:B4 I:F4 E:1 F:08D2 T:FF C:0000 N:12E2 W:808C L:16!
A:809F K:00 B:00 S:010C P:34 I:EB E:1 F:08D3 T:FF C:0000 N:12E2 W:809F L:16!
A:8061 K:00 B:00 S:019B P:36 I:AB E:1 F:08D4 T:FF C:0000 N:12E2 W:8061 L:16!
A:0127 K:00 B:00 S:0127 P:34 I:48 E:1 F:08D5 T:FF C:0000 N:12E1 W:8095 L:16!
A:80A7 K:00 B:00 S:01B2 P:34 I:48 E:1 F:08D6 T:FF C:0000 N:12E2 W:80A7 L:16!
A:806B K:00 B:00 S:0146 P:B4 I:AD E:1 F:08D7 T:FF C:0000 N:12E2 W:806B L:16!
A:808E K:00 B:00 S:01D2 P:B4 I:F4 E:1 F:08D8 T:FF C:0000 N:12E2 W:808E L:16!
A:0160 K:00 B:00 S:0160 P:36 I:60 E:1 F:08D9 T:FF C:0000 N:12E2 W:80AE L:16!
A:01F0 K:00 B:00 S:01F0 P:B4 I:F4 E:1 F:08DA T:FF C:0000 N:12E2 W:8079 L:16!
A:8096 K:00 B:00 S:017B P:34 I:EB E:1 F:08DB T:FF C:0000 N:12E2 W:8096 L:16!
A:FFFF K:00 B:00 S:010D P:36 I:6C E:1 F:08DC T:FF C:0000 N:12E2 W:0123 L:16!
A:8082 K:00 B:00 S:0195 P:B4 I:F4 E:1 F:08DD T:FF C:0000 N:12E2 W:8082 L:16!
A:809F K:00 B:00 S:0125 P:34 I:EB E:1 F:08DE T:FF C:0000 N:12E2 W:809F L:16!
A:01B4 K:00 B:00 S:01B4 P:34 I:0B E:1 F:08DF T:FF C:0000 N:12E2 W:805B L:16!
A:808C K:00 B:00 S:013B P:B4 I:F4 E:1 F:08E0 T:FF C:0000 N:12E2 W:808C L:16!
A:80A5 K:00 B:00 S:01CC P:34 I:09 E:1 F:08E1 T:FF C:0000 N:12E2 W:80A5 L:16!
A:8061 K:00 B:00 S:015D P:36 I:AB E:1 F:08E2 T:FF C:0000 N:12E1 W:8061 L:16!
A:01E3 K:00 B:00 S:01E3 P:34 I:48 E:1 F:08E3 T:FF C:0000 N:12E2 W:8095 L:16!
A:80AD K:00 B:00 S:0177 P:74 I:28 E:1 F:08E4 T:FF C:0000 N:12E2 W:80AD L:16!
A:806B K:00 B:00 S:0108 P:B4 I:AD E:1 F:08E5 T:FF C:0000 N:12E1 W:806B L:16!
A:809C K:00 B:00 S:018C P:34 I:18 E:1 F:08E6 T:FF C:0000 N:12E2 W:809C L:16!
A:0139 K:00 B:00 S:0126 P:36 I:8D E:1 F:08E7 T:FF C:0000 N:12E2 W:0139 L:16!
A:8076 K:00 B:00 S:01B0 P:B4 I:B0 E:1 F:08E8 T:FF C:0000 N:12E2 W:8076 L:16!
A:80A5 K:00 B:00 S:0136 P:34 I:09 E:1 F:08E9 T:FF C:0000 N:12E2 W:80A5 L:16!
A:01CF K:00 B:00 S:01CF P:36 I:48 E:1 F:08EA T:FF C:0000 N:12E2 W:8056 L:16!
A:8080 K:00 B:00 S:0156 P:B4 I:F4 E:1 F:08EB T:FF C:0000 N:12E2 W:8080 L:16!
A:80AD K:00 B:00 S:01E1 P:34 I:28 E:1 F:08EC T:FF C:0000 N:12E2 W:80AD L:16!
A:0177 K:00 B:00 S:0177 P:36 I:8B E:1 F:08ED T:FF C:0000 N:12E1 W:805F L:16!
A:808A K:00 B:00 S:01FC P:B4 I:F4 E:1 F:08EE T:FF C:0000 N:12E1 W:808A L:16!
A:01A3 K:00 B:00 S:0190 P:36 I:8D E:1 F:08EF T:FF C:0000 N:12E2 W:01A3 L:16!
A:8067 K:00 B:00 S:0122 P:B4 I:8D E:1 F:08F0 T:FF C:0000 N:12E2 W:8067 L:16!
A:019F K:00 B:00 S:019F P:34 I:48 E:1 F:08F1 T:FF C:0000 N:12E2 W:8095 L:16!
A:8059 K:00 B:00 S:013B P:36 I:EB E:1 F:08F2 T:FF C:0000 N:12E2 W:8059 L:16!
A:806B K:00 B:00 S:01CA P:B4 I:AD E:1 F:08F3 T:FF C:0000 N:12E1 W:806B L:16!
A:809C K:00 B:00 S:0148 P:34 I:18 E:1 F:08F4 T:FF C:0000 N:12E2 W:809C L:16!
A:8060 K:00 B:00 S:01E2 P:36 I:48 E:1 F:08F5 T:FF C:0000 N:12E2 W:8060 L:16!
A:0174 K:00 B:00 S:0174 P:B4 I:F4 E:1 F:08F6 T:FF C:0000 N:12E1 W:8079 L:16!
A:80A5 K:00 B:00 S:01F2 P:35 I:09 E:1 F:08F7 T:FF C:0000 N:12E2 W:80A5 L:16!
A:8069 K:00 B:00 S:018E P:B4 I:AD E:1 F:08F8 T:FF C:0000 N:12E2 W:8069 L:16!
A:8082 K:00 B:00 S:0119 P:B4 I:F4 E:1 F:08F9 T:FF C:0000 N:12E2 W:8082 L:16!
A:80AD K:00 B:00 S:019D P:34 I:28 E:1 F:08FA T:FF C:0000 N:12E2 W:80AD L:16!
A:8076 K:00 B:00 S:0139 P:B4 I:B0 E:1 F:08FB T:FF C:0000 N:12E2 W:8076 L:16!
A:808C K:00 B:00 S:01BC P:B4 I:F4 E:1 F:08FC T:FF C:0000 N:12E2 W:808C L:16!
A:015F K:00 B:00 S:014C P:36 I:8D E:1 F:08FD T:FF C:0000 N:12E2 W:015F L:16!
A:806B K:00 B:00 S:01E3 P:B4 I:AD E:1 F:08FE T:FF C:0000 N:12E2 W:806B L:16!
A:0164 K:00 B:00 S:0164 P:34 I:48 E:1 F:08FF T:FF C:0000 N:12E2 W:8095 L:16!
A:8059 K:00 B:00 S:01F7 P:36 I:EB E:1 F:0900 T:FF C:0000 N:12E2 W:8059 L:16!
A:018D K:00 B:00 S:018D P:B4 I:F4 E:1 F:0901 T:FF C:0000 N:12E2 W:8079 L:16!
A:809C K:00 B:00 S:010D P:34 I:18 E:1 F:0902 T:FF C:0000 N:12E2 W:809C L:16!
A:8060 K:00 B:00 S:019E P:36 I:48 E:1 F:0903 T:FF C:0000 N:12E2 W:8060 L:16!
A:8082 K:00 B:00 S:0132 P:B4 I:F4 E:1 F:0904 T:FF C:0000 N:12E2 W:8082 L:16!
A:80A5 K:00 B:00 S:01B4 P:34 I:09 E:1 F:0905 T:FF C:0000 N:12E2 W:80A5 L:16!
A:8069 K:00 B:00 S:014A P:B4 I:AD E:1 F:0906 T:FF C:0000 N:12E2 W:8069 L:16!
A:808A K:00 B:00 S:01D7 P:B4 I:F4 E:1 F:0907 T:FF C:0000 N:12E1 W:808A L:16!
A:80AD K:00 B:00 S:015F P:34 I:28 E:1 F:0908 T:FF C:0000 N:12E2 W:80AD L:16!
A:8076 K:00 B:00 S:01F5 P:B4 I:B0 E:1 F:0909 T:FF C:0000 N:12E2 W:8076 L:16!
A:8093 K:00 B:00 S:017D P:34 I:1A E:1 F:090A T:FF C:0000 N:12E2 W:8093 L:16!
A:0121 K:00 B:00 S:010E P:36 I:8D E:1 F:090B T:FF C:0000 N:12E2 W:0121 L:16!
A:8080 K:00 B:00 S:019B P:B4 I:F4 E:1 F:090C T:FF C:0000 N:12E2 W:8080 L:16!
A:0127 K:00 B:00 S:0127 P:34 I:48 E:1 F:090D T:FF C:0000 N:12E2 W:809A L:16!
A:01B7 K:00 B:00 S:01B7 P:36 I:48 E:1 F:090E T:FF C:0000 N:12E2 W:8056 L:16!
A:808A K:00 B:00 S:0141 P:B4 I:F4 E:1 F:090F T:FF C:0000 N:12E1 W:808A L:16!
A:80A1 K:00 B:00 S:01CE P:34 I:EB E:1 F:0910 T:FF C:0000 N:12E2 W:80A1 L:16!
A:015F K:00 B:00 S:015F P:36 I:8B E:1 F:0911 T:FF C:0000 N:12E2 W:805F L:16!
A:8093 K:00 B:00 S:01E7 P:B4 I:1A E:1 F:0912 T:FF C:0000 N:12E2 W:8093 L:16!
A:80A9 K:00 B:00 S:0178 P:74 I:A3 E:1 F:0913 T:FF C:0000 N:12E2 W:80A9 L:16!
A:8067 K:00 B:00 S:010A P:B4 I:8D E:1 F:0914 T:FF C:0000 N:12E2 W:8067 L:16!
A:0191 K:00 B:00 S:0191 P:34 I:48 E:1 F:0915 T:FF C:0000 N:12E2 W:809A L:16!
A:0135 K:00 B:00 S:0127 P:36 I:8D E:1 F:0916 T:FF C:0000 N:12E2 W:0135 L:16!
A:8076 K:00 B:00 S:01B1 P:B4 I:B0 E:1 F:0917 T:FF C:0000 N:12E1 W:8076 L:16!
A:80A3 K:00 B:00 S:013A P:34 I:A3 E:1 F:0918 T:FF C:0000 N:12E2 W:80A3 L:16!
A:01E3 K:00 B:00 S:01D0 P:36 I:8D E:1 F:0919 T:FF C:0000 N:12E2 W:01E3 L:16!
A:8080 K:00 B:00 S:0157 P:B4 I:F4 E:1 F:091A T:FF C:0000 N:12E2 W:8080 L:16!
A:80AB K:00 B:00 S:01E5 P:34 I:A3 E:1 F:091B T:FF C:0000 N:12E2 W:80AB L:16!
A:8059 K:00 B:00 S:017B P:36 I:EB E:1 F:091C T:FF C:0000 N:12E2 W:8059 L:16!
A:808A K:00 B:00 S:01FD P:B4 I:F4 E:1 F:091D T:FF C:0000 N:12E2 W:808A L:16!
A:01A4 K:00 B:00 S:0194 P:36 I:8D E:1 F:091E T:FF C:0000 N:12E2 W:01A4 L:16!
A:8060 K:00 B:00 S:0122 P:36 I:48 E:1 F:091F T:FF C:0000 N:12E1 W:8060 L:16!
A:8093 K:00 B:00 S:01A3 P:B4 I:1A E:1 F:0920 T:FF C:0000 N:12E1 W:8093 L:16!
A:0140 K:00 B:00 S:0140 P:36 I:48 E:1 F:0921 T:FF C:0000 N:12E2 W:8056 L:16!
A:8069 K:00 B:00 S:01CB P:B4 I:AD E:1 F:0922 T:FF C:0000 N:12E2 W:8069 L:16!
A:014D K:00 B:00 S:014D P:34 I:48 E:1 F:0923 T:FF C:0000 N:12E1 W:809A L:16!
A:8042 K:00 B:00 S:01EC P:34 I:F4 E:1 F:0924 T:FF C:0000 N:12E2 W:8042 L:16!
A:8076 K:00 B:00 S:0176 P:B4 I:B0 E:1 F:0925 T:FF C:0000 N:12E2 W:8076 L:16!
A:80A3 K:00 B:00 S:01F6 P:35 I:A3 E:1 F:0926 T:FF C:0000 N:12E2 W:80A3 L:16!
A:8059 K:00 B:00 S:0194 P:36 I:EB E:1 F:0927 T:FF C:0000 N:12E2 W:8059 L:16!
A:8080 K:00 B:00 S:011C P:B4 I:F4 E:1 F:0928 T:FF C:0000 N:12E1 W:8080 L:16!
A:80AB K:00 B:00 S:01A1 P:34 I:A3 E:1 F:0929 T:FF C:0000 N:12E2 W:80AB L:16!
A:8060 K:00 B:00 S:013B P:36 I:48 E:1 F:092A T:FF C:0000 N:12E2 W:8060 L:16!
A:808A K:00 B:00 S:01BF P:B4 I:F4 E:1 F:092B T:FF C:0000 N:12E1 W:808A L:16!
A:0160 K:00 B:00 S:0150 P:36 I:8D E:1 F:092C T:FF C:0000 N:12E2 W:0160 L:16!
A:8067 K:00 B:00 S:01E5 P:B4 I:8D E:1 F:092D T:FF C:0000 N:12E2 W:8067 L:16!
A:8093 K:00 B:00 S:0165 P:34 I:1A E:1 F:092E T:FF C:0000 N:12E1 W:8093 L:16!
A:01FC K:00 B:00 S:01FC P:36 I:48 E:1 F:092F T:FF C:0000 N:12E2 W:8056 L:16!
A:8070 K:00 B:00 S:018F P:B4 I:90 E:1 F:0930 T:FF C:0000 N:12E2 W:8070 L:16!
A:010F K:00 B:00 S:010F P:34 I:48 E:1 F:0931 T:FF C:0000 N:12E2 W:809A L:16!
A:01A4 K:00 B:00 S:01A4 P:36 I:8B E:1 F:0932 T:FF C:0000 N:12E2 W:805F L:16!
A:807E K:00 B:00 S:0137 P:B4 I:F4 E:1 F:0933 T:FF C:0000 N:12E1 W:807E L:16!
A:80A1 K:00 B:00 S:01B6 P:34 I:EB E:1 F:0934 T:FF C:0000 N:12E2 W:80A1 L:16!
A:8067 K:00 B:00 S:014F P:B4 I:8D E:1 F:0935 T:FF C:0000 N:12E2 W:8067 L:16!
A:01DB K:00 B:00 S:01DB P:B4 I:F4 E:1 F:0936 T:FF C:0000 N:12E2 W:8085 L:16!
A:80A9 K:00 B:00 S:0160 P:34 I:A3 E:1 F:0937 T:FF C:0000 N:12E2 W:80A9 L:16!
A:8070 K:00 B:00 S:01F9 P:B4 I:90 E:1 F:0938 T:FF C:0000 N:12E2 W:8070 L:16!
A:808E K:00 B:00 S:0180 P:B4 I:F4 E:1 F:0939 T:FF C:0000 N:12E2 W:808E L:16!
A:011D K:00 B:00 S:010F P:36 I:8D E:1 F:093A T:FF C:0000 N:12E2 W:011D L:16!
A:807E K:00 B:00 S:01A1 P:B4 I:F4 E:1 F:093B T:FF C:0000 N:12E2 W:807E L:16!
A:8096 K:00 B:00 S:0129 P:34 I:EB E:1 F:093C T:FF C:0000 N:12E2 W:8096 L:16!
A:01B8 K:00 B:00 S:01B8 P:36 I:48 E:1 F:093D T:FF C:0000 N:12E2 W:8056 L:16!
A:0147 K:00 B:00 S:0147 P:B4 I:F4 E:1 F:093E T:FF C:0000 N:12E2 W:8088 L:16!
A:01D1 K:00 B:00 S:01D1 P:34 I:48 E:1 F:093F T:FF C:0000 N:12E2 W:809A L:16!
A:0160 K:00 B:00 S:0160 P:36 I:8B E:1 F:0940 T:FF C:0000 N:12E2 W:805F L:16!
A:01EC K:00 B:00 S:01EC P:B4 I:F4 E:1 F:0941 T:FF C:0000 N:12E2 W:8091 L:16!
A:80A3 K:00 B:00 S:017A P:F4 I:A3 E:1 F:0942 T:FF C:0000 N:12E2 W:80A3 L:16!
A:8067 K:00 B:00 S:010B P:B4 I:8D E:1 F:0943 T:FF C:0000 N:12E2 W:8067 L:16!
A:8098 K:00 B:00 S:0195 P:B4 I:A3 E:1 F:0944 T:FF C:0000 N:12E2 W:8098 L:16!
A:80AB K:00 B:00 S:0125 P:34 I:A3 E:1 F:0945 T:FF C:0000 N:12E2 W:80AB L:16!
A:8070 K:00 B:00 S:01B5 P:B4 I:90 E:1 F:0946 T:FF C:0000 N:12E2 W:8070 L:16!
A:80A1 K:00 B:00 S:013F P:34 I:EB E:1 F:0947 T:FF C:0000 N:12E2 W:80A1 L:16!
A:01E1 K:00 B:00 S:01D1 P:36 I:8D E:1 F:0948 T:FF C:0000 N:12E2 W:01E1 L:16!
A:807E K:00 B:00 S:015D P:B4 I:F4 E:1 F:0949 T:FF C:0000 N:12E2 W:807E L:16!
A:80A9 K:00 B:00 S:01E9 P:34 I:A3 E:1 F:094A T:FF C:0000 N:12E2 W:80A9 L:16!
A:017D K:00 B:00 S:017D P:36 I:48 E:1 F:094B T:FF C:0000 N:12E1 W:8056 L:16!
A:0103 K:00 B:00 S:0103 P:B4 I:F4 E:1 F:094C T:FF C:0000 N:12E2 W:8088 L:16!
A:80A3 K:00 B:00 S:0193 P:B4 I:A3 E:1 F:094D T:FF C:0000 N:12E2 W:80A3 L:16!
A:0125 K:00 B:00 S:0125 P:36 I:8B E:1 F:094E T:FF C:0000 N:12E2 W:805F L:16!
A:01A8 K:00 B:00 S:01A8 P:B4 I:F4 E:1 F:094F T:FF C:0000 N:12E1 W:8091 L:16!
A:80AB K:00 B:00 S:013E P:34 I:A3 E:1 F:0950 T:FF C:0000 N:12E2 W:80AB L:16!
A:8067 K:00 B:00 S:01CD P:B4 I:8D E:1 F:0951 T:FF C:0000 N:12E2 W:8067 L:16!
A:8098 K:00 B:00 S:0151 P:34 I:A3 E:1 F:0952 T:FF C:0000 N:12E2 W:8098 L:16!
A:01FD K:00 B:00 S:01ED P:34 I:8D E:1 F:0953 T:FF C:0000 N:12E2 W:01FD L:16!
A:8070 K:00 B:00 S:0177 P:B4 I:90 E:1 F:0954 T:FF C:0000 N:12E2 W:8070 L:16!
A:80A1 K:00 B:00 S:01FB P:35 I:EB E:1 F:0955 T:FF C:0000 N:12E2 W:80A1 L:16!
A:FC97 K:00 B:00 S:0196 P:36 I:5C E:1 F:0956 T:FF C:0000 N:12E2 W:FC97 L:16!
A:807E K:00 B:00 S:011F P:B4 I:F4 E:1 F:0957 T:FF C:0000 N:12E1 W:807E L:16!
A:80A9 K:00 B:00 S:01A5 P:34 I:A3 E:1 F:0958 T:FF C:0000 N:12E2 W:80A9 L:16!
A:805D K:00 B:00 S:013E P:36 I:A9 E:1 F:0959 T:FF C:0000 N:12E2 W:805D L:16!
A:01C3 K:00 B:00 S:01C3 P:B4 I:F4 E:1 F:095A T:FF C:0000 N:12E1 W:8085 L:16!
A:0162 K:00 B:00 S:0154 P:36 I:8D E:1 F:095B T:FF C:0000 N:12E2 W:0162 L:16!
A:8061 K:00 B:00 S:01E6 P:36 I:AB E:1 F:095C T:FF C:0000 N:12E2 W:8061 L:16!
A:808E K:00 B:00 S:0168 P:B4 I:F4 E:1 F:095D T:FF C:0000 N:12E1 W:808E L:16!
A:FC97 K:00 B:00 S:0100 P:36 I:5C E:1 F:095E T:FF C:0000 N:12E2 W:FC97 L:16!
A:806B K:00 B:00 S:0191 P:B4 I:AD E:1 F:095F T:FF C:0000 N:12E2 W:806B L:16!
A:8096 K:00 B:00 S:0111 P:34 I:EB E:1 F:0960 T:FF C:0000 N:12E1 W:8096 L:16!
A:805D K:00 B:00 S:01A8 P:36 I:A9 E:1 F:0961 T:FF C:0000 N:12E2 W:805D L:16!
A:013B K:00 B:00 S:013B P:B4 I:F4 E:1 F:0962 T:FF C:0000 N:12E1 W:8079 L:16!
A:80A1 K:00 B:00 S:01B7 P:34 I:EB E:1 F:0963 T:FF C:0000 N:12E2 W:80A1 L:16!
A:8064 K:00 B:00 S:0153 P:B4 I:AD E:1 F:0964 T:FF C:0000 N:12E2 W:8064 L:16!
A:807E K:00 B:00 S:01E1 P:B4 I:F4 E:1 F:0965 T:FF C:0000 N:12E1 W:807E L:16!
A:80A9 K:00 B:00 S:0161 P:34 I:A3 E:1 F:0966 T:FF C:0000 N:12E2 W:80A9 L:16!
A:806E K:00 B:00 S:01FE P:B4 I:8D E:1 F:0967 T:FF C:0000 N:12E2 W:806E L:16!
A:0187 K:00 B:00 S:0187 P:B4 I:F4 E:1 F:0968 T:FF C:0000 N:12E1 W:8088 L:16!
A:011E K:00 B:00 S:0110 P:36 I:8D E:1 F:0969 T:FF C:0000 N:12E2 W:011E L:16!
A:01A7 K:00 B:00 S:01A7 P:B4 I:F4 E:1 F:096A T:FF C:0000 N:12E2 W:807C L:16!
A:012C K:00 B:00 S:012C P:B4 I:F4 E:1 F:096B T:FF C:0000 N:12E2 W:8091 L:16!
A:FC97 K:00 B:00 S:01BC P:36 I:5C E:1 F:096C T:FF C:0000 N:12E2 W:FC97 L:16!
A:014C K:00 B:00 S:014C P:B4 I:F4 E:1 F:096D T:FF C:0000 N:12E2 W:8085 L:16!
A:8098 K:00 B:00 S:01D2 P:B4 I:A3 E:1 F:096E T:FF C:0000 N:12E2 W:8098 L:16!
A:805D K:00 B:00 S:0164 P:36 I:A9 E:1 F:096F T:FF C:0000 N:12E2 W:805D L:16!
A:808E K:00 B:00 S:01F1 P:B4 I:F4 E:1 F:0970 T:FF C:0000 N:12E1 W:808E L:16!
A:80A1 K:00 B:00 S:017C P:74 I:EB E:1 F:0971 T:FF C:0000 N:12E2 W:80A1 L:16!
A:8064 K:00 B:00 S:010F P:B4 I:AD E:1 F:0972 T:FF C:0000 N:12E2 W:8064 L:16!
A:01A0 K:00 B:00 S:01A0 P:B4 I:F4 E:1 F:0973 T:FF C:0000 N:12E1 W:8088 L:16!
A:80A9 K:00 B:00 S:0126 P:34 I:A3 E:1 F:0974 T:FF C:0000 N:12E2 W:80A9 L:16!
A:806E K:00 B:00 S:01BA P:B4 I:8D E:1 F:0975 T:FF C:0000 N:12E2 W:806E L:16!
A:0145 K:00 B:00 S:0145 P:B4 I:F4 E:1 F:0976 T:FF C:0000 N:12E2 W:8091 L:16!
A:01E0 K:00 B:00 S:01D2 P:36 I:8D E:1 F:0977 T:FF C:0000 N:12E2 W:01E0 L:16!
A:0163 K:00 B:00 S:0163 P:B4 I:F4 E:1 F:0978 T:FF C:0000 N:12E2 W:807C L:16!
A:8098 K:00 B:00 S:01EE P:B4 I:A3 E:1 F:0979 T:FF C:0000 N:12E2 W:8098 L:16!
A:FC97 K:00 B:00 S:017E P:36 I:5C E:1 F:097A T:FF C:0000 N:12E2 W:FC97 L:16!
A:0108 K:00 B:00 S:0108 P:B4 I:F4 E:1 F:097B T:FF C:0000 N:12E2 W:8085 L:16!
A:809F K:00 B:00 S:0196 P:34 I:EB E:1 F:097C T:FF C:0000 N:12E2 W:809F L:16!
A:805D K:00 B:00 S:0126 P:36 I:A9 E:1 F:097D T:FF C:0000 N:12E2 W:805D L:16!
A:808E K:00 B:00 S:01AD P:B4 I:F4 E:1 F:097E T:FF C:0000 N:12E2 W:808E L:16!
A:80A7 K:00 B:00 S:013F P:34 I:48 E:1 F:097F T:FF C:0000 N:12E2 W:80A7 L:16!
A:8061 K:00 B:00 S:01CE P:36 I:AB E:1 F:0980 T:FF C:0000 N:12E2 W:8061 L:16!
A:8096 K:00 B:00 S:0156 P:34 I:EB E:1 F:0981 T:FF C:0000 N:12E2 W:8096 L:16!
A:01ED K:00 B:00 S:01ED P:36 I:60 E:1 F:0982 T:FF C:0000 N:12E2 W:80AE L:16!
A:806B K:00 B:00 S:0179 P:B4 I:AD E:1 F:0983 T:FF C:0000 N:12E2 W:806B L:16!
A:809F K:00 B:00 S:0100 P:34 I:EB E:1 F:0984 T:FF C:0000 N:12E2 W:809F L:16!
A:01AA K:00 B:00 S:0197 P:36 I:8D E:1 F:0985 T:FF C:0000 N:12E2 W:01AA L:16!
A:0123 K:00 B:00 S:0123 P:B4 I:F4 E:1 F:0986 T:FF C:0000 N:12E2 W:8079 L:16!
A:80A7 K:00 B:00 S:01A9 P:34 I:48 E:1 F:0987 T:FF C:0000 N:12E2 W:80A7 L:16!
A:8059 K:00 B:00 S:0142 P:36 I:EB E:1 F:0988 T:FF C:0000 N:12E2 W:8059 L:16!
A:01C4 K:00 B:00 S:01C4 P:B4 I:F4 E:1 F:0989 T:FF C:0000 N:12E1 W:8085 L:16!
A:0157 K:00 B:00 S:0157 P:36 I:60 E:1 F:098A T:FF C:0000 N:12E2 W:80AE L:16!
A:805D K:00 B:00 S:01E8 P:36 I:A9 E:1 F:098B T:FF C:0000 N:12E2 W:805D L:16!
A:808E K:00 B:00 S:0169 P:B4 I:F4 E:1 F:098C T:FF C:0000 N:12E2 W:808E L:16!
A:FFFF K:00 B:00 S:0104 P:36 I:6C E:1 F:098D T:FF C:0000 N:12E2 W:011A L:16!
A:8064 K:00 B:00 S:0193 P:B4 I:AD E:1 F:098E T:FF C:0000 N:12E2 W:8064 L:16!
A:8096 K:00 B:00 S:0112 P:34 I:EB E:1 F:098F T:FF C:0000 N:12E2 W:8096 L:16!
A:01AE K:00 B:00 S:01AE P:34 I:0B E:1 F:0990 T:FF C:0000 N:12E2 W:805B L:16!
A:806E K:00 B:00 S:013E P:B4 I:8D E:1 F:0991 T:FF C:0000 N:12E1 W:806E L:16!
A:809F K:00 B:00 S:01BC P:34 I:EB E:1 F:0992 T:FF C:0000 N:12E2 W:809F L:16!
A:8061 K:00 B:00 S:0157 P:36 I:AB E:1 F:0993 T:FF C:0000 N:12E2 W:8061 L:16!
A:01E4 K:00 B:00 S:01E4 P:B4 I:F4 E:1 F:0994 T:FF C:0000 N:12E1 W:807C L:16!
A:80A7 K:00 B:00 S:0165 P:34 I:48 E:1 F:0995 T:FF C:0000 N:12E2 W:80A7 L:16!
A:806B K:00 B:00 S:0102 P:B4 I:AD E:1 F:0996 T:FF C:0000 N:12E2 W:806B L:16!
A:0189 K:00 B:00 S:0189 P:B4 I:F4 E:1 F:0997 T:FF C:0000 N:12E2 W:8085 L:16!
A:0113 K:00 B:00 S:0113 P:36 I:60 E:1 F:0998 T:FF C:0000 N:12E2 W:80AE L:16!
A:8064 K:00 B:00 S:01AC P:B4 I:AD E:1 F:0999 T:FF C:0000 N:12E2 W:8064 L:16!
A:808E K:00 B:00 S:012E P:B4 I:F4 E:1 F:099A T:FF C:0000 N:12E2 W:808E L:16!
A:FFFF K:00 B:00 S:01C0 P:36 I:6C E:1 F:099B T:FF C:0000 N:12E2 W:01D6 L:16!
A:806E K:00 B:00 S:0157 P:B4 I:8D E:1 F:099C T:FF C:0000 N:12E2 W:806E L:16!
A:8096 K:00 B:00 S:01D4 P:B4 I:EB E:1 F:099D T:FF C:0000 N:12E1 W:8096 L:16!
A:016A K:00 B:00 S:016A P:34 I:0B E:1 F:099E T:FF C:0000 N:12E2 W:805B L:16!
A:0100 K:00 B:00 S:0100 P:B4 I:F4 E:1 F:099F T:FF C:0000 N:12E1 W:807C L:16!
A:809F K:00 B:00 S:017E P:74 I:EB E:1 F:09A0 T:FF C:0000 N:12E2 W:809F L:16!
A:8061 K:00 B:00 S:0113 P:36 I:AB E:1 F:09A1 T:FF C:0000 N:12E2 W:8061 L:16!
A:8082 K:00 B:00 S:01A3 P:B4 I:F4 E:1 F:09A2 T:FF C:0000 N:12E1 W:8082 L:16!
A:80A7 K:00 B:00 S:0127 P:34 I:48 E:1 F:09A3 T:FF C:0000 N:12E2 W:80A7 L:16!
A:806B K:00 B:00 S:01BE P:B4 I:AD E:1 F:09A4 T:FF C:0000 N:12E2 W:806B L:16!
A:808C K:00 B:00 S:0149 P:B4 I:F4 E:1 F:09A5 T:FF C:0000 N:12E2 W:808C L:16!
A:80AD K:00 B:00 S:01D0 P:34 I:28 E:1 F:09A6 T:FF C:0000 N:12E2 W:80AD L:16!
A:0168 K:00 B:00 S:0168 P:B4 I:F4 E:1 F:09A7 T:FF C:0000 N:12E2 W:8079 L:16!
A:01F1 K:00 B:00 S:01F1 P:34 I:48 E:1 F:09A8 T:FF C:0000 N:12E2 W:8095 L:16!
A:0192 K:00 B:00 S:017F P:36 I:8D E:1 F:09A9 T:FF C:0000 N:12E2 W:0192 L:16!
A:8082 K:00 B:00 S:010D P:B4 I:F4 E:1 F:09AA T:FF C:0000 N:12E2 W:8082 L:16!
A:0198 K:00 B:00 S:0198 P:34 I:48 E:1 F:09AB T:FF C:0000 N:12E2 W:809A L:16!
A:8059 K:00 B:00 S:012A P:36 I:EB E:1 F:09AC T:FF C:0000 N:12E2 W:8059 L:16!
A:808C K:00 B:00 S:01B3 P:B4 I:F4 E:1 F:09AD T:FF C:0000 N:12E2 W:808C L:16!
A:80A3 K:00 B:00 S:0141 P:34 I:A3 E:1 F:09AE T:FF C:0000 N:12E2 W:80A3 L:16!
A:8061 K:00 B:00 S:01CF P:36 I:AB E:1 F:09AF T:FF C:0000 N:12E2 W:8061 L:16!
A:015B K:00 B:00 S:015B P:34 I:48 E:1 F:09B0 T:FF C:0000 N:12E1 W:8095 L:16!
A:80AB K:00 B:00 S:01EC P:34 I:A3 E:1 F:09B1 T:FF C:0000 N:12E2 W:80AB L:16!
A:806B K:00 B:00 S:017A P:B4 I:AD E:1 F:09B2 T:FF C:0000 N:12E2 W:806B L:16!
A:809C K:00 B:00 S:0104 P:34 I:18 E:1 F:09B3 T:FF C:0000 N:12E2 W:809C L:16!
A:0197 K:00 B:00 S:0197 P:36 I:60 E:1 F:09B4 T:FF C:0000 N:12E2 W:80AE L:16!
A:0124 K:00 B:00 S:0124 P:B4 I:F4 E:1 F:09B5 T:FF C:0000 N:12E2 W:8079 L:16!
A:80A5 K:00 B:00 S:01AE P:34 I:09 E:1 F:09B6 T:FF C:0000 N:12E2 W:80A5 L:16!
A:FFFF K:00 B:00 S:0144 P:36 I:6C E:1 F:09B7 T:FF C:0000 N:12E2 W:015A L:16!
A:8082 K:00 B:00 S:01C9 P:B4 I:F4 E:1 F:09B8 T:FF C:0000 N:12E2 W:8082 L:16!
A:80AD K:00 B:00 S:0159 P:34 I:28 E:1 F:09B9 T:FF C:0000 N:12E2 W:80AD L:16!
A:01EB K:00 B:00 S:01EB P:34 I:0B E:1 F:09BA T:FF C:0000 N:12E2 W:805B L:16!
A:808C K:00 B:00 S:016F P:B4 I:F4 E:1 F:09BB T:FF C:0000 N:12E2 W:808C L:16!
A:011B K:00 B:00 S:0108 P:36 I:8D E:1 F:09BC T:FF C:0000 N:12E2 W:011B L:16!
A:8061 K:00 B:00 S:0194 P:36 I:AB E:1 F:09BD T:FF C:0000 N:12E2 W:8061 L:16!
A:0117 K:00 B:00 S:0117 P:34 I:48 E:1 F:09BE T:FF C:0000 N:12E2 W:8095 L:16!
A:01B0 K:00 B:00 S:01B0 P:34 I:60 E:1 F:09BF T:FF C:0000 N:12E2 W:80AE L:16!
A:806B K:00 B:00 S:013F P:B4 I:AD E:1 F:09C0 T:FF C:0000 N:12E1 W:806B L:16!
A:809C K:00 B:00 S:01C0 P:34 I:18 E:1 F:09C1 T:FF C:0000 N:12E2 W:809C L:16!
A:FFFF K:00 B:00 S:015D P:34 I:6C E:1 F:09C2 T:FF C:0000 N:12E2 W:0173 L:16!
A:01E6 K:00 B:00 S:01E6 P:B4 I:F4 E:1 F:09C3 T:FF C:0000 N:12E1 W:8079 L:16!
A:80A5 K:00 B:00 S:016A P:34 I:09 E:1 F:09C4 T:FF C:0000 N:12E2 W:80A5 L:16!
A:0107 K:00 B:00 S:0107 P:34 I:0B E:1 F:09C5 T:FF C:0000 N:12E2 W:805B L:16!
A:8082 K:00 B:00 S:018B P:B4 I:F4 E:1 F:09C6 T:FF C:0000 N:12E1 W:8082 L:16!
A:80AD K:00 B:00 S:0115 P:34 I:28 E:1 F:09C7 T:FF C:0000 N:12E2 W:80AD L:16!
A:8060 K:00 B:00 S:01AC P:36 I:48 E:1 F:09C8 T:FF C:0000 N:12E2 W:8060 L:16!
A:808C K:00 B:00 S:0131 P:B4 I:F4 E:1 F:09C9 T:FF C:0000 N:12E1 W:808C L:16!
A:01D7 K:00 B:00 S:01C4 P:36 I:8D E:1 F:09CA T:FF C:0000 N:12E2 W:01D7 L:16!
A:8069 K:00 B:00 S:0158 P:B4 I:AD E:1 F:09CB T:FF C:0000 N:12E2 W:8069 L:16!
A:8093 K:00 B:00 S:01D6 P:B4 I:1A E:1 F:09CC T:FF C:0000 N:12E1 W:8093 L:16!
A:8059 K:00 B:00 S:016F P:36 I:EB E:1 F:09CD T:FF C:0000 N:12E2 W:8059 L:16!
A:8076 K:00 B:00 S:0103 P:B4 I:B0 E:1 F:09CE T:FF C:0000 N:12E1 W:8076 L:16!
A:0180 K:00 B:00 S:0180 P:34 I:48 E:1 F:09CF T:FF C:0000 N:12E2 W:809A L:16!
A:8060 K:00 B:00 S:0116 P:36 I:48 E:1 F:09D0 T:FF C:0000 N:12E2 W:8060 L:16!
A:807E K:00 B:00 S:01A8 P:B4 I:F4 E:1 F:09D1 T:FF C:0000 N:12E1 W:807E L:16!
A:80A3 K:00 B:00 S:0129 P:34 I:A3 E:1 F:09D2 T:FF C:0000 N:12E2 W:80A3 L:16!
A:8069 K:00 B:00 S:01C2 P:B4 I:AD E:1 F:09D3 T:FF C:0000 N:12E2 W:8069 L:16!
A:014E K:00 B:00 S:014E P:B4 I:F4 E:1 F:09D4 T:FF C:0000 N:12E1 W:8088 L:16!
A:80AD K:00 B:00 S:01D1 P:34 I:28 E:1 F:09D5 T:FF C:0000 N:12E2 W:80AD L:16!
A:8076 K:00 B:00 S:016D P:B4 I:B0 E:1 F:09D6 T:FF C:0000 N:12E2 W:8076 L:16!
A:01F3 K:00 B:00 S:01F3 P:B4 I:F4 E:1 F:09D7 T:FF C:0000 N:12E2 W:8091 L:16!
A:0193 K:00 B:00 S:0180 P:36 I:8D E:1 F:09D8 T:FF C:0000 N:12E2 W:0193 L:16!
A:8080 K:00 B:00 S:0113 P:B4 I:F4 E:1 F:09D9 T:FF C:0000 N:12E2 W:8080 L:16!
A:019B K:00 B:00 S:019B P:34 I:48 E:1 F:09DA T:FF C:0000 N:12E2 W:8095 L:16!
A:8059 K:00 B:00 S:012B P:36 I:EB E:1 F:09DB T:FF C:0000 N:12E2 W:8059 L:16!
A:808A K:00 B:00 S:01B9 P:B4 I:F4 E:1 F:09DC T:FF C:0000 N:12E2 W:808A L:16!
A:809C K:00 B:00 S:0144 P:34 I:18 E:1 F:09DD T:FF C:0000 N:12E2 W:809C L:16!
A:8060 K:00 B:00 S:01D2 P:36 I:48 E:1 F:09DE T:FF C:0000 N:12E2 W:8060 L:16!
A:8093 K:00 B:00 S:015F P:34 I:1A E:1 F:09DF T:FF C:0000 N:12E2 W:8093 L:16!
A:80A5 K:00 B:00 S:01EE P:34 I:09 E:1 F:09E0 T:FF C:0000 N:12E2 W:80A5 L:16!
A:8069 K:00 B:00 S:017E P:B4 I:AD E:1 F:09E1 T:FF C:0000 N:12E2 W:8069 L:16!
A:0109 K:00 B:00 S:0109 P:34 I:48 E:1 F:09E2 T:FF C:0000 N:12E2 W:809A L:16!
A:80AD K:00 B:00 S:0196 P:34 I:28 E:1 F:09E3 T:FF C:0000 N:12E2 W:80AD L:16!
A:8076 K:00 B:00 S:0129 P:B4 I:B0 E:1 F:09E4 T:FF C:0000 N:12E2 W:8076 L:16!
A:01B4 K:00 B:00 S:01B4 P:34 I:48 E:1 F:09E5 T:FF C:0000 N:12E2 W:8095 L:16!
A:0158 K:00 B:00 S:0145 P:36 I:8D E:1 F:09E6 T:FF C:0000 N:12E2 W:0158 L:16!
A:8080 K:00 B:00 S:01CF P:B4 I:F4 E:1 F:09E7 T:FF C:0000 N:12E2 W:8080 L:16!
A:809C K:00 B:00 S:015D P:34 I:18 E:1 F:09E8 T:FF C:0000 N:12E2 W:809C L:16!
A:8059 K:00 B:00 S:01ED P:34 I:EB E:1 F:09E9 T:FF C:0000 N:12E2 W:8059 L:16!
A:808A K:00 B:00 S:0175 P:B4 I:F4 E:1 F:09EA T:FF C:0000 N:12E2 W:808A L:16!
A:80A5 K:00 B:00 S:0107 P:34 I:09 E:1 F:09EB T:FF C:0000 N:12E2 W:80A5 L:16!
A:8060 K:00 B:00 S:0194 P:36 I:48 E:1 F:09EC T:FF C:0000 N:12E2 W:8060 L:16!
A:8093 K:00 B:00 S:011B P:34 I:1A E:1 F:09ED T:FF C:0000 N:12E1 W:8093 L:16!
A:80AB K:00 B:00 S:01AF P:34 I:A3 E:1 F:09EE T:FF C:0000 N:12E2 W:80AB L:16!
A:8069 K:00 B:00 S:0140 P:B4 I:AD E:1 F:09EF T:FF C:0000 N:12E2 W:8069 L:16!
A:01C5 K:00 B:00 S:01C5 P:34 I:48 E:1 F:09F0 T:FF C:0000 N:12E2 W:809A L:16!
A:016E K:00 B:00 S:015E P:36 I:8D E:1 F:09F1 T:FF C:0000 N:12E2 W:016E L:16!
A:8070 K:00 B:00 S:01E8 P:B4 I:90 E:1 F:09F2 T:FF C:0000 N:12E2 W:8070 L:16!
A:80A3 K:00 B:00 S:016E P:34 I:A3 E:1 F:09F3 T:FF C:0000 N:12E2 W:80A3 L:16!
A:010A K:00 B:00 S:010A P:36 I:48 E:1 F:09F4 T:FF C:0000 N:12E2 W:8056 L:16!
A:807E K:00 B:00 S:0190 P:B4 I:F4 E:1 F:09F5 T:FF C:0000 N:12E1 W:807E L:16!
A:80AB K:00 B:00 S:0119 P:34 I:A3 E:1 F:09F6 T:FF C:0000 N:12E2 W:80AB L:16!
A:805D K:00 B:00 S:01AF P:36 I:A9 E:1 F:09F7 T:FF C:0000 N:12E2 W:805D L:16!
A:0136 K:00 B:00 S:0136 P:B4 I:F4 E:1 F:09F8 T:FF C:0000 N:12E1 W:8088 L:16!
A:01D8 K:00 B:00 S:01C8 P:36 I:8D E:1 F:09F9 T:FF C:0000 N:12E2 W:01D8 L:16!
A:8064 K:00 B:00 S:015A P:B4 I:AD E:1 F:09FA T:FF C:0000 N:12E2 W:8064 L:16!
A:8093 K:00 B:00 S:01D7 P:B4 I:1A E:1 F:09FB T:FF C:0000 N:12E1 W:8093 L:16!
A:0174 K:00 B:00 S:0174 P:36 I:48 E:1 F:09FC T:FF C:0000 N:12E2 W:8056 L:16!
A:806E K:00 B:00 S:0105 P:B4 I:8D E:1 F:09FD T:FF C:0000 N:12E2 W:806E L:16!
A:0181 K:00 B:00 S:0181 P:34 I:48 E:1 F:09FE T:FF C:0000 N:12E2 W:809A L:16!
A:011C K:00 B:00 S:011C P:36 I:8B E:1 F:09FF T:FF C:0000 N:12E2 W:805F L:16!
A:8076 K:00 B:00 S:01AD P:B4 I:B0 E:1 F:0A00 T:FF C:0000 N:12E1 W:8076 L:16!
A:80A3 K:00 B:00 S:012A P:34 I:A3 E:1 F:0A01 T:FF C:0000 N:12E2 W:80A3 L:16!
A:8067 K:00 B:00 S:01C7 P:B4 I:8D E:1 F:0A02 T:FF C:0000 N:12E2 W:8067 L:16!
A:8080 K:00 B:00 S:0153 P:B4 I:F4 E:1 F:0A03 T:FF C:0000 N:12E1 W:8080 L:16!
A:80AB K:00 B:00 S:01D5 P:34 I:A3 E:1 F:0A04 T:FF C:0000 N:12E2 W:80AB L:16!
A:8070 K:00 B:00 S:0171 P:B4 I:90 E:1 F:0A05 T:FF C:0000 N:12E2 W:8070 L:16!
A:808A K:00 B:00 S:01F9 P:B4 I:F4 E:1 F:0A06 T:FF C:0000 N:12E2 W:808A L:16!
A:0194 K:00 B:00 S:0184 P:36 I:8D E:1 F:0A07 T:FF C:0000 N:12E2 W:0194 L:16!
A:807E K:00 B:00 S:0119 P:B4 I:F4 E:1 F:0A08 T:FF C:0000 N:12E2 W:807E L:16!
A:8093 K:00 B:00 S:019C P:B4 I:1A E:1 F:0A09 T:FF C:0000 N:12E2 W:8093 L:16!
A:0130 K:00 B:00 S:0130 P:36 I:48 E:1 F:0A0A T:FF C:0000 N:12E2 W:8056 L:16!
A:8076 K:00 B:00 S:01C6 P:B4 I:B0 E:1 F:0A0B T:FF C:0000 N:12E2 W:8076 L:16!
A:0146 K:00 B:00 S:0146 P:34 I:48 E:1 F:0A0C T:FF C:0000 N:12E2 W:809A L:16!
A:01D8 K:00 B:00 S:01D8 P:36 I:8B E:1 F:0A0D T:FF C:0000 N:12E2 W:805F L:16!
A:8080 K:00 B:00 S:016C P:B4 I:F4 E:1 F:0A0E T:FF C:0000 N:12E2 W:8080 L:16!
A:80A3 K:00 B:00 S:01EF P:B4 I:A3 E:1 F:0A0F T:FF C:0000 N:12E2 W:80A3 L:16!
A:8067 K:00 B:00 S:0183 P:B4 I:8D E:1 F:0A10 T:FF C:0000 N:12E2 W:8067 L:16!
A:808A K:00 B:00 S:0112 P:B4 I:F4 E:1 F:0A11 T:FF C:0000 N:12E1 W:808A L:16!
A:80AB K:00 B:00 S:0197 P:34 I:A3 E:1 F:0A12 T:FF C:0000 N:12E2 W:80AB L:16!
A:8070 K:00 B:00 S:012D P:B4 I:90 E:1 F:0A13 T:FF C:0000 N:12E2 W:8070 L:16!
A:01B6 K:00 B:00 S:01B6 P:B4 I:F4 E:1 F:0A14 T:FF C:0000 N:12E2 W:8091 L:16!
A:0156 K:00 B:00 S:0146 P:36 I:8D E:1 F:0A15 T:FF C:0000 N:12E2 W:0156 L:16!
A:807E K:00 B:00 S:01D5 P:B4 I:F4 E:1 F:0A16 T:FF C:0000 N:12E2 W:807E L:16!
A:8098 K:00 B:00 S:015F P:34 I:A3 E:1 F:0A17 T:FF C:0000 N:12E2 W:8098 L:16!
A:8054 K:00 B:00 S:01EF P:36 I:5C E:1 F:0A18 T:FF C:0000 N:12E2 W:8054 L:16!
A:017B K:00 B:00 S:017B P:B4 I:F4 E:1 F:0A19 T:FF C:0000 N:12E2 W:8088 L:16!
A:80A1 K:00 B:00 S:0109 P:34 I:EB E:1 F:0A1A T:FF C:0000 N:12E2 W:80A1 L:16!
A:805D K:00 B:00 S:0197 P:36 I:A9 E:1 F:0A1B T:FF C:0000 N:12E2 W:805D L:16!
A:0120 K:00 B:00 S:0120 P:B4 I:F4 E:1 F:0A1C T:FF C:0000 N:12E2 W:8091 L:16!
A:80A7 K:00 B:00 S:01B0 P:34 I:48 E:1 F:0A1D T:FF C:0000 N:12E2 W:80A7 L:16!
A:8064 K:00 B:00 S:0142 P:B4 I:AD E:1 F:0A1E T:FF C:0000 N:12E2 W:8064 L:16!
A:8098 K:00 B:00 S:01C9 P:B4 I:A3 E:1 F:0A1F T:FF C:0000 N:12E2 W:8098 L:16!
A:015E K:00 B:00 S:015E P:36 I:60 E:1 F:0A20 T:FF C:0000 N:12E2 W:80AE L:16!
A:8070 K:00 B:00 S:01E9 P:B4 I:90 E:1 F:0A21 T:FF C:0000 N:12E2 W:8070 L:16!
A:80A1 K:00 B:00 S:0173 P:74 I:EB E:1 F:0A22 T:FF C:0000 N:12E2 W:80A1 L:16!
A:FFFF K:00 B:00 S:010B P:36 I:6C E:1 F:0A23 T:FF C:0000 N:12E2 W:0121 L:16!
